order_id,customer_id,product_id,category,order_date,order_month,quantity,unit_price,discount_pct,order_value,gross_margin,is_returned,net_revenue,net_margin,acquisition_channel,device
ORD0000001,CUST00001,PROD0049,Home & Living,2023-07-01,2023-07,3,60.55,0,181.65,70.84,0,181.65,70.84,Influencer,Tablet
ORD0000002,CUST00001,PROD0077,Footwear,2024-01-03,2024-01,1,66.48,0,66.48,29.92,0,66.48,29.92,Influencer,Tablet
ORD0000003,CUST00001,PROD0060,Footwear,2023-05-03,2023-05,2,104.31,0,208.62,60.5,0,208.62,60.5,Influencer,Tablet
ORD0000004,CUST00001,PROD0069,Beauty,2024-01-24,2024-01,1,52.71,0,52.71,31.63,0,52.71,31.63,Influencer,Tablet
ORD0000005,CUST00002,PROD0081,Home & Living,2022-08-28,2022-08,1,97.71,0,97.71,25.4,0,97.71,25.4,Paid Social,Mobile
ORD0000006,CUST00003,PROD0172,Beauty,2023-09-11,2023-09,2,19.11,0,38.22,16.43,1,0.0,0.0,Organic Search,Desktop
ORD0000007,CUST00003,PROD0078,Accessories,2023-12-01,2023-12,1,83.84,0,83.84,50.3,0,83.84,50.3,Organic Search,Desktop
ORD0000008,CUST00003,PROD0104,Sports,2023-12-17,2023-12,2,40.92,0,81.84,29.46,0,81.84,29.46,Organic Search,Desktop
ORD0000009,CUST00003,PROD0099,Home & Living,2023-10-16,2023-10,1,113.39,0,113.39,41.95,0,113.39,41.95,Organic Search,Desktop
ORD0000010,CUST00003,PROD0025,Footwear,2024-01-23,2024-01,2,78.3,0,156.6,51.68,0,156.6,51.68,Organic Search,Desktop
ORD0000011,CUST00003,PROD0181,Home & Living,2023-10-22,2023-10,2,68.65,0,137.3,78.26,1,0.0,0.0,Organic Search,Desktop
ORD0000012,CUST00004,PROD0167,Footwear,2023-09-27,2023-09,1,62.12,0,62.12,18.01,0,62.12,18.01,Referral,Desktop
ORD0000013,CUST00004,PROD0147,Home & Living,2024-01-31,2024-01,3,133.32,0,399.96,183.98,0,399.96,183.98,Referral,Desktop
ORD0000014,CUST00004,PROD0187,Clothing,2024-01-17,2024-01,2,104.59,0,209.18,92.04,0,209.18,92.04,Referral,Desktop
ORD0000015,CUST00004,PROD0189,Home & Living,2023-09-22,2023-09,2,100.23,0,200.46,122.28,0,200.46,122.28,Referral,Desktop
ORD0000016,CUST00004,PROD0027,Footwear,2023-06-14,2023-06,3,147.27,0,441.81,247.41,0,441.81,247.41,Referral,Desktop
ORD0000017,CUST00004,PROD0150,Beauty,2023-08-06,2023-08,3,24.66,0,73.98,36.25,1,0.0,0.0,Referral,Desktop
ORD0000018,CUST00004,PROD0048,Home & Living,2023-02-20,2023-02,1,96.14,0,96.14,60.57,0,96.14,60.57,Referral,Desktop
ORD0000019,CUST00005,PROD0034,Clothing,2023-07-29,2023-07,1,108.12,0.1,97.31,38.92,0,97.31,38.92,Paid Social,Mobile
ORD0000020,CUST00005,PROD0020,Clothing,2023-03-27,2023-03,3,35.77,0.1,96.58,44.43,0,96.58,44.43,Paid Social,Mobile
ORD0000021,CUST00005,PROD0196,Sports,2023-07-30,2023-07,1,92.93,0,92.93,57.62,0,92.93,57.62,Paid Social,Mobile
ORD0000022,CUST00005,PROD0059,Sports,2022-11-11,2022-11,1,76.4,0.1,68.76,35.07,0,68.76,35.07,Paid Social,Mobile
ORD0000023,CUST00005,PROD0006,Accessories,2022-10-26,2022-10,2,25.71,0.05,48.85,22.96,0,48.85,22.96,Paid Social,Mobile
ORD0000024,CUST00005,PROD0041,Beauty,2023-03-18,2023-03,3,68.34,0.05,194.77,116.86,1,0.0,0.0,Paid Social,Mobile
ORD0000025,CUST00005,PROD0081,Home & Living,2022-12-05,2022-12,3,97.71,0,293.13,76.21,0,293.13,76.21,Paid Social,Mobile
ORD0000026,CUST00005,PROD0060,Footwear,2024-03-04,2024-03,3,104.31,0,312.93,90.75,0,312.93,90.75,Paid Social,Mobile
ORD0000027,CUST00005,PROD0197,Clothing,2022-10-21,2022-10,1,92.45,0,92.45,33.28,0,92.45,33.28,Paid Social,Mobile
ORD0000028,CUST00005,PROD0160,Accessories,2023-10-25,2023-10,3,31.12,0.1,84.02,47.05,0,84.02,47.05,Paid Social,Mobile
ORD0000029,CUST00006,PROD0006,Accessories,2023-07-13,2023-07,3,25.71,0,77.13,36.25,0,77.13,36.25,Direct,Mobile
ORD0000030,CUST00007,PROD0085,Accessories,2024-02-09,2024-02,3,53.78,0.05,153.27,73.57,1,0.0,0.0,Paid Social,Mobile
ORD0000031,CUST00008,PROD0130,Home & Living,2023-12-04,2023-12,2,126.57,0,253.14,146.82,0,253.14,146.82,Direct,Desktop
ORD0000032,CUST00008,PROD0078,Accessories,2023-03-09,2023-03,1,83.84,0,83.84,50.3,0,83.84,50.3,Direct,Desktop
ORD0000033,CUST00008,PROD0160,Accessories,2023-08-09,2023-08,1,31.12,0,31.12,17.43,0,31.12,17.43,Direct,Desktop
ORD0000034,CUST00008,PROD0078,Accessories,2023-09-27,2023-09,2,83.84,0,167.68,100.61,0,167.68,100.61,Direct,Desktop
ORD0000035,CUST00008,PROD0150,Beauty,2023-08-28,2023-08,3,24.66,0,73.98,36.25,1,0.0,0.0,Direct,Desktop
ORD0000036,CUST00008,PROD0100,Clothing,2023-09-19,2023-09,3,80.73,0,242.19,108.99,0,242.19,108.99,Direct,Desktop
ORD0000037,CUST00008,PROD0142,Sports,2023-05-01,2023-05,1,114.73,0,114.73,55.07,0,114.73,55.07,Direct,Desktop
ORD0000038,CUST00008,PROD0125,Sports,2023-10-21,2023-10,1,126.04,0,126.04,49.16,0,126.04,49.16,Direct,Desktop
ORD0000039,CUST00008,PROD0116,Footwear,2024-02-21,2024-02,3,141.52,0,424.56,186.81,0,424.56,186.81,Direct,Desktop
ORD0000040,CUST00008,PROD0102,Footwear,2023-09-16,2023-09,2,44.77,0,89.54,23.28,0,89.54,23.28,Direct,Desktop
ORD0000041,CUST00009,PROD0119,Beauty,2023-12-11,2023-12,3,20.14,0,60.42,21.75,0,60.42,21.75,Influencer,Desktop
ORD0000042,CUST00009,PROD0140,Home & Living,2024-01-29,2024-01,3,34.26,0,102.78,56.53,1,0.0,0.0,Influencer,Desktop
ORD0000043,CUST00009,PROD0188,Footwear,2023-09-16,2023-09,2,148.41,0,296.82,175.12,0,296.82,175.12,Influencer,Desktop
ORD0000044,CUST00009,PROD0049,Home & Living,2023-10-03,2023-10,3,60.55,0,181.65,70.84,0,181.65,70.84,Influencer,Desktop
ORD0000045,CUST00010,PROD0044,Footwear,2023-09-27,2023-09,2,185.76,0.1,334.37,163.84,0,334.37,163.84,Paid Social,Desktop
ORD0000046,CUST00010,PROD0097,Clothing,2023-08-23,2023-08,1,60.58,0,60.58,17.57,0,60.58,17.57,Paid Social,Desktop
ORD0000047,CUST00010,PROD0073,Sports,2022-11-28,2022-11,3,66.61,0,199.83,71.94,0,199.83,71.94,Paid Social,Desktop
ORD0000048,CUST00010,PROD0042,Home & Living,2023-04-19,2023-04,3,61.51,0.05,175.3,49.08,0,175.3,49.08,Paid Social,Desktop
ORD0000049,CUST00010,PROD0173,Footwear,2023-04-21,2023-04,2,87.72,0,175.44,75.44,0,175.44,75.44,Paid Social,Desktop
ORD0000050,CUST00011,PROD0158,Home & Living,2024-01-03,2024-01,1,50.83,0,50.83,23.89,0,50.83,23.89,Influencer,Mobile
ORD0000051,CUST00011,PROD0084,Accessories,2023-02-20,2023-02,1,45.9,0,45.9,12.85,0,45.9,12.85,Influencer,Mobile
ORD0000052,CUST00011,PROD0102,Footwear,2023-06-18,2023-06,1,44.77,0,44.77,11.64,0,44.77,11.64,Influencer,Mobile
ORD0000053,CUST00011,PROD0020,Clothing,2022-10-14,2022-10,2,35.77,0,71.54,32.91,1,0.0,0.0,Influencer,Mobile
ORD0000054,CUST00011,PROD0135,Beauty,2023-05-21,2023-05,3,31.76,0,95.28,59.07,0,95.28,59.07,Influencer,Mobile
ORD0000055,CUST00011,PROD0152,Accessories,2022-08-10,2022-08,1,36.62,0,36.62,16.11,1,0.0,0.0,Influencer,Mobile
ORD0000056,CUST00012,PROD0087,Home & Living,2023-03-23,2023-03,2,45.63,0,91.26,52.93,0,91.26,52.93,Influencer,Mobile
ORD0000057,CUST00012,PROD0098,Home & Living,2023-08-08,2023-08,2,101.77,0,203.54,85.49,0,203.54,85.49,Influencer,Mobile
ORD0000058,CUST00012,PROD0057,Beauty,2022-08-16,2022-08,1,25.42,0,25.42,12.2,0,25.42,12.2,Influencer,Mobile
ORD0000059,CUST00012,PROD0163,Beauty,2024-03-27,2024-03,3,20.18,0,60.54,29.06,0,60.54,29.06,Influencer,Mobile
ORD0000060,CUST00012,PROD0197,Clothing,2023-01-18,2023-01,1,92.45,0,92.45,33.28,0,92.45,33.28,Influencer,Mobile
ORD0000061,CUST00012,PROD0052,Clothing,2022-08-09,2022-08,3,61.19,0,183.57,53.24,0,183.57,53.24,Influencer,Mobile
ORD0000062,CUST00012,PROD0121,Clothing,2022-11-21,2022-11,3,86.37,0,259.11,126.96,0,259.11,126.96,Influencer,Mobile
ORD0000063,CUST00012,PROD0200,Footwear,2023-02-18,2023-02,3,43.07,0,129.21,73.65,0,129.21,73.65,Influencer,Mobile
ORD0000064,CUST00012,PROD0144,Beauty,2022-09-03,2022-09,3,34.94,0,104.82,57.65,0,104.82,57.65,Influencer,Mobile
ORD0000065,CUST00012,PROD0147,Home & Living,2023-08-22,2023-08,2,133.32,0,266.64,122.65,0,266.64,122.65,Influencer,Mobile
ORD0000066,CUST00012,PROD0170,Beauty,2022-11-25,2022-11,1,69.97,0,69.97,44.78,0,69.97,44.78,Influencer,Mobile
ORD0000067,CUST00012,PROD0183,Clothing,2023-10-06,2023-10,1,78.37,0,78.37,47.02,0,78.37,47.02,Influencer,Mobile
ORD0000068,CUST00012,PROD0181,Home & Living,2024-02-27,2024-02,1,68.65,0,68.65,39.13,0,68.65,39.13,Influencer,Mobile
ORD0000069,CUST00013,PROD0055,Sports,2023-05-02,2023-05,1,136.99,0.05,130.14,37.74,0,130.14,37.74,Paid Social,Desktop
ORD0000070,CUST00013,PROD0102,Footwear,2023-05-12,2023-05,2,44.77,0,89.54,23.28,0,89.54,23.28,Paid Social,Desktop
ORD0000071,CUST00013,PROD0033,Sports,2023-10-08,2023-10,3,54.48,0,163.44,45.76,1,0.0,0.0,Paid Social,Desktop
ORD0000072,CUST00013,PROD0093,Footwear,2024-03-20,2024-03,1,85.42,0,85.42,48.69,1,0.0,0.0,Paid Social,Desktop
ORD0000073,CUST00013,PROD0034,Clothing,2023-08-14,2023-08,3,108.12,0,324.36,129.74,0,324.36,129.74,Paid Social,Desktop
ORD0000074,CUST00013,PROD0173,Footwear,2023-01-11,2023-01,3,87.72,0.05,250.0,107.5,0,250.0,107.5,Paid Social,Desktop
ORD0000075,CUST00014,PROD0197,Clothing,2022-10-31,2022-10,3,92.45,0.05,263.48,94.85,0,263.48,94.85,Paid Social,Mobile
ORD0000076,CUST00014,PROD0183,Clothing,2024-01-22,2024-01,3,78.37,0,235.11,141.07,0,235.11,141.07,Paid Social,Mobile
ORD0000077,CUST00014,PROD0073,Sports,2023-04-08,2023-04,2,66.61,0,133.22,47.96,0,133.22,47.96,Paid Social,Mobile
ORD0000078,CUST00015,PROD0012,Sports,2023-09-03,2023-09,2,146.79,0,293.58,105.69,0,293.58,105.69,Paid Social,Tablet
ORD0000079,CUST00015,PROD0003,Footwear,2023-08-15,2023-08,1,63.28,0.05,60.12,30.06,0,60.12,30.06,Paid Social,Tablet
ORD0000080,CUST00015,PROD0002,Clothing,2023-10-07,2023-10,2,48.81,0.05,92.74,58.43,1,0.0,0.0,Paid Social,Tablet
ORD0000081,CUST00015,PROD0038,Accessories,2023-06-29,2023-06,1,85.41,0,85.41,46.98,0,85.41,46.98,Paid Social,Tablet
ORD0000082,CUST00015,PROD0185,Footwear,2023-04-11,2023-04,3,196.58,0.05,560.25,285.73,0,560.25,285.73,Paid Social,Tablet
ORD0000083,CUST00015,PROD0008,Footwear,2023-04-01,2023-04,3,151.56,0,454.68,277.35,0,454.68,277.35,Paid Social,Tablet
ORD0000084,CUST00015,PROD0105,Sports,2023-12-06,2023-12,1,41.5,0,41.5,26.14,0,41.5,26.14,Paid Social,Tablet
ORD0000085,CUST00015,PROD0026,Footwear,2023-09-30,2023-09,3,66.28,0.05,188.9,49.11,0,188.9,49.11,Paid Social,Tablet
ORD0000086,CUST00015,PROD0040,Beauty,2023-10-26,2023-10,2,42.24,0,84.48,34.64,0,84.48,34.64,Paid Social,Tablet
ORD0000087,CUST00016,PROD0149,Beauty,2023-01-17,2023-01,3,65.53,0,196.59,102.23,0,196.59,102.23,Organic Search,Tablet
ORD0000088,CUST00016,PROD0056,Home & Living,2022-07-29,2022-07,2,70.19,0,140.38,75.81,0,140.38,75.81,Organic Search,Tablet
ORD0000089,CUST00016,PROD0063,Accessories,2023-04-25,2023-04,1,72.45,0,72.45,24.63,0,72.45,24.63,Organic Search,Tablet
ORD0000090,CUST00016,PROD0113,Home & Living,2024-01-01,2024-01,1,30.82,0,30.82,16.33,0,30.82,16.33,Organic Search,Tablet
ORD0000091,CUST00016,PROD0103,Accessories,2022-08-21,2022-08,1,84.89,0,84.89,38.2,0,84.89,38.2,Organic Search,Tablet
ORD0000092,CUST00016,PROD0152,Accessories,2022-12-06,2022-12,3,36.62,0,109.86,48.34,0,109.86,48.34,Organic Search,Tablet
ORD0000093,CUST00016,PROD0058,Accessories,2023-04-18,2023-04,1,50.31,0,50.31,16.6,1,0.0,0.0,Organic Search,Tablet
ORD0000094,CUST00016,PROD0200,Footwear,2023-01-08,2023-01,3,43.07,0,129.21,73.65,0,129.21,73.65,Organic Search,Tablet
ORD0000095,CUST00016,PROD0196,Sports,2023-11-12,2023-11,2,92.93,0,185.86,115.23,1,0.0,0.0,Organic Search,Tablet
ORD0000096,CUST00016,PROD0026,Footwear,2023-09-27,2023-09,2,66.28,0,132.56,34.47,0,132.56,34.47,Organic Search,Tablet
ORD0000097,CUST00016,PROD0171,Clothing,2022-08-19,2022-08,1,49.46,0,49.46,12.37,0,49.46,12.37,Organic Search,Tablet
ORD0000098,CUST00017,PROD0058,Accessories,2022-07-25,2022-07,2,50.31,0,100.62,33.2,1,0.0,0.0,Organic Search,Mobile
ORD0000099,CUST00017,PROD0126,Sports,2023-12-02,2023-12,1,92.2,0,92.2,59.01,0,92.2,59.01,Organic Search,Mobile
ORD0000100,CUST00017,PROD0029,Accessories,2024-02-11,2024-02,3,59.38,0,178.14,106.88,0,178.14,106.88,Organic Search,Mobile
ORD0000101,CUST00017,PROD0163,Beauty,2024-03-09,2024-03,2,20.18,0,40.36,19.37,0,40.36,19.37,Organic Search,Mobile
ORD0000102,CUST00018,PROD0012,Sports,2023-03-17,2023-03,1,146.79,0.2,117.43,42.27,0,117.43,42.27,Email,Desktop
ORD0000103,CUST00018,PROD0078,Accessories,2023-08-26,2023-08,3,83.84,0.2,201.22,120.73,1,0.0,0.0,Email,Desktop
ORD0000104,CUST00018,PROD0138,Home & Living,2023-12-22,2023-12,1,126.57,0.2,101.26,45.57,0,101.26,45.57,Email,Desktop
ORD0000105,CUST00018,PROD0182,Accessories,2023-02-19,2023-02,2,22.63,0,45.26,17.2,0,45.26,17.2,Email,Desktop
ORD0000106,CUST00018,PROD0079,Footwear,2023-04-14,2023-04,2,67.68,0.1,121.82,51.16,0,121.82,51.16,Email,Desktop
ORD0000107,CUST00018,PROD0179,Footwear,2023-08-22,2023-08,1,56.4,0.15,47.94,29.72,0,47.94,29.72,Email,Desktop
ORD0000108,CUST00019,PROD0153,Accessories,2023-04-14,2023-04,1,85.5,0,85.5,47.88,1,0.0,0.0,Direct,Mobile
ORD0000109,CUST00019,PROD0138,Home & Living,2023-09-25,2023-09,1,126.57,0,126.57,56.96,0,126.57,56.96,Direct,Mobile
ORD0000110,CUST00019,PROD0067,Clothing,2023-11-13,2023-11,2,47.62,0,95.24,30.48,0,95.24,30.48,Direct,Mobile
ORD0000111,CUST00019,PROD0111,Clothing,2023-03-28,2023-03,1,72.51,0,72.51,44.23,0,72.51,44.23,Direct,Mobile
ORD0000112,CUST00020,PROD0073,Sports,2024-01-23,2024-01,3,66.61,0,199.83,71.94,0,199.83,71.94,Paid Social,Desktop
ORD0000113,CUST00020,PROD0006,Accessories,2023-04-19,2023-04,2,25.71,0,51.42,24.17,0,51.42,24.17,Paid Social,Desktop
ORD0000114,CUST00020,PROD0162,Home & Living,2022-12-15,2022-12,3,81.32,0.05,231.76,101.97,0,231.76,101.97,Paid Social,Desktop
ORD0000115,CUST00020,PROD0024,Beauty,2023-11-09,2023-11,3,20.35,0.1,54.95,22.53,1,0.0,0.0,Paid Social,Desktop
ORD0000116,CUST00020,PROD0156,Sports,2023-10-19,2023-10,2,96.17,0.05,182.72,105.98,1,0.0,0.0,Paid Social,Desktop
ORD0000117,CUST00020,PROD0158,Home & Living,2024-02-08,2024-02,3,50.83,0.05,144.87,68.09,0,144.87,68.09,Paid Social,Desktop
ORD0000118,CUST00020,PROD0085,Accessories,2023-12-26,2023-12,3,53.78,0,161.34,77.44,0,161.34,77.44,Paid Social,Desktop
ORD0000119,CUST00020,PROD0041,Beauty,2023-03-15,2023-03,1,68.34,0.05,64.92,38.95,0,64.92,38.95,Paid Social,Desktop
ORD0000120,CUST00021,PROD0071,Beauty,2022-11-20,2022-11,1,65.25,0.1,58.73,35.83,0,58.73,35.83,Email,Tablet
ORD0000121,CUST00021,PROD0122,Home & Living,2022-10-03,2022-10,2,74.99,0.1,134.98,53.99,1,0.0,0.0,Email,Tablet
ORD0000122,CUST00021,PROD0098,Home & Living,2024-02-23,2024-02,3,101.77,0.15,259.51,108.99,0,259.51,108.99,Email,Tablet
ORD0000123,CUST00022,PROD0051,Footwear,2023-07-15,2023-07,1,119.28,0,119.28,67.99,0,119.28,67.99,Organic Search,Desktop
ORD0000124,CUST00022,PROD0043,Footwear,2024-01-19,2024-01,2,62.01,0,124.02,76.89,0,124.02,76.89,Organic Search,Desktop
ORD0000125,CUST00022,PROD0033,Sports,2022-10-13,2022-10,1,54.48,0,54.48,15.25,0,54.48,15.25,Organic Search,Desktop
ORD0000126,CUST00022,PROD0052,Clothing,2024-03-22,2024-03,2,61.19,0,122.38,35.49,0,122.38,35.49,Organic Search,Desktop
ORD0000127,CUST00022,PROD0034,Clothing,2023-01-05,2023-01,2,108.12,0,216.24,86.5,0,216.24,86.5,Organic Search,Desktop
ORD0000128,CUST00022,PROD0118,Clothing,2022-08-21,2022-08,3,33.04,0,99.12,47.58,0,99.12,47.58,Organic Search,Desktop
ORD0000129,CUST00022,PROD0122,Home & Living,2023-02-07,2023-02,3,74.99,0,224.97,89.99,1,0.0,0.0,Organic Search,Desktop
ORD0000130,CUST00022,PROD0104,Sports,2024-02-02,2024-02,2,40.92,0,81.84,29.46,0,81.84,29.46,Organic Search,Desktop
ORD0000131,CUST00022,PROD0090,Home & Living,2023-07-08,2023-07,1,99.94,0,99.94,62.96,0,99.94,62.96,Organic Search,Desktop
ORD0000132,CUST00022,PROD0124,Beauty,2023-10-19,2023-10,2,20.18,0,40.36,18.97,0,40.36,18.97,Organic Search,Desktop
ORD0000133,CUST00023,PROD0186,Home & Living,2023-10-12,2023-10,3,126.59,0.05,360.78,104.63,1,0.0,0.0,Paid Social,Mobile
ORD0000134,CUST00023,PROD0150,Beauty,2023-05-06,2023-05,2,24.66,0,49.32,24.17,1,0.0,0.0,Paid Social,Mobile
ORD0000135,CUST00023,PROD0041,Beauty,2023-05-03,2023-05,3,68.34,0,205.02,123.01,0,205.02,123.01,Paid Social,Mobile
ORD0000136,CUST00023,PROD0143,Beauty,2023-12-03,2023-12,1,15.9,0,15.9,10.18,1,0.0,0.0,Paid Social,Mobile
ORD0000137,CUST00023,PROD0034,Clothing,2023-09-27,2023-09,2,108.12,0,216.24,86.5,0,216.24,86.5,Paid Social,Mobile
ORD0000138,CUST00023,PROD0003,Footwear,2023-07-29,2023-07,1,63.28,0.05,60.12,30.06,0,60.12,30.06,Paid Social,Mobile
ORD0000139,CUST00023,PROD0135,Beauty,2023-08-17,2023-08,3,31.76,0,95.28,59.07,0,95.28,59.07,Paid Social,Mobile
ORD0000140,CUST00023,PROD0099,Home & Living,2023-08-01,2023-08,3,113.39,0.05,323.16,119.57,0,323.16,119.57,Paid Social,Mobile
ORD0000141,CUST00024,PROD0151,Clothing,2022-02-16,2022-02,2,30.88,0.1,55.58,24.46,0,55.58,24.46,Paid Social,Mobile
ORD0000142,CUST00024,PROD0104,Sports,2023-11-08,2023-11,1,40.92,0,40.92,14.73,0,40.92,14.73,Paid Social,Mobile
ORD0000143,CUST00024,PROD0130,Home & Living,2023-09-10,2023-09,3,126.57,0,379.71,220.23,1,0.0,0.0,Paid Social,Mobile
ORD0000144,CUST00024,PROD0099,Home & Living,2023-04-10,2023-04,1,113.39,0,113.39,41.95,0,113.39,41.95,Paid Social,Mobile
ORD0000145,CUST00024,PROD0055,Sports,2022-10-27,2022-10,1,136.99,0,136.99,39.73,0,136.99,39.73,Paid Social,Mobile
ORD0000146,CUST00025,PROD0094,Home & Living,2023-03-07,2023-03,3,56.47,0.1,152.47,96.06,0,152.47,96.06,Email,Mobile
ORD0000147,CUST00025,PROD0190,Beauty,2023-12-03,2023-12,3,23.73,0.2,56.95,25.06,0,56.95,25.06,Email,Mobile
ORD0000148,CUST00025,PROD0170,Beauty,2023-02-28,2023-02,1,69.97,0.1,62.97,40.3,0,62.97,40.3,Email,Mobile
ORD0000149,CUST00025,PROD0150,Beauty,2024-03-30,2024-03,1,24.66,0.2,19.73,9.67,0,19.73,9.67,Email,Mobile
ORD0000150,CUST00026,PROD0179,Footwear,2022-10-01,2022-10,3,56.4,0,169.2,104.9,0,169.2,104.9,Email,Desktop
ORD0000151,CUST00027,PROD0053,Footwear,2022-10-17,2022-10,3,46.14,0,138.42,77.52,1,0.0,0.0,Influencer,Mobile
ORD0000152,CUST00027,PROD0189,Home & Living,2022-08-31,2022-08,1,100.23,0,100.23,61.14,1,0.0,0.0,Influencer,Mobile
ORD0000153,CUST00027,PROD0071,Beauty,2024-02-07,2024-02,3,65.25,0,195.75,119.41,0,195.75,119.41,Influencer,Mobile
ORD0000154,CUST00027,PROD0055,Sports,2023-04-08,2023-04,1,136.99,0,136.99,39.73,0,136.99,39.73,Influencer,Mobile
ORD0000155,CUST00027,PROD0176,Home & Living,2023-07-05,2023-07,1,51.13,0,51.13,14.32,0,51.13,14.32,Influencer,Mobile
ORD0000156,CUST00027,PROD0100,Clothing,2023-01-21,2023-01,1,80.73,0,80.73,36.33,0,80.73,36.33,Influencer,Mobile
ORD0000157,CUST00027,PROD0003,Footwear,2022-09-28,2022-09,2,63.28,0,126.56,63.28,0,126.56,63.28,Influencer,Mobile
ORD0000158,CUST00027,PROD0039,Beauty,2024-03-31,2024-03,3,69.16,0,207.48,116.19,0,207.48,116.19,Influencer,Mobile
ORD0000159,CUST00028,PROD0164,Accessories,2023-12-31,2023-12,1,18.66,0.1,16.79,4.87,0,16.79,4.87,Paid Social,Desktop
ORD0000160,CUST00028,PROD0198,Sports,2023-04-06,2023-04,2,59.63,0,119.26,50.09,0,119.26,50.09,Paid Social,Desktop
ORD0000161,CUST00028,PROD0127,Accessories,2023-12-07,2023-12,2,49.21,0.1,88.58,27.46,0,88.58,27.46,Paid Social,Desktop
ORD0000162,CUST00029,PROD0060,Footwear,2022-06-07,2022-06,3,104.31,0.1,281.64,81.68,0,281.64,81.68,Referral,Desktop
ORD0000163,CUST00029,PROD0056,Home & Living,2022-08-04,2022-08,2,70.19,0.1,126.34,68.22,0,126.34,68.22,Referral,Desktop
ORD0000164,CUST00029,PROD0174,Clothing,2023-04-22,2023-04,1,69.83,0.1,62.85,16.34,0,62.85,16.34,Referral,Desktop
ORD0000165,CUST00029,PROD0077,Footwear,2022-08-06,2022-08,3,66.48,0,199.44,89.75,0,199.44,89.75,Referral,Desktop
ORD0000166,CUST00029,PROD0079,Footwear,2022-10-24,2022-10,2,67.68,0,135.36,56.85,0,135.36,56.85,Referral,Desktop
ORD0000167,CUST00030,PROD0090,Home & Living,2023-11-15,2023-11,1,99.94,0,99.94,62.96,0,99.94,62.96,Organic Search,Mobile
ORD0000168,CUST00030,PROD0093,Footwear,2024-01-10,2024-01,2,85.42,0,170.84,97.38,0,170.84,97.38,Organic Search,Mobile
ORD0000169,CUST00030,PROD0014,Beauty,2024-01-15,2024-01,3,56.06,0,168.18,105.95,0,168.18,105.95,Organic Search,Mobile
ORD0000170,CUST00030,PROD0149,Beauty,2023-09-03,2023-09,1,65.53,0,65.53,34.08,0,65.53,34.08,Organic Search,Mobile
ORD0000171,CUST00031,PROD0011,Sports,2024-03-27,2024-03,3,85.35,0,256.05,71.69,0,256.05,71.69,Paid Social,Desktop
ORD0000172,CUST00031,PROD0095,Accessories,2023-02-04,2023-02,1,33.53,0,33.53,19.11,0,33.53,19.11,Paid Social,Desktop
ORD0000173,CUST00031,PROD0038,Accessories,2023-04-30,2023-04,1,85.41,0.05,81.14,44.63,0,81.14,44.63,Paid Social,Desktop
ORD0000174,CUST00031,PROD0002,Clothing,2024-02-27,2024-02,3,48.81,0,146.43,92.25,1,0.0,0.0,Paid Social,Desktop
ORD0000175,CUST00031,PROD0088,Accessories,2024-02-05,2024-02,1,42.05,0,42.05,15.56,0,42.05,15.56,Paid Social,Desktop
ORD0000176,CUST00031,PROD0113,Home & Living,2022-11-25,2022-11,1,30.82,0,30.82,16.33,0,30.82,16.33,Paid Social,Desktop
ORD0000177,CUST00031,PROD0046,Sports,2022-12-03,2022-12,2,44.39,0.05,84.34,44.7,0,84.34,44.7,Paid Social,Desktop
ORD0000178,CUST00032,PROD0002,Clothing,2023-12-31,2023-12,3,48.81,0.15,124.47,78.42,0,124.47,78.42,Email,Tablet
ORD0000179,CUST00032,PROD0101,Footwear,2024-01-16,2024-01,1,191.81,0.1,172.63,75.96,0,172.63,75.96,Email,Tablet
ORD0000180,CUST00032,PROD0126,Sports,2024-02-18,2024-02,2,92.2,0,184.4,118.02,1,0.0,0.0,Email,Tablet
ORD0000181,CUST00032,PROD0040,Beauty,2023-11-04,2023-11,2,42.24,0.15,71.81,29.44,1,0.0,0.0,Email,Tablet
ORD0000182,CUST00032,PROD0197,Clothing,2024-03-26,2024-03,3,92.45,0.1,249.62,89.86,0,249.62,89.86,Email,Tablet
ORD0000183,CUST00032,PROD0162,Home & Living,2023-09-27,2023-09,2,81.32,0,162.64,71.56,1,0.0,0.0,Email,Tablet
ORD0000184,CUST00032,PROD0135,Beauty,2024-02-17,2024-02,2,31.76,0.15,53.99,33.47,0,53.99,33.47,Email,Tablet
ORD0000185,CUST00032,PROD0013,Sports,2023-11-28,2023-11,2,147.02,0,294.04,114.68,1,0.0,0.0,Email,Tablet
ORD0000186,CUST00032,PROD0043,Footwear,2023-09-18,2023-09,2,62.01,0.15,105.42,65.36,1,0.0,0.0,Email,Tablet
ORD0000187,CUST00032,PROD0065,Accessories,2024-02-25,2024-02,3,54.38,0.1,146.83,63.14,0,146.83,63.14,Email,Tablet
ORD0000188,CUST00032,PROD0125,Sports,2023-08-26,2023-08,1,126.04,0,126.04,49.16,1,0.0,0.0,Email,Tablet
ORD0000189,CUST00032,PROD0066,Footwear,2023-09-04,2023-09,1,151.36,0.1,136.22,39.5,0,136.22,39.5,Email,Tablet
ORD0000190,CUST00032,PROD0143,Beauty,2023-11-26,2023-11,3,15.9,0,47.7,30.53,0,47.7,30.53,Email,Tablet
ORD0000191,CUST00033,PROD0093,Footwear,2023-05-06,2023-05,2,85.42,0.05,162.3,92.51,0,162.3,92.51,Paid Social,Desktop
ORD0000192,CUST00033,PROD0052,Clothing,2024-02-18,2024-02,2,61.19,0,122.38,35.49,0,122.38,35.49,Paid Social,Desktop
ORD0000193,CUST00033,PROD0168,Clothing,2023-06-09,2023-06,1,45.57,0,45.57,19.14,0,45.57,19.14,Paid Social,Desktop
ORD0000194,CUST00033,PROD0154,Sports,2022-11-09,2022-11,2,137.38,0,274.76,74.19,1,0.0,0.0,Paid Social,Desktop
ORD0000195,CUST00034,PROD0153,Accessories,2023-12-09,2023-12,1,85.5,0,85.5,47.88,1,0.0,0.0,Paid Social,Tablet
ORD0000196,CUST00034,PROD0180,Sports,2023-06-28,2023-06,1,57.83,0.05,54.94,30.77,0,54.94,30.77,Paid Social,Tablet
ORD0000197,CUST00035,PROD0034,Clothing,2023-12-22,2023-12,3,108.12,0,324.36,129.74,1,0.0,0.0,Paid Social,Desktop
ORD0000198,CUST00035,PROD0199,Sports,2023-05-15,2023-05,3,40.52,0.1,109.4,35.01,1,0.0,0.0,Paid Social,Desktop
ORD0000199,CUST00035,PROD0032,Home & Living,2022-12-23,2022-12,2,43.05,0.05,81.79,23.72,0,81.79,23.72,Paid Social,Desktop
ORD0000200,CUST00036,PROD0197,Clothing,2023-03-04,2023-03,3,92.45,0,277.35,99.85,0,277.35,99.85,Paid Social,Tablet
ORD0000201,CUST00036,PROD0194,Accessories,2022-08-28,2022-08,3,80.84,0.1,218.27,111.32,0,218.27,111.32,Paid Social,Tablet
ORD0000202,CUST00036,PROD0066,Footwear,2023-05-07,2023-05,3,151.36,0.1,408.67,118.51,1,0.0,0.0,Paid Social,Tablet
ORD0000203,CUST00036,PROD0146,Accessories,2023-06-24,2023-06,2,80.98,0.05,153.86,53.85,0,153.86,53.85,Paid Social,Tablet
ORD0000204,CUST00036,PROD0141,Beauty,2023-02-12,2023-02,3,60.76,0,182.28,61.98,1,0.0,0.0,Paid Social,Tablet
ORD0000205,CUST00036,PROD0152,Accessories,2023-08-05,2023-08,3,36.62,0.1,98.87,43.5,1,0.0,0.0,Paid Social,Tablet
ORD0000206,CUST00037,PROD0185,Footwear,2023-07-01,2023-07,3,196.58,0,589.74,300.77,1,0.0,0.0,Organic Search,Mobile
ORD0000207,CUST00037,PROD0132,Home & Living,2023-12-07,2023-12,1,31.95,0,31.95,18.53,0,31.95,18.53,Organic Search,Mobile
ORD0000208,CUST00038,PROD0032,Home & Living,2023-11-19,2023-11,3,43.05,0.1,116.23,33.71,0,116.23,33.71,Email,Mobile
ORD0000209,CUST00038,PROD0075,Accessories,2024-01-29,2024-01,2,80.95,0,161.9,64.76,1,0.0,0.0,Email,Mobile
ORD0000210,CUST00038,PROD0188,Footwear,2023-12-05,2023-12,3,148.41,0,445.23,262.69,0,445.23,262.69,Email,Mobile
ORD0000211,CUST00038,PROD0063,Accessories,2024-03-05,2024-03,2,72.45,0,144.9,49.27,0,144.9,49.27,Email,Mobile
ORD0000212,CUST00038,PROD0022,Sports,2023-12-13,2023-12,2,30.09,0.1,54.16,30.87,0,54.16,30.87,Email,Mobile
ORD0000213,CUST00039,PROD0126,Sports,2023-04-22,2023-04,2,92.2,0,184.4,118.02,0,184.4,118.02,Direct,Desktop
ORD0000214,CUST00039,PROD0016,Beauty,2023-02-11,2023-02,2,14.72,0,29.44,18.84,0,29.44,18.84,Direct,Desktop
ORD0000215,CUST00040,PROD0114,Beauty,2022-12-07,2022-12,3,25.83,0,77.49,31.77,0,77.49,31.77,Direct,Mobile
ORD0000216,CUST00040,PROD0028,Sports,2024-01-06,2024-01,1,115.45,0,115.45,56.57,1,0.0,0.0,Direct,Mobile
ORD0000217,CUST00040,PROD0113,Home & Living,2023-09-09,2023-09,1,30.82,0,30.82,16.33,0,30.82,16.33,Direct,Mobile
ORD0000218,CUST00040,PROD0057,Beauty,2023-07-21,2023-07,3,25.42,0,76.26,36.6,0,76.26,36.6,Direct,Mobile
ORD0000219,CUST00041,PROD0156,Sports,2022-09-18,2022-09,3,96.17,0.1,259.66,150.6,1,0.0,0.0,Email,Mobile
ORD0000220,CUST00041,PROD0131,Beauty,2023-09-14,2023-09,3,36.76,0.15,93.74,32.81,0,93.74,32.81,Email,Mobile
ORD0000221,CUST00041,PROD0129,Accessories,2023-09-30,2023-09,2,45.01,0,90.02,27.91,1,0.0,0.0,Email,Mobile
ORD0000222,CUST00041,PROD0102,Footwear,2022-11-06,2022-11,1,44.77,0.2,35.82,9.31,0,35.82,9.31,Email,Mobile
ORD0000223,CUST00041,PROD0051,Footwear,2022-10-20,2022-10,1,119.28,0.15,101.39,57.79,0,101.39,57.79,Email,Mobile
ORD0000224,CUST00041,PROD0094,Home & Living,2023-04-25,2023-04,1,56.47,0.2,45.18,28.46,0,45.18,28.46,Email,Mobile
ORD0000225,CUST00041,PROD0029,Accessories,2022-09-16,2022-09,2,59.38,0.15,100.95,60.57,0,100.95,60.57,Email,Mobile
ORD0000226,CUST00041,PROD0068,Accessories,2023-02-13,2023-02,1,58.26,0.15,49.52,20.8,0,49.52,20.8,Email,Mobile
ORD0000227,CUST00041,PROD0015,Footwear,2024-01-03,2024-01,3,131.63,0.15,335.66,137.62,0,335.66,137.62,Email,Mobile
ORD0000228,CUST00041,PROD0024,Beauty,2023-08-03,2023-08,2,20.35,0,40.7,16.69,0,40.7,16.69,Email,Mobile
ORD0000229,CUST00041,PROD0104,Sports,2022-06-01,2022-06,2,40.92,0,81.84,29.46,0,81.84,29.46,Email,Mobile
ORD0000230,CUST00042,PROD0079,Footwear,2023-10-20,2023-10,1,67.68,0,67.68,28.43,0,67.68,28.43,Organic Search,Desktop
ORD0000231,CUST00042,PROD0177,Accessories,2023-09-25,2023-09,3,31.44,0,94.32,35.84,0,94.32,35.84,Organic Search,Desktop
ORD0000232,CUST00042,PROD0182,Accessories,2023-12-12,2023-12,3,22.63,0,67.89,25.8,0,67.89,25.8,Organic Search,Desktop
ORD0000233,CUST00042,PROD0037,Clothing,2023-09-13,2023-09,3,99.72,0,299.16,113.68,0,299.16,113.68,Organic Search,Desktop
ORD0000234,CUST00042,PROD0002,Clothing,2023-07-17,2023-07,3,48.81,0,146.43,92.25,0,146.43,92.25,Organic Search,Desktop
ORD0000235,CUST00042,PROD0088,Accessories,2023-07-15,2023-07,1,42.05,0,42.05,15.56,0,42.05,15.56,Organic Search,Desktop
ORD0000236,CUST00043,PROD0079,Footwear,2023-07-20,2023-07,3,67.68,0,203.04,85.28,0,203.04,85.28,Direct,Desktop
ORD0000237,CUST00043,PROD0058,Accessories,2023-06-13,2023-06,1,50.31,0,50.31,16.6,0,50.31,16.6,Direct,Desktop
ORD0000238,CUST00043,PROD0153,Accessories,2024-01-28,2024-01,1,85.5,0,85.5,47.88,0,85.5,47.88,Direct,Desktop
ORD0000239,CUST00043,PROD0194,Accessories,2024-02-17,2024-02,2,80.84,0,161.68,82.46,0,161.68,82.46,Direct,Desktop
ORD0000240,CUST00043,PROD0024,Beauty,2022-12-17,2022-12,3,20.35,0,61.05,25.03,0,61.05,25.03,Direct,Desktop
ORD0000241,CUST00043,PROD0153,Accessories,2024-01-29,2024-01,2,85.5,0,171.0,95.76,0,171.0,95.76,Direct,Desktop
ORD0000242,CUST00043,PROD0188,Footwear,2023-09-23,2023-09,2,148.41,0,296.82,175.12,0,296.82,175.12,Direct,Desktop
ORD0000243,CUST00043,PROD0185,Footwear,2023-08-05,2023-08,1,196.58,0,196.58,100.26,1,0.0,0.0,Direct,Desktop
ORD0000244,CUST00044,PROD0092,Beauty,2023-08-17,2023-08,1,19.38,0,19.38,6.2,1,0.0,0.0,Organic Search,Desktop
ORD0000245,CUST00044,PROD0172,Beauty,2023-12-21,2023-12,3,19.11,0,57.33,24.65,0,57.33,24.65,Organic Search,Desktop
ORD0000246,CUST00044,PROD0078,Accessories,2023-09-12,2023-09,3,83.84,0,251.52,150.91,0,251.52,150.91,Organic Search,Desktop
ORD0000247,CUST00044,PROD0151,Clothing,2023-11-08,2023-11,3,30.88,0,92.64,40.76,0,92.64,40.76,Organic Search,Desktop
ORD0000248,CUST00044,PROD0186,Home & Living,2023-08-24,2023-08,2,126.59,0,253.18,73.42,0,253.18,73.42,Organic Search,Desktop
ORD0000249,CUST00044,PROD0171,Clothing,2023-12-12,2023-12,1,49.46,0,49.46,12.37,0,49.46,12.37,Organic Search,Desktop
ORD0000250,CUST00045,PROD0197,Clothing,2023-02-18,2023-02,1,92.45,0.1,83.2,29.95,0,83.2,29.95,Email,Desktop
ORD0000251,CUST00045,PROD0111,Clothing,2022-12-06,2022-12,2,72.51,0.1,130.52,79.62,1,0.0,0.0,Email,Desktop
ORD0000252,CUST00045,PROD0165,Footwear,2024-01-06,2024-01,1,116.35,0,116.35,74.46,0,116.35,74.46,Email,Desktop
ORD0000253,CUST00045,PROD0155,Beauty,2022-12-06,2022-12,2,35.29,0,70.58,28.94,0,70.58,28.94,Email,Desktop
ORD0000254,CUST00045,PROD0022,Sports,2023-11-22,2023-11,2,30.09,0.15,51.15,29.16,0,51.15,29.16,Email,Desktop
ORD0000255,CUST00045,PROD0033,Sports,2023-12-23,2023-12,1,54.48,0,54.48,15.25,1,0.0,0.0,Email,Desktop
ORD0000256,CUST00045,PROD0055,Sports,2023-03-23,2023-03,1,136.99,0,136.99,39.73,0,136.99,39.73,Email,Desktop
ORD0000257,CUST00045,PROD0131,Beauty,2024-02-27,2024-02,2,36.76,0,73.52,25.73,0,73.52,25.73,Email,Desktop
ORD0000258,CUST00045,PROD0114,Beauty,2022-11-20,2022-11,1,25.83,0,25.83,10.59,0,25.83,10.59,Email,Desktop
ORD0000259,CUST00045,PROD0011,Sports,2023-08-22,2023-08,3,85.35,0,256.05,71.69,1,0.0,0.0,Email,Desktop
ORD0000260,CUST00045,PROD0003,Footwear,2023-02-24,2023-02,3,63.28,0.15,161.36,80.68,0,161.36,80.68,Email,Desktop
ORD0000261,CUST00045,PROD0142,Sports,2024-03-15,2024-03,2,114.73,0.15,195.04,93.62,0,195.04,93.62,Email,Desktop
ORD0000262,CUST00046,PROD0142,Sports,2024-01-16,2024-01,1,114.73,0.1,103.26,49.56,0,103.26,49.56,Referral,Mobile
ORD0000263,CUST00046,PROD0010,Home & Living,2024-01-24,2024-01,1,50.82,0.1,45.74,17.38,1,0.0,0.0,Referral,Mobile
ORD0000264,CUST00046,PROD0041,Beauty,2023-11-26,2023-11,1,68.34,0.1,61.51,36.91,0,61.51,36.91,Referral,Mobile
ORD0000265,CUST00046,PROD0004,Accessories,2023-09-13,2023-09,2,19.48,0,38.96,24.54,0,38.96,24.54,Referral,Mobile
ORD0000266,CUST00046,PROD0073,Sports,2023-09-03,2023-09,2,66.61,0.1,119.9,43.16,0,119.9,43.16,Referral,Mobile
ORD0000267,CUST00046,PROD0183,Clothing,2024-03-19,2024-03,2,78.37,0.1,141.07,84.64,0,141.07,84.64,Referral,Mobile
ORD0000268,CUST00046,PROD0019,Beauty,2023-04-18,2023-04,1,17.13,0.1,15.42,6.78,0,15.42,6.78,Referral,Mobile
ORD0000269,CUST00046,PROD0138,Home & Living,2023-06-20,2023-06,3,126.57,0,379.71,170.87,0,379.71,170.87,Referral,Mobile
ORD0000270,CUST00046,PROD0028,Sports,2023-08-17,2023-08,2,115.45,0.1,207.81,101.83,0,207.81,101.83,Referral,Mobile
ORD0000271,CUST00046,PROD0183,Clothing,2023-07-26,2023-07,2,78.37,0.1,141.07,84.64,1,0.0,0.0,Referral,Mobile
ORD0000272,CUST00046,PROD0166,Clothing,2023-10-20,2023-10,3,87.15,0.1,235.31,145.89,0,235.31,145.89,Referral,Mobile
ORD0000273,CUST00046,PROD0158,Home & Living,2023-06-02,2023-06,3,50.83,0,152.49,71.67,0,152.49,71.67,Referral,Mobile
ORD0000274,CUST00046,PROD0183,Clothing,2024-02-28,2024-02,2,78.37,0.1,141.07,84.64,0,141.07,84.64,Referral,Mobile
ORD0000275,CUST00046,PROD0095,Accessories,2023-08-20,2023-08,2,33.53,0,67.06,38.22,1,0.0,0.0,Referral,Mobile
ORD0000276,CUST00046,PROD0131,Beauty,2023-07-21,2023-07,1,36.76,0.1,33.08,11.58,0,33.08,11.58,Referral,Mobile
ORD0000277,CUST00046,PROD0044,Footwear,2023-09-20,2023-09,1,185.76,0,185.76,91.02,0,185.76,91.02,Referral,Mobile
ORD0000278,CUST00047,PROD0170,Beauty,2023-08-27,2023-08,1,69.97,0.1,62.97,40.3,0,62.97,40.3,Paid Social,Desktop
ORD0000279,CUST00047,PROD0084,Accessories,2024-03-28,2024-03,2,45.9,0.1,82.62,23.13,0,82.62,23.13,Paid Social,Desktop
ORD0000280,CUST00047,PROD0010,Home & Living,2023-12-17,2023-12,3,50.82,0,152.46,57.93,0,152.46,57.93,Paid Social,Desktop
ORD0000281,CUST00048,PROD0135,Beauty,2022-05-23,2022-05,3,31.76,0,95.28,59.07,0,95.28,59.07,Organic Search,Mobile
ORD0000282,CUST00048,PROD0101,Footwear,2022-04-19,2022-04,2,191.81,0,383.62,168.79,0,383.62,168.79,Organic Search,Mobile
ORD0000283,CUST00048,PROD0018,Clothing,2024-02-04,2024-02,3,45.54,0,136.62,61.48,0,136.62,61.48,Organic Search,Mobile
ORD0000284,CUST00048,PROD0069,Beauty,2022-08-05,2022-08,3,52.71,0,158.13,94.88,0,158.13,94.88,Organic Search,Mobile
ORD0000285,CUST00049,PROD0088,Accessories,2023-11-05,2023-11,1,42.05,0.1,37.84,14.0,1,0.0,0.0,Paid Social,Mobile
ORD0000286,CUST00049,PROD0007,Beauty,2023-01-18,2023-01,1,25.48,0,25.48,8.41,0,25.48,8.41,Paid Social,Mobile
ORD0000287,CUST00049,PROD0087,Home & Living,2023-07-23,2023-07,2,45.63,0.05,86.7,50.29,0,86.7,50.29,Paid Social,Mobile
ORD0000288,CUST00049,PROD0035,Beauty,2024-02-19,2024-02,2,43.82,0.05,83.26,48.29,0,83.26,48.29,Paid Social,Mobile
ORD0000289,CUST00049,PROD0173,Footwear,2023-01-28,2023-01,2,87.72,0.05,166.67,71.67,1,0.0,0.0,Paid Social,Mobile
ORD0000290,CUST00049,PROD0132,Home & Living,2023-02-20,2023-02,1,31.95,0.05,30.35,17.6,0,30.35,17.6,Paid Social,Mobile
ORD0000291,CUST00049,PROD0158,Home & Living,2023-04-05,2023-04,2,50.83,0.05,96.58,45.39,0,96.58,45.39,Paid Social,Mobile
ORD0000292,CUST00050,PROD0123,Clothing,2023-05-14,2023-05,1,40.48,0,40.48,10.52,0,40.48,10.52,Paid Social,Desktop
ORD0000293,CUST00050,PROD0007,Beauty,2022-12-16,2022-12,2,25.48,0,50.96,16.82,0,50.96,16.82,Paid Social,Desktop
ORD0000294,CUST00050,PROD0142,Sports,2023-04-05,2023-04,2,114.73,0.05,217.99,104.64,0,217.99,104.64,Paid Social,Desktop
ORD0000295,CUST00051,PROD0006,Accessories,2024-03-20,2024-03,1,25.71,0,25.71,12.08,0,25.71,12.08,Referral,Mobile
ORD0000296,CUST00051,PROD0139,Home & Living,2023-02-16,2023-02,2,121.16,0.1,218.09,130.85,1,0.0,0.0,Referral,Mobile
ORD0000297,CUST00051,PROD0041,Beauty,2022-12-09,2022-12,3,68.34,0.1,184.52,110.71,0,184.52,110.71,Referral,Mobile
ORD0000298,CUST00051,PROD0085,Accessories,2024-03-03,2024-03,1,53.78,0.1,48.4,23.23,1,0.0,0.0,Referral,Mobile
ORD0000299,CUST00051,PROD0191,Accessories,2022-12-23,2022-12,3,42.93,0,128.79,63.11,0,128.79,63.11,Referral,Mobile
ORD0000300,CUST00051,PROD0034,Clothing,2024-03-12,2024-03,3,108.12,0.1,291.92,116.77,0,291.92,116.77,Referral,Mobile
ORD0000301,CUST00051,PROD0078,Accessories,2024-02-28,2024-02,1,83.84,0.1,75.46,45.28,0,75.46,45.28,Referral,Mobile
ORD0000302,CUST00051,PROD0109,Sports,2023-09-20,2023-09,3,60.91,0,182.73,56.65,0,182.73,56.65,Referral,Mobile
ORD0000303,CUST00051,PROD0140,Home & Living,2024-03-05,2024-03,2,34.26,0.1,61.67,33.92,1,0.0,0.0,Referral,Mobile
ORD0000304,CUST00052,PROD0154,Sports,2023-01-07,2023-01,2,137.38,0.1,247.28,66.77,0,247.28,66.77,Paid Social,Mobile
ORD0000305,CUST00052,PROD0108,Accessories,2024-01-29,2024-01,1,82.14,0.05,78.03,23.41,1,0.0,0.0,Paid Social,Mobile
ORD0000306,CUST00052,PROD0099,Home & Living,2024-02-20,2024-02,1,113.39,0,113.39,41.95,0,113.39,41.95,Paid Social,Mobile
ORD0000307,CUST00052,PROD0181,Home & Living,2023-03-13,2023-03,3,68.65,0.05,195.65,111.52,0,195.65,111.52,Paid Social,Mobile
ORD0000308,CUST00052,PROD0095,Accessories,2023-10-04,2023-10,2,33.53,0.05,63.71,36.31,1,0.0,0.0,Paid Social,Mobile
ORD0000309,CUST00052,PROD0091,Beauty,2024-03-03,2024-03,1,39.11,0.05,37.15,14.86,1,0.0,0.0,Paid Social,Mobile
ORD0000310,CUST00052,PROD0074,Beauty,2024-01-18,2024-01,2,52.12,0.05,99.03,25.75,1,0.0,0.0,Paid Social,Mobile
ORD0000311,CUST00053,PROD0173,Footwear,2023-07-28,2023-07,2,87.72,0,175.44,75.44,0,175.44,75.44,Email,Mobile
ORD0000312,CUST00053,PROD0027,Footwear,2023-10-29,2023-10,3,147.27,0,441.81,247.41,0,441.81,247.41,Email,Mobile
ORD0000313,CUST00053,PROD0192,Sports,2023-07-11,2023-07,3,82.92,0,248.76,129.36,0,248.76,129.36,Email,Mobile
ORD0000314,CUST00054,PROD0187,Clothing,2022-07-30,2022-07,3,104.59,0.15,266.7,117.35,0,266.7,117.35,Email,Mobile
ORD0000315,CUST00054,PROD0080,Sports,2022-02-28,2022-02,1,42.1,0.15,35.79,17.89,0,35.79,17.89,Email,Mobile
ORD0000316,CUST00055,PROD0051,Footwear,2023-01-21,2023-01,2,119.28,0.05,226.63,129.18,1,0.0,0.0,Paid Social,Tablet
ORD0000317,CUST00055,PROD0160,Accessories,2023-10-17,2023-10,3,31.12,0,93.36,52.28,0,93.36,52.28,Paid Social,Tablet
ORD0000318,CUST00055,PROD0058,Accessories,2023-11-23,2023-11,2,50.31,0,100.62,33.2,0,100.62,33.2,Paid Social,Tablet
ORD0000319,CUST00055,PROD0120,Home & Living,2022-10-10,2022-10,1,118.52,0.05,112.59,34.9,0,112.59,34.9,Paid Social,Tablet
ORD0000320,CUST00055,PROD0078,Accessories,2022-10-20,2022-10,3,83.84,0,251.52,150.91,1,0.0,0.0,Paid Social,Tablet
ORD0000321,CUST00056,PROD0181,Home & Living,2023-01-14,2023-01,1,68.65,0,68.65,39.13,0,68.65,39.13,Direct,Desktop
ORD0000322,CUST00056,PROD0058,Accessories,2022-07-18,2022-07,2,50.31,0,100.62,33.2,0,100.62,33.2,Direct,Desktop
ORD0000323,CUST00056,PROD0197,Clothing,2023-01-19,2023-01,2,92.45,0,184.9,66.56,0,184.9,66.56,Direct,Desktop
ORD0000324,CUST00057,PROD0148,Beauty,2023-05-15,2023-05,3,56.54,0.1,152.66,83.96,0,152.66,83.96,Referral,Mobile
ORD0000325,CUST00057,PROD0058,Accessories,2023-09-15,2023-09,1,50.31,0,50.31,16.6,0,50.31,16.6,Referral,Mobile
ORD0000326,CUST00057,PROD0006,Accessories,2023-12-21,2023-12,3,25.71,0.1,69.42,32.63,0,69.42,32.63,Referral,Mobile
ORD0000327,CUST00057,PROD0061,Home & Living,2023-12-20,2023-12,3,136.85,0,410.55,151.9,1,0.0,0.0,Referral,Mobile
ORD0000328,CUST00057,PROD0114,Beauty,2023-08-13,2023-08,1,25.83,0,25.83,10.59,0,25.83,10.59,Referral,Mobile
ORD0000329,CUST00057,PROD0061,Home & Living,2023-11-21,2023-11,2,136.85,0,273.7,101.27,0,273.7,101.27,Referral,Mobile
ORD0000330,CUST00057,PROD0180,Sports,2023-05-26,2023-05,2,57.83,0,115.66,64.77,0,115.66,64.77,Referral,Mobile
ORD0000331,CUST00057,PROD0067,Clothing,2024-03-01,2024-03,3,47.62,0.1,128.57,41.14,0,128.57,41.14,Referral,Mobile
ORD0000332,CUST00057,PROD0171,Clothing,2024-01-21,2024-01,1,49.46,0,49.46,12.37,0,49.46,12.37,Referral,Mobile
ORD0000333,CUST00057,PROD0056,Home & Living,2023-06-07,2023-06,2,70.19,0,140.38,75.81,0,140.38,75.81,Referral,Mobile
ORD0000334,CUST00057,PROD0019,Beauty,2023-11-09,2023-11,3,17.13,0.1,46.25,20.35,0,46.25,20.35,Referral,Mobile
ORD0000335,CUST00058,PROD0091,Beauty,2023-01-27,2023-01,2,39.11,0,78.22,31.29,1,0.0,0.0,Paid Social,Desktop
ORD0000336,CUST00058,PROD0123,Clothing,2023-03-27,2023-03,2,40.48,0,80.96,21.05,0,80.96,21.05,Paid Social,Desktop
ORD0000337,CUST00058,PROD0152,Accessories,2024-03-29,2024-03,2,36.62,0,73.24,32.23,1,0.0,0.0,Paid Social,Desktop
ORD0000338,CUST00059,PROD0149,Beauty,2023-07-09,2023-07,2,65.53,0.05,124.51,64.75,0,124.51,64.75,Paid Social,Mobile
ORD0000339,CUST00059,PROD0031,Footwear,2023-04-05,2023-04,1,42.93,0,42.93,18.89,0,42.93,18.89,Paid Social,Mobile
ORD0000340,CUST00059,PROD0165,Footwear,2022-12-19,2022-12,1,116.35,0,116.35,74.46,0,116.35,74.46,Paid Social,Mobile
ORD0000341,CUST00059,PROD0001,Accessories,2023-06-07,2023-06,3,40.31,0.05,114.88,40.21,0,114.88,40.21,Paid Social,Mobile
ORD0000342,CUST00059,PROD0074,Beauty,2022-09-15,2022-09,3,52.12,0,156.36,40.65,0,156.36,40.65,Paid Social,Mobile
ORD0000343,CUST00059,PROD0140,Home & Living,2024-03-27,2024-03,1,34.26,0.05,32.55,17.9,0,32.55,17.9,Paid Social,Mobile
ORD0000344,CUST00059,PROD0186,Home & Living,2024-03-07,2024-03,3,126.59,0,379.77,110.13,1,0.0,0.0,Paid Social,Mobile
ORD0000345,CUST00060,PROD0184,Sports,2023-12-15,2023-12,3,135.08,0,405.24,109.41,0,405.24,109.41,Influencer,Desktop
ORD0000346,CUST00060,PROD0023,Clothing,2023-12-09,2023-12,1,85.59,0,85.59,29.96,0,85.59,29.96,Influencer,Desktop
ORD0000347,CUST00060,PROD0019,Beauty,2023-10-21,2023-10,1,17.13,0,17.13,7.54,1,0.0,0.0,Influencer,Desktop
ORD0000348,CUST00060,PROD0130,Home & Living,2023-11-26,2023-11,2,126.57,0,253.14,146.82,0,253.14,146.82,Influencer,Desktop
ORD0000349,CUST00060,PROD0032,Home & Living,2023-11-20,2023-11,1,43.05,0,43.05,12.48,0,43.05,12.48,Influencer,Desktop
ORD0000350,CUST00060,PROD0186,Home & Living,2024-02-19,2024-02,2,126.59,0,253.18,73.42,1,0.0,0.0,Influencer,Desktop
ORD0000351,CUST00060,PROD0063,Accessories,2023-09-09,2023-09,3,72.45,0,217.35,73.9,0,217.35,73.9,Influencer,Desktop
ORD0000352,CUST00060,PROD0002,Clothing,2023-10-17,2023-10,2,48.81,0,97.62,61.5,0,97.62,61.5,Influencer,Desktop
ORD0000353,CUST00061,PROD0137,Home & Living,2023-07-20,2023-07,2,99.54,0,199.08,77.64,0,199.08,77.64,Direct,Mobile
ORD0000354,CUST00061,PROD0199,Sports,2023-04-20,2023-04,1,40.52,0,40.52,12.97,0,40.52,12.97,Direct,Mobile
ORD0000355,CUST00061,PROD0066,Footwear,2023-05-06,2023-05,3,151.36,0,454.08,131.68,0,454.08,131.68,Direct,Mobile
ORD0000356,CUST00061,PROD0070,Home & Living,2023-05-02,2023-05,1,75.93,0,75.93,44.8,0,75.93,44.8,Direct,Mobile
ORD0000357,CUST00061,PROD0032,Home & Living,2023-10-20,2023-10,3,43.05,0,129.15,37.45,1,0.0,0.0,Direct,Mobile
ORD0000358,CUST00062,PROD0129,Accessories,2023-04-19,2023-04,1,45.01,0,45.01,13.95,0,45.01,13.95,Paid Social,Mobile
ORD0000359,CUST00062,PROD0099,Home & Living,2023-04-10,2023-04,1,113.39,0.05,107.72,39.86,0,107.72,39.86,Paid Social,Mobile
ORD0000360,CUST00062,PROD0122,Home & Living,2023-12-22,2023-12,3,74.99,0,224.97,89.99,0,224.97,89.99,Paid Social,Mobile
ORD0000361,CUST00062,PROD0153,Accessories,2024-01-23,2024-01,3,85.5,0,256.5,143.64,1,0.0,0.0,Paid Social,Mobile
ORD0000362,CUST00062,PROD0175,Footwear,2024-02-26,2024-02,3,69.53,0,208.59,62.58,0,208.59,62.58,Paid Social,Mobile
ORD0000363,CUST00062,PROD0005,Footwear,2024-03-13,2024-03,3,121.17,0.05,345.33,200.29,0,345.33,200.29,Paid Social,Mobile
ORD0000364,CUST00062,PROD0153,Accessories,2023-07-14,2023-07,2,85.5,0.1,153.9,86.18,0,153.9,86.18,Paid Social,Mobile
ORD0000365,CUST00063,PROD0099,Home & Living,2024-01-27,2024-01,2,113.39,0.05,215.44,79.71,0,215.44,79.71,Paid Social,Mobile
ORD0000366,CUST00063,PROD0048,Home & Living,2023-08-10,2023-08,1,96.14,0.05,91.33,57.54,0,91.33,57.54,Paid Social,Mobile
ORD0000367,CUST00063,PROD0077,Footwear,2024-03-28,2024-03,1,66.48,0.05,63.16,28.42,0,63.16,28.42,Paid Social,Mobile
ORD0000368,CUST00064,PROD0060,Footwear,2023-09-11,2023-09,2,104.31,0.1,187.76,54.45,0,187.76,54.45,Email,Desktop
ORD0000369,CUST00064,PROD0054,Sports,2024-01-14,2024-01,2,142.4,0.1,256.32,128.16,0,256.32,128.16,Email,Desktop
ORD0000370,CUST00064,PROD0180,Sports,2023-05-22,2023-05,1,57.83,0.2,46.26,25.91,0,46.26,25.91,Email,Desktop
ORD0000371,CUST00064,PROD0035,Beauty,2022-10-21,2022-10,2,43.82,0,87.64,50.83,1,0.0,0.0,Email,Desktop
ORD0000372,CUST00064,PROD0043,Footwear,2023-08-16,2023-08,2,62.01,0,124.02,76.89,0,124.02,76.89,Email,Desktop
ORD0000373,CUST00064,PROD0140,Home & Living,2023-12-24,2023-12,2,34.26,0.15,58.24,32.03,0,58.24,32.03,Email,Desktop
ORD0000374,CUST00064,PROD0190,Beauty,2022-12-15,2022-12,2,23.73,0.1,42.71,18.79,0,42.71,18.79,Email,Desktop
ORD0000375,CUST00064,PROD0090,Home & Living,2022-10-20,2022-10,1,99.94,0.2,79.95,50.37,1,0.0,0.0,Email,Desktop
ORD0000376,CUST00064,PROD0034,Clothing,2023-08-11,2023-08,3,108.12,0,324.36,129.74,0,324.36,129.74,Email,Desktop
ORD0000377,CUST00064,PROD0117,Accessories,2023-07-29,2023-07,3,65.2,0.1,176.04,51.05,0,176.04,51.05,Email,Desktop
ORD0000378,CUST00064,PROD0138,Home & Living,2023-05-04,2023-05,1,126.57,0.1,113.91,51.26,1,0.0,0.0,Email,Desktop
ORD0000379,CUST00064,PROD0177,Accessories,2022-10-07,2022-10,1,31.44,0.15,26.72,10.15,1,0.0,0.0,Email,Desktop
ORD0000380,CUST00064,PROD0009,Sports,2023-05-13,2023-05,3,39.16,0.1,105.73,62.38,0,105.73,62.38,Email,Desktop
ORD0000381,CUST00064,PROD0072,Sports,2023-09-02,2023-09,2,81.55,0,163.1,89.7,0,163.1,89.7,Email,Desktop
ORD0000382,CUST00065,PROD0148,Beauty,2023-08-22,2023-08,3,56.54,0,169.62,93.29,0,169.62,93.29,Organic Search,Mobile
ORD0000383,CUST00065,PROD0118,Clothing,2023-09-11,2023-09,2,33.04,0,66.08,31.72,0,66.08,31.72,Organic Search,Mobile
ORD0000384,CUST00065,PROD0029,Accessories,2022-10-23,2022-10,1,59.38,0,59.38,35.63,0,59.38,35.63,Organic Search,Mobile
ORD0000385,CUST00065,PROD0071,Beauty,2022-03-18,2022-03,1,65.25,0,65.25,39.8,0,65.25,39.8,Organic Search,Mobile
ORD0000386,CUST00065,PROD0184,Sports,2022-05-15,2022-05,3,135.08,0,405.24,109.41,0,405.24,109.41,Organic Search,Mobile
ORD0000387,CUST00065,PROD0141,Beauty,2023-10-21,2023-10,1,60.76,0,60.76,20.66,0,60.76,20.66,Organic Search,Mobile
ORD0000388,CUST00065,PROD0064,Footwear,2023-06-25,2023-06,2,190.18,0,380.36,148.34,0,380.36,148.34,Organic Search,Mobile
ORD0000389,CUST00066,PROD0096,Sports,2022-10-01,2022-10,3,59.98,0,179.94,115.16,0,179.94,115.16,Influencer,Mobile
ORD0000390,CUST00066,PROD0040,Beauty,2022-08-04,2022-08,2,42.24,0,84.48,34.64,0,84.48,34.64,Influencer,Mobile
ORD0000391,CUST00066,PROD0071,Beauty,2023-09-23,2023-09,1,65.25,0,65.25,39.8,0,65.25,39.8,Influencer,Mobile
ORD0000392,CUST00066,PROD0064,Footwear,2024-03-06,2024-03,1,190.18,0,190.18,74.17,0,190.18,74.17,Influencer,Mobile
ORD0000393,CUST00067,PROD0053,Footwear,2023-07-24,2023-07,2,46.14,0,92.28,51.68,0,92.28,51.68,Influencer,Mobile
ORD0000394,CUST00067,PROD0196,Sports,2023-02-24,2023-02,1,92.93,0,92.93,57.62,0,92.93,57.62,Influencer,Mobile
ORD0000395,CUST00067,PROD0013,Sports,2023-09-15,2023-09,1,147.02,0,147.02,57.34,1,0.0,0.0,Influencer,Mobile
ORD0000396,CUST00067,PROD0187,Clothing,2022-08-25,2022-08,2,104.59,0,209.18,92.04,0,209.18,92.04,Influencer,Mobile
ORD0000397,CUST00067,PROD0079,Footwear,2022-08-21,2022-08,2,67.68,0,135.36,56.85,0,135.36,56.85,Influencer,Mobile
ORD0000398,CUST00067,PROD0105,Sports,2022-10-03,2022-10,2,41.5,0,83.0,52.29,0,83.0,52.29,Influencer,Mobile
ORD0000399,CUST00067,PROD0047,Footwear,2023-05-22,2023-05,2,144.43,0,288.86,112.66,0,288.86,112.66,Influencer,Mobile
ORD0000400,CUST00067,PROD0200,Footwear,2023-12-22,2023-12,3,43.07,0,129.21,73.65,0,129.21,73.65,Influencer,Mobile
ORD0000401,CUST00068,PROD0127,Accessories,2023-09-27,2023-09,3,49.21,0,147.63,45.77,0,147.63,45.77,Referral,Mobile
ORD0000402,CUST00068,PROD0033,Sports,2023-07-06,2023-07,2,54.48,0,108.96,30.51,0,108.96,30.51,Referral,Mobile
ORD0000403,CUST00068,PROD0007,Beauty,2023-06-30,2023-06,1,25.48,0,25.48,8.41,0,25.48,8.41,Referral,Mobile
ORD0000404,CUST00068,PROD0110,Footwear,2023-01-24,2023-01,1,106.03,0,106.03,57.26,0,106.03,57.26,Referral,Mobile
ORD0000405,CUST00069,PROD0162,Home & Living,2023-08-06,2023-08,3,81.32,0,243.96,107.34,0,243.96,107.34,Direct,Mobile
ORD0000406,CUST00069,PROD0148,Beauty,2023-12-08,2023-12,2,56.54,0,113.08,62.19,1,0.0,0.0,Direct,Mobile
ORD0000407,CUST00069,PROD0084,Accessories,2023-05-07,2023-05,2,45.9,0,91.8,25.7,0,91.8,25.7,Direct,Mobile
ORD0000408,CUST00069,PROD0022,Sports,2023-03-10,2023-03,3,30.09,0,90.27,51.45,0,90.27,51.45,Direct,Mobile
ORD0000409,CUST00069,PROD0161,Home & Living,2023-09-04,2023-09,1,33.22,0,33.22,19.6,0,33.22,19.6,Direct,Mobile
ORD0000410,CUST00069,PROD0153,Accessories,2024-01-18,2024-01,3,85.5,0,256.5,143.64,0,256.5,143.64,Direct,Mobile
ORD0000411,CUST00069,PROD0105,Sports,2023-08-10,2023-08,1,41.5,0,41.5,26.14,0,41.5,26.14,Direct,Mobile
ORD0000412,CUST00069,PROD0185,Footwear,2024-03-22,2024-03,3,196.58,0,589.74,300.77,0,589.74,300.77,Direct,Mobile
ORD0000413,CUST00069,PROD0082,Beauty,2023-02-07,2023-02,3,20.0,0,60.0,39.0,0,60.0,39.0,Direct,Mobile
ORD0000414,CUST00070,PROD0052,Clothing,2023-05-08,2023-05,2,61.19,0,122.38,35.49,0,122.38,35.49,Email,Desktop
ORD0000415,CUST00070,PROD0107,Clothing,2023-08-19,2023-08,3,91.09,0,273.27,169.43,0,273.27,169.43,Email,Desktop
ORD0000416,CUST00070,PROD0197,Clothing,2023-07-07,2023-07,1,92.45,0.1,83.2,29.95,0,83.2,29.95,Email,Desktop
ORD0000417,CUST00070,PROD0001,Accessories,2023-02-27,2023-02,1,40.31,0,40.31,14.11,0,40.31,14.11,Email,Desktop
ORD0000418,CUST00070,PROD0113,Home & Living,2023-05-27,2023-05,3,30.82,0.1,83.21,44.1,0,83.21,44.1,Email,Desktop
ORD0000419,CUST00071,PROD0003,Footwear,2023-08-10,2023-08,3,63.28,0.05,180.35,90.17,0,180.35,90.17,Paid Social,Mobile
ORD0000420,CUST00071,PROD0116,Footwear,2024-01-06,2024-01,1,141.52,0,141.52,62.27,0,141.52,62.27,Paid Social,Mobile
ORD0000421,CUST00071,PROD0124,Beauty,2023-12-22,2023-12,2,20.18,0.05,38.34,18.02,0,38.34,18.02,Paid Social,Mobile
ORD0000422,CUST00071,PROD0108,Accessories,2023-03-19,2023-03,3,82.14,0.05,234.1,70.23,0,234.1,70.23,Paid Social,Mobile
ORD0000423,CUST00071,PROD0103,Accessories,2023-06-30,2023-06,2,84.89,0,169.78,76.4,1,0.0,0.0,Paid Social,Mobile
ORD0000424,CUST00071,PROD0037,Clothing,2024-01-27,2024-01,1,99.72,0.1,89.75,34.1,1,0.0,0.0,Paid Social,Mobile
ORD0000425,CUST00072,PROD0072,Sports,2022-05-09,2022-05,2,81.55,0.1,146.79,80.73,0,146.79,80.73,Paid Social,Desktop
ORD0000426,CUST00072,PROD0169,Accessories,2023-09-14,2023-09,3,66.47,0,199.41,101.7,1,0.0,0.0,Paid Social,Desktop
ORD0000427,CUST00072,PROD0029,Accessories,2022-12-20,2022-12,1,59.38,0,59.38,35.63,0,59.38,35.63,Paid Social,Desktop
ORD0000428,CUST00072,PROD0044,Footwear,2022-09-10,2022-09,3,185.76,0,557.28,273.07,0,557.28,273.07,Paid Social,Desktop
ORD0000429,CUST00072,PROD0188,Footwear,2022-05-17,2022-05,3,148.41,0.1,400.71,236.42,1,0.0,0.0,Paid Social,Desktop
ORD0000430,CUST00072,PROD0159,Beauty,2023-05-03,2023-05,3,20.79,0.05,59.25,18.37,0,59.25,18.37,Paid Social,Desktop
ORD0000431,CUST00073,PROD0038,Accessories,2023-09-03,2023-09,3,85.41,0.15,217.8,119.79,0,217.8,119.79,Email,Mobile
ORD0000432,CUST00073,PROD0094,Home & Living,2023-12-21,2023-12,2,56.47,0,112.94,71.15,0,112.94,71.15,Email,Mobile
ORD0000433,CUST00073,PROD0025,Footwear,2023-07-27,2023-07,1,78.3,0,78.3,25.84,1,0.0,0.0,Email,Mobile
ORD0000434,CUST00073,PROD0076,Clothing,2023-07-29,2023-07,1,54.02,0.15,45.92,14.24,0,45.92,14.24,Email,Mobile
ORD0000435,CUST00074,PROD0134,Accessories,2023-07-23,2023-07,2,24.1,0,48.2,26.99,0,48.2,26.99,Influencer,Mobile
ORD0000436,CUST00075,PROD0066,Footwear,2023-11-23,2023-11,2,151.36,0,302.72,87.79,0,302.72,87.79,Email,Desktop
ORD0000437,CUST00075,PROD0030,Beauty,2024-02-11,2024-02,2,30.52,0.2,48.83,17.58,0,48.83,17.58,Email,Desktop
ORD0000438,CUST00075,PROD0104,Sports,2023-12-19,2023-12,3,40.92,0.15,104.35,37.57,1,0.0,0.0,Email,Desktop
ORD0000439,CUST00075,PROD0098,Home & Living,2023-11-01,2023-11,1,101.77,0.2,81.42,34.2,0,81.42,34.2,Email,Desktop
ORD0000440,CUST00075,PROD0172,Beauty,2023-09-14,2023-09,1,19.11,0.2,15.29,6.57,1,0.0,0.0,Email,Desktop
ORD0000441,CUST00075,PROD0184,Sports,2023-10-23,2023-10,2,135.08,0.1,243.14,65.65,0,243.14,65.65,Email,Desktop
ORD0000442,CUST00075,PROD0020,Clothing,2024-01-24,2024-01,1,35.77,0.1,32.19,14.81,0,32.19,14.81,Email,Desktop
ORD0000443,CUST00075,PROD0054,Sports,2023-11-19,2023-11,1,142.4,0.1,128.16,64.08,0,128.16,64.08,Email,Desktop
ORD0000444,CUST00076,PROD0119,Beauty,2024-02-17,2024-02,3,20.14,0,60.42,21.75,0,60.42,21.75,Organic Search,Mobile
ORD0000445,CUST00076,PROD0193,Sports,2022-07-26,2022-07,2,95.75,0,191.5,61.28,1,0.0,0.0,Organic Search,Mobile
ORD0000446,CUST00076,PROD0035,Beauty,2023-04-29,2023-04,3,43.82,0,131.46,76.25,0,131.46,76.25,Organic Search,Mobile
ORD0000447,CUST00076,PROD0116,Footwear,2023-05-01,2023-05,1,141.52,0,141.52,62.27,0,141.52,62.27,Organic Search,Mobile
ORD0000448,CUST00076,PROD0003,Footwear,2022-08-02,2022-08,2,63.28,0,126.56,63.28,0,126.56,63.28,Organic Search,Mobile
ORD0000449,CUST00076,PROD0045,Home & Living,2023-06-22,2023-06,2,91.27,0,182.54,83.97,0,182.54,83.97,Organic Search,Mobile
ORD0000450,CUST00077,PROD0062,Accessories,2024-03-14,2024-03,3,85.04,0,255.12,107.15,0,255.12,107.15,Organic Search,Desktop
ORD0000451,CUST00077,PROD0001,Accessories,2023-08-08,2023-08,3,40.31,0,120.93,42.33,1,0.0,0.0,Organic Search,Desktop
ORD0000452,CUST00077,PROD0060,Footwear,2023-12-28,2023-12,3,104.31,0,312.93,90.75,0,312.93,90.75,Organic Search,Desktop
ORD0000453,CUST00077,PROD0104,Sports,2023-05-19,2023-05,3,40.92,0,122.76,44.19,0,122.76,44.19,Organic Search,Desktop
ORD0000454,CUST00078,PROD0089,Sports,2022-10-13,2022-10,1,40.38,0,40.38,13.33,0,40.38,13.33,Influencer,Mobile
ORD0000455,CUST00078,PROD0198,Sports,2022-11-14,2022-11,1,59.63,0,59.63,25.04,1,0.0,0.0,Influencer,Mobile
ORD0000456,CUST00078,PROD0177,Accessories,2023-07-04,2023-07,1,31.44,0,31.44,11.95,1,0.0,0.0,Influencer,Mobile
ORD0000457,CUST00079,PROD0189,Home & Living,2023-12-16,2023-12,2,100.23,0,200.46,122.28,0,200.46,122.28,Influencer,Mobile
ORD0000458,CUST00079,PROD0088,Accessories,2024-01-10,2024-01,3,42.05,0,126.15,46.68,0,126.15,46.68,Influencer,Mobile
ORD0000459,CUST00079,PROD0063,Accessories,2024-01-28,2024-01,2,72.45,0,144.9,49.27,0,144.9,49.27,Influencer,Mobile
ORD0000460,CUST00079,PROD0012,Sports,2023-10-06,2023-10,1,146.79,0,146.79,52.84,0,146.79,52.84,Influencer,Mobile
ORD0000461,CUST00079,PROD0166,Clothing,2023-10-31,2023-10,3,87.15,0,261.45,162.1,0,261.45,162.1,Influencer,Mobile
ORD0000462,CUST00079,PROD0075,Accessories,2024-03-30,2024-03,2,80.95,0,161.9,64.76,0,161.9,64.76,Influencer,Mobile
ORD0000463,CUST00080,PROD0145,Clothing,2023-02-20,2023-02,1,70.32,0.1,63.29,37.97,0,63.29,37.97,Referral,Tablet
ORD0000464,CUST00080,PROD0141,Beauty,2022-03-31,2022-03,1,60.76,0.1,54.68,18.59,0,54.68,18.59,Referral,Tablet
ORD0000465,CUST00080,PROD0142,Sports,2023-06-28,2023-06,2,114.73,0,229.46,110.14,0,229.46,110.14,Referral,Tablet
ORD0000466,CUST00080,PROD0113,Home & Living,2022-07-14,2022-07,3,30.82,0,92.46,49.0,0,92.46,49.0,Referral,Tablet
ORD0000467,CUST00080,PROD0195,Accessories,2024-01-31,2024-01,3,33.68,0.1,90.94,55.47,0,90.94,55.47,Referral,Tablet
ORD0000468,CUST00080,PROD0172,Beauty,2023-06-14,2023-06,1,19.11,0.1,17.2,7.4,0,17.2,7.4,Referral,Tablet
ORD0000469,CUST00081,PROD0095,Accessories,2022-12-18,2022-12,3,33.53,0,100.59,57.34,0,100.59,57.34,Paid Social,Desktop
ORD0000470,CUST00081,PROD0065,Accessories,2022-09-24,2022-09,1,54.38,0,54.38,23.38,1,0.0,0.0,Paid Social,Desktop
ORD0000471,CUST00081,PROD0154,Sports,2023-02-09,2023-02,1,137.38,0.05,130.51,35.24,0,130.51,35.24,Paid Social,Desktop
ORD0000472,CUST00082,PROD0184,Sports,2023-10-26,2023-10,1,135.08,0,135.08,36.47,1,0.0,0.0,Email,Mobile
ORD0000473,CUST00082,PROD0054,Sports,2023-10-13,2023-10,3,142.4,0,427.2,213.6,0,427.2,213.6,Email,Mobile
ORD0000474,CUST00082,PROD0199,Sports,2023-11-01,2023-11,1,40.52,0.2,32.42,10.37,0,32.42,10.37,Email,Mobile
ORD0000475,CUST00082,PROD0010,Home & Living,2023-10-22,2023-10,3,50.82,0.1,137.21,52.14,0,137.21,52.14,Email,Mobile
ORD0000476,CUST00082,PROD0116,Footwear,2023-07-05,2023-07,1,141.52,0,141.52,62.27,0,141.52,62.27,Email,Mobile
ORD0000477,CUST00082,PROD0078,Accessories,2024-02-10,2024-02,1,83.84,0.2,67.07,40.24,1,0.0,0.0,Email,Mobile
ORD0000478,CUST00082,PROD0143,Beauty,2023-12-03,2023-12,1,15.9,0.15,13.52,8.65,0,13.52,8.65,Email,Mobile
ORD0000479,CUST00082,PROD0116,Footwear,2023-12-04,2023-12,1,141.52,0.15,120.29,52.93,0,120.29,52.93,Email,Mobile
ORD0000480,CUST00082,PROD0017,Home & Living,2024-01-22,2024-01,2,31.84,0,63.68,24.84,0,63.68,24.84,Email,Mobile
ORD0000481,CUST00082,PROD0053,Footwear,2023-10-25,2023-10,3,46.14,0,138.42,77.52,1,0.0,0.0,Email,Mobile
ORD0000482,CUST00082,PROD0145,Clothing,2023-12-05,2023-12,2,70.32,0,140.64,84.38,0,140.64,84.38,Email,Mobile
ORD0000483,CUST00083,PROD0026,Footwear,2024-02-22,2024-02,1,66.28,0,66.28,17.23,0,66.28,17.23,Paid Social,Desktop
ORD0000484,CUST00084,PROD0185,Footwear,2023-12-24,2023-12,2,196.58,0.1,353.84,180.46,1,0.0,0.0,Email,Mobile
ORD0000485,CUST00084,PROD0021,Beauty,2023-09-03,2023-09,3,65.25,0.1,176.18,109.23,0,176.18,109.23,Email,Mobile
ORD0000486,CUST00084,PROD0011,Sports,2023-09-20,2023-09,1,85.35,0.15,72.55,20.31,0,72.55,20.31,Email,Mobile
ORD0000487,CUST00085,PROD0066,Footwear,2024-01-07,2024-01,3,151.36,0,454.08,131.68,1,0.0,0.0,Organic Search,Desktop
ORD0000488,CUST00085,PROD0060,Footwear,2024-03-02,2024-03,3,104.31,0,312.93,90.75,0,312.93,90.75,Organic Search,Desktop
ORD0000489,CUST00085,PROD0147,Home & Living,2024-02-18,2024-02,3,133.32,0,399.96,183.98,0,399.96,183.98,Organic Search,Desktop
ORD0000490,CUST00085,PROD0039,Beauty,2024-03-20,2024-03,1,69.16,0,69.16,38.73,0,69.16,38.73,Organic Search,Desktop
ORD0000491,CUST00085,PROD0049,Home & Living,2023-10-20,2023-10,2,60.55,0,121.1,47.23,0,121.1,47.23,Organic Search,Desktop
ORD0000492,CUST00085,PROD0177,Accessories,2023-11-01,2023-11,3,31.44,0,94.32,35.84,0,94.32,35.84,Organic Search,Desktop
ORD0000493,CUST00085,PROD0036,Home & Living,2023-07-02,2023-07,1,74.59,0,74.59,26.11,1,0.0,0.0,Organic Search,Desktop
ORD0000494,CUST00086,PROD0077,Footwear,2023-07-24,2023-07,2,66.48,0,132.96,59.83,0,132.96,59.83,Influencer,Desktop
ORD0000495,CUST00086,PROD0112,Home & Living,2023-02-04,2023-02,3,48.0,0,144.0,82.08,0,144.0,82.08,Influencer,Desktop
ORD0000496,CUST00086,PROD0002,Clothing,2023-01-22,2023-01,3,48.81,0,146.43,92.25,1,0.0,0.0,Influencer,Desktop
ORD0000497,CUST00086,PROD0033,Sports,2023-10-15,2023-10,2,54.48,0,108.96,30.51,1,0.0,0.0,Influencer,Desktop
ORD0000498,CUST00086,PROD0019,Beauty,2023-10-11,2023-10,3,17.13,0,51.39,22.61,1,0.0,0.0,Influencer,Desktop
ORD0000499,CUST00086,PROD0161,Home & Living,2024-03-05,2024-03,2,33.22,0,66.44,39.2,0,66.44,39.2,Influencer,Desktop
ORD0000500,CUST00087,PROD0083,Clothing,2023-01-21,2023-01,3,25.2,0,75.6,40.82,0,75.6,40.82,Paid Social,Mobile
ORD0000501,CUST00087,PROD0040,Beauty,2023-10-04,2023-10,1,42.24,0,42.24,17.32,1,0.0,0.0,Paid Social,Mobile
ORD0000502,CUST00087,PROD0001,Accessories,2022-11-14,2022-11,1,40.31,0,40.31,14.11,1,0.0,0.0,Paid Social,Mobile
ORD0000503,CUST00087,PROD0169,Accessories,2022-03-06,2022-03,3,66.47,0.05,189.44,96.61,1,0.0,0.0,Paid Social,Mobile
ORD0000504,CUST00087,PROD0194,Accessories,2022-10-17,2022-10,1,80.84,0.05,76.8,39.17,0,76.8,39.17,Paid Social,Mobile
ORD0000505,CUST00088,PROD0157,Sports,2023-07-24,2023-07,1,101.12,0,101.12,42.47,1,0.0,0.0,Influencer,Mobile
ORD0000506,CUST00088,PROD0074,Beauty,2023-07-11,2023-07,1,52.12,0,52.12,13.55,0,52.12,13.55,Influencer,Mobile
ORD0000507,CUST00088,PROD0120,Home & Living,2023-05-10,2023-05,2,118.52,0,237.04,73.48,1,0.0,0.0,Influencer,Mobile
ORD0000508,CUST00088,PROD0107,Clothing,2023-02-12,2023-02,1,91.09,0,91.09,56.48,0,91.09,56.48,Influencer,Mobile
ORD0000509,CUST00088,PROD0133,Clothing,2023-03-11,2023-03,3,70.11,0,210.33,119.89,1,0.0,0.0,Influencer,Mobile
ORD0000510,CUST00088,PROD0193,Sports,2023-12-22,2023-12,3,95.75,0,287.25,91.92,0,287.25,91.92,Influencer,Mobile
ORD0000511,CUST00089,PROD0176,Home & Living,2023-04-14,2023-04,1,51.13,0,51.13,14.32,0,51.13,14.32,Paid Social,Desktop
ORD0000512,CUST00089,PROD0056,Home & Living,2024-01-27,2024-01,3,70.19,0.05,200.04,108.02,0,200.04,108.02,Paid Social,Desktop
ORD0000513,CUST00089,PROD0127,Accessories,2023-12-10,2023-12,2,49.21,0.1,88.58,27.46,0,88.58,27.46,Paid Social,Desktop
ORD0000514,CUST00089,PROD0108,Accessories,2023-02-28,2023-02,2,82.14,0.05,156.07,46.82,0,156.07,46.82,Paid Social,Desktop
ORD0000515,CUST00089,PROD0092,Beauty,2023-01-08,2023-01,1,19.38,0.05,18.41,5.89,0,18.41,5.89,Paid Social,Desktop
ORD0000516,CUST00090,PROD0148,Beauty,2023-12-08,2023-12,1,56.54,0.05,53.71,29.54,1,0.0,0.0,Paid Social,Desktop
ORD0000517,CUST00090,PROD0150,Beauty,2024-02-15,2024-02,3,24.66,0.05,70.28,34.44,0,70.28,34.44,Paid Social,Desktop
ORD0000518,CUST00090,PROD0034,Clothing,2023-10-22,2023-10,3,108.12,0.05,308.14,123.26,1,0.0,0.0,Paid Social,Desktop
ORD0000519,CUST00090,PROD0199,Sports,2023-12-19,2023-12,3,40.52,0,121.56,38.9,1,0.0,0.0,Paid Social,Desktop
ORD0000520,CUST00090,PROD0040,Beauty,2023-11-24,2023-11,1,42.24,0.1,38.02,15.59,0,38.02,15.59,Paid Social,Desktop
ORD0000521,CUST00091,PROD0175,Footwear,2023-09-03,2023-09,3,69.53,0.1,187.73,56.32,0,187.73,56.32,Referral,Mobile
ORD0000522,CUST00091,PROD0003,Footwear,2023-03-09,2023-03,2,63.28,0,126.56,63.28,0,126.56,63.28,Referral,Mobile
ORD0000523,CUST00091,PROD0181,Home & Living,2023-11-04,2023-11,1,68.65,0.1,61.79,35.22,0,61.79,35.22,Referral,Mobile
ORD0000524,CUST00091,PROD0013,Sports,2022-09-04,2022-09,3,147.02,0,441.06,172.01,0,441.06,172.01,Referral,Mobile
ORD0000525,CUST00091,PROD0115,Accessories,2023-06-20,2023-06,2,74.34,0,148.68,86.23,0,148.68,86.23,Referral,Mobile
ORD0000526,CUST00091,PROD0112,Home & Living,2024-01-01,2024-01,2,48.0,0,96.0,54.72,0,96.0,54.72,Referral,Mobile
ORD0000527,CUST00091,PROD0175,Footwear,2022-11-22,2022-11,2,69.53,0,139.06,41.72,0,139.06,41.72,Referral,Mobile
ORD0000528,CUST00091,PROD0139,Home & Living,2023-12-28,2023-12,2,121.16,0.1,218.09,130.85,0,218.09,130.85,Referral,Mobile
ORD0000529,CUST00091,PROD0103,Accessories,2023-07-08,2023-07,2,84.89,0.1,152.8,68.76,0,152.8,68.76,Referral,Mobile
ORD0000530,CUST00091,PROD0076,Clothing,2024-03-11,2024-03,2,54.02,0,108.04,33.49,1,0.0,0.0,Referral,Mobile
ORD0000531,CUST00091,PROD0175,Footwear,2022-08-31,2022-08,1,69.53,0,69.53,20.86,0,69.53,20.86,Referral,Mobile
ORD0000532,CUST00091,PROD0015,Footwear,2022-08-25,2022-08,3,131.63,0.1,355.4,145.71,0,355.4,145.71,Referral,Mobile
ORD0000533,CUST00091,PROD0180,Sports,2022-09-28,2022-09,3,57.83,0.1,156.14,87.44,0,156.14,87.44,Referral,Mobile
ORD0000534,CUST00092,PROD0052,Clothing,2022-11-28,2022-11,1,61.19,0,61.19,17.75,0,61.19,17.75,Organic Search,Mobile
ORD0000535,CUST00092,PROD0055,Sports,2024-03-04,2024-03,2,136.99,0,273.98,79.45,0,273.98,79.45,Organic Search,Mobile
ORD0000536,CUST00092,PROD0078,Accessories,2023-06-02,2023-06,3,83.84,0,251.52,150.91,0,251.52,150.91,Organic Search,Mobile
ORD0000537,CUST00092,PROD0124,Beauty,2023-02-06,2023-02,3,20.18,0,60.54,28.45,0,60.54,28.45,Organic Search,Mobile
ORD0000538,CUST00092,PROD0093,Footwear,2022-12-06,2022-12,3,85.42,0,256.26,146.07,0,256.26,146.07,Organic Search,Mobile
ORD0000539,CUST00092,PROD0089,Sports,2023-04-02,2023-04,1,40.38,0,40.38,13.33,0,40.38,13.33,Organic Search,Mobile
ORD0000540,CUST00092,PROD0001,Accessories,2023-04-15,2023-04,3,40.31,0,120.93,42.33,0,120.93,42.33,Organic Search,Mobile
ORD0000541,CUST00092,PROD0022,Sports,2024-03-10,2024-03,1,30.09,0,30.09,17.15,0,30.09,17.15,Organic Search,Mobile
ORD0000542,CUST00093,PROD0185,Footwear,2024-03-01,2024-03,1,196.58,0.05,186.75,95.24,1,0.0,0.0,Paid Social,Mobile
ORD0000543,CUST00093,PROD0007,Beauty,2024-03-02,2024-03,1,25.48,0.1,22.93,7.57,1,0.0,0.0,Paid Social,Mobile
ORD0000544,CUST00093,PROD0016,Beauty,2024-01-03,2024-01,2,14.72,0.1,26.5,16.96,1,0.0,0.0,Paid Social,Mobile
ORD0000545,CUST00093,PROD0052,Clothing,2023-09-07,2023-09,1,61.19,0,61.19,17.75,0,61.19,17.75,Paid Social,Mobile
ORD0000546,CUST00093,PROD0043,Footwear,2023-12-09,2023-12,1,62.01,0.1,55.81,34.6,0,55.81,34.6,Paid Social,Mobile
ORD0000547,CUST00093,PROD0113,Home & Living,2024-01-09,2024-01,2,30.82,0,61.64,32.67,0,61.64,32.67,Paid Social,Mobile
ORD0000548,CUST00093,PROD0081,Home & Living,2024-02-01,2024-02,2,97.71,0,195.42,50.81,0,195.42,50.81,Paid Social,Mobile
ORD0000549,CUST00093,PROD0155,Beauty,2023-10-12,2023-10,2,35.29,0.05,67.05,27.49,0,67.05,27.49,Paid Social,Mobile
ORD0000550,CUST00093,PROD0043,Footwear,2024-02-10,2024-02,1,62.01,0,62.01,38.45,0,62.01,38.45,Paid Social,Mobile
ORD0000551,CUST00093,PROD0024,Beauty,2024-02-11,2024-02,3,20.35,0,61.05,25.03,1,0.0,0.0,Paid Social,Mobile
ORD0000552,CUST00093,PROD0075,Accessories,2024-02-05,2024-02,2,80.95,0.1,145.71,58.28,0,145.71,58.28,Paid Social,Mobile
ORD0000553,CUST00094,PROD0043,Footwear,2023-07-20,2023-07,3,62.01,0,186.03,115.34,0,186.03,115.34,Referral,Mobile
ORD0000554,CUST00094,PROD0157,Sports,2022-11-01,2022-11,2,101.12,0,202.24,84.94,0,202.24,84.94,Referral,Mobile
ORD0000555,CUST00094,PROD0039,Beauty,2022-12-18,2022-12,2,69.16,0.1,124.49,69.71,0,124.49,69.71,Referral,Mobile
ORD0000556,CUST00094,PROD0001,Accessories,2023-09-22,2023-09,1,40.31,0,40.31,14.11,0,40.31,14.11,Referral,Mobile
ORD0000557,CUST00094,PROD0124,Beauty,2023-04-02,2023-04,3,20.18,0,60.54,28.45,0,60.54,28.45,Referral,Mobile
ORD0000558,CUST00094,PROD0129,Accessories,2023-03-25,2023-03,1,45.01,0,45.01,13.95,0,45.01,13.95,Referral,Mobile
ORD0000559,CUST00094,PROD0114,Beauty,2023-06-20,2023-06,3,25.83,0.1,69.74,28.59,0,69.74,28.59,Referral,Mobile
ORD0000560,CUST00095,PROD0090,Home & Living,2023-11-30,2023-11,2,99.94,0,199.88,125.92,0,199.88,125.92,Organic Search,Desktop
ORD0000561,CUST00095,PROD0068,Accessories,2024-02-17,2024-02,3,58.26,0,174.78,73.41,0,174.78,73.41,Organic Search,Desktop
ORD0000562,CUST00095,PROD0127,Accessories,2023-10-05,2023-10,3,49.21,0,147.63,45.77,0,147.63,45.77,Organic Search,Desktop
ORD0000563,CUST00095,PROD0022,Sports,2023-08-17,2023-08,1,30.09,0,30.09,17.15,0,30.09,17.15,Organic Search,Desktop
ORD0000564,CUST00095,PROD0104,Sports,2023-11-22,2023-11,3,40.92,0,122.76,44.19,0,122.76,44.19,Organic Search,Desktop
ORD0000565,CUST00096,PROD0091,Beauty,2023-09-29,2023-09,3,39.11,0,117.33,46.93,0,117.33,46.93,Organic Search,Mobile
ORD0000566,CUST00096,PROD0050,Home & Living,2023-05-17,2023-05,2,120.87,0,241.74,65.27,1,0.0,0.0,Organic Search,Mobile
ORD0000567,CUST00096,PROD0030,Beauty,2023-08-19,2023-08,2,30.52,0,61.04,21.97,0,61.04,21.97,Organic Search,Mobile
ORD0000568,CUST00096,PROD0038,Accessories,2022-10-10,2022-10,3,85.41,0,256.23,140.93,1,0.0,0.0,Organic Search,Mobile
ORD0000569,CUST00096,PROD0059,Sports,2023-06-20,2023-06,1,76.4,0,76.4,38.96,1,0.0,0.0,Organic Search,Mobile
ORD0000570,CUST00096,PROD0152,Accessories,2023-12-31,2023-12,2,36.62,0,73.24,32.23,0,73.24,32.23,Organic Search,Mobile
ORD0000571,CUST00096,PROD0125,Sports,2023-09-13,2023-09,2,126.04,0,252.08,98.31,0,252.08,98.31,Organic Search,Mobile
ORD0000572,CUST00096,PROD0087,Home & Living,2023-11-10,2023-11,2,45.63,0,91.26,52.93,1,0.0,0.0,Organic Search,Mobile
ORD0000573,CUST00097,PROD0086,Clothing,2023-11-04,2023-11,1,82.15,0,82.15,46.83,0,82.15,46.83,Paid Social,Desktop
ORD0000574,CUST00097,PROD0198,Sports,2023-11-03,2023-11,2,59.63,0,119.26,50.09,1,0.0,0.0,Paid Social,Desktop
ORD0000575,CUST00097,PROD0152,Accessories,2023-06-15,2023-06,2,36.62,0.05,69.58,30.62,0,69.58,30.62,Paid Social,Desktop
ORD0000576,CUST00098,PROD0117,Accessories,2023-11-14,2023-11,2,65.2,0,130.4,37.82,0,130.4,37.82,Referral,Mobile
ORD0000577,CUST00098,PROD0178,Clothing,2023-12-15,2023-12,3,60.67,0.1,163.81,65.52,1,0.0,0.0,Referral,Mobile
ORD0000578,CUST00098,PROD0016,Beauty,2023-08-04,2023-08,3,14.72,0,44.16,28.26,0,44.16,28.26,Referral,Mobile
ORD0000579,CUST00098,PROD0019,Beauty,2024-02-02,2024-02,1,17.13,0,17.13,7.54,1,0.0,0.0,Referral,Mobile
ORD0000580,CUST00098,PROD0123,Clothing,2023-08-28,2023-08,3,40.48,0.1,109.3,28.42,0,109.3,28.42,Referral,Mobile
ORD0000581,CUST00098,PROD0158,Home & Living,2023-09-21,2023-09,1,50.83,0,50.83,23.89,1,0.0,0.0,Referral,Mobile
ORD0000582,CUST00098,PROD0103,Accessories,2023-10-23,2023-10,3,84.89,0,254.67,114.6,0,254.67,114.6,Referral,Mobile
ORD0000583,CUST00098,PROD0027,Footwear,2024-02-12,2024-02,2,147.27,0.1,265.09,148.45,0,265.09,148.45,Referral,Mobile
ORD0000584,CUST00098,PROD0149,Beauty,2023-12-16,2023-12,3,65.53,0.1,176.93,92.0,0,176.93,92.0,Referral,Mobile
ORD0000585,CUST00098,PROD0010,Home & Living,2023-08-19,2023-08,2,50.82,0,101.64,38.62,0,101.64,38.62,Referral,Mobile
ORD0000586,CUST00098,PROD0032,Home & Living,2023-08-15,2023-08,1,43.05,0,43.05,12.48,0,43.05,12.48,Referral,Mobile
ORD0000587,CUST00099,PROD0158,Home & Living,2023-10-30,2023-10,2,50.83,0,101.66,47.78,0,101.66,47.78,Referral,Mobile
ORD0000588,CUST00099,PROD0132,Home & Living,2023-07-26,2023-07,2,31.95,0.1,57.51,33.36,0,57.51,33.36,Referral,Mobile
ORD0000589,CUST00099,PROD0093,Footwear,2023-08-21,2023-08,1,85.42,0.1,76.88,43.82,0,76.88,43.82,Referral,Mobile
ORD0000590,CUST00099,PROD0080,Sports,2023-11-21,2023-11,3,42.1,0.1,113.67,56.84,0,113.67,56.84,Referral,Mobile
ORD0000591,CUST00099,PROD0130,Home & Living,2023-10-12,2023-10,2,126.57,0,253.14,146.82,0,253.14,146.82,Referral,Mobile
ORD0000592,CUST00099,PROD0051,Footwear,2024-02-29,2024-02,1,119.28,0.1,107.35,61.19,0,107.35,61.19,Referral,Mobile
ORD0000593,CUST00099,PROD0049,Home & Living,2023-11-03,2023-11,2,60.55,0,121.1,47.23,0,121.1,47.23,Referral,Mobile
ORD0000594,CUST00099,PROD0097,Clothing,2023-12-26,2023-12,3,60.58,0,181.74,52.7,0,181.74,52.7,Referral,Mobile
ORD0000595,CUST00099,PROD0193,Sports,2024-01-17,2024-01,2,95.75,0,191.5,61.28,0,191.5,61.28,Referral,Mobile
ORD0000596,CUST00100,PROD0191,Accessories,2023-12-24,2023-12,3,42.93,0,128.79,63.11,0,128.79,63.11,Paid Social,Mobile
ORD0000597,CUST00100,PROD0198,Sports,2024-01-23,2024-01,3,59.63,0.05,169.95,71.38,0,169.95,71.38,Paid Social,Mobile
ORD0000598,CUST00100,PROD0196,Sports,2023-11-19,2023-11,2,92.93,0.1,167.27,103.71,0,167.27,103.71,Paid Social,Mobile
ORD0000599,CUST00100,PROD0064,Footwear,2024-01-23,2024-01,1,190.18,0.05,180.67,70.46,0,180.67,70.46,Paid Social,Mobile
ORD0000600,CUST00100,PROD0104,Sports,2023-12-25,2023-12,1,40.92,0,40.92,14.73,1,0.0,0.0,Paid Social,Mobile
ORD0000601,CUST00100,PROD0053,Footwear,2024-03-03,2024-03,3,46.14,0.1,124.58,69.76,0,124.58,69.76,Paid Social,Mobile
ORD0000602,CUST00101,PROD0091,Beauty,2024-03-31,2024-03,2,39.11,0,78.22,31.29,0,78.22,31.29,Influencer,Mobile
ORD0000603,CUST00101,PROD0109,Sports,2023-10-03,2023-10,2,60.91,0,121.82,37.76,0,121.82,37.76,Influencer,Mobile
ORD0000604,CUST00101,PROD0060,Footwear,2024-03-18,2024-03,1,104.31,0,104.31,30.25,0,104.31,30.25,Influencer,Mobile
ORD0000605,CUST00101,PROD0121,Clothing,2023-09-14,2023-09,1,86.37,0,86.37,42.32,1,0.0,0.0,Influencer,Mobile
ORD0000606,CUST00101,PROD0135,Beauty,2024-03-30,2024-03,2,31.76,0,63.52,39.38,0,63.52,39.38,Influencer,Mobile
ORD0000607,CUST00101,PROD0024,Beauty,2024-03-14,2024-03,2,20.35,0,40.7,16.69,0,40.7,16.69,Influencer,Mobile
ORD0000608,CUST00101,PROD0096,Sports,2024-01-13,2024-01,1,59.98,0,59.98,38.39,0,59.98,38.39,Influencer,Mobile
ORD0000609,CUST00101,PROD0025,Footwear,2024-03-28,2024-03,2,78.3,0,156.6,51.68,1,0.0,0.0,Influencer,Mobile
ORD0000610,CUST00101,PROD0062,Accessories,2023-11-14,2023-11,2,85.04,0,170.08,71.43,1,0.0,0.0,Influencer,Mobile
ORD0000611,CUST00101,PROD0164,Accessories,2023-10-02,2023-10,3,18.66,0,55.98,16.23,0,55.98,16.23,Influencer,Mobile
ORD0000612,CUST00101,PROD0172,Beauty,2024-02-20,2024-02,2,19.11,0,38.22,16.43,0,38.22,16.43,Influencer,Mobile
ORD0000613,CUST00102,PROD0173,Footwear,2024-02-24,2024-02,2,87.72,0,175.44,75.44,0,175.44,75.44,Organic Search,Desktop
ORD0000614,CUST00102,PROD0100,Clothing,2023-10-15,2023-10,3,80.73,0,242.19,108.99,0,242.19,108.99,Organic Search,Desktop
ORD0000615,CUST00103,PROD0123,Clothing,2023-10-30,2023-10,1,40.48,0,40.48,10.52,0,40.48,10.52,Organic Search,Tablet
ORD0000616,CUST00103,PROD0113,Home & Living,2024-02-26,2024-02,3,30.82,0,92.46,49.0,0,92.46,49.0,Organic Search,Tablet
ORD0000617,CUST00103,PROD0005,Footwear,2023-08-20,2023-08,2,121.17,0,242.34,140.56,0,242.34,140.56,Organic Search,Tablet
ORD0000618,CUST00104,PROD0169,Accessories,2023-08-02,2023-08,2,66.47,0,132.94,67.8,1,0.0,0.0,Paid Social,Desktop
ORD0000619,CUST00104,PROD0189,Home & Living,2023-05-21,2023-05,3,100.23,0.05,285.66,174.25,0,285.66,174.25,Paid Social,Desktop
ORD0000620,CUST00105,PROD0037,Clothing,2023-11-14,2023-11,2,99.72,0.1,179.5,68.21,0,179.5,68.21,Email,Mobile
ORD0000621,CUST00105,PROD0028,Sports,2023-05-16,2023-05,2,115.45,0.1,207.81,101.83,0,207.81,101.83,Email,Mobile
ORD0000622,CUST00106,PROD0033,Sports,2022-10-29,2022-10,3,54.48,0.2,130.75,36.61,0,130.75,36.61,Email,Mobile
ORD0000623,CUST00106,PROD0102,Footwear,2023-02-11,2023-02,3,44.77,0,134.31,34.92,0,134.31,34.92,Email,Mobile
ORD0000624,CUST00106,PROD0096,Sports,2023-09-29,2023-09,1,59.98,0,59.98,38.39,1,0.0,0.0,Email,Mobile
ORD0000625,CUST00106,PROD0198,Sports,2023-11-13,2023-11,3,59.63,0.2,143.11,60.11,0,143.11,60.11,Email,Mobile
ORD0000626,CUST00107,PROD0001,Accessories,2023-04-09,2023-04,1,40.31,0,40.31,14.11,0,40.31,14.11,Paid Social,Desktop
ORD0000627,CUST00107,PROD0125,Sports,2022-09-13,2022-09,2,126.04,0.05,239.48,93.4,0,239.48,93.4,Paid Social,Desktop
ORD0000628,CUST00107,PROD0053,Footwear,2022-12-08,2022-12,3,46.14,0,138.42,77.52,0,138.42,77.52,Paid Social,Desktop
ORD0000629,CUST00107,PROD0066,Footwear,2022-05-15,2022-05,2,151.36,0.1,272.45,79.01,0,272.45,79.01,Paid Social,Desktop
ORD0000630,CUST00107,PROD0048,Home & Living,2023-08-27,2023-08,3,96.14,0.1,259.58,163.54,0,259.58,163.54,Paid Social,Desktop
ORD0000631,CUST00107,PROD0067,Clothing,2023-07-24,2023-07,1,47.62,0,47.62,15.24,0,47.62,15.24,Paid Social,Desktop
ORD0000632,CUST00108,PROD0120,Home & Living,2024-01-21,2024-01,1,118.52,0,118.52,36.74,0,118.52,36.74,Influencer,Desktop
ORD0000633,CUST00108,PROD0086,Clothing,2023-04-29,2023-04,2,82.15,0,164.3,93.65,0,164.3,93.65,Influencer,Desktop
ORD0000634,CUST00108,PROD0006,Accessories,2023-03-25,2023-03,1,25.71,0,25.71,12.08,1,0.0,0.0,Influencer,Desktop
ORD0000635,CUST00108,PROD0142,Sports,2023-10-10,2023-10,3,114.73,0,344.19,165.21,0,344.19,165.21,Influencer,Desktop
ORD0000636,CUST00109,PROD0066,Footwear,2024-02-12,2024-02,2,151.36,0,302.72,87.79,1,0.0,0.0,Paid Social,Mobile
ORD0000637,CUST00109,PROD0039,Beauty,2023-04-30,2023-04,3,69.16,0,207.48,116.19,0,207.48,116.19,Paid Social,Mobile
ORD0000638,CUST00109,PROD0115,Accessories,2024-02-11,2024-02,1,74.34,0.05,70.62,40.96,1,0.0,0.0,Paid Social,Mobile
ORD0000639,CUST00109,PROD0012,Sports,2023-11-17,2023-11,1,146.79,0,146.79,52.84,1,0.0,0.0,Paid Social,Mobile
ORD0000640,CUST00109,PROD0138,Home & Living,2023-11-27,2023-11,3,126.57,0.05,360.72,162.32,1,0.0,0.0,Paid Social,Mobile
ORD0000641,CUST00109,PROD0047,Footwear,2023-05-23,2023-05,2,144.43,0,288.86,112.66,0,288.86,112.66,Paid Social,Mobile
ORD0000642,CUST00109,PROD0114,Beauty,2023-10-24,2023-10,3,25.83,0.05,73.62,30.18,1,0.0,0.0,Paid Social,Mobile
ORD0000643,CUST00109,PROD0144,Beauty,2023-11-03,2023-11,2,34.94,0.05,66.39,36.51,0,66.39,36.51,Paid Social,Mobile
ORD0000644,CUST00109,PROD0191,Accessories,2023-07-29,2023-07,1,42.93,0.05,40.78,19.98,0,40.78,19.98,Paid Social,Mobile
ORD0000645,CUST00110,PROD0109,Sports,2023-06-19,2023-06,2,60.91,0,121.82,37.76,0,121.82,37.76,Organic Search,Desktop
ORD0000646,CUST00110,PROD0123,Clothing,2024-01-18,2024-01,3,40.48,0,121.44,31.57,1,0.0,0.0,Organic Search,Desktop
ORD0000647,CUST00110,PROD0169,Accessories,2023-08-03,2023-08,3,66.47,0,199.41,101.7,0,199.41,101.7,Organic Search,Desktop
ORD0000648,CUST00110,PROD0010,Home & Living,2023-10-20,2023-10,3,50.82,0,152.46,57.93,0,152.46,57.93,Organic Search,Desktop
ORD0000649,CUST00111,PROD0199,Sports,2022-03-20,2022-03,2,40.52,0,81.04,25.93,0,81.04,25.93,Organic Search,Mobile
ORD0000650,CUST00111,PROD0186,Home & Living,2024-01-16,2024-01,2,126.59,0,253.18,73.42,0,253.18,73.42,Organic Search,Mobile
ORD0000651,CUST00112,PROD0105,Sports,2023-12-09,2023-12,1,41.5,0,41.5,26.14,0,41.5,26.14,Direct,Tablet
ORD0000652,CUST00112,PROD0113,Home & Living,2023-10-01,2023-10,1,30.82,0,30.82,16.33,0,30.82,16.33,Direct,Tablet
ORD0000653,CUST00112,PROD0030,Beauty,2023-03-03,2023-03,1,30.52,0,30.52,10.99,1,0.0,0.0,Direct,Tablet
ORD0000654,CUST00112,PROD0010,Home & Living,2023-03-08,2023-03,1,50.82,0,50.82,19.31,0,50.82,19.31,Direct,Tablet
ORD0000655,CUST00112,PROD0116,Footwear,2022-07-12,2022-07,1,141.52,0,141.52,62.27,0,141.52,62.27,Direct,Tablet
ORD0000656,CUST00112,PROD0120,Home & Living,2023-06-27,2023-06,3,118.52,0,355.56,110.22,0,355.56,110.22,Direct,Tablet
ORD0000657,CUST00112,PROD0172,Beauty,2023-11-03,2023-11,3,19.11,0,57.33,24.65,1,0.0,0.0,Direct,Tablet
ORD0000658,CUST00113,PROD0096,Sports,2022-08-10,2022-08,2,59.98,0,119.96,76.77,0,119.96,76.77,Influencer,Tablet
ORD0000659,CUST00113,PROD0189,Home & Living,2023-07-31,2023-07,2,100.23,0,200.46,122.28,1,0.0,0.0,Influencer,Tablet
ORD0000660,CUST00113,PROD0049,Home & Living,2023-06-01,2023-06,1,60.55,0,60.55,23.61,0,60.55,23.61,Influencer,Tablet
ORD0000661,CUST00113,PROD0009,Sports,2023-07-19,2023-07,2,39.16,0,78.32,46.21,0,78.32,46.21,Influencer,Tablet
ORD0000662,CUST00114,PROD0104,Sports,2023-11-12,2023-11,3,40.92,0,122.76,44.19,0,122.76,44.19,Direct,Mobile
ORD0000663,CUST00114,PROD0047,Footwear,2023-08-05,2023-08,2,144.43,0,288.86,112.66,0,288.86,112.66,Direct,Mobile
ORD0000664,CUST00114,PROD0065,Accessories,2022-12-04,2022-12,1,54.38,0,54.38,23.38,0,54.38,23.38,Direct,Mobile
ORD0000665,CUST00114,PROD0079,Footwear,2023-05-29,2023-05,1,67.68,0,67.68,28.43,0,67.68,28.43,Direct,Mobile
ORD0000666,CUST00115,PROD0001,Accessories,2024-01-02,2024-01,2,40.31,0,80.62,28.22,0,80.62,28.22,Referral,Desktop
ORD0000667,CUST00115,PROD0054,Sports,2023-08-16,2023-08,2,142.4,0,284.8,142.4,1,0.0,0.0,Referral,Desktop
ORD0000668,CUST00115,PROD0040,Beauty,2024-02-15,2024-02,1,42.24,0,42.24,17.32,0,42.24,17.32,Referral,Desktop
ORD0000669,CUST00115,PROD0093,Footwear,2024-03-17,2024-03,1,85.42,0,85.42,48.69,0,85.42,48.69,Referral,Desktop
ORD0000670,CUST00115,PROD0147,Home & Living,2023-10-16,2023-10,1,133.32,0.1,119.99,55.2,0,119.99,55.2,Referral,Desktop
ORD0000671,CUST00115,PROD0052,Clothing,2023-08-12,2023-08,3,61.19,0,183.57,53.24,0,183.57,53.24,Referral,Desktop
ORD0000672,CUST00115,PROD0062,Accessories,2024-02-25,2024-02,3,85.04,0,255.12,107.15,0,255.12,107.15,Referral,Desktop
ORD0000673,CUST00115,PROD0159,Beauty,2023-09-03,2023-09,1,20.79,0.1,18.71,5.8,0,18.71,5.8,Referral,Desktop
ORD0000674,CUST00115,PROD0138,Home & Living,2023-08-08,2023-08,3,126.57,0,379.71,170.87,0,379.71,170.87,Referral,Desktop
ORD0000675,CUST00115,PROD0007,Beauty,2023-09-23,2023-09,2,25.48,0,50.96,16.82,0,50.96,16.82,Referral,Desktop
ORD0000676,CUST00115,PROD0121,Clothing,2024-02-16,2024-02,3,86.37,0,259.11,126.96,0,259.11,126.96,Referral,Desktop
ORD0000677,CUST00116,PROD0119,Beauty,2023-11-01,2023-11,3,20.14,0,60.42,21.75,0,60.42,21.75,Direct,Desktop
ORD0000678,CUST00116,PROD0140,Home & Living,2023-08-22,2023-08,1,34.26,0,34.26,18.84,0,34.26,18.84,Direct,Desktop
ORD0000679,CUST00116,PROD0058,Accessories,2023-06-17,2023-06,2,50.31,0,100.62,33.2,1,0.0,0.0,Direct,Desktop
ORD0000680,CUST00116,PROD0178,Clothing,2023-03-24,2023-03,1,60.67,0,60.67,24.27,0,60.67,24.27,Direct,Desktop
ORD0000681,CUST00116,PROD0096,Sports,2023-08-04,2023-08,1,59.98,0,59.98,38.39,0,59.98,38.39,Direct,Desktop
ORD0000682,CUST00117,PROD0089,Sports,2023-07-30,2023-07,2,40.38,0,80.76,26.65,0,80.76,26.65,Email,Desktop
ORD0000683,CUST00117,PROD0008,Footwear,2023-07-26,2023-07,1,151.56,0,151.56,92.45,1,0.0,0.0,Email,Desktop
ORD0000684,CUST00117,PROD0192,Sports,2024-02-01,2024-02,3,82.92,0,248.76,129.36,0,248.76,129.36,Email,Desktop
ORD0000685,CUST00117,PROD0074,Beauty,2024-02-10,2024-02,2,52.12,0.1,93.82,24.39,0,93.82,24.39,Email,Desktop
ORD0000686,CUST00117,PROD0117,Accessories,2023-12-26,2023-12,3,65.2,0.15,166.26,48.22,0,166.26,48.22,Email,Desktop
ORD0000687,CUST00118,PROD0148,Beauty,2023-06-10,2023-06,2,56.54,0.05,107.43,59.09,0,107.43,59.09,Paid Social,Mobile
ORD0000688,CUST00118,PROD0067,Clothing,2023-06-13,2023-06,1,47.62,0,47.62,15.24,0,47.62,15.24,Paid Social,Mobile
ORD0000689,CUST00118,PROD0080,Sports,2023-10-03,2023-10,1,42.1,0,42.1,21.05,0,42.1,21.05,Paid Social,Mobile
ORD0000690,CUST00119,PROD0110,Footwear,2022-11-07,2022-11,2,106.03,0,212.06,114.51,0,212.06,114.51,Direct,Desktop
ORD0000691,CUST00119,PROD0119,Beauty,2023-12-19,2023-12,2,20.14,0,40.28,14.5,0,40.28,14.5,Direct,Desktop
ORD0000692,CUST00119,PROD0177,Accessories,2023-03-11,2023-03,2,31.44,0,62.88,23.89,0,62.88,23.89,Direct,Desktop
ORD0000693,CUST00119,PROD0162,Home & Living,2023-01-08,2023-01,1,81.32,0,81.32,35.78,1,0.0,0.0,Direct,Desktop
ORD0000694,CUST00119,PROD0121,Clothing,2023-01-05,2023-01,2,86.37,0,172.74,84.64,0,172.74,84.64,Direct,Desktop
ORD0000695,CUST00119,PROD0083,Clothing,2022-10-31,2022-10,1,25.2,0,25.2,13.61,0,25.2,13.61,Direct,Desktop
ORD0000696,CUST00119,PROD0117,Accessories,2024-02-07,2024-02,2,65.2,0,130.4,37.82,0,130.4,37.82,Direct,Desktop
ORD0000697,CUST00119,PROD0061,Home & Living,2024-01-08,2024-01,3,136.85,0,410.55,151.9,0,410.55,151.9,Direct,Desktop
ORD0000698,CUST00119,PROD0070,Home & Living,2023-03-16,2023-03,2,75.93,0,151.86,89.6,0,151.86,89.6,Direct,Desktop
ORD0000699,CUST00119,PROD0167,Footwear,2023-05-10,2023-05,2,62.12,0,124.24,36.03,1,0.0,0.0,Direct,Desktop
ORD0000700,CUST00119,PROD0050,Home & Living,2022-10-16,2022-10,2,120.87,0,241.74,65.27,0,241.74,65.27,Direct,Desktop
ORD0000701,CUST00120,PROD0002,Clothing,2023-07-14,2023-07,3,48.81,0.1,131.79,83.03,0,131.79,83.03,Paid Social,Desktop
ORD0000702,CUST00120,PROD0139,Home & Living,2023-12-14,2023-12,2,121.16,0,242.32,145.39,0,242.32,145.39,Paid Social,Desktop
ORD0000703,CUST00120,PROD0046,Sports,2023-10-03,2023-10,3,44.39,0.05,126.51,67.05,0,126.51,67.05,Paid Social,Desktop
ORD0000704,CUST00121,PROD0164,Accessories,2023-05-14,2023-05,3,18.66,0,55.98,16.23,0,55.98,16.23,Paid Social,Tablet
ORD0000705,CUST00122,PROD0011,Sports,2022-08-10,2022-08,1,85.35,0,85.35,23.9,1,0.0,0.0,Direct,Mobile
ORD0000706,CUST00122,PROD0098,Home & Living,2023-02-16,2023-02,2,101.77,0,203.54,85.49,0,203.54,85.49,Direct,Mobile
ORD0000707,CUST00122,PROD0008,Footwear,2024-03-13,2024-03,1,151.56,0,151.56,92.45,1,0.0,0.0,Direct,Mobile
ORD0000708,CUST00122,PROD0010,Home & Living,2023-05-11,2023-05,2,50.82,0,101.64,38.62,1,0.0,0.0,Direct,Mobile
ORD0000709,CUST00122,PROD0157,Sports,2022-03-13,2022-03,3,101.12,0,303.36,127.41,0,303.36,127.41,Direct,Mobile
ORD0000710,CUST00123,PROD0132,Home & Living,2022-10-17,2022-10,3,31.95,0.05,91.06,52.81,0,91.06,52.81,Paid Social,Mobile
ORD0000711,CUST00124,PROD0014,Beauty,2022-10-20,2022-10,1,56.06,0,56.06,35.32,1,0.0,0.0,Paid Social,Desktop
ORD0000712,CUST00124,PROD0130,Home & Living,2023-09-20,2023-09,3,126.57,0.05,360.72,209.22,1,0.0,0.0,Paid Social,Desktop
ORD0000713,CUST00124,PROD0192,Sports,2022-10-22,2022-10,3,82.92,0.05,236.32,122.89,0,236.32,122.89,Paid Social,Desktop
ORD0000714,CUST00125,PROD0169,Accessories,2024-02-06,2024-02,1,66.47,0.1,59.82,30.51,0,59.82,30.51,Paid Social,Desktop
ORD0000715,CUST00125,PROD0065,Accessories,2023-03-01,2023-03,2,54.38,0,108.76,46.77,1,0.0,0.0,Paid Social,Desktop
ORD0000716,CUST00125,PROD0029,Accessories,2023-11-06,2023-11,3,59.38,0,178.14,106.88,1,0.0,0.0,Paid Social,Desktop
ORD0000717,CUST00125,PROD0049,Home & Living,2023-08-13,2023-08,2,60.55,0.05,115.04,44.87,1,0.0,0.0,Paid Social,Desktop
ORD0000718,CUST00125,PROD0106,Footwear,2023-03-15,2023-03,3,188.1,0,564.3,242.65,0,564.3,242.65,Paid Social,Desktop
ORD0000719,CUST00126,PROD0081,Home & Living,2023-06-09,2023-06,3,97.71,0,293.13,76.21,1,0.0,0.0,Organic Search,Mobile
ORD0000720,CUST00126,PROD0057,Beauty,2022-03-14,2022-03,1,25.42,0,25.42,12.2,0,25.42,12.2,Organic Search,Mobile
ORD0000721,CUST00126,PROD0124,Beauty,2022-09-05,2022-09,3,20.18,0,60.54,28.45,0,60.54,28.45,Organic Search,Mobile
ORD0000722,CUST00127,PROD0025,Footwear,2023-07-02,2023-07,3,78.3,0,234.9,77.52,0,234.9,77.52,Organic Search,Mobile
ORD0000723,CUST00127,PROD0170,Beauty,2024-03-17,2024-03,2,69.97,0,139.94,89.56,0,139.94,89.56,Organic Search,Mobile
ORD0000724,CUST00127,PROD0135,Beauty,2023-03-30,2023-03,1,31.76,0,31.76,19.69,0,31.76,19.69,Organic Search,Mobile
ORD0000725,CUST00127,PROD0004,Accessories,2023-04-05,2023-04,2,19.48,0,38.96,24.54,0,38.96,24.54,Organic Search,Mobile
ORD0000726,CUST00127,PROD0013,Sports,2023-03-10,2023-03,2,147.02,0,294.04,114.68,0,294.04,114.68,Organic Search,Mobile
ORD0000727,CUST00127,PROD0145,Clothing,2023-08-28,2023-08,3,70.32,0,210.96,126.58,0,210.96,126.58,Organic Search,Mobile
ORD0000728,CUST00128,PROD0143,Beauty,2023-03-05,2023-03,2,15.9,0.1,28.62,18.32,1,0.0,0.0,Email,Mobile
ORD0000729,CUST00128,PROD0110,Footwear,2023-11-11,2023-11,2,106.03,0.1,190.85,103.06,0,190.85,103.06,Email,Mobile
ORD0000730,CUST00128,PROD0115,Accessories,2023-07-30,2023-07,1,74.34,0.2,59.47,34.49,1,0.0,0.0,Email,Mobile
ORD0000731,CUST00128,PROD0169,Accessories,2023-07-27,2023-07,1,66.47,0.15,56.5,28.82,0,56.5,28.82,Email,Mobile
ORD0000732,CUST00128,PROD0111,Clothing,2023-10-04,2023-10,3,72.51,0.15,184.9,112.79,0,184.9,112.79,Email,Mobile
ORD0000733,CUST00129,PROD0055,Sports,2024-03-05,2024-03,2,136.99,0.1,246.58,71.51,1,0.0,0.0,Referral,Mobile
ORD0000734,CUST00129,PROD0154,Sports,2023-11-04,2023-11,1,137.38,0.1,123.64,33.38,0,123.64,33.38,Referral,Mobile
ORD0000735,CUST00129,PROD0114,Beauty,2024-01-07,2024-01,2,25.83,0,51.66,21.18,0,51.66,21.18,Referral,Mobile
ORD0000736,CUST00129,PROD0163,Beauty,2023-09-30,2023-09,2,20.18,0,40.36,19.37,0,40.36,19.37,Referral,Mobile
ORD0000737,CUST00129,PROD0142,Sports,2024-01-05,2024-01,3,114.73,0,344.19,165.21,0,344.19,165.21,Referral,Mobile
ORD0000738,CUST00129,PROD0112,Home & Living,2023-12-19,2023-12,1,48.0,0.1,43.2,24.62,0,43.2,24.62,Referral,Mobile
ORD0000739,CUST00129,PROD0161,Home & Living,2024-03-09,2024-03,1,33.22,0,33.22,19.6,0,33.22,19.6,Referral,Mobile
ORD0000740,CUST00129,PROD0116,Footwear,2023-11-19,2023-11,1,141.52,0.1,127.37,56.04,0,127.37,56.04,Referral,Mobile
ORD0000741,CUST00129,PROD0060,Footwear,2023-12-07,2023-12,1,104.31,0,104.31,30.25,0,104.31,30.25,Referral,Mobile
ORD0000742,CUST00129,PROD0065,Accessories,2023-12-14,2023-12,2,54.38,0,108.76,46.77,1,0.0,0.0,Referral,Mobile
ORD0000743,CUST00130,PROD0185,Footwear,2023-02-05,2023-02,2,196.58,0,393.16,200.51,0,393.16,200.51,Organic Search,Desktop
ORD0000744,CUST00130,PROD0067,Clothing,2023-07-08,2023-07,2,47.62,0,95.24,30.48,0,95.24,30.48,Organic Search,Desktop
ORD0000745,CUST00131,PROD0169,Accessories,2023-12-10,2023-12,3,66.47,0.1,179.47,91.53,0,179.47,91.53,Email,Mobile
ORD0000746,CUST00131,PROD0090,Home & Living,2024-01-29,2024-01,2,99.94,0,199.88,125.92,0,199.88,125.92,Email,Mobile
ORD0000747,CUST00131,PROD0080,Sports,2024-01-30,2024-01,3,42.1,0,126.3,63.15,0,126.3,63.15,Email,Mobile
ORD0000748,CUST00131,PROD0149,Beauty,2024-01-13,2024-01,3,65.53,0,196.59,102.23,1,0.0,0.0,Email,Mobile
ORD0000749,CUST00131,PROD0058,Accessories,2024-03-22,2024-03,3,50.31,0,150.93,49.81,0,150.93,49.81,Email,Mobile
ORD0000750,CUST00131,PROD0061,Home & Living,2023-12-21,2023-12,1,136.85,0,136.85,50.63,0,136.85,50.63,Email,Mobile
ORD0000751,CUST00131,PROD0030,Beauty,2024-01-08,2024-01,2,30.52,0,61.04,21.97,0,61.04,21.97,Email,Mobile
ORD0000752,CUST00131,PROD0007,Beauty,2023-10-29,2023-10,2,25.48,0.1,45.86,15.13,0,45.86,15.13,Email,Mobile
ORD0000753,CUST00132,PROD0031,Footwear,2023-05-22,2023-05,2,42.93,0,85.86,37.78,1,0.0,0.0,Direct,Tablet
ORD0000754,CUST00132,PROD0089,Sports,2023-06-28,2023-06,2,40.38,0,80.76,26.65,0,80.76,26.65,Direct,Tablet
ORD0000755,CUST00133,PROD0192,Sports,2023-06-21,2023-06,3,82.92,0.15,211.45,109.95,1,0.0,0.0,Email,Desktop
ORD0000756,CUST00133,PROD0047,Footwear,2024-03-16,2024-03,3,144.43,0.1,389.96,152.08,0,389.96,152.08,Email,Desktop
ORD0000757,CUST00133,PROD0095,Accessories,2023-12-31,2023-12,1,33.53,0.1,30.18,17.2,0,30.18,17.2,Email,Desktop
ORD0000758,CUST00133,PROD0082,Beauty,2023-11-16,2023-11,3,20.0,0.15,51.0,33.15,0,51.0,33.15,Email,Desktop
ORD0000759,CUST00133,PROD0160,Accessories,2023-08-26,2023-08,2,31.12,0.15,52.9,29.62,1,0.0,0.0,Email,Desktop
ORD0000760,CUST00133,PROD0123,Clothing,2023-07-22,2023-07,1,40.48,0,40.48,10.52,0,40.48,10.52,Email,Desktop
ORD0000761,CUST00134,PROD0143,Beauty,2022-08-26,2022-08,1,15.9,0,15.9,10.18,1,0.0,0.0,Organic Search,Mobile
ORD0000762,CUST00134,PROD0107,Clothing,2022-09-25,2022-09,1,91.09,0,91.09,56.48,1,0.0,0.0,Organic Search,Mobile
ORD0000763,CUST00134,PROD0033,Sports,2024-01-03,2024-01,2,54.48,0,108.96,30.51,0,108.96,30.51,Organic Search,Mobile
ORD0000764,CUST00134,PROD0054,Sports,2023-03-02,2023-03,1,142.4,0,142.4,71.2,0,142.4,71.2,Organic Search,Mobile
ORD0000765,CUST00134,PROD0026,Footwear,2022-05-09,2022-05,1,66.28,0,66.28,17.23,1,0.0,0.0,Organic Search,Mobile
ORD0000766,CUST00134,PROD0199,Sports,2022-09-27,2022-09,2,40.52,0,81.04,25.93,0,81.04,25.93,Organic Search,Mobile
ORD0000767,CUST00135,PROD0055,Sports,2024-03-20,2024-03,3,136.99,0.1,369.87,107.26,0,369.87,107.26,Paid Social,Mobile
ORD0000768,CUST00135,PROD0043,Footwear,2024-03-09,2024-03,1,62.01,0,62.01,38.45,0,62.01,38.45,Paid Social,Mobile
ORD0000769,CUST00135,PROD0137,Home & Living,2024-03-13,2024-03,1,99.54,0,99.54,38.82,1,0.0,0.0,Paid Social,Mobile
ORD0000770,CUST00135,PROD0123,Clothing,2023-11-15,2023-11,1,40.48,0.1,36.43,9.47,0,36.43,9.47,Paid Social,Mobile
ORD0000771,CUST00135,PROD0110,Footwear,2023-09-04,2023-09,3,106.03,0.05,302.19,163.18,0,302.19,163.18,Paid Social,Mobile
ORD0000772,CUST00135,PROD0098,Home & Living,2023-12-05,2023-12,3,101.77,0.05,290.04,121.82,0,290.04,121.82,Paid Social,Mobile
ORD0000773,CUST00136,PROD0168,Clothing,2022-07-10,2022-07,1,45.57,0,45.57,19.14,1,0.0,0.0,Paid Social,Mobile
ORD0000774,CUST00136,PROD0160,Accessories,2022-09-16,2022-09,1,31.12,0.05,29.56,16.55,0,29.56,16.55,Paid Social,Mobile
ORD0000775,CUST00136,PROD0136,Accessories,2023-08-18,2023-08,3,78.97,0,236.91,87.66,0,236.91,87.66,Paid Social,Mobile
ORD0000776,CUST00136,PROD0090,Home & Living,2023-11-17,2023-11,2,99.94,0,199.88,125.92,0,199.88,125.92,Paid Social,Mobile
ORD0000777,CUST00137,PROD0092,Beauty,2023-12-12,2023-12,3,19.38,0.05,55.23,17.67,0,55.23,17.67,Paid Social,Mobile
ORD0000778,CUST00137,PROD0194,Accessories,2023-07-07,2023-07,3,80.84,0,242.52,123.69,1,0.0,0.0,Paid Social,Mobile
ORD0000779,CUST00137,PROD0002,Clothing,2023-03-29,2023-03,1,48.81,0,48.81,30.75,0,48.81,30.75,Paid Social,Mobile
ORD0000780,CUST00137,PROD0018,Clothing,2024-02-22,2024-02,3,45.54,0.1,122.96,55.33,0,122.96,55.33,Paid Social,Mobile
ORD0000781,CUST00138,PROD0064,Footwear,2023-02-19,2023-02,2,190.18,0,380.36,148.34,1,0.0,0.0,Direct,Desktop
ORD0000782,CUST00138,PROD0013,Sports,2022-09-02,2022-09,1,147.02,0,147.02,57.34,0,147.02,57.34,Direct,Desktop
ORD0000783,CUST00138,PROD0153,Accessories,2023-05-27,2023-05,2,85.5,0,171.0,95.76,0,171.0,95.76,Direct,Desktop
ORD0000784,CUST00138,PROD0171,Clothing,2023-08-03,2023-08,1,49.46,0,49.46,12.37,1,0.0,0.0,Direct,Desktop
ORD0000785,CUST00138,PROD0132,Home & Living,2023-07-13,2023-07,1,31.95,0,31.95,18.53,0,31.95,18.53,Direct,Desktop
ORD0000786,CUST00138,PROD0069,Beauty,2023-03-26,2023-03,1,52.71,0,52.71,31.63,0,52.71,31.63,Direct,Desktop
ORD0000787,CUST00138,PROD0183,Clothing,2023-04-02,2023-04,2,78.37,0,156.74,94.04,0,156.74,94.04,Direct,Desktop
ORD0000788,CUST00138,PROD0154,Sports,2023-12-30,2023-12,1,137.38,0,137.38,37.09,0,137.38,37.09,Direct,Desktop
ORD0000789,CUST00138,PROD0117,Accessories,2022-09-01,2022-09,3,65.2,0,195.6,56.72,0,195.6,56.72,Direct,Desktop
ORD0000790,CUST00138,PROD0014,Beauty,2023-07-25,2023-07,3,56.06,0,168.18,105.95,1,0.0,0.0,Direct,Desktop
ORD0000791,CUST00138,PROD0111,Clothing,2023-02-02,2023-02,2,72.51,0,145.02,88.46,1,0.0,0.0,Direct,Desktop
ORD0000792,CUST00139,PROD0083,Clothing,2024-02-11,2024-02,2,25.2,0,50.4,27.22,0,50.4,27.22,Direct,Desktop
ORD0000793,CUST00139,PROD0007,Beauty,2023-08-26,2023-08,3,25.48,0,76.44,25.23,0,76.44,25.23,Direct,Desktop
ORD0000794,CUST00139,PROD0022,Sports,2023-10-26,2023-10,2,30.09,0,60.18,34.3,0,60.18,34.3,Direct,Desktop
ORD0000795,CUST00139,PROD0106,Footwear,2024-02-15,2024-02,1,188.1,0,188.1,80.88,1,0.0,0.0,Direct,Desktop
ORD0000796,CUST00140,PROD0167,Footwear,2023-07-21,2023-07,3,62.12,0.1,167.72,48.64,0,167.72,48.64,Referral,Mobile
ORD0000797,CUST00140,PROD0040,Beauty,2023-08-09,2023-08,3,42.24,0,126.72,51.96,0,126.72,51.96,Referral,Mobile
ORD0000798,CUST00140,PROD0188,Footwear,2024-01-05,2024-01,2,148.41,0.1,267.14,157.61,0,267.14,157.61,Referral,Mobile
ORD0000799,CUST00140,PROD0058,Accessories,2023-06-16,2023-06,2,50.31,0,100.62,33.2,0,100.62,33.2,Referral,Mobile
ORD0000800,CUST00140,PROD0199,Sports,2024-01-31,2024-01,2,40.52,0,81.04,25.93,0,81.04,25.93,Referral,Mobile
ORD0000801,CUST00140,PROD0099,Home & Living,2023-10-23,2023-10,2,113.39,0.1,204.1,75.52,0,204.1,75.52,Referral,Mobile
ORD0000802,CUST00141,PROD0145,Clothing,2022-10-31,2022-10,2,70.32,0,140.64,84.38,0,140.64,84.38,Paid Social,Mobile
ORD0000803,CUST00141,PROD0200,Footwear,2023-08-28,2023-08,1,43.07,0,43.07,24.55,1,0.0,0.0,Paid Social,Mobile
ORD0000804,CUST00141,PROD0072,Sports,2023-08-27,2023-08,2,81.55,0,163.1,89.7,0,163.1,89.7,Paid Social,Mobile
ORD0000805,CUST00141,PROD0013,Sports,2023-02-10,2023-02,2,147.02,0,294.04,114.68,0,294.04,114.68,Paid Social,Mobile
ORD0000806,CUST00141,PROD0067,Clothing,2022-11-04,2022-11,2,47.62,0,95.24,30.48,1,0.0,0.0,Paid Social,Mobile
ORD0000807,CUST00142,PROD0165,Footwear,2022-09-27,2022-09,1,116.35,0.1,104.72,67.02,0,104.72,67.02,Referral,Mobile
ORD0000808,CUST00142,PROD0023,Clothing,2023-04-13,2023-04,1,85.59,0.1,77.03,26.96,0,77.03,26.96,Referral,Mobile
ORD0000809,CUST00142,PROD0127,Accessories,2024-03-10,2024-03,2,49.21,0,98.42,30.51,0,98.42,30.51,Referral,Mobile
ORD0000810,CUST00143,PROD0170,Beauty,2023-05-09,2023-05,1,69.97,0.05,66.47,42.54,1,0.0,0.0,Paid Social,Desktop
ORD0000811,CUST00143,PROD0038,Accessories,2022-11-13,2022-11,3,85.41,0.1,230.61,126.84,0,230.61,126.84,Paid Social,Desktop
ORD0000812,CUST00143,PROD0094,Home & Living,2022-10-27,2022-10,1,56.47,0.05,53.65,33.8,0,53.65,33.8,Paid Social,Desktop
ORD0000813,CUST00143,PROD0156,Sports,2022-09-17,2022-09,1,96.17,0.05,91.36,52.99,0,91.36,52.99,Paid Social,Desktop
ORD0000814,CUST00144,PROD0188,Footwear,2023-11-18,2023-11,1,148.41,0,148.41,87.56,0,148.41,87.56,Paid Social,Desktop
ORD0000815,CUST00144,PROD0181,Home & Living,2023-04-26,2023-04,1,68.65,0.1,61.79,35.22,0,61.79,35.22,Paid Social,Desktop
ORD0000816,CUST00144,PROD0004,Accessories,2023-12-31,2023-12,2,19.48,0,38.96,24.54,0,38.96,24.54,Paid Social,Desktop
ORD0000817,CUST00145,PROD0017,Home & Living,2023-12-31,2023-12,3,31.84,0.15,81.19,31.66,0,81.19,31.66,Email,Mobile
ORD0000818,CUST00145,PROD0123,Clothing,2023-10-19,2023-10,1,40.48,0.1,36.43,9.47,0,36.43,9.47,Email,Mobile
ORD0000819,CUST00145,PROD0044,Footwear,2023-10-13,2023-10,2,185.76,0.1,334.37,163.84,0,334.37,163.84,Email,Mobile
ORD0000820,CUST00145,PROD0178,Clothing,2024-02-28,2024-02,2,60.67,0.15,103.14,41.26,0,103.14,41.26,Email,Mobile
ORD0000821,CUST00145,PROD0100,Clothing,2024-01-18,2024-01,2,80.73,0.1,145.31,65.39,0,145.31,65.39,Email,Mobile
ORD0000822,CUST00146,PROD0079,Footwear,2022-08-12,2022-08,1,67.68,0.1,60.91,25.58,0,60.91,25.58,Email,Desktop
ORD0000823,CUST00146,PROD0044,Footwear,2023-09-26,2023-09,2,185.76,0.1,334.37,163.84,0,334.37,163.84,Email,Desktop
ORD0000824,CUST00146,PROD0156,Sports,2024-01-19,2024-01,1,96.17,0,96.17,55.78,0,96.17,55.78,Email,Desktop
ORD0000825,CUST00146,PROD0077,Footwear,2024-03-23,2024-03,3,66.48,0,199.44,89.75,0,199.44,89.75,Email,Desktop
ORD0000826,CUST00146,PROD0183,Clothing,2022-08-09,2022-08,3,78.37,0,235.11,141.07,0,235.11,141.07,Email,Desktop
ORD0000827,CUST00146,PROD0104,Sports,2022-08-01,2022-08,2,40.92,0.15,69.56,25.04,0,69.56,25.04,Email,Desktop
ORD0000828,CUST00146,PROD0100,Clothing,2022-07-31,2022-07,3,80.73,0,242.19,108.99,1,0.0,0.0,Email,Desktop
ORD0000829,CUST00147,PROD0016,Beauty,2023-11-18,2023-11,3,14.72,0,44.16,28.26,0,44.16,28.26,Organic Search,Tablet
ORD0000830,CUST00147,PROD0086,Clothing,2023-11-21,2023-11,2,82.15,0,164.3,93.65,0,164.3,93.65,Organic Search,Tablet
ORD0000831,CUST00147,PROD0149,Beauty,2024-02-23,2024-02,3,65.53,0,196.59,102.23,1,0.0,0.0,Organic Search,Tablet
ORD0000832,CUST00147,PROD0085,Accessories,2023-10-21,2023-10,1,53.78,0,53.78,25.81,0,53.78,25.81,Organic Search,Tablet
ORD0000833,CUST00147,PROD0165,Footwear,2024-01-29,2024-01,1,116.35,0,116.35,74.46,1,0.0,0.0,Organic Search,Tablet
ORD0000834,CUST00147,PROD0011,Sports,2024-01-31,2024-01,1,85.35,0,85.35,23.9,0,85.35,23.9,Organic Search,Tablet
ORD0000835,CUST00147,PROD0034,Clothing,2024-03-15,2024-03,2,108.12,0,216.24,86.5,0,216.24,86.5,Organic Search,Tablet
ORD0000836,CUST00148,PROD0073,Sports,2022-04-29,2022-04,1,66.61,0,66.61,23.98,0,66.61,23.98,Direct,Desktop
ORD0000837,CUST00148,PROD0055,Sports,2023-08-13,2023-08,3,136.99,0,410.97,119.18,0,410.97,119.18,Direct,Desktop
ORD0000838,CUST00148,PROD0012,Sports,2022-06-13,2022-06,1,146.79,0,146.79,52.84,0,146.79,52.84,Direct,Desktop
ORD0000839,CUST00149,PROD0014,Beauty,2023-05-14,2023-05,2,56.06,0.1,100.91,63.57,0,100.91,63.57,Referral,Tablet
ORD0000840,CUST00149,PROD0028,Sports,2023-12-20,2023-12,1,115.45,0.1,103.91,50.92,0,103.91,50.92,Referral,Tablet
ORD0000841,CUST00149,PROD0006,Accessories,2023-08-17,2023-08,2,25.71,0,51.42,24.17,0,51.42,24.17,Referral,Tablet
ORD0000842,CUST00149,PROD0050,Home & Living,2023-05-14,2023-05,1,120.87,0,120.87,32.63,0,120.87,32.63,Referral,Tablet
ORD0000843,CUST00150,PROD0178,Clothing,2023-01-30,2023-01,1,60.67,0,60.67,24.27,1,0.0,0.0,Paid Social,Mobile
ORD0000844,CUST00151,PROD0136,Accessories,2024-01-07,2024-01,2,78.97,0,157.94,58.44,1,0.0,0.0,Referral,Mobile
ORD0000845,CUST00151,PROD0093,Footwear,2023-11-02,2023-11,2,85.42,0,170.84,97.38,0,170.84,97.38,Referral,Mobile
ORD0000846,CUST00151,PROD0193,Sports,2023-11-14,2023-11,3,95.75,0,287.25,91.92,0,287.25,91.92,Referral,Mobile
ORD0000847,CUST00151,PROD0190,Beauty,2023-07-08,2023-07,2,23.73,0,47.46,20.88,0,47.46,20.88,Referral,Mobile
ORD0000848,CUST00151,PROD0079,Footwear,2023-10-06,2023-10,1,67.68,0,67.68,28.43,0,67.68,28.43,Referral,Mobile
ORD0000849,CUST00152,PROD0113,Home & Living,2023-09-26,2023-09,2,30.82,0,61.64,32.67,0,61.64,32.67,Paid Social,Mobile
ORD0000850,CUST00152,PROD0182,Accessories,2024-03-20,2024-03,2,22.63,0.05,43.0,16.34,1,0.0,0.0,Paid Social,Mobile
ORD0000851,CUST00152,PROD0149,Beauty,2023-03-30,2023-03,3,65.53,0.05,186.76,97.12,0,186.76,97.12,Paid Social,Mobile
ORD0000852,CUST00152,PROD0092,Beauty,2024-02-03,2024-02,2,19.38,0,38.76,12.4,0,38.76,12.4,Paid Social,Mobile
ORD0000853,CUST00153,PROD0195,Accessories,2023-04-14,2023-04,2,33.68,0,67.36,41.09,0,67.36,41.09,Direct,Mobile
ORD0000854,CUST00153,PROD0095,Accessories,2022-04-05,2022-04,1,33.53,0,33.53,19.11,0,33.53,19.11,Direct,Mobile
ORD0000855,CUST00153,PROD0169,Accessories,2023-09-01,2023-09,2,66.47,0,132.94,67.8,0,132.94,67.8,Direct,Mobile
ORD0000856,CUST00153,PROD0025,Footwear,2022-08-04,2022-08,1,78.3,0,78.3,25.84,0,78.3,25.84,Direct,Mobile
ORD0000857,CUST00153,PROD0132,Home & Living,2023-09-05,2023-09,3,31.95,0,95.85,55.59,0,95.85,55.59,Direct,Mobile
ORD0000858,CUST00153,PROD0150,Beauty,2023-10-11,2023-10,1,24.66,0,24.66,12.08,1,0.0,0.0,Direct,Mobile
ORD0000859,CUST00154,PROD0112,Home & Living,2023-04-16,2023-04,1,48.0,0,48.0,27.36,0,48.0,27.36,Email,Desktop
ORD0000860,CUST00154,PROD0060,Footwear,2023-01-04,2023-01,1,104.31,0.2,83.45,24.2,1,0.0,0.0,Email,Desktop
ORD0000861,CUST00154,PROD0151,Clothing,2022-08-24,2022-08,3,30.88,0.15,78.74,34.65,1,0.0,0.0,Email,Desktop
ORD0000862,CUST00154,PROD0068,Accessories,2023-08-02,2023-08,1,58.26,0.15,49.52,20.8,0,49.52,20.8,Email,Desktop
ORD0000863,CUST00154,PROD0023,Clothing,2023-12-10,2023-12,2,85.59,0.15,145.5,50.92,1,0.0,0.0,Email,Desktop
ORD0000864,CUST00154,PROD0143,Beauty,2023-08-04,2023-08,2,15.9,0.15,27.03,17.3,1,0.0,0.0,Email,Desktop
ORD0000865,CUST00155,PROD0109,Sports,2022-05-30,2022-05,2,60.91,0,121.82,37.76,0,121.82,37.76,Organic Search,Mobile
ORD0000866,CUST00155,PROD0180,Sports,2022-06-18,2022-06,3,57.83,0,173.49,97.15,0,173.49,97.15,Organic Search,Mobile
ORD0000867,CUST00155,PROD0071,Beauty,2022-10-20,2022-10,2,65.25,0,130.5,79.61,0,130.5,79.61,Organic Search,Mobile
ORD0000868,CUST00155,PROD0106,Footwear,2023-08-22,2023-08,3,188.1,0,564.3,242.65,0,564.3,242.65,Organic Search,Mobile
ORD0000869,CUST00155,PROD0035,Beauty,2022-10-05,2022-10,3,43.82,0,131.46,76.25,0,131.46,76.25,Organic Search,Mobile
ORD0000870,CUST00155,PROD0181,Home & Living,2022-06-26,2022-06,3,68.65,0,205.95,117.39,1,0.0,0.0,Organic Search,Mobile
ORD0000871,CUST00155,PROD0190,Beauty,2022-11-14,2022-11,3,23.73,0,71.19,31.32,0,71.19,31.32,Organic Search,Mobile
ORD0000872,CUST00155,PROD0132,Home & Living,2022-06-07,2022-06,2,31.95,0,63.9,37.06,0,63.9,37.06,Organic Search,Mobile
ORD0000873,CUST00155,PROD0129,Accessories,2022-11-05,2022-11,1,45.01,0,45.01,13.95,0,45.01,13.95,Organic Search,Mobile
ORD0000874,CUST00155,PROD0088,Accessories,2024-03-21,2024-03,2,42.05,0,84.1,31.12,1,0.0,0.0,Organic Search,Mobile
ORD0000875,CUST00155,PROD0131,Beauty,2023-01-14,2023-01,1,36.76,0,36.76,12.87,0,36.76,12.87,Organic Search,Mobile
ORD0000876,CUST00155,PROD0160,Accessories,2023-06-05,2023-06,3,31.12,0,93.36,52.28,0,93.36,52.28,Organic Search,Mobile
ORD0000877,CUST00155,PROD0087,Home & Living,2024-03-14,2024-03,1,45.63,0,45.63,26.47,1,0.0,0.0,Organic Search,Mobile
ORD0000878,CUST00155,PROD0100,Clothing,2023-10-21,2023-10,1,80.73,0,80.73,36.33,0,80.73,36.33,Organic Search,Mobile
ORD0000879,CUST00156,PROD0132,Home & Living,2023-01-02,2023-01,2,31.95,0,63.9,37.06,1,0.0,0.0,Referral,Desktop
ORD0000880,CUST00156,PROD0172,Beauty,2023-03-04,2023-03,2,19.11,0,38.22,16.43,0,38.22,16.43,Referral,Desktop
ORD0000881,CUST00156,PROD0047,Footwear,2023-05-05,2023-05,3,144.43,0,433.29,168.98,0,433.29,168.98,Referral,Desktop
ORD0000882,CUST00156,PROD0146,Accessories,2023-03-11,2023-03,2,80.98,0.1,145.76,51.02,0,145.76,51.02,Referral,Desktop
ORD0000883,CUST00156,PROD0192,Sports,2023-12-27,2023-12,1,82.92,0,82.92,43.12,0,82.92,43.12,Referral,Desktop
ORD0000884,CUST00156,PROD0179,Footwear,2023-09-08,2023-09,1,56.4,0.1,50.76,31.47,0,50.76,31.47,Referral,Desktop
ORD0000885,CUST00157,PROD0087,Home & Living,2023-04-04,2023-04,1,45.63,0,45.63,26.47,1,0.0,0.0,Organic Search,Desktop
ORD0000886,CUST00157,PROD0151,Clothing,2024-01-30,2024-01,3,30.88,0,92.64,40.76,0,92.64,40.76,Organic Search,Desktop
ORD0000887,CUST00157,PROD0100,Clothing,2022-11-13,2022-11,2,80.73,0,161.46,72.66,0,161.46,72.66,Organic Search,Desktop
ORD0000888,CUST00157,PROD0141,Beauty,2023-07-15,2023-07,2,60.76,0,121.52,41.32,0,121.52,41.32,Organic Search,Desktop
ORD0000889,CUST00157,PROD0005,Footwear,2022-10-27,2022-10,2,121.17,0,242.34,140.56,0,242.34,140.56,Organic Search,Desktop
ORD0000890,CUST00157,PROD0186,Home & Living,2023-09-06,2023-09,2,126.59,0,253.18,73.42,0,253.18,73.42,Organic Search,Desktop
ORD0000891,CUST00157,PROD0009,Sports,2023-05-11,2023-05,2,39.16,0,78.32,46.21,0,78.32,46.21,Organic Search,Desktop
ORD0000892,CUST00157,PROD0158,Home & Living,2023-07-16,2023-07,1,50.83,0,50.83,23.89,0,50.83,23.89,Organic Search,Desktop
ORD0000893,CUST00158,PROD0134,Accessories,2022-09-03,2022-09,1,24.1,0,24.1,13.5,0,24.1,13.5,Direct,Mobile
ORD0000894,CUST00158,PROD0191,Accessories,2023-12-22,2023-12,3,42.93,0,128.79,63.11,0,128.79,63.11,Direct,Mobile
ORD0000895,CUST00158,PROD0104,Sports,2022-11-11,2022-11,1,40.92,0,40.92,14.73,0,40.92,14.73,Direct,Mobile
ORD0000896,CUST00158,PROD0188,Footwear,2024-01-31,2024-01,1,148.41,0,148.41,87.56,0,148.41,87.56,Direct,Mobile
ORD0000897,CUST00158,PROD0092,Beauty,2024-03-31,2024-03,2,19.38,0,38.76,12.4,0,38.76,12.4,Direct,Mobile
ORD0000898,CUST00158,PROD0053,Footwear,2022-08-02,2022-08,1,46.14,0,46.14,25.84,0,46.14,25.84,Direct,Mobile
ORD0000899,CUST00159,PROD0044,Footwear,2023-03-07,2023-03,1,185.76,0.1,167.18,81.92,1,0.0,0.0,Email,Desktop
ORD0000900,CUST00159,PROD0083,Clothing,2023-03-10,2023-03,1,25.2,0,25.2,13.61,1,0.0,0.0,Email,Desktop
ORD0000901,CUST00159,PROD0186,Home & Living,2022-09-17,2022-09,2,126.59,0,253.18,73.42,0,253.18,73.42,Email,Desktop
ORD0000902,CUST00160,PROD0026,Footwear,2023-06-01,2023-06,1,66.28,0,66.28,17.23,0,66.28,17.23,Organic Search,Mobile
ORD0000903,CUST00160,PROD0073,Sports,2023-03-14,2023-03,3,66.61,0,199.83,71.94,0,199.83,71.94,Organic Search,Mobile
ORD0000904,CUST00160,PROD0100,Clothing,2023-08-11,2023-08,1,80.73,0,80.73,36.33,1,0.0,0.0,Organic Search,Mobile
ORD0000905,CUST00160,PROD0127,Accessories,2023-03-02,2023-03,3,49.21,0,147.63,45.77,0,147.63,45.77,Organic Search,Mobile
ORD0000906,CUST00160,PROD0026,Footwear,2022-11-19,2022-11,1,66.28,0,66.28,17.23,0,66.28,17.23,Organic Search,Mobile
ORD0000907,CUST00161,PROD0055,Sports,2023-03-05,2023-03,3,136.99,0,410.97,119.18,0,410.97,119.18,Paid Social,Desktop
ORD0000908,CUST00161,PROD0087,Home & Living,2023-04-20,2023-04,3,45.63,0.1,123.2,71.46,0,123.2,71.46,Paid Social,Desktop
ORD0000909,CUST00161,PROD0090,Home & Living,2023-12-22,2023-12,2,99.94,0.05,189.89,119.63,0,189.89,119.63,Paid Social,Desktop
ORD0000910,CUST00161,PROD0055,Sports,2023-09-13,2023-09,2,136.99,0,273.98,79.45,0,273.98,79.45,Paid Social,Desktop
ORD0000911,CUST00162,PROD0041,Beauty,2023-03-25,2023-03,1,68.34,0,68.34,41.0,0,68.34,41.0,Direct,Mobile
ORD0000912,CUST00162,PROD0077,Footwear,2023-08-06,2023-08,1,66.48,0,66.48,29.92,0,66.48,29.92,Direct,Mobile
ORD0000913,CUST00162,PROD0036,Home & Living,2023-01-17,2023-01,2,74.59,0,149.18,52.21,1,0.0,0.0,Direct,Mobile
ORD0000914,CUST00162,PROD0127,Accessories,2024-03-03,2024-03,2,49.21,0,98.42,30.51,0,98.42,30.51,Direct,Mobile
ORD0000915,CUST00162,PROD0144,Beauty,2022-11-27,2022-11,3,34.94,0,104.82,57.65,0,104.82,57.65,Direct,Mobile
ORD0000916,CUST00163,PROD0011,Sports,2023-09-17,2023-09,1,85.35,0.1,76.81,21.51,0,76.81,21.51,Email,Mobile
ORD0000917,CUST00163,PROD0113,Home & Living,2023-06-23,2023-06,3,30.82,0.1,83.21,44.1,0,83.21,44.1,Email,Mobile
ORD0000918,CUST00163,PROD0189,Home & Living,2024-03-11,2024-03,1,100.23,0.1,90.21,55.03,0,90.21,55.03,Email,Mobile
ORD0000919,CUST00163,PROD0100,Clothing,2023-12-05,2023-12,2,80.73,0.1,145.31,65.39,0,145.31,65.39,Email,Mobile
ORD0000920,CUST00163,PROD0054,Sports,2024-03-29,2024-03,1,142.4,0,142.4,71.2,1,0.0,0.0,Email,Mobile
ORD0000921,CUST00163,PROD0090,Home & Living,2023-10-24,2023-10,3,99.94,0,299.82,188.89,0,299.82,188.89,Email,Mobile
ORD0000922,CUST00163,PROD0036,Home & Living,2023-07-24,2023-07,1,74.59,0.15,63.4,22.19,0,63.4,22.19,Email,Mobile
ORD0000923,CUST00163,PROD0112,Home & Living,2023-11-06,2023-11,2,48.0,0.15,81.6,46.51,0,81.6,46.51,Email,Mobile
ORD0000924,CUST00163,PROD0018,Clothing,2023-07-31,2023-07,3,45.54,0.2,109.3,49.19,0,109.3,49.19,Email,Mobile
ORD0000925,CUST00164,PROD0179,Footwear,2023-08-30,2023-08,3,56.4,0,169.2,104.9,0,169.2,104.9,Direct,Mobile
ORD0000926,CUST00164,PROD0102,Footwear,2024-01-11,2024-01,1,44.77,0,44.77,11.64,0,44.77,11.64,Direct,Mobile
ORD0000927,CUST00164,PROD0058,Accessories,2023-06-22,2023-06,1,50.31,0,50.31,16.6,0,50.31,16.6,Direct,Mobile
ORD0000928,CUST00164,PROD0155,Beauty,2023-04-21,2023-04,1,35.29,0,35.29,14.47,0,35.29,14.47,Direct,Mobile
ORD0000929,CUST00164,PROD0017,Home & Living,2023-03-28,2023-03,3,31.84,0,95.52,37.25,1,0.0,0.0,Direct,Mobile
ORD0000930,CUST00164,PROD0074,Beauty,2024-03-30,2024-03,1,52.12,0,52.12,13.55,1,0.0,0.0,Direct,Mobile
ORD0000931,CUST00165,PROD0104,Sports,2023-05-18,2023-05,1,40.92,0.05,38.87,13.99,1,0.0,0.0,Paid Social,Mobile
ORD0000932,CUST00165,PROD0175,Footwear,2023-12-11,2023-12,2,69.53,0,139.06,41.72,0,139.06,41.72,Paid Social,Mobile
ORD0000933,CUST00166,PROD0009,Sports,2023-10-16,2023-10,3,39.16,0,117.48,69.31,0,117.48,69.31,Referral,Desktop
ORD0000934,CUST00166,PROD0135,Beauty,2024-02-07,2024-02,3,31.76,0,95.28,59.07,0,95.28,59.07,Referral,Desktop
ORD0000935,CUST00166,PROD0119,Beauty,2023-10-18,2023-10,1,20.14,0,20.14,7.25,0,20.14,7.25,Referral,Desktop
ORD0000936,CUST00166,PROD0107,Clothing,2024-01-04,2024-01,1,91.09,0.1,81.98,50.83,0,81.98,50.83,Referral,Desktop
ORD0000937,CUST00167,PROD0031,Footwear,2024-03-16,2024-03,1,42.93,0,42.93,18.89,0,42.93,18.89,Influencer,Desktop
ORD0000938,CUST00167,PROD0087,Home & Living,2024-02-29,2024-02,1,45.63,0,45.63,26.47,1,0.0,0.0,Influencer,Desktop
ORD0000939,CUST00167,PROD0043,Footwear,2024-03-24,2024-03,3,62.01,0,186.03,115.34,0,186.03,115.34,Influencer,Desktop
ORD0000940,CUST00167,PROD0047,Footwear,2023-04-27,2023-04,1,144.43,0,144.43,56.33,1,0.0,0.0,Influencer,Desktop
ORD0000941,CUST00167,PROD0011,Sports,2024-02-16,2024-02,2,85.35,0,170.7,47.8,0,170.7,47.8,Influencer,Desktop
ORD0000942,CUST00168,PROD0148,Beauty,2024-03-07,2024-03,1,56.54,0,56.54,31.1,1,0.0,0.0,Paid Social,Desktop
ORD0000943,CUST00168,PROD0180,Sports,2023-09-17,2023-09,1,57.83,0.1,52.05,29.15,0,52.05,29.15,Paid Social,Desktop
ORD0000944,CUST00168,PROD0140,Home & Living,2023-09-10,2023-09,3,34.26,0.05,97.64,53.7,0,97.64,53.7,Paid Social,Desktop
ORD0000945,CUST00168,PROD0189,Home & Living,2023-09-11,2023-09,3,100.23,0.05,285.66,174.25,0,285.66,174.25,Paid Social,Desktop
ORD0000946,CUST00168,PROD0102,Footwear,2024-03-26,2024-03,1,44.77,0.1,40.29,10.48,0,40.29,10.48,Paid Social,Desktop
ORD0000947,CUST00168,PROD0180,Sports,2023-09-13,2023-09,3,57.83,0,173.49,97.15,0,173.49,97.15,Paid Social,Desktop
ORD0000948,CUST00169,PROD0068,Accessories,2023-07-28,2023-07,3,58.26,0,174.78,73.41,1,0.0,0.0,Influencer,Desktop
ORD0000949,CUST00169,PROD0007,Beauty,2022-09-19,2022-09,3,25.48,0,76.44,25.23,0,76.44,25.23,Influencer,Desktop
ORD0000950,CUST00169,PROD0158,Home & Living,2022-06-05,2022-06,1,50.83,0,50.83,23.89,0,50.83,23.89,Influencer,Desktop
ORD0000951,CUST00169,PROD0051,Footwear,2022-09-08,2022-09,2,119.28,0,238.56,135.98,1,0.0,0.0,Influencer,Desktop
ORD0000952,CUST00169,PROD0007,Beauty,2023-01-21,2023-01,1,25.48,0,25.48,8.41,0,25.48,8.41,Influencer,Desktop
ORD0000953,CUST00169,PROD0107,Clothing,2023-07-02,2023-07,2,91.09,0,182.18,112.95,0,182.18,112.95,Influencer,Desktop
ORD0000954,CUST00170,PROD0086,Clothing,2022-10-27,2022-10,2,82.15,0,164.3,93.65,0,164.3,93.65,Influencer,Desktop
ORD0000955,CUST00170,PROD0157,Sports,2023-12-16,2023-12,3,101.12,0,303.36,127.41,1,0.0,0.0,Influencer,Desktop
ORD0000956,CUST00170,PROD0096,Sports,2022-12-08,2022-12,2,59.98,0,119.96,76.77,0,119.96,76.77,Influencer,Desktop
ORD0000957,CUST00170,PROD0198,Sports,2023-06-19,2023-06,1,59.63,0,59.63,25.04,0,59.63,25.04,Influencer,Desktop
ORD0000958,CUST00170,PROD0040,Beauty,2022-12-28,2022-12,1,42.24,0,42.24,17.32,0,42.24,17.32,Influencer,Desktop
ORD0000959,CUST00170,PROD0012,Sports,2022-12-29,2022-12,3,146.79,0,440.37,158.53,0,440.37,158.53,Influencer,Desktop
ORD0000960,CUST00170,PROD0168,Clothing,2024-01-28,2024-01,3,45.57,0,136.71,57.42,0,136.71,57.42,Influencer,Desktop
ORD0000961,CUST00171,PROD0160,Accessories,2023-12-17,2023-12,3,31.12,0.2,74.69,41.83,0,74.69,41.83,Email,Mobile
ORD0000962,CUST00171,PROD0017,Home & Living,2023-11-24,2023-11,3,31.84,0.15,81.19,31.66,1,0.0,0.0,Email,Mobile
ORD0000963,CUST00171,PROD0144,Beauty,2023-07-28,2023-07,3,34.94,0.1,94.34,51.89,0,94.34,51.89,Email,Mobile
ORD0000964,CUST00172,PROD0087,Home & Living,2023-07-09,2023-07,3,45.63,0,136.89,79.4,0,136.89,79.4,Direct,Desktop
ORD0000965,CUST00172,PROD0168,Clothing,2023-09-06,2023-09,3,45.57,0,136.71,57.42,1,0.0,0.0,Direct,Desktop
ORD0000966,CUST00172,PROD0176,Home & Living,2023-09-11,2023-09,3,51.13,0,153.39,42.95,0,153.39,42.95,Direct,Desktop
ORD0000967,CUST00173,PROD0145,Clothing,2023-05-03,2023-05,3,70.32,0,210.96,126.58,0,210.96,126.58,Email,Mobile
ORD0000968,CUST00173,PROD0197,Clothing,2023-02-26,2023-02,2,92.45,0,184.9,66.56,0,184.9,66.56,Email,Mobile
ORD0000969,CUST00173,PROD0179,Footwear,2023-10-14,2023-10,3,56.4,0,169.2,104.9,1,0.0,0.0,Email,Mobile
ORD0000970,CUST00173,PROD0170,Beauty,2023-05-22,2023-05,2,69.97,0.15,118.95,76.13,1,0.0,0.0,Email,Mobile
ORD0000971,CUST00173,PROD0016,Beauty,2023-08-14,2023-08,1,14.72,0.15,12.51,8.01,0,12.51,8.01,Email,Mobile
ORD0000972,CUST00173,PROD0116,Footwear,2024-01-14,2024-01,3,141.52,0.15,360.88,158.79,1,0.0,0.0,Email,Mobile
ORD0000973,CUST00173,PROD0159,Beauty,2023-08-12,2023-08,2,20.79,0.1,37.42,11.6,0,37.42,11.6,Email,Mobile
ORD0000974,CUST00173,PROD0017,Home & Living,2023-12-06,2023-12,2,31.84,0.1,57.31,22.35,0,57.31,22.35,Email,Mobile
ORD0000975,CUST00173,PROD0120,Home & Living,2024-01-23,2024-01,2,118.52,0.2,189.63,58.79,1,0.0,0.0,Email,Mobile
ORD0000976,CUST00173,PROD0105,Sports,2023-05-29,2023-05,2,41.5,0.15,70.55,44.45,1,0.0,0.0,Email,Mobile
ORD0000977,CUST00173,PROD0049,Home & Living,2023-08-01,2023-08,2,60.55,0.15,102.93,40.14,1,0.0,0.0,Email,Mobile
ORD0000978,CUST00173,PROD0052,Clothing,2023-11-12,2023-11,1,61.19,0.1,55.07,15.97,1,0.0,0.0,Email,Mobile
ORD0000979,CUST00174,PROD0107,Clothing,2023-12-01,2023-12,3,91.09,0.1,245.94,152.48,0,245.94,152.48,Paid Social,Desktop
ORD0000980,CUST00174,PROD0148,Beauty,2023-06-17,2023-06,3,56.54,0,169.62,93.29,0,169.62,93.29,Paid Social,Desktop
ORD0000981,CUST00174,PROD0081,Home & Living,2023-04-18,2023-04,2,97.71,0,195.42,50.81,0,195.42,50.81,Paid Social,Desktop
ORD0000982,CUST00174,PROD0198,Sports,2022-12-08,2022-12,3,59.63,0,178.89,75.13,0,178.89,75.13,Paid Social,Desktop
ORD0000983,CUST00174,PROD0107,Clothing,2022-12-03,2022-12,2,91.09,0,182.18,112.95,0,182.18,112.95,Paid Social,Desktop
ORD0000984,CUST00174,PROD0169,Accessories,2023-02-17,2023-02,3,66.47,0,199.41,101.7,0,199.41,101.7,Paid Social,Desktop
ORD0000985,CUST00174,PROD0025,Footwear,2023-02-11,2023-02,1,78.3,0,78.3,25.84,0,78.3,25.84,Paid Social,Desktop
ORD0000986,CUST00175,PROD0082,Beauty,2023-08-25,2023-08,2,20.0,0,40.0,26.0,1,0.0,0.0,Paid Social,Mobile
ORD0000987,CUST00175,PROD0066,Footwear,2024-01-10,2024-01,2,151.36,0.05,287.58,83.4,0,287.58,83.4,Paid Social,Mobile
ORD0000988,CUST00175,PROD0005,Footwear,2024-03-30,2024-03,3,121.17,0,363.51,210.84,0,363.51,210.84,Paid Social,Mobile
ORD0000989,CUST00175,PROD0047,Footwear,2023-08-28,2023-08,2,144.43,0.05,274.42,107.02,0,274.42,107.02,Paid Social,Mobile
ORD0000990,CUST00176,PROD0068,Accessories,2022-07-19,2022-07,1,58.26,0.05,55.35,23.25,0,55.35,23.25,Paid Social,Mobile
ORD0000991,CUST00176,PROD0151,Clothing,2022-11-09,2022-11,3,30.88,0.05,88.01,38.72,0,88.01,38.72,Paid Social,Mobile
ORD0000992,CUST00176,PROD0191,Accessories,2022-08-11,2022-08,2,42.93,0,85.86,42.07,0,85.86,42.07,Paid Social,Mobile
ORD0000993,CUST00176,PROD0126,Sports,2022-03-26,2022-03,3,92.2,0.1,248.94,159.32,0,248.94,159.32,Paid Social,Mobile
ORD0000994,CUST00176,PROD0052,Clothing,2023-09-16,2023-09,1,61.19,0.1,55.07,15.97,0,55.07,15.97,Paid Social,Mobile
ORD0000995,CUST00176,PROD0012,Sports,2023-04-12,2023-04,3,146.79,0,440.37,158.53,0,440.37,158.53,Paid Social,Mobile
ORD0000996,CUST00176,PROD0137,Home & Living,2022-06-12,2022-06,2,99.54,0,199.08,77.64,0,199.08,77.64,Paid Social,Mobile
ORD0000997,CUST00176,PROD0012,Sports,2023-10-12,2023-10,2,146.79,0.05,278.9,100.4,0,278.9,100.4,Paid Social,Mobile
ORD0000998,CUST00177,PROD0050,Home & Living,2023-10-28,2023-10,2,120.87,0,241.74,65.27,0,241.74,65.27,Influencer,Mobile
ORD0000999,CUST00177,PROD0122,Home & Living,2023-09-26,2023-09,3,74.99,0,224.97,89.99,1,0.0,0.0,Influencer,Mobile
ORD0001000,CUST00177,PROD0084,Accessories,2023-11-30,2023-11,3,45.9,0,137.7,38.56,0,137.7,38.56,Influencer,Mobile
ORD0001001,CUST00178,PROD0047,Footwear,2023-12-04,2023-12,1,144.43,0,144.43,56.33,0,144.43,56.33,Direct,Desktop
ORD0001002,CUST00178,PROD0013,Sports,2023-11-20,2023-11,2,147.02,0,294.04,114.68,1,0.0,0.0,Direct,Desktop
ORD0001003,CUST00178,PROD0170,Beauty,2023-08-31,2023-08,2,69.97,0,139.94,89.56,0,139.94,89.56,Direct,Desktop
ORD0001004,CUST00178,PROD0074,Beauty,2023-09-25,2023-09,2,52.12,0,104.24,27.1,0,104.24,27.1,Direct,Desktop
ORD0001005,CUST00178,PROD0163,Beauty,2023-12-23,2023-12,3,20.18,0,60.54,29.06,1,0.0,0.0,Direct,Desktop
ORD0001006,CUST00178,PROD0110,Footwear,2024-03-12,2024-03,2,106.03,0,212.06,114.51,0,212.06,114.51,Direct,Desktop
ORD0001007,CUST00178,PROD0122,Home & Living,2023-10-13,2023-10,1,74.99,0,74.99,30.0,0,74.99,30.0,Direct,Desktop
ORD0001008,CUST00178,PROD0117,Accessories,2023-08-12,2023-08,1,65.2,0,65.2,18.91,0,65.2,18.91,Direct,Desktop
ORD0001009,CUST00179,PROD0172,Beauty,2023-09-29,2023-09,3,19.11,0.05,54.46,23.42,1,0.0,0.0,Paid Social,Mobile
ORD0001010,CUST00179,PROD0100,Clothing,2024-03-28,2024-03,3,80.73,0.05,230.08,103.54,0,230.08,103.54,Paid Social,Mobile
ORD0001011,CUST00179,PROD0100,Clothing,2024-03-17,2024-03,1,80.73,0.05,76.69,34.51,0,76.69,34.51,Paid Social,Mobile
ORD0001012,CUST00179,PROD0083,Clothing,2023-11-21,2023-11,2,25.2,0,50.4,27.22,0,50.4,27.22,Paid Social,Mobile
ORD0001013,CUST00179,PROD0025,Footwear,2023-09-25,2023-09,1,78.3,0.05,74.38,24.55,1,0.0,0.0,Paid Social,Mobile
ORD0001014,CUST00179,PROD0194,Accessories,2024-02-09,2024-02,3,80.84,0.1,218.27,111.32,1,0.0,0.0,Paid Social,Mobile
ORD0001015,CUST00180,PROD0177,Accessories,2022-10-10,2022-10,2,31.44,0,62.88,23.89,0,62.88,23.89,Email,Mobile
ORD0001016,CUST00180,PROD0063,Accessories,2022-05-31,2022-05,2,72.45,0.2,115.92,39.41,0,115.92,39.41,Email,Mobile
ORD0001017,CUST00181,PROD0071,Beauty,2022-09-26,2022-09,2,65.25,0.1,117.45,71.64,1,0.0,0.0,Paid Social,Mobile
ORD0001018,CUST00182,PROD0010,Home & Living,2023-07-20,2023-07,2,50.82,0.05,96.56,36.69,0,96.56,36.69,Paid Social,Mobile
ORD0001019,CUST00182,PROD0127,Accessories,2023-11-28,2023-11,3,49.21,0.05,140.25,43.48,0,140.25,43.48,Paid Social,Mobile
ORD0001020,CUST00182,PROD0074,Beauty,2024-02-16,2024-02,2,52.12,0.05,99.03,25.75,0,99.03,25.75,Paid Social,Mobile
ORD0001021,CUST00182,PROD0197,Clothing,2024-01-15,2024-01,1,92.45,0,92.45,33.28,0,92.45,33.28,Paid Social,Mobile
ORD0001022,CUST00182,PROD0167,Footwear,2024-03-23,2024-03,1,62.12,0.05,59.01,17.11,0,59.01,17.11,Paid Social,Mobile
ORD0001023,CUST00182,PROD0189,Home & Living,2023-07-23,2023-07,1,100.23,0,100.23,61.14,0,100.23,61.14,Paid Social,Mobile
ORD0001024,CUST00182,PROD0035,Beauty,2023-10-15,2023-10,3,43.82,0.05,124.89,72.44,0,124.89,72.44,Paid Social,Mobile
ORD0001025,CUST00182,PROD0145,Clothing,2024-02-05,2024-02,3,70.32,0,210.96,126.58,0,210.96,126.58,Paid Social,Mobile
ORD0001026,CUST00182,PROD0182,Accessories,2024-02-03,2024-02,2,22.63,0,45.26,17.2,0,45.26,17.2,Paid Social,Mobile
ORD0001027,CUST00183,PROD0009,Sports,2022-06-04,2022-06,1,39.16,0,39.16,23.1,0,39.16,23.1,Direct,Desktop
ORD0001028,CUST00183,PROD0177,Accessories,2023-11-12,2023-11,3,31.44,0,94.32,35.84,1,0.0,0.0,Direct,Desktop
ORD0001029,CUST00183,PROD0077,Footwear,2022-11-27,2022-11,1,66.48,0,66.48,29.92,0,66.48,29.92,Direct,Desktop
ORD0001030,CUST00183,PROD0005,Footwear,2022-07-20,2022-07,2,121.17,0,242.34,140.56,0,242.34,140.56,Direct,Desktop
ORD0001031,CUST00183,PROD0022,Sports,2022-06-20,2022-06,1,30.09,0,30.09,17.15,0,30.09,17.15,Direct,Desktop
ORD0001032,CUST00184,PROD0185,Footwear,2022-10-15,2022-10,1,196.58,0,196.58,100.26,0,196.58,100.26,Paid Social,Desktop
ORD0001033,CUST00184,PROD0166,Clothing,2023-03-27,2023-03,1,87.15,0,87.15,54.03,0,87.15,54.03,Paid Social,Desktop
ORD0001034,CUST00184,PROD0177,Accessories,2022-11-13,2022-11,3,31.44,0.1,84.89,32.26,0,84.89,32.26,Paid Social,Desktop
ORD0001035,CUST00184,PROD0031,Footwear,2023-11-21,2023-11,2,42.93,0.1,77.27,34.0,0,77.27,34.0,Paid Social,Desktop
ORD0001036,CUST00185,PROD0016,Beauty,2024-02-13,2024-02,3,14.72,0.2,35.33,22.61,0,35.33,22.61,Email,Tablet
ORD0001037,CUST00185,PROD0004,Accessories,2023-01-22,2023-01,2,19.48,0,38.96,24.54,0,38.96,24.54,Email,Tablet
ORD0001038,CUST00185,PROD0116,Footwear,2023-02-12,2023-02,3,141.52,0,424.56,186.81,0,424.56,186.81,Email,Tablet
ORD0001039,CUST00185,PROD0006,Accessories,2023-07-15,2023-07,1,25.71,0.15,21.85,10.27,0,21.85,10.27,Email,Tablet
ORD0001040,CUST00185,PROD0001,Accessories,2024-03-09,2024-03,3,40.31,0.1,108.84,38.09,0,108.84,38.09,Email,Tablet
ORD0001041,CUST00185,PROD0121,Clothing,2023-11-07,2023-11,2,86.37,0,172.74,84.64,1,0.0,0.0,Email,Tablet
ORD0001042,CUST00185,PROD0169,Accessories,2023-05-21,2023-05,1,66.47,0.2,53.18,27.12,1,0.0,0.0,Email,Tablet
ORD0001043,CUST00185,PROD0005,Footwear,2023-01-20,2023-01,2,121.17,0,242.34,140.56,0,242.34,140.56,Email,Tablet
ORD0001044,CUST00185,PROD0066,Footwear,2023-04-11,2023-04,1,151.36,0.1,136.22,39.5,0,136.22,39.5,Email,Tablet
ORD0001045,CUST00185,PROD0058,Accessories,2024-02-13,2024-02,1,50.31,0,50.31,16.6,0,50.31,16.6,Email,Tablet
ORD0001046,CUST00186,PROD0188,Footwear,2023-11-16,2023-11,2,148.41,0.1,267.14,157.61,0,267.14,157.61,Referral,Desktop
ORD0001047,CUST00186,PROD0187,Clothing,2022-06-11,2022-06,3,104.59,0,313.77,138.06,0,313.77,138.06,Referral,Desktop
ORD0001048,CUST00186,PROD0067,Clothing,2022-10-12,2022-10,3,47.62,0,142.86,45.72,0,142.86,45.72,Referral,Desktop
ORD0001049,CUST00186,PROD0195,Accessories,2022-12-04,2022-12,3,33.68,0,101.04,61.63,0,101.04,61.63,Referral,Desktop
ORD0001050,CUST00186,PROD0152,Accessories,2022-10-03,2022-10,3,36.62,0.1,98.87,43.5,0,98.87,43.5,Referral,Desktop
ORD0001051,CUST00187,PROD0193,Sports,2023-04-30,2023-04,2,95.75,0,191.5,61.28,0,191.5,61.28,Organic Search,Desktop
ORD0001052,CUST00187,PROD0196,Sports,2024-03-26,2024-03,2,92.93,0,185.86,115.23,1,0.0,0.0,Organic Search,Desktop
ORD0001053,CUST00187,PROD0094,Home & Living,2022-11-15,2022-11,2,56.47,0,112.94,71.15,0,112.94,71.15,Organic Search,Desktop
ORD0001054,CUST00187,PROD0074,Beauty,2022-07-06,2022-07,1,52.12,0,52.12,13.55,0,52.12,13.55,Organic Search,Desktop
ORD0001055,CUST00188,PROD0098,Home & Living,2024-02-02,2024-02,3,101.77,0,305.31,128.23,0,305.31,128.23,Organic Search,Mobile
ORD0001056,CUST00188,PROD0118,Clothing,2024-03-16,2024-03,2,33.04,0,66.08,31.72,1,0.0,0.0,Organic Search,Mobile
ORD0001057,CUST00188,PROD0129,Accessories,2022-05-21,2022-05,3,45.01,0,135.03,41.86,0,135.03,41.86,Organic Search,Mobile
ORD0001058,CUST00188,PROD0081,Home & Living,2023-05-21,2023-05,3,97.71,0,293.13,76.21,0,293.13,76.21,Organic Search,Mobile
ORD0001059,CUST00188,PROD0085,Accessories,2024-02-08,2024-02,3,53.78,0,161.34,77.44,0,161.34,77.44,Organic Search,Mobile
ORD0001060,CUST00188,PROD0044,Footwear,2024-03-17,2024-03,2,185.76,0,371.52,182.04,0,371.52,182.04,Organic Search,Mobile
ORD0001061,CUST00189,PROD0143,Beauty,2023-07-25,2023-07,3,15.9,0.05,45.31,29.0,1,0.0,0.0,Paid Social,Desktop
ORD0001062,CUST00189,PROD0171,Clothing,2022-10-03,2022-10,3,49.46,0,148.38,37.09,1,0.0,0.0,Paid Social,Desktop
ORD0001063,CUST00189,PROD0178,Clothing,2023-10-23,2023-10,2,60.67,0.1,109.21,43.68,0,109.21,43.68,Paid Social,Desktop
ORD0001064,CUST00190,PROD0132,Home & Living,2022-11-02,2022-11,2,31.95,0.1,57.51,33.36,0,57.51,33.36,Email,Mobile
ORD0001065,CUST00190,PROD0155,Beauty,2023-01-13,2023-01,3,35.29,0.15,89.99,36.9,1,0.0,0.0,Email,Mobile
ORD0001066,CUST00190,PROD0180,Sports,2023-04-30,2023-04,1,57.83,0.2,46.26,25.91,0,46.26,25.91,Email,Mobile
ORD0001067,CUST00190,PROD0126,Sports,2023-06-04,2023-06,1,92.2,0.1,82.98,53.11,0,82.98,53.11,Email,Mobile
ORD0001068,CUST00190,PROD0057,Beauty,2023-01-21,2023-01,2,25.42,0.2,40.67,19.52,0,40.67,19.52,Email,Mobile
ORD0001069,CUST00191,PROD0177,Accessories,2023-04-02,2023-04,3,31.44,0,94.32,35.84,0,94.32,35.84,Direct,Mobile
ORD0001070,CUST00191,PROD0133,Clothing,2024-02-07,2024-02,3,70.11,0,210.33,119.89,0,210.33,119.89,Direct,Mobile
ORD0001071,CUST00191,PROD0018,Clothing,2024-01-21,2024-01,1,45.54,0,45.54,20.49,1,0.0,0.0,Direct,Mobile
ORD0001072,CUST00191,PROD0184,Sports,2023-06-13,2023-06,3,135.08,0,405.24,109.41,1,0.0,0.0,Direct,Mobile
ORD0001073,CUST00191,PROD0088,Accessories,2023-12-28,2023-12,3,42.05,0,126.15,46.68,0,126.15,46.68,Direct,Mobile
ORD0001074,CUST00191,PROD0108,Accessories,2023-06-21,2023-06,3,82.14,0,246.42,73.93,0,246.42,73.93,Direct,Mobile
ORD0001075,CUST00191,PROD0140,Home & Living,2024-01-25,2024-01,2,34.26,0,68.52,37.69,0,68.52,37.69,Direct,Mobile
ORD0001076,CUST00192,PROD0119,Beauty,2023-10-11,2023-10,1,20.14,0,20.14,7.25,0,20.14,7.25,Paid Social,Desktop
ORD0001077,CUST00192,PROD0176,Home & Living,2023-12-22,2023-12,2,51.13,0.05,97.15,27.2,0,97.15,27.2,Paid Social,Desktop
ORD0001078,CUST00193,PROD0022,Sports,2023-08-25,2023-08,2,30.09,0,60.18,34.3,0,60.18,34.3,Organic Search,Mobile
ORD0001079,CUST00193,PROD0023,Clothing,2022-08-11,2022-08,3,85.59,0,256.77,89.87,1,0.0,0.0,Organic Search,Mobile
ORD0001080,CUST00193,PROD0143,Beauty,2022-08-07,2022-08,1,15.9,0,15.9,10.18,1,0.0,0.0,Organic Search,Mobile
ORD0001081,CUST00193,PROD0086,Clothing,2022-10-02,2022-10,3,82.15,0,246.45,140.48,1,0.0,0.0,Organic Search,Mobile
ORD0001082,CUST00194,PROD0007,Beauty,2023-11-13,2023-11,2,25.48,0,50.96,16.82,0,50.96,16.82,Influencer,Desktop
ORD0001083,CUST00194,PROD0056,Home & Living,2024-01-24,2024-01,3,70.19,0,210.57,113.71,1,0.0,0.0,Influencer,Desktop
ORD0001084,CUST00194,PROD0012,Sports,2023-11-04,2023-11,3,146.79,0,440.37,158.53,0,440.37,158.53,Influencer,Desktop
ORD0001085,CUST00194,PROD0095,Accessories,2023-08-03,2023-08,3,33.53,0,100.59,57.34,0,100.59,57.34,Influencer,Desktop
ORD0001086,CUST00194,PROD0151,Clothing,2022-09-28,2022-09,3,30.88,0,92.64,40.76,0,92.64,40.76,Influencer,Desktop
ORD0001087,CUST00194,PROD0012,Sports,2023-02-12,2023-02,2,146.79,0,293.58,105.69,1,0.0,0.0,Influencer,Desktop
ORD0001088,CUST00194,PROD0019,Beauty,2023-03-22,2023-03,2,17.13,0,34.26,15.07,0,34.26,15.07,Influencer,Desktop
ORD0001089,CUST00195,PROD0046,Sports,2022-11-14,2022-11,1,44.39,0,44.39,23.53,0,44.39,23.53,Organic Search,Tablet
ORD0001090,CUST00195,PROD0017,Home & Living,2023-06-04,2023-06,1,31.84,0,31.84,12.42,1,0.0,0.0,Organic Search,Tablet
ORD0001091,CUST00195,PROD0133,Clothing,2024-02-02,2024-02,1,70.11,0,70.11,39.96,0,70.11,39.96,Organic Search,Tablet
ORD0001092,CUST00195,PROD0146,Accessories,2023-08-27,2023-08,3,80.98,0,242.94,85.03,0,242.94,85.03,Organic Search,Tablet
ORD0001093,CUST00195,PROD0191,Accessories,2023-12-08,2023-12,3,42.93,0,128.79,63.11,0,128.79,63.11,Organic Search,Tablet
ORD0001094,CUST00196,PROD0144,Beauty,2023-02-24,2023-02,2,34.94,0.05,66.39,36.51,0,66.39,36.51,Paid Social,Desktop
ORD0001095,CUST00196,PROD0021,Beauty,2024-02-09,2024-02,1,65.25,0,65.25,40.45,1,0.0,0.0,Paid Social,Desktop
ORD0001096,CUST00196,PROD0106,Footwear,2024-01-28,2024-01,2,188.1,0,376.2,161.77,1,0.0,0.0,Paid Social,Desktop
ORD0001097,CUST00196,PROD0086,Clothing,2023-10-25,2023-10,2,82.15,0,164.3,93.65,0,164.3,93.65,Paid Social,Desktop
ORD0001098,CUST00197,PROD0156,Sports,2023-11-06,2023-11,2,96.17,0.1,173.11,100.4,1,0.0,0.0,Email,Tablet
ORD0001099,CUST00197,PROD0189,Home & Living,2023-10-08,2023-10,2,100.23,0.1,180.41,110.05,0,180.41,110.05,Email,Tablet
ORD0001100,CUST00197,PROD0194,Accessories,2024-01-16,2024-01,2,80.84,0,161.68,82.46,0,161.68,82.46,Email,Tablet
ORD0001101,CUST00197,PROD0041,Beauty,2023-11-19,2023-11,1,68.34,0.2,54.67,32.8,1,0.0,0.0,Email,Tablet
ORD0001102,CUST00197,PROD0148,Beauty,2024-01-29,2024-01,1,56.54,0,56.54,31.1,0,56.54,31.1,Email,Tablet
ORD0001103,CUST00197,PROD0104,Sports,2024-01-23,2024-01,1,40.92,0.1,36.83,13.26,0,36.83,13.26,Email,Tablet
ORD0001104,CUST00197,PROD0182,Accessories,2024-03-22,2024-03,3,22.63,0.15,57.71,21.93,1,0.0,0.0,Email,Tablet
ORD0001105,CUST00197,PROD0005,Footwear,2024-02-10,2024-02,3,121.17,0.1,327.16,189.75,0,327.16,189.75,Email,Tablet
ORD0001106,CUST00198,PROD0171,Clothing,2023-12-10,2023-12,1,49.46,0.2,39.57,9.89,0,39.57,9.89,Email,Mobile
ORD0001107,CUST00198,PROD0149,Beauty,2023-03-23,2023-03,2,65.53,0,131.06,68.15,0,131.06,68.15,Email,Mobile
ORD0001108,CUST00198,PROD0186,Home & Living,2023-09-01,2023-09,1,126.59,0.1,113.93,33.04,0,113.93,33.04,Email,Mobile
ORD0001109,CUST00198,PROD0114,Beauty,2023-07-14,2023-07,1,25.83,0,25.83,10.59,0,25.83,10.59,Email,Mobile
ORD0001110,CUST00199,PROD0157,Sports,2023-05-26,2023-05,1,101.12,0,101.12,42.47,0,101.12,42.47,Referral,Tablet
ORD0001111,CUST00199,PROD0153,Accessories,2023-11-28,2023-11,3,85.5,0,256.5,143.64,0,256.5,143.64,Referral,Tablet
ORD0001112,CUST00200,PROD0068,Accessories,2023-06-17,2023-06,1,58.26,0.15,49.52,20.8,0,49.52,20.8,Email,Tablet
ORD0001113,CUST00200,PROD0137,Home & Living,2023-12-04,2023-12,2,99.54,0.1,179.17,69.88,1,0.0,0.0,Email,Tablet
ORD0001114,CUST00201,PROD0138,Home & Living,2023-11-10,2023-11,3,126.57,0.05,360.72,162.32,0,360.72,162.32,Paid Social,Desktop
ORD0001115,CUST00201,PROD0062,Accessories,2023-08-29,2023-08,2,85.04,0,170.08,71.43,0,170.08,71.43,Paid Social,Desktop
ORD0001116,CUST00201,PROD0055,Sports,2023-08-16,2023-08,3,136.99,0,410.97,119.18,0,410.97,119.18,Paid Social,Desktop
ORD0001117,CUST00201,PROD0002,Clothing,2023-09-23,2023-09,2,48.81,0,97.62,61.5,1,0.0,0.0,Paid Social,Desktop
ORD0001118,CUST00201,PROD0043,Footwear,2023-06-09,2023-06,3,62.01,0.05,176.73,109.57,0,176.73,109.57,Paid Social,Desktop
ORD0001119,CUST00201,PROD0056,Home & Living,2024-01-09,2024-01,1,70.19,0,70.19,37.9,0,70.19,37.9,Paid Social,Desktop
ORD0001120,CUST00201,PROD0145,Clothing,2023-10-26,2023-10,3,70.32,0.1,189.86,113.92,0,189.86,113.92,Paid Social,Desktop
ORD0001121,CUST00202,PROD0132,Home & Living,2024-01-01,2024-01,1,31.95,0,31.95,18.53,0,31.95,18.53,Referral,Desktop
ORD0001122,CUST00202,PROD0112,Home & Living,2024-03-14,2024-03,3,48.0,0.1,129.6,73.87,0,129.6,73.87,Referral,Desktop
ORD0001123,CUST00202,PROD0019,Beauty,2024-02-21,2024-02,1,17.13,0,17.13,7.54,0,17.13,7.54,Referral,Desktop
ORD0001124,CUST00202,PROD0073,Sports,2023-11-08,2023-11,2,66.61,0.1,119.9,43.16,1,0.0,0.0,Referral,Desktop
ORD0001125,CUST00202,PROD0144,Beauty,2023-10-17,2023-10,3,34.94,0,104.82,57.65,0,104.82,57.65,Referral,Desktop
ORD0001126,CUST00203,PROD0125,Sports,2023-01-26,2023-01,1,126.04,0.1,113.44,44.24,1,0.0,0.0,Referral,Mobile
ORD0001127,CUST00203,PROD0140,Home & Living,2023-10-27,2023-10,1,34.26,0,34.26,18.84,0,34.26,18.84,Referral,Mobile
ORD0001128,CUST00203,PROD0095,Accessories,2023-04-12,2023-04,1,33.53,0.1,30.18,17.2,0,30.18,17.2,Referral,Mobile
ORD0001129,CUST00203,PROD0086,Clothing,2022-05-28,2022-05,2,82.15,0,164.3,93.65,0,164.3,93.65,Referral,Mobile
ORD0001130,CUST00203,PROD0112,Home & Living,2022-12-14,2022-12,1,48.0,0.1,43.2,24.62,1,0.0,0.0,Referral,Mobile
ORD0001131,CUST00203,PROD0138,Home & Living,2023-12-09,2023-12,1,126.57,0,126.57,56.96,1,0.0,0.0,Referral,Mobile
ORD0001132,CUST00203,PROD0055,Sports,2023-10-04,2023-10,3,136.99,0,410.97,119.18,1,0.0,0.0,Referral,Mobile
ORD0001133,CUST00203,PROD0047,Footwear,2022-12-10,2022-12,2,144.43,0,288.86,112.66,0,288.86,112.66,Referral,Mobile
ORD0001134,CUST00203,PROD0019,Beauty,2023-04-28,2023-04,2,17.13,0,34.26,15.07,0,34.26,15.07,Referral,Mobile
ORD0001135,CUST00204,PROD0196,Sports,2023-06-01,2023-06,3,92.93,0,278.79,172.85,1,0.0,0.0,Paid Social,Desktop
ORD0001136,CUST00204,PROD0188,Footwear,2024-01-05,2024-01,2,148.41,0,296.82,175.12,0,296.82,175.12,Paid Social,Desktop
ORD0001137,CUST00204,PROD0088,Accessories,2023-09-10,2023-09,3,42.05,0.05,119.84,44.34,0,119.84,44.34,Paid Social,Desktop
ORD0001138,CUST00204,PROD0193,Sports,2023-12-12,2023-12,2,95.75,0,191.5,61.28,1,0.0,0.0,Paid Social,Desktop
ORD0001139,CUST00205,PROD0008,Footwear,2023-03-14,2023-03,2,151.56,0,303.12,184.9,1,0.0,0.0,Email,Mobile
ORD0001140,CUST00205,PROD0127,Accessories,2024-01-12,2024-01,3,49.21,0.15,125.49,38.9,0,125.49,38.9,Email,Mobile
ORD0001141,CUST00205,PROD0088,Accessories,2024-01-24,2024-01,1,42.05,0.15,35.74,13.22,0,35.74,13.22,Email,Mobile
ORD0001142,CUST00205,PROD0132,Home & Living,2023-07-14,2023-07,1,31.95,0.2,25.56,14.82,0,25.56,14.82,Email,Mobile
ORD0001143,CUST00205,PROD0130,Home & Living,2023-05-27,2023-05,2,126.57,0.1,227.83,132.14,0,227.83,132.14,Email,Mobile
ORD0001144,CUST00206,PROD0133,Clothing,2023-06-14,2023-06,1,70.11,0.05,66.6,37.96,0,66.6,37.96,Paid Social,Mobile
ORD0001145,CUST00206,PROD0132,Home & Living,2023-11-10,2023-11,1,31.95,0,31.95,18.53,0,31.95,18.53,Paid Social,Mobile
ORD0001146,CUST00206,PROD0066,Footwear,2024-01-06,2024-01,3,151.36,0,454.08,131.68,1,0.0,0.0,Paid Social,Mobile
ORD0001147,CUST00206,PROD0146,Accessories,2024-01-19,2024-01,3,80.98,0.05,230.79,80.78,0,230.79,80.78,Paid Social,Mobile
ORD0001148,CUST00206,PROD0155,Beauty,2024-01-15,2024-01,2,35.29,0,70.58,28.94,0,70.58,28.94,Paid Social,Mobile
ORD0001149,CUST00206,PROD0121,Clothing,2023-07-04,2023-07,1,86.37,0.1,77.73,38.09,1,0.0,0.0,Paid Social,Mobile
ORD0001150,CUST00207,PROD0056,Home & Living,2023-11-07,2023-11,3,70.19,0,210.57,113.71,0,210.57,113.71,Direct,Mobile
ORD0001151,CUST00207,PROD0020,Clothing,2024-03-04,2024-03,2,35.77,0,71.54,32.91,0,71.54,32.91,Direct,Mobile
ORD0001152,CUST00207,PROD0118,Clothing,2023-10-05,2023-10,1,33.04,0,33.04,15.86,0,33.04,15.86,Direct,Mobile
ORD0001153,CUST00207,PROD0113,Home & Living,2024-01-15,2024-01,3,30.82,0,92.46,49.0,0,92.46,49.0,Direct,Mobile
ORD0001154,CUST00207,PROD0098,Home & Living,2023-12-11,2023-12,2,101.77,0,203.54,85.49,0,203.54,85.49,Direct,Mobile
ORD0001155,CUST00207,PROD0153,Accessories,2023-11-24,2023-11,1,85.5,0,85.5,47.88,0,85.5,47.88,Direct,Mobile
ORD0001156,CUST00207,PROD0183,Clothing,2023-12-30,2023-12,1,78.37,0,78.37,47.02,0,78.37,47.02,Direct,Mobile
ORD0001157,CUST00207,PROD0023,Clothing,2023-10-28,2023-10,1,85.59,0,85.59,29.96,0,85.59,29.96,Direct,Mobile
ORD0001158,CUST00207,PROD0077,Footwear,2023-07-30,2023-07,3,66.48,0,199.44,89.75,0,199.44,89.75,Direct,Mobile
ORD0001159,CUST00207,PROD0002,Clothing,2023-03-01,2023-03,3,48.81,0,146.43,92.25,0,146.43,92.25,Direct,Mobile
ORD0001160,CUST00207,PROD0047,Footwear,2023-05-02,2023-05,2,144.43,0,288.86,112.66,1,0.0,0.0,Direct,Mobile
ORD0001161,CUST00208,PROD0060,Footwear,2023-06-15,2023-06,2,104.31,0,208.62,60.5,0,208.62,60.5,Influencer,Mobile
ORD0001162,CUST00208,PROD0193,Sports,2023-11-29,2023-11,2,95.75,0,191.5,61.28,0,191.5,61.28,Influencer,Mobile
ORD0001163,CUST00208,PROD0179,Footwear,2023-09-09,2023-09,1,56.4,0,56.4,34.97,0,56.4,34.97,Influencer,Mobile
ORD0001164,CUST00208,PROD0090,Home & Living,2023-11-28,2023-11,3,99.94,0,299.82,188.89,0,299.82,188.89,Influencer,Mobile
ORD0001165,CUST00208,PROD0129,Accessories,2022-12-31,2022-12,2,45.01,0,90.02,27.91,0,90.02,27.91,Influencer,Mobile
ORD0001166,CUST00208,PROD0082,Beauty,2023-06-28,2023-06,1,20.0,0,20.0,13.0,0,20.0,13.0,Influencer,Mobile
ORD0001167,CUST00208,PROD0055,Sports,2023-08-04,2023-08,3,136.99,0,410.97,119.18,0,410.97,119.18,Influencer,Mobile
ORD0001168,CUST00208,PROD0077,Footwear,2024-01-23,2024-01,1,66.48,0,66.48,29.92,0,66.48,29.92,Influencer,Mobile
ORD0001169,CUST00209,PROD0001,Accessories,2022-11-30,2022-11,1,40.31,0,40.31,14.11,0,40.31,14.11,Influencer,Desktop
ORD0001170,CUST00209,PROD0002,Clothing,2023-05-03,2023-05,3,48.81,0,146.43,92.25,1,0.0,0.0,Influencer,Desktop
ORD0001171,CUST00209,PROD0076,Clothing,2022-11-02,2022-11,3,54.02,0,162.06,50.24,1,0.0,0.0,Influencer,Desktop
ORD0001172,CUST00209,PROD0172,Beauty,2022-02-09,2022-02,3,19.11,0,57.33,24.65,1,0.0,0.0,Influencer,Desktop
ORD0001173,CUST00209,PROD0087,Home & Living,2023-06-03,2023-06,1,45.63,0,45.63,26.47,0,45.63,26.47,Influencer,Desktop
ORD0001174,CUST00209,PROD0031,Footwear,2023-06-14,2023-06,2,42.93,0,85.86,37.78,0,85.86,37.78,Influencer,Desktop
ORD0001175,CUST00209,PROD0159,Beauty,2022-07-12,2022-07,2,20.79,0,41.58,12.89,0,41.58,12.89,Influencer,Desktop
ORD0001176,CUST00209,PROD0059,Sports,2023-09-18,2023-09,2,76.4,0,152.8,77.93,0,152.8,77.93,Influencer,Desktop
ORD0001177,CUST00210,PROD0136,Accessories,2023-06-13,2023-06,1,78.97,0,78.97,29.22,0,78.97,29.22,Direct,Mobile
ORD0001178,CUST00211,PROD0111,Clothing,2023-06-20,2023-06,1,72.51,0,72.51,44.23,0,72.51,44.23,Paid Social,Mobile
ORD0001179,CUST00211,PROD0072,Sports,2023-08-04,2023-08,2,81.55,0,163.1,89.7,0,163.1,89.7,Paid Social,Mobile
ORD0001180,CUST00211,PROD0133,Clothing,2023-06-26,2023-06,3,70.11,0.1,189.3,107.9,1,0.0,0.0,Paid Social,Mobile
ORD0001181,CUST00211,PROD0134,Accessories,2023-11-15,2023-11,1,24.1,0,24.1,13.5,0,24.1,13.5,Paid Social,Mobile
ORD0001182,CUST00211,PROD0190,Beauty,2024-02-09,2024-02,2,23.73,0,47.46,20.88,0,47.46,20.88,Paid Social,Mobile
ORD0001183,CUST00212,PROD0114,Beauty,2023-04-17,2023-04,1,25.83,0,25.83,10.59,0,25.83,10.59,Influencer,Tablet
ORD0001184,CUST00213,PROD0012,Sports,2023-12-03,2023-12,1,146.79,0,146.79,52.84,0,146.79,52.84,Paid Social,Desktop
ORD0001185,CUST00213,PROD0143,Beauty,2023-11-27,2023-11,1,15.9,0,15.9,10.18,0,15.9,10.18,Paid Social,Desktop
ORD0001186,CUST00214,PROD0027,Footwear,2024-01-08,2024-01,1,147.27,0.15,125.18,70.1,1,0.0,0.0,Email,Mobile
ORD0001187,CUST00214,PROD0165,Footwear,2023-08-22,2023-08,3,116.35,0.1,314.14,201.05,1,0.0,0.0,Email,Mobile
ORD0001188,CUST00214,PROD0003,Footwear,2023-05-05,2023-05,3,63.28,0,189.84,94.92,0,189.84,94.92,Email,Mobile
ORD0001189,CUST00214,PROD0076,Clothing,2023-11-02,2023-11,1,54.02,0,54.02,16.75,0,54.02,16.75,Email,Mobile
ORD0001190,CUST00215,PROD0095,Accessories,2023-09-15,2023-09,1,33.53,0,33.53,19.11,0,33.53,19.11,Paid Social,Mobile
ORD0001191,CUST00215,PROD0177,Accessories,2024-02-23,2024-02,3,31.44,0,94.32,35.84,0,94.32,35.84,Paid Social,Mobile
ORD0001192,CUST00215,PROD0069,Beauty,2024-03-11,2024-03,2,52.71,0.05,100.15,60.09,0,100.15,60.09,Paid Social,Mobile
ORD0001193,CUST00215,PROD0133,Clothing,2024-02-04,2024-02,3,70.11,0.05,199.81,113.89,0,199.81,113.89,Paid Social,Mobile
ORD0001194,CUST00215,PROD0019,Beauty,2023-09-08,2023-09,1,17.13,0.1,15.42,6.78,1,0.0,0.0,Paid Social,Mobile
ORD0001195,CUST00216,PROD0032,Home & Living,2022-09-16,2022-09,2,43.05,0,86.1,24.97,0,86.1,24.97,Direct,Mobile
ORD0001196,CUST00216,PROD0147,Home & Living,2024-01-13,2024-01,3,133.32,0,399.96,183.98,0,399.96,183.98,Direct,Mobile
ORD0001197,CUST00217,PROD0178,Clothing,2022-09-14,2022-09,2,60.67,0,121.34,48.54,1,0.0,0.0,Paid Social,Desktop
ORD0001198,CUST00217,PROD0187,Clothing,2022-05-10,2022-05,3,104.59,0,313.77,138.06,1,0.0,0.0,Paid Social,Desktop
ORD0001199,CUST00217,PROD0189,Home & Living,2023-05-28,2023-05,1,100.23,0.1,90.21,55.03,0,90.21,55.03,Paid Social,Desktop
ORD0001200,CUST00217,PROD0021,Beauty,2022-10-30,2022-10,3,65.25,0,195.75,121.36,1,0.0,0.0,Paid Social,Desktop
ORD0001201,CUST00217,PROD0143,Beauty,2022-05-22,2022-05,1,15.9,0,15.9,10.18,0,15.9,10.18,Paid Social,Desktop
ORD0001202,CUST00217,PROD0083,Clothing,2022-11-11,2022-11,3,25.2,0,75.6,40.82,0,75.6,40.82,Paid Social,Desktop
ORD0001203,CUST00217,PROD0082,Beauty,2022-12-31,2022-12,1,20.0,0.05,19.0,12.35,0,19.0,12.35,Paid Social,Desktop
ORD0001204,CUST00218,PROD0109,Sports,2022-10-21,2022-10,1,60.91,0.1,54.82,16.99,0,54.82,16.99,Referral,Desktop
ORD0001205,CUST00218,PROD0025,Footwear,2024-03-22,2024-03,3,78.3,0,234.9,77.52,0,234.9,77.52,Referral,Desktop
ORD0001206,CUST00218,PROD0025,Footwear,2023-08-24,2023-08,1,78.3,0,78.3,25.84,0,78.3,25.84,Referral,Desktop
ORD0001207,CUST00218,PROD0063,Accessories,2023-10-27,2023-10,1,72.45,0.1,65.2,22.17,0,65.2,22.17,Referral,Desktop
ORD0001208,CUST00218,PROD0053,Footwear,2023-04-03,2023-04,1,46.14,0,46.14,25.84,0,46.14,25.84,Referral,Desktop
ORD0001209,CUST00218,PROD0111,Clothing,2023-12-24,2023-12,3,72.51,0,217.53,132.69,0,217.53,132.69,Referral,Desktop
ORD0001210,CUST00218,PROD0115,Accessories,2023-02-27,2023-02,3,74.34,0.1,200.72,116.42,0,200.72,116.42,Referral,Desktop
ORD0001211,CUST00218,PROD0172,Beauty,2024-02-08,2024-02,1,19.11,0,19.11,8.22,0,19.11,8.22,Referral,Desktop
ORD0001212,CUST00219,PROD0089,Sports,2023-03-18,2023-03,3,40.38,0.1,109.03,35.98,0,109.03,35.98,Referral,Mobile
ORD0001213,CUST00219,PROD0172,Beauty,2022-10-16,2022-10,2,19.11,0,38.22,16.43,0,38.22,16.43,Referral,Mobile
ORD0001214,CUST00219,PROD0123,Clothing,2023-02-18,2023-02,2,40.48,0.1,72.86,18.94,0,72.86,18.94,Referral,Mobile
ORD0001215,CUST00220,PROD0029,Accessories,2023-11-30,2023-11,2,59.38,0,118.76,71.26,0,118.76,71.26,Organic Search,Desktop
ORD0001216,CUST00220,PROD0042,Home & Living,2023-10-06,2023-10,3,61.51,0,184.53,51.67,0,184.53,51.67,Organic Search,Desktop
ORD0001217,CUST00220,PROD0100,Clothing,2024-03-11,2024-03,2,80.73,0,161.46,72.66,0,161.46,72.66,Organic Search,Desktop
ORD0001218,CUST00220,PROD0131,Beauty,2023-11-04,2023-11,3,36.76,0,110.28,38.6,1,0.0,0.0,Organic Search,Desktop
ORD0001219,CUST00220,PROD0076,Clothing,2024-03-10,2024-03,2,54.02,0,108.04,33.49,0,108.04,33.49,Organic Search,Desktop
ORD0001220,CUST00220,PROD0002,Clothing,2024-02-18,2024-02,2,48.81,0,97.62,61.5,1,0.0,0.0,Organic Search,Desktop
ORD0001221,CUST00221,PROD0016,Beauty,2024-02-23,2024-02,2,14.72,0.1,26.5,16.96,0,26.5,16.96,Referral,Desktop
ORD0001222,CUST00221,PROD0185,Footwear,2022-10-11,2022-10,2,196.58,0,393.16,200.51,0,393.16,200.51,Referral,Desktop
ORD0001223,CUST00221,PROD0076,Clothing,2023-08-22,2023-08,1,54.02,0,54.02,16.75,0,54.02,16.75,Referral,Desktop
ORD0001224,CUST00221,PROD0017,Home & Living,2023-04-26,2023-04,1,31.84,0,31.84,12.42,0,31.84,12.42,Referral,Desktop
ORD0001225,CUST00221,PROD0027,Footwear,2024-01-20,2024-01,3,147.27,0.1,397.63,222.67,1,0.0,0.0,Referral,Desktop
ORD0001226,CUST00222,PROD0021,Beauty,2023-01-26,2023-01,2,65.25,0,130.5,80.91,0,130.5,80.91,Influencer,Mobile
ORD0001227,CUST00222,PROD0175,Footwear,2022-11-29,2022-11,1,69.53,0,69.53,20.86,0,69.53,20.86,Influencer,Mobile
ORD0001228,CUST00222,PROD0167,Footwear,2022-11-13,2022-11,3,62.12,0,186.36,54.04,0,186.36,54.04,Influencer,Mobile
ORD0001229,CUST00222,PROD0192,Sports,2022-12-14,2022-12,3,82.92,0,248.76,129.36,0,248.76,129.36,Influencer,Mobile
ORD0001230,CUST00222,PROD0038,Accessories,2023-12-14,2023-12,2,85.41,0,170.82,93.95,1,0.0,0.0,Influencer,Mobile
ORD0001231,CUST00222,PROD0096,Sports,2023-01-26,2023-01,1,59.98,0,59.98,38.39,1,0.0,0.0,Influencer,Mobile
ORD0001232,CUST00223,PROD0128,Clothing,2023-01-09,2023-01,3,28.95,0,86.85,36.48,0,86.85,36.48,Influencer,Desktop
ORD0001233,CUST00224,PROD0031,Footwear,2022-10-27,2022-10,3,42.93,0,128.79,56.67,0,128.79,56.67,Direct,Mobile
ORD0001234,CUST00224,PROD0024,Beauty,2023-06-02,2023-06,1,20.35,0,20.35,8.34,1,0.0,0.0,Direct,Mobile
ORD0001235,CUST00224,PROD0086,Clothing,2024-01-13,2024-01,2,82.15,0,164.3,93.65,1,0.0,0.0,Direct,Mobile
ORD0001236,CUST00224,PROD0057,Beauty,2022-12-02,2022-12,3,25.42,0,76.26,36.6,0,76.26,36.6,Direct,Mobile
ORD0001237,CUST00224,PROD0111,Clothing,2023-12-07,2023-12,3,72.51,0,217.53,132.69,1,0.0,0.0,Direct,Mobile
ORD0001238,CUST00224,PROD0162,Home & Living,2022-07-21,2022-07,3,81.32,0,243.96,107.34,0,243.96,107.34,Direct,Mobile
ORD0001239,CUST00225,PROD0044,Footwear,2023-02-09,2023-02,1,185.76,0.05,176.47,86.47,1,0.0,0.0,Paid Social,Mobile
ORD0001240,CUST00225,PROD0100,Clothing,2022-10-28,2022-10,1,80.73,0.05,76.69,34.51,0,76.69,34.51,Paid Social,Mobile
ORD0001241,CUST00225,PROD0045,Home & Living,2022-12-18,2022-12,3,91.27,0,273.81,125.95,1,0.0,0.0,Paid Social,Mobile
ORD0001242,CUST00225,PROD0081,Home & Living,2022-08-04,2022-08,2,97.71,0,195.42,50.81,0,195.42,50.81,Paid Social,Mobile
ORD0001243,CUST00226,PROD0136,Accessories,2022-11-20,2022-11,2,78.97,0.1,142.15,52.6,0,142.15,52.6,Paid Social,Mobile
ORD0001244,CUST00226,PROD0052,Clothing,2022-11-10,2022-11,3,61.19,0.05,174.39,50.57,0,174.39,50.57,Paid Social,Mobile
ORD0001245,CUST00226,PROD0004,Accessories,2023-10-23,2023-10,1,19.48,0.05,18.51,11.66,0,18.51,11.66,Paid Social,Mobile
ORD0001246,CUST00226,PROD0041,Beauty,2023-09-21,2023-09,1,68.34,0.1,61.51,36.91,0,61.51,36.91,Paid Social,Mobile
ORD0001247,CUST00226,PROD0122,Home & Living,2022-12-12,2022-12,1,74.99,0.05,71.24,28.5,0,71.24,28.5,Paid Social,Mobile
ORD0001248,CUST00226,PROD0011,Sports,2024-01-30,2024-01,1,85.35,0.05,81.08,22.7,0,81.08,22.7,Paid Social,Mobile
ORD0001249,CUST00226,PROD0067,Clothing,2023-08-13,2023-08,3,47.62,0,142.86,45.72,0,142.86,45.72,Paid Social,Mobile
ORD0001250,CUST00226,PROD0187,Clothing,2024-03-01,2024-03,3,104.59,0.05,298.08,131.16,1,0.0,0.0,Paid Social,Mobile
ORD0001251,CUST00226,PROD0161,Home & Living,2023-10-19,2023-10,2,33.22,0.05,63.12,37.24,0,63.12,37.24,Paid Social,Mobile
ORD0001252,CUST00226,PROD0104,Sports,2023-06-29,2023-06,1,40.92,0.05,38.87,13.99,0,38.87,13.99,Paid Social,Mobile
ORD0001253,CUST00226,PROD0183,Clothing,2023-10-06,2023-10,3,78.37,0.05,223.35,134.01,0,223.35,134.01,Paid Social,Mobile
ORD0001254,CUST00226,PROD0039,Beauty,2024-02-14,2024-02,2,69.16,0,138.32,77.46,0,138.32,77.46,Paid Social,Mobile
ORD0001255,CUST00227,PROD0143,Beauty,2023-01-21,2023-01,2,15.9,0.1,28.62,18.32,0,28.62,18.32,Email,Mobile
ORD0001256,CUST00227,PROD0024,Beauty,2023-07-05,2023-07,2,20.35,0,40.7,16.69,0,40.7,16.69,Email,Mobile
ORD0001257,CUST00227,PROD0031,Footwear,2023-12-04,2023-12,3,42.93,0,128.79,56.67,1,0.0,0.0,Email,Mobile
ORD0001258,CUST00227,PROD0181,Home & Living,2023-12-24,2023-12,1,68.65,0.1,61.79,35.22,1,0.0,0.0,Email,Mobile
ORD0001259,CUST00227,PROD0080,Sports,2024-03-21,2024-03,3,42.1,0.1,113.67,56.84,0,113.67,56.84,Email,Mobile
ORD0001260,CUST00227,PROD0149,Beauty,2023-02-04,2023-02,1,65.53,0.1,58.98,30.67,0,58.98,30.67,Email,Mobile
ORD0001261,CUST00227,PROD0026,Footwear,2023-01-01,2023-01,2,66.28,0.1,119.3,31.02,0,119.3,31.02,Email,Mobile
ORD0001262,CUST00227,PROD0039,Beauty,2023-11-06,2023-11,2,69.16,0,138.32,77.46,1,0.0,0.0,Email,Mobile
ORD0001263,CUST00228,PROD0018,Clothing,2024-03-12,2024-03,1,45.54,0,45.54,20.49,1,0.0,0.0,Influencer,Desktop
ORD0001264,CUST00228,PROD0199,Sports,2023-08-13,2023-08,1,40.52,0,40.52,12.97,0,40.52,12.97,Influencer,Desktop
ORD0001265,CUST00228,PROD0071,Beauty,2024-03-03,2024-03,1,65.25,0,65.25,39.8,0,65.25,39.8,Influencer,Desktop
ORD0001266,CUST00229,PROD0032,Home & Living,2023-08-05,2023-08,1,43.05,0,43.05,12.48,1,0.0,0.0,Direct,Mobile
ORD0001267,CUST00229,PROD0145,Clothing,2023-05-12,2023-05,1,70.32,0,70.32,42.19,0,70.32,42.19,Direct,Mobile
ORD0001268,CUST00229,PROD0167,Footwear,2023-03-19,2023-03,2,62.12,0,124.24,36.03,1,0.0,0.0,Direct,Mobile
ORD0001269,CUST00229,PROD0160,Accessories,2022-05-06,2022-05,1,31.12,0,31.12,17.43,0,31.12,17.43,Direct,Mobile
ORD0001270,CUST00229,PROD0145,Clothing,2023-08-17,2023-08,2,70.32,0,140.64,84.38,0,140.64,84.38,Direct,Mobile
ORD0001271,CUST00229,PROD0114,Beauty,2022-07-28,2022-07,1,25.83,0,25.83,10.59,0,25.83,10.59,Direct,Mobile
ORD0001272,CUST00230,PROD0100,Clothing,2023-10-07,2023-10,1,80.73,0,80.73,36.33,0,80.73,36.33,Organic Search,Desktop
ORD0001273,CUST00230,PROD0075,Accessories,2024-03-20,2024-03,3,80.95,0,242.85,97.14,0,242.85,97.14,Organic Search,Desktop
ORD0001274,CUST00230,PROD0036,Home & Living,2023-07-19,2023-07,3,74.59,0,223.77,78.32,0,223.77,78.32,Organic Search,Desktop
ORD0001275,CUST00230,PROD0063,Accessories,2023-12-14,2023-12,3,72.45,0,217.35,73.9,0,217.35,73.9,Organic Search,Desktop
ORD0001276,CUST00231,PROD0130,Home & Living,2023-11-29,2023-11,3,126.57,0,379.71,220.23,0,379.71,220.23,Influencer,Desktop
ORD0001277,CUST00231,PROD0087,Home & Living,2024-03-09,2024-03,3,45.63,0,136.89,79.4,0,136.89,79.4,Influencer,Desktop
ORD0001278,CUST00231,PROD0117,Accessories,2022-08-26,2022-08,3,65.2,0,195.6,56.72,0,195.6,56.72,Influencer,Desktop
ORD0001279,CUST00231,PROD0144,Beauty,2023-04-02,2023-04,2,34.94,0,69.88,38.43,0,69.88,38.43,Influencer,Desktop
ORD0001280,CUST00232,PROD0021,Beauty,2023-03-19,2023-03,2,65.25,0,130.5,80.91,0,130.5,80.91,Paid Social,Desktop
ORD0001281,CUST00233,PROD0069,Beauty,2023-04-12,2023-04,2,52.71,0,105.42,63.25,0,105.42,63.25,Organic Search,Mobile
ORD0001282,CUST00233,PROD0102,Footwear,2023-11-09,2023-11,2,44.77,0,89.54,23.28,0,89.54,23.28,Organic Search,Mobile
ORD0001283,CUST00233,PROD0102,Footwear,2022-08-14,2022-08,2,44.77,0,89.54,23.28,0,89.54,23.28,Organic Search,Mobile
ORD0001284,CUST00233,PROD0056,Home & Living,2024-03-22,2024-03,3,70.19,0,210.57,113.71,0,210.57,113.71,Organic Search,Mobile
ORD0001285,CUST00233,PROD0195,Accessories,2023-07-25,2023-07,2,33.68,0,67.36,41.09,0,67.36,41.09,Organic Search,Mobile
ORD0001286,CUST00234,PROD0102,Footwear,2023-06-13,2023-06,3,44.77,0,134.31,34.92,0,134.31,34.92,Organic Search,Mobile
ORD0001287,CUST00234,PROD0161,Home & Living,2023-06-18,2023-06,2,33.22,0,66.44,39.2,0,66.44,39.2,Organic Search,Mobile
ORD0001288,CUST00234,PROD0198,Sports,2023-06-13,2023-06,2,59.63,0,119.26,50.09,1,0.0,0.0,Organic Search,Mobile
ORD0001289,CUST00234,PROD0166,Clothing,2023-07-19,2023-07,2,87.15,0,174.3,108.07,0,174.3,108.07,Organic Search,Mobile
ORD0001290,CUST00234,PROD0120,Home & Living,2023-12-03,2023-12,1,118.52,0,118.52,36.74,0,118.52,36.74,Organic Search,Mobile
ORD0001291,CUST00234,PROD0033,Sports,2024-03-07,2024-03,3,54.48,0,163.44,45.76,0,163.44,45.76,Organic Search,Mobile
ORD0001292,CUST00234,PROD0096,Sports,2023-07-29,2023-07,3,59.98,0,179.94,115.16,1,0.0,0.0,Organic Search,Mobile
ORD0001293,CUST00234,PROD0112,Home & Living,2023-09-08,2023-09,1,48.0,0,48.0,27.36,0,48.0,27.36,Organic Search,Mobile
ORD0001294,CUST00234,PROD0116,Footwear,2024-03-08,2024-03,2,141.52,0,283.04,124.54,0,283.04,124.54,Organic Search,Mobile
ORD0001295,CUST00234,PROD0030,Beauty,2023-06-19,2023-06,1,30.52,0,30.52,10.99,0,30.52,10.99,Organic Search,Mobile
ORD0001296,CUST00234,PROD0046,Sports,2023-12-11,2023-12,3,44.39,0,133.17,70.58,0,133.17,70.58,Organic Search,Mobile
ORD0001297,CUST00235,PROD0041,Beauty,2024-01-06,2024-01,2,68.34,0,136.68,82.01,0,136.68,82.01,Influencer,Mobile
ORD0001298,CUST00235,PROD0073,Sports,2024-01-22,2024-01,1,66.61,0,66.61,23.98,0,66.61,23.98,Influencer,Mobile
ORD0001299,CUST00235,PROD0170,Beauty,2023-05-02,2023-05,3,69.97,0,209.91,134.34,0,209.91,134.34,Influencer,Mobile
ORD0001300,CUST00235,PROD0015,Footwear,2022-09-22,2022-09,1,131.63,0,131.63,53.97,0,131.63,53.97,Influencer,Mobile
ORD0001301,CUST00236,PROD0142,Sports,2023-06-05,2023-06,3,114.73,0.1,309.77,148.69,0,309.77,148.69,Paid Social,Mobile
ORD0001302,CUST00236,PROD0126,Sports,2023-06-07,2023-06,3,92.2,0,276.6,177.02,0,276.6,177.02,Paid Social,Mobile
ORD0001303,CUST00236,PROD0076,Clothing,2023-05-18,2023-05,3,54.02,0,162.06,50.24,0,162.06,50.24,Paid Social,Mobile
ORD0001304,CUST00236,PROD0106,Footwear,2023-08-19,2023-08,3,188.1,0,564.3,242.65,0,564.3,242.65,Paid Social,Mobile
ORD0001305,CUST00236,PROD0033,Sports,2024-01-27,2024-01,3,54.48,0,163.44,45.76,0,163.44,45.76,Paid Social,Mobile
ORD0001306,CUST00236,PROD0185,Footwear,2023-09-05,2023-09,2,196.58,0,393.16,200.51,0,393.16,200.51,Paid Social,Mobile
ORD0001307,CUST00236,PROD0012,Sports,2023-08-01,2023-08,3,146.79,0.1,396.33,142.68,0,396.33,142.68,Paid Social,Mobile
ORD0001308,CUST00237,PROD0041,Beauty,2023-10-10,2023-10,1,68.34,0.1,61.51,36.91,0,61.51,36.91,Paid Social,Desktop
ORD0001309,CUST00237,PROD0172,Beauty,2023-05-28,2023-05,2,19.11,0,38.22,16.43,1,0.0,0.0,Paid Social,Desktop
ORD0001310,CUST00237,PROD0118,Clothing,2023-02-20,2023-02,1,33.04,0.1,29.74,14.28,0,29.74,14.28,Paid Social,Desktop
ORD0001311,CUST00237,PROD0188,Footwear,2022-12-12,2022-12,2,148.41,0.05,281.98,166.37,1,0.0,0.0,Paid Social,Desktop
ORD0001312,CUST00237,PROD0024,Beauty,2022-11-13,2022-11,3,20.35,0.05,58.0,23.78,1,0.0,0.0,Paid Social,Desktop
ORD0001313,CUST00237,PROD0150,Beauty,2024-02-16,2024-02,1,24.66,0,24.66,12.08,0,24.66,12.08,Paid Social,Desktop
ORD0001314,CUST00238,PROD0173,Footwear,2022-10-14,2022-10,1,87.72,0,87.72,37.72,0,87.72,37.72,Organic Search,Mobile
ORD0001315,CUST00238,PROD0002,Clothing,2023-12-05,2023-12,1,48.81,0,48.81,30.75,1,0.0,0.0,Organic Search,Mobile
ORD0001316,CUST00238,PROD0167,Footwear,2024-03-30,2024-03,3,62.12,0,186.36,54.04,0,186.36,54.04,Organic Search,Mobile
ORD0001317,CUST00238,PROD0161,Home & Living,2023-05-11,2023-05,3,33.22,0,99.66,58.8,0,99.66,58.8,Organic Search,Mobile
ORD0001318,CUST00238,PROD0044,Footwear,2022-12-10,2022-12,3,185.76,0,557.28,273.07,1,0.0,0.0,Organic Search,Mobile
ORD0001319,CUST00238,PROD0049,Home & Living,2023-01-15,2023-01,1,60.55,0,60.55,23.61,0,60.55,23.61,Organic Search,Mobile
ORD0001320,CUST00238,PROD0169,Accessories,2022-09-26,2022-09,1,66.47,0,66.47,33.9,0,66.47,33.9,Organic Search,Mobile
ORD0001321,CUST00238,PROD0025,Footwear,2022-08-24,2022-08,2,78.3,0,156.6,51.68,0,156.6,51.68,Organic Search,Mobile
ORD0001322,CUST00238,PROD0158,Home & Living,2023-04-27,2023-04,1,50.83,0,50.83,23.89,0,50.83,23.89,Organic Search,Mobile
ORD0001323,CUST00238,PROD0175,Footwear,2022-09-18,2022-09,2,69.53,0,139.06,41.72,0,139.06,41.72,Organic Search,Mobile
ORD0001324,CUST00238,PROD0064,Footwear,2023-01-12,2023-01,3,190.18,0,570.54,222.51,0,570.54,222.51,Organic Search,Mobile
ORD0001325,CUST00238,PROD0039,Beauty,2022-09-07,2022-09,2,69.16,0,138.32,77.46,0,138.32,77.46,Organic Search,Mobile
ORD0001326,CUST00238,PROD0066,Footwear,2023-07-27,2023-07,3,151.36,0,454.08,131.68,0,454.08,131.68,Organic Search,Mobile
ORD0001327,CUST00239,PROD0017,Home & Living,2023-05-04,2023-05,1,31.84,0.1,28.66,11.18,0,28.66,11.18,Paid Social,Desktop
ORD0001328,CUST00239,PROD0132,Home & Living,2023-04-19,2023-04,1,31.95,0.05,30.35,17.6,0,30.35,17.6,Paid Social,Desktop
ORD0001329,CUST00240,PROD0027,Footwear,2023-03-13,2023-03,1,147.27,0.05,139.91,78.35,0,139.91,78.35,Paid Social,Mobile
ORD0001330,CUST00240,PROD0153,Accessories,2024-03-11,2024-03,2,85.5,0,171.0,95.76,0,171.0,95.76,Paid Social,Mobile
ORD0001331,CUST00240,PROD0174,Clothing,2023-06-17,2023-06,1,69.83,0.05,66.34,17.25,0,66.34,17.25,Paid Social,Mobile
ORD0001332,CUST00240,PROD0176,Home & Living,2023-05-23,2023-05,2,51.13,0,102.26,28.63,0,102.26,28.63,Paid Social,Mobile
ORD0001333,CUST00240,PROD0072,Sports,2023-05-21,2023-05,1,81.55,0,81.55,44.85,0,81.55,44.85,Paid Social,Mobile
ORD0001334,CUST00240,PROD0182,Accessories,2023-03-09,2023-03,3,22.63,0,67.89,25.8,1,0.0,0.0,Paid Social,Mobile
ORD0001335,CUST00240,PROD0191,Accessories,2024-03-13,2024-03,2,42.93,0,85.86,42.07,0,85.86,42.07,Paid Social,Mobile
ORD0001336,CUST00241,PROD0016,Beauty,2022-12-05,2022-12,3,14.72,0,44.16,28.26,0,44.16,28.26,Organic Search,Mobile
ORD0001337,CUST00241,PROD0095,Accessories,2024-03-07,2024-03,3,33.53,0,100.59,57.34,1,0.0,0.0,Organic Search,Mobile
ORD0001338,CUST00241,PROD0068,Accessories,2022-11-15,2022-11,1,58.26,0,58.26,24.47,0,58.26,24.47,Organic Search,Mobile
ORD0001339,CUST00241,PROD0158,Home & Living,2023-07-25,2023-07,1,50.83,0,50.83,23.89,0,50.83,23.89,Organic Search,Mobile
ORD0001340,CUST00242,PROD0155,Beauty,2023-01-02,2023-01,2,35.29,0.15,59.99,24.6,0,59.99,24.6,Email,Desktop
ORD0001341,CUST00242,PROD0053,Footwear,2024-01-03,2024-01,3,46.14,0.1,124.58,69.76,0,124.58,69.76,Email,Desktop
ORD0001342,CUST00242,PROD0141,Beauty,2024-02-12,2024-02,3,60.76,0.15,154.94,52.68,0,154.94,52.68,Email,Desktop
ORD0001343,CUST00242,PROD0155,Beauty,2022-06-01,2022-06,1,35.29,0,35.29,14.47,0,35.29,14.47,Email,Desktop
ORD0001344,CUST00242,PROD0177,Accessories,2023-10-12,2023-10,3,31.44,0,94.32,35.84,0,94.32,35.84,Email,Desktop
ORD0001345,CUST00242,PROD0028,Sports,2022-09-10,2022-09,1,115.45,0.15,98.13,48.08,1,0.0,0.0,Email,Desktop
ORD0001346,CUST00242,PROD0136,Accessories,2023-07-09,2023-07,3,78.97,0.15,201.37,74.51,0,201.37,74.51,Email,Desktop
ORD0001347,CUST00243,PROD0117,Accessories,2022-09-25,2022-09,1,65.2,0,65.2,18.91,0,65.2,18.91,Email,Mobile
ORD0001348,CUST00243,PROD0110,Footwear,2023-06-17,2023-06,1,106.03,0,106.03,57.26,0,106.03,57.26,Email,Mobile
ORD0001349,CUST00243,PROD0036,Home & Living,2023-11-07,2023-11,2,74.59,0.1,134.26,46.99,1,0.0,0.0,Email,Mobile
ORD0001350,CUST00244,PROD0053,Footwear,2024-02-09,2024-02,3,46.14,0.05,131.5,73.64,1,0.0,0.0,Paid Social,Mobile
ORD0001351,CUST00244,PROD0126,Sports,2023-08-11,2023-08,3,92.2,0.05,262.77,168.17,0,262.77,168.17,Paid Social,Mobile
ORD0001352,CUST00244,PROD0200,Footwear,2023-06-02,2023-06,3,43.07,0,129.21,73.65,1,0.0,0.0,Paid Social,Mobile
ORD0001353,CUST00244,PROD0041,Beauty,2023-05-11,2023-05,1,68.34,0.05,64.92,38.95,0,64.92,38.95,Paid Social,Mobile
ORD0001354,CUST00244,PROD0062,Accessories,2024-01-17,2024-01,1,85.04,0,85.04,35.72,0,85.04,35.72,Paid Social,Mobile
ORD0001355,CUST00245,PROD0007,Beauty,2023-03-27,2023-03,3,25.48,0,76.44,25.23,0,76.44,25.23,Email,Mobile
ORD0001356,CUST00245,PROD0017,Home & Living,2023-08-06,2023-08,3,31.84,0.15,81.19,31.66,0,81.19,31.66,Email,Mobile
ORD0001357,CUST00245,PROD0188,Footwear,2023-12-30,2023-12,1,148.41,0,148.41,87.56,0,148.41,87.56,Email,Mobile
ORD0001358,CUST00245,PROD0017,Home & Living,2023-06-22,2023-06,3,31.84,0,95.52,37.25,1,0.0,0.0,Email,Mobile
ORD0001359,CUST00245,PROD0057,Beauty,2023-08-03,2023-08,3,25.42,0.2,61.01,29.28,0,61.01,29.28,Email,Mobile
ORD0001360,CUST00245,PROD0192,Sports,2024-01-11,2024-01,3,82.92,0.1,223.88,116.42,0,223.88,116.42,Email,Mobile
ORD0001361,CUST00246,PROD0126,Sports,2024-03-01,2024-03,1,92.2,0,92.2,59.01,0,92.2,59.01,Direct,Desktop
ORD0001362,CUST00246,PROD0127,Accessories,2023-08-10,2023-08,2,49.21,0,98.42,30.51,0,98.42,30.51,Direct,Desktop
ORD0001363,CUST00246,PROD0102,Footwear,2023-06-10,2023-06,2,44.77,0,89.54,23.28,0,89.54,23.28,Direct,Desktop
ORD0001364,CUST00246,PROD0021,Beauty,2023-06-20,2023-06,3,65.25,0,195.75,121.36,0,195.75,121.36,Direct,Desktop
ORD0001365,CUST00246,PROD0026,Footwear,2023-06-04,2023-06,3,66.28,0,198.84,51.7,1,0.0,0.0,Direct,Desktop
ORD0001366,CUST00246,PROD0123,Clothing,2024-03-17,2024-03,3,40.48,0,121.44,31.57,0,121.44,31.57,Direct,Desktop
ORD0001367,CUST00247,PROD0005,Footwear,2023-11-21,2023-11,2,121.17,0,242.34,140.56,0,242.34,140.56,Paid Social,Tablet
ORD0001368,CUST00247,PROD0109,Sports,2024-03-29,2024-03,1,60.91,0.05,57.86,17.94,0,57.86,17.94,Paid Social,Tablet
ORD0001369,CUST00247,PROD0138,Home & Living,2022-11-14,2022-11,3,126.57,0,379.71,170.87,0,379.71,170.87,Paid Social,Tablet
ORD0001370,CUST00247,PROD0108,Accessories,2023-05-28,2023-05,1,82.14,0.05,78.03,23.41,1,0.0,0.0,Paid Social,Tablet
ORD0001371,CUST00248,PROD0170,Beauty,2023-01-31,2023-01,3,69.97,0.2,167.93,107.48,0,167.93,107.48,Email,Mobile
ORD0001372,CUST00248,PROD0148,Beauty,2023-07-24,2023-07,3,56.54,0,169.62,93.29,0,169.62,93.29,Email,Mobile
ORD0001373,CUST00248,PROD0009,Sports,2023-02-27,2023-02,1,39.16,0.1,35.24,20.79,0,35.24,20.79,Email,Mobile
ORD0001374,CUST00248,PROD0050,Home & Living,2024-02-04,2024-02,1,120.87,0,120.87,32.63,1,0.0,0.0,Email,Mobile
ORD0001375,CUST00248,PROD0112,Home & Living,2023-11-04,2023-11,2,48.0,0,96.0,54.72,0,96.0,54.72,Email,Mobile
ORD0001376,CUST00248,PROD0076,Clothing,2023-08-28,2023-08,3,54.02,0,162.06,50.24,1,0.0,0.0,Email,Mobile
ORD0001377,CUST00249,PROD0136,Accessories,2023-12-19,2023-12,1,78.97,0.1,71.07,26.3,0,71.07,26.3,Email,Desktop
ORD0001378,CUST00249,PROD0088,Accessories,2023-12-19,2023-12,3,42.05,0,126.15,46.68,0,126.15,46.68,Email,Desktop
ORD0001379,CUST00249,PROD0198,Sports,2023-10-25,2023-10,2,59.63,0.1,107.33,45.08,0,107.33,45.08,Email,Desktop
ORD0001380,CUST00250,PROD0048,Home & Living,2023-09-18,2023-09,1,96.14,0,96.14,60.57,0,96.14,60.57,Direct,Desktop
ORD0001381,CUST00250,PROD0165,Footwear,2023-07-26,2023-07,3,116.35,0,349.05,223.39,0,349.05,223.39,Direct,Desktop
ORD0001382,CUST00251,PROD0099,Home & Living,2023-11-28,2023-11,3,113.39,0,340.17,125.86,0,340.17,125.86,Referral,Mobile
ORD0001383,CUST00251,PROD0086,Clothing,2023-09-02,2023-09,2,82.15,0,164.3,93.65,0,164.3,93.65,Referral,Mobile
ORD0001384,CUST00251,PROD0106,Footwear,2024-02-11,2024-02,1,188.1,0.1,169.29,72.79,1,0.0,0.0,Referral,Mobile
ORD0001385,CUST00251,PROD0007,Beauty,2023-02-21,2023-02,2,25.48,0.1,45.86,15.13,0,45.86,15.13,Referral,Mobile
ORD0001386,CUST00252,PROD0137,Home & Living,2023-02-16,2023-02,1,99.54,0,99.54,38.82,0,99.54,38.82,Paid Social,Mobile
ORD0001387,CUST00252,PROD0140,Home & Living,2024-02-28,2024-02,1,34.26,0.1,30.83,16.96,1,0.0,0.0,Paid Social,Mobile
ORD0001388,CUST00252,PROD0130,Home & Living,2023-07-26,2023-07,2,126.57,0,253.14,146.82,0,253.14,146.82,Paid Social,Mobile
ORD0001389,CUST00252,PROD0060,Footwear,2023-05-14,2023-05,2,104.31,0.1,187.76,54.45,0,187.76,54.45,Paid Social,Mobile
ORD0001390,CUST00252,PROD0068,Accessories,2023-06-27,2023-06,2,58.26,0,116.52,48.94,0,116.52,48.94,Paid Social,Mobile
ORD0001391,CUST00252,PROD0110,Footwear,2023-12-07,2023-12,3,106.03,0.05,302.19,163.18,0,302.19,163.18,Paid Social,Mobile
ORD0001392,CUST00253,PROD0160,Accessories,2023-12-04,2023-12,3,31.12,0,93.36,52.28,1,0.0,0.0,Organic Search,Desktop
ORD0001393,CUST00253,PROD0004,Accessories,2024-02-25,2024-02,3,19.48,0,58.44,36.82,0,58.44,36.82,Organic Search,Desktop
ORD0001394,CUST00253,PROD0054,Sports,2023-10-03,2023-10,2,142.4,0,284.8,142.4,0,284.8,142.4,Organic Search,Desktop
ORD0001395,CUST00254,PROD0164,Accessories,2024-01-05,2024-01,1,18.66,0.05,17.73,5.14,1,0.0,0.0,Paid Social,Desktop
ORD0001396,CUST00254,PROD0199,Sports,2023-08-15,2023-08,1,40.52,0.1,36.47,11.67,0,36.47,11.67,Paid Social,Desktop
ORD0001397,CUST00254,PROD0069,Beauty,2023-10-11,2023-10,3,52.71,0,158.13,94.88,0,158.13,94.88,Paid Social,Desktop
ORD0001398,CUST00254,PROD0124,Beauty,2024-03-22,2024-03,2,20.18,0.05,38.34,18.02,0,38.34,18.02,Paid Social,Desktop
ORD0001399,CUST00254,PROD0106,Footwear,2024-02-29,2024-02,3,188.1,0.1,507.87,218.38,1,0.0,0.0,Paid Social,Desktop
ORD0001400,CUST00255,PROD0101,Footwear,2023-10-01,2023-10,1,191.81,0.1,172.63,75.96,0,172.63,75.96,Referral,Mobile
ORD0001401,CUST00255,PROD0182,Accessories,2023-10-20,2023-10,2,22.63,0.1,40.73,15.48,0,40.73,15.48,Referral,Mobile
ORD0001402,CUST00255,PROD0046,Sports,2023-11-28,2023-11,2,44.39,0.1,79.9,42.35,0,79.9,42.35,Referral,Mobile
ORD0001403,CUST00255,PROD0064,Footwear,2024-02-04,2024-02,3,190.18,0.1,513.49,200.26,0,513.49,200.26,Referral,Mobile
ORD0001404,CUST00255,PROD0178,Clothing,2023-08-05,2023-08,1,60.67,0,60.67,24.27,0,60.67,24.27,Referral,Mobile
ORD0001405,CUST00255,PROD0062,Accessories,2024-03-05,2024-03,2,85.04,0,170.08,71.43,0,170.08,71.43,Referral,Mobile
ORD0001406,CUST00255,PROD0022,Sports,2023-11-29,2023-11,1,30.09,0.1,27.08,15.44,0,27.08,15.44,Referral,Mobile
ORD0001407,CUST00255,PROD0063,Accessories,2023-09-22,2023-09,3,72.45,0,217.35,73.9,1,0.0,0.0,Referral,Mobile
ORD0001408,CUST00255,PROD0155,Beauty,2023-08-24,2023-08,2,35.29,0,70.58,28.94,0,70.58,28.94,Referral,Mobile
ORD0001409,CUST00255,PROD0087,Home & Living,2023-10-27,2023-10,1,45.63,0,45.63,26.47,0,45.63,26.47,Referral,Mobile
ORD0001410,CUST00255,PROD0042,Home & Living,2023-07-23,2023-07,1,61.51,0,61.51,17.22,1,0.0,0.0,Referral,Mobile
ORD0001411,CUST00255,PROD0166,Clothing,2024-02-24,2024-02,1,87.15,0,87.15,54.03,1,0.0,0.0,Referral,Mobile
ORD0001412,CUST00255,PROD0066,Footwear,2023-12-20,2023-12,3,151.36,0.1,408.67,118.51,0,408.67,118.51,Referral,Mobile
ORD0001413,CUST00255,PROD0043,Footwear,2023-07-30,2023-07,1,62.01,0,62.01,38.45,0,62.01,38.45,Referral,Mobile
ORD0001414,CUST00255,PROD0052,Clothing,2024-01-18,2024-01,3,61.19,0,183.57,53.24,0,183.57,53.24,Referral,Mobile
ORD0001415,CUST00255,PROD0089,Sports,2023-07-25,2023-07,2,40.38,0,80.76,26.65,0,80.76,26.65,Referral,Mobile
ORD0001416,CUST00255,PROD0146,Accessories,2024-02-17,2024-02,3,80.98,0,242.94,85.03,0,242.94,85.03,Referral,Mobile
ORD0001417,CUST00255,PROD0133,Clothing,2023-11-03,2023-11,3,70.11,0,210.33,119.89,0,210.33,119.89,Referral,Mobile
ORD0001418,CUST00256,PROD0175,Footwear,2024-01-30,2024-01,3,69.53,0,208.59,62.58,1,0.0,0.0,Referral,Desktop
ORD0001419,CUST00256,PROD0142,Sports,2022-09-04,2022-09,2,114.73,0,229.46,110.14,0,229.46,110.14,Referral,Desktop
ORD0001420,CUST00256,PROD0032,Home & Living,2022-12-25,2022-12,2,43.05,0,86.1,24.97,1,0.0,0.0,Referral,Desktop
ORD0001421,CUST00256,PROD0038,Accessories,2023-07-09,2023-07,3,85.41,0,256.23,140.93,1,0.0,0.0,Referral,Desktop
ORD0001422,CUST00256,PROD0150,Beauty,2022-09-08,2022-09,3,24.66,0,73.98,36.25,0,73.98,36.25,Referral,Desktop
ORD0001423,CUST00256,PROD0055,Sports,2023-07-27,2023-07,1,136.99,0,136.99,39.73,0,136.99,39.73,Referral,Desktop
ORD0001424,CUST00256,PROD0122,Home & Living,2023-03-16,2023-03,1,74.99,0.1,67.49,27.0,0,67.49,27.0,Referral,Desktop
ORD0001425,CUST00256,PROD0075,Accessories,2022-11-14,2022-11,2,80.95,0,161.9,64.76,0,161.9,64.76,Referral,Desktop
ORD0001426,CUST00256,PROD0056,Home & Living,2023-12-14,2023-12,3,70.19,0.1,189.51,102.34,0,189.51,102.34,Referral,Desktop
ORD0001427,CUST00256,PROD0094,Home & Living,2022-08-22,2022-08,1,56.47,0.1,50.82,32.02,0,50.82,32.02,Referral,Desktop
ORD0001428,CUST00256,PROD0197,Clothing,2022-08-25,2022-08,3,92.45,0,277.35,99.85,0,277.35,99.85,Referral,Desktop
ORD0001429,CUST00257,PROD0003,Footwear,2023-05-23,2023-05,1,63.28,0.05,60.12,30.06,1,0.0,0.0,Paid Social,Desktop
ORD0001430,CUST00257,PROD0070,Home & Living,2024-03-22,2024-03,2,75.93,0,151.86,89.6,1,0.0,0.0,Paid Social,Desktop
ORD0001431,CUST00257,PROD0187,Clothing,2023-03-17,2023-03,2,104.59,0.1,188.26,82.83,1,0.0,0.0,Paid Social,Desktop
ORD0001432,CUST00258,PROD0072,Sports,2024-01-29,2024-01,2,81.55,0,163.1,89.7,0,163.1,89.7,Influencer,Mobile
ORD0001433,CUST00258,PROD0021,Beauty,2023-11-22,2023-11,2,65.25,0,130.5,80.91,0,130.5,80.91,Influencer,Mobile
ORD0001434,CUST00258,PROD0079,Footwear,2023-04-19,2023-04,3,67.68,0,203.04,85.28,0,203.04,85.28,Influencer,Mobile
ORD0001435,CUST00258,PROD0100,Clothing,2023-08-21,2023-08,3,80.73,0,242.19,108.99,0,242.19,108.99,Influencer,Mobile
ORD0001436,CUST00258,PROD0057,Beauty,2023-06-18,2023-06,3,25.42,0,76.26,36.6,0,76.26,36.6,Influencer,Mobile
ORD0001437,CUST00258,PROD0196,Sports,2023-12-19,2023-12,3,92.93,0,278.79,172.85,0,278.79,172.85,Influencer,Mobile
ORD0001438,CUST00258,PROD0001,Accessories,2023-08-31,2023-08,3,40.31,0,120.93,42.33,1,0.0,0.0,Influencer,Mobile
ORD0001439,CUST00258,PROD0139,Home & Living,2023-09-06,2023-09,3,121.16,0,363.48,218.09,1,0.0,0.0,Influencer,Mobile
ORD0001440,CUST00258,PROD0100,Clothing,2023-08-19,2023-08,3,80.73,0,242.19,108.99,0,242.19,108.99,Influencer,Mobile
ORD0001441,CUST00258,PROD0050,Home & Living,2023-10-10,2023-10,1,120.87,0,120.87,32.63,0,120.87,32.63,Influencer,Mobile
ORD0001442,CUST00258,PROD0121,Clothing,2023-04-16,2023-04,3,86.37,0,259.11,126.96,1,0.0,0.0,Influencer,Mobile
ORD0001443,CUST00259,PROD0075,Accessories,2024-01-03,2024-01,3,80.95,0,242.85,97.14,0,242.85,97.14,Influencer,Desktop
ORD0001444,CUST00259,PROD0086,Clothing,2023-11-13,2023-11,2,82.15,0,164.3,93.65,0,164.3,93.65,Influencer,Desktop
ORD0001445,CUST00260,PROD0158,Home & Living,2023-08-22,2023-08,2,50.83,0,101.66,47.78,0,101.66,47.78,Organic Search,Mobile
ORD0001446,CUST00260,PROD0009,Sports,2022-12-27,2022-12,1,39.16,0,39.16,23.1,0,39.16,23.1,Organic Search,Mobile
ORD0001447,CUST00260,PROD0059,Sports,2022-05-18,2022-05,2,76.4,0,152.8,77.93,0,152.8,77.93,Organic Search,Mobile
ORD0001448,CUST00260,PROD0011,Sports,2023-05-24,2023-05,1,85.35,0,85.35,23.9,1,0.0,0.0,Organic Search,Mobile
ORD0001449,CUST00260,PROD0089,Sports,2023-06-20,2023-06,2,40.38,0,80.76,26.65,0,80.76,26.65,Organic Search,Mobile
ORD0001450,CUST00260,PROD0062,Accessories,2023-12-07,2023-12,3,85.04,0,255.12,107.15,0,255.12,107.15,Organic Search,Mobile
ORD0001451,CUST00260,PROD0151,Clothing,2023-12-14,2023-12,3,30.88,0,92.64,40.76,0,92.64,40.76,Organic Search,Mobile
ORD0001452,CUST00260,PROD0192,Sports,2022-02-13,2022-02,1,82.92,0,82.92,43.12,1,0.0,0.0,Organic Search,Mobile
ORD0001453,CUST00260,PROD0103,Accessories,2022-04-13,2022-04,3,84.89,0,254.67,114.6,1,0.0,0.0,Organic Search,Mobile
ORD0001454,CUST00260,PROD0079,Footwear,2022-02-07,2022-02,2,67.68,0,135.36,56.85,0,135.36,56.85,Organic Search,Mobile
ORD0001455,CUST00260,PROD0174,Clothing,2023-02-10,2023-02,3,69.83,0,209.49,54.47,0,209.49,54.47,Organic Search,Mobile
ORD0001456,CUST00260,PROD0094,Home & Living,2023-05-08,2023-05,3,56.47,0,169.41,106.73,0,169.41,106.73,Organic Search,Mobile
ORD0001457,CUST00261,PROD0120,Home & Living,2023-08-01,2023-08,3,118.52,0,355.56,110.22,0,355.56,110.22,Direct,Mobile
ORD0001458,CUST00261,PROD0121,Clothing,2023-06-21,2023-06,2,86.37,0,172.74,84.64,1,0.0,0.0,Direct,Mobile
ORD0001459,CUST00261,PROD0058,Accessories,2023-10-05,2023-10,1,50.31,0,50.31,16.6,0,50.31,16.6,Direct,Mobile
ORD0001460,CUST00261,PROD0051,Footwear,2023-10-10,2023-10,1,119.28,0,119.28,67.99,0,119.28,67.99,Direct,Mobile
ORD0001461,CUST00261,PROD0023,Clothing,2024-03-03,2024-03,2,85.59,0,171.18,59.91,0,171.18,59.91,Direct,Mobile
ORD0001462,CUST00261,PROD0189,Home & Living,2024-03-13,2024-03,1,100.23,0,100.23,61.14,0,100.23,61.14,Direct,Mobile
ORD0001463,CUST00261,PROD0124,Beauty,2023-07-09,2023-07,1,20.18,0,20.18,9.48,0,20.18,9.48,Direct,Mobile
ORD0001464,CUST00262,PROD0034,Clothing,2022-10-23,2022-10,3,108.12,0,324.36,129.74,0,324.36,129.74,Referral,Desktop
ORD0001465,CUST00262,PROD0149,Beauty,2022-03-28,2022-03,2,65.53,0.1,117.95,61.33,0,117.95,61.33,Referral,Desktop
ORD0001466,CUST00262,PROD0163,Beauty,2024-03-17,2024-03,1,20.18,0.1,18.16,8.72,0,18.16,8.72,Referral,Desktop
ORD0001467,CUST00262,PROD0088,Accessories,2022-08-08,2022-08,3,42.05,0,126.15,46.68,0,126.15,46.68,Referral,Desktop
ORD0001468,CUST00262,PROD0129,Accessories,2024-01-28,2024-01,2,45.01,0.1,81.02,25.12,0,81.02,25.12,Referral,Desktop
ORD0001469,CUST00262,PROD0181,Home & Living,2023-09-16,2023-09,1,68.65,0.1,61.79,35.22,1,0.0,0.0,Referral,Desktop
ORD0001470,CUST00263,PROD0014,Beauty,2023-04-20,2023-04,3,56.06,0,168.18,105.95,0,168.18,105.95,Direct,Mobile
ORD0001471,CUST00263,PROD0118,Clothing,2023-01-07,2023-01,3,33.04,0,99.12,47.58,0,99.12,47.58,Direct,Mobile
ORD0001472,CUST00263,PROD0184,Sports,2024-02-14,2024-02,3,135.08,0,405.24,109.41,0,405.24,109.41,Direct,Mobile
ORD0001473,CUST00263,PROD0185,Footwear,2023-11-02,2023-11,1,196.58,0,196.58,100.26,0,196.58,100.26,Direct,Mobile
ORD0001474,CUST00263,PROD0091,Beauty,2024-01-10,2024-01,3,39.11,0,117.33,46.93,0,117.33,46.93,Direct,Mobile
ORD0001475,CUST00263,PROD0128,Clothing,2023-12-30,2023-12,1,28.95,0,28.95,12.16,1,0.0,0.0,Direct,Mobile
ORD0001476,CUST00263,PROD0084,Accessories,2023-02-20,2023-02,3,45.9,0,137.7,38.56,0,137.7,38.56,Direct,Mobile
ORD0001477,CUST00263,PROD0116,Footwear,2023-01-09,2023-01,1,141.52,0,141.52,62.27,0,141.52,62.27,Direct,Mobile
ORD0001478,CUST00264,PROD0005,Footwear,2023-03-17,2023-03,1,121.17,0,121.17,70.28,0,121.17,70.28,Organic Search,Desktop
ORD0001479,CUST00264,PROD0033,Sports,2023-05-09,2023-05,3,54.48,0,163.44,45.76,0,163.44,45.76,Organic Search,Desktop
ORD0001480,CUST00264,PROD0084,Accessories,2022-02-13,2022-02,2,45.9,0,91.8,25.7,0,91.8,25.7,Organic Search,Desktop
ORD0001481,CUST00264,PROD0045,Home & Living,2023-08-19,2023-08,1,91.27,0,91.27,41.98,0,91.27,41.98,Organic Search,Desktop
ORD0001482,CUST00264,PROD0089,Sports,2023-08-12,2023-08,2,40.38,0,80.76,26.65,1,0.0,0.0,Organic Search,Desktop
ORD0001483,CUST00264,PROD0186,Home & Living,2023-07-20,2023-07,3,126.59,0,379.77,110.13,0,379.77,110.13,Organic Search,Desktop
ORD0001484,CUST00265,PROD0093,Footwear,2023-08-30,2023-08,1,85.42,0,85.42,48.69,1,0.0,0.0,Organic Search,Desktop
ORD0001485,CUST00265,PROD0043,Footwear,2023-10-25,2023-10,2,62.01,0,124.02,76.89,0,124.02,76.89,Organic Search,Desktop
ORD0001486,CUST00266,PROD0195,Accessories,2023-09-16,2023-09,2,33.68,0.05,63.99,39.03,0,63.99,39.03,Paid Social,Tablet
ORD0001487,CUST00267,PROD0076,Clothing,2022-10-19,2022-10,3,54.02,0,162.06,50.24,1,0.0,0.0,Email,Desktop
ORD0001488,CUST00267,PROD0030,Beauty,2023-06-26,2023-06,1,30.52,0.1,27.47,9.89,1,0.0,0.0,Email,Desktop
ORD0001489,CUST00267,PROD0033,Sports,2022-08-23,2022-08,2,54.48,0.15,92.62,25.93,0,92.62,25.93,Email,Desktop
ORD0001490,CUST00267,PROD0079,Footwear,2023-06-28,2023-06,2,67.68,0,135.36,56.85,0,135.36,56.85,Email,Desktop
ORD0001491,CUST00267,PROD0066,Footwear,2023-03-12,2023-03,2,151.36,0.2,242.18,70.23,0,242.18,70.23,Email,Desktop
ORD0001492,CUST00267,PROD0018,Clothing,2023-08-02,2023-08,3,45.54,0,136.62,61.48,0,136.62,61.48,Email,Desktop
ORD0001493,CUST00267,PROD0112,Home & Living,2022-09-17,2022-09,2,48.0,0,96.0,54.72,0,96.0,54.72,Email,Desktop
ORD0001494,CUST00267,PROD0081,Home & Living,2023-08-28,2023-08,3,97.71,0.2,234.5,60.97,0,234.5,60.97,Email,Desktop
ORD0001495,CUST00267,PROD0006,Accessories,2024-01-21,2024-01,2,25.71,0,51.42,24.17,0,51.42,24.17,Email,Desktop
ORD0001496,CUST00267,PROD0144,Beauty,2023-10-25,2023-10,1,34.94,0.2,27.95,15.37,0,27.95,15.37,Email,Desktop
ORD0001497,CUST00267,PROD0162,Home & Living,2022-08-17,2022-08,3,81.32,0.2,195.17,85.87,0,195.17,85.87,Email,Desktop
ORD0001498,CUST00267,PROD0053,Footwear,2024-03-25,2024-03,1,46.14,0.15,39.22,21.96,0,39.22,21.96,Email,Desktop
ORD0001499,CUST00268,PROD0123,Clothing,2022-11-14,2022-11,2,40.48,0,80.96,21.05,0,80.96,21.05,Influencer,Desktop
ORD0001500,CUST00268,PROD0139,Home & Living,2023-02-06,2023-02,1,121.16,0,121.16,72.7,0,121.16,72.7,Influencer,Desktop
ORD0001501,CUST00268,PROD0002,Clothing,2023-05-23,2023-05,2,48.81,0,97.62,61.5,0,97.62,61.5,Influencer,Desktop
ORD0001502,CUST00268,PROD0173,Footwear,2022-12-31,2022-12,3,87.72,0,263.16,113.16,0,263.16,113.16,Influencer,Desktop
ORD0001503,CUST00268,PROD0024,Beauty,2023-02-19,2023-02,1,20.35,0,20.35,8.34,0,20.35,8.34,Influencer,Desktop
ORD0001504,CUST00268,PROD0037,Clothing,2024-01-11,2024-01,1,99.72,0,99.72,37.89,0,99.72,37.89,Influencer,Desktop
ORD0001505,CUST00269,PROD0062,Accessories,2024-02-28,2024-02,1,85.04,0.2,68.03,28.57,0,68.03,28.57,Email,Mobile
ORD0001506,CUST00269,PROD0141,Beauty,2023-11-03,2023-11,1,60.76,0.2,48.61,16.53,0,48.61,16.53,Email,Mobile
ORD0001507,CUST00269,PROD0063,Accessories,2023-10-30,2023-10,2,72.45,0.1,130.41,44.34,0,130.41,44.34,Email,Mobile
ORD0001508,CUST00269,PROD0062,Accessories,2023-08-27,2023-08,1,85.04,0,85.04,35.72,0,85.04,35.72,Email,Mobile
ORD0001509,CUST00269,PROD0197,Clothing,2023-09-24,2023-09,2,92.45,0,184.9,66.56,0,184.9,66.56,Email,Mobile
ORD0001510,CUST00269,PROD0111,Clothing,2024-01-09,2024-01,2,72.51,0.1,130.52,79.62,0,130.52,79.62,Email,Mobile
ORD0001511,CUST00269,PROD0134,Accessories,2023-08-17,2023-08,1,24.1,0.1,21.69,12.15,0,21.69,12.15,Email,Mobile
ORD0001512,CUST00270,PROD0045,Home & Living,2023-09-08,2023-09,1,91.27,0,91.27,41.98,0,91.27,41.98,Referral,Mobile
ORD0001513,CUST00270,PROD0198,Sports,2023-12-19,2023-12,1,59.63,0.1,53.67,22.54,0,53.67,22.54,Referral,Mobile
ORD0001514,CUST00270,PROD0057,Beauty,2024-03-20,2024-03,3,25.42,0,76.26,36.6,0,76.26,36.6,Referral,Mobile
ORD0001515,CUST00271,PROD0163,Beauty,2023-12-01,2023-12,2,20.18,0,40.36,19.37,0,40.36,19.37,Referral,Tablet
ORD0001516,CUST00271,PROD0115,Accessories,2024-01-18,2024-01,2,74.34,0.1,133.81,77.61,0,133.81,77.61,Referral,Tablet
ORD0001517,CUST00271,PROD0166,Clothing,2023-08-15,2023-08,3,87.15,0.1,235.31,145.89,0,235.31,145.89,Referral,Tablet
ORD0001518,CUST00271,PROD0116,Footwear,2024-02-15,2024-02,3,141.52,0,424.56,186.81,0,424.56,186.81,Referral,Tablet
ORD0001519,CUST00272,PROD0086,Clothing,2023-12-07,2023-12,3,82.15,0,246.45,140.48,1,0.0,0.0,Paid Social,Mobile
ORD0001520,CUST00272,PROD0018,Clothing,2023-09-05,2023-09,2,45.54,0,91.08,40.99,0,91.08,40.99,Paid Social,Mobile
ORD0001521,CUST00272,PROD0076,Clothing,2023-08-28,2023-08,1,54.02,0,54.02,16.75,0,54.02,16.75,Paid Social,Mobile
ORD0001522,CUST00272,PROD0098,Home & Living,2024-01-12,2024-01,1,101.77,0,101.77,42.74,1,0.0,0.0,Paid Social,Mobile
ORD0001523,CUST00272,PROD0096,Sports,2024-02-14,2024-02,2,59.98,0,119.96,76.77,0,119.96,76.77,Paid Social,Mobile
ORD0001524,CUST00272,PROD0091,Beauty,2023-09-10,2023-09,2,39.11,0,78.22,31.29,0,78.22,31.29,Paid Social,Mobile
ORD0001525,CUST00272,PROD0126,Sports,2023-07-29,2023-07,2,92.2,0,184.4,118.02,1,0.0,0.0,Paid Social,Mobile
ORD0001526,CUST00272,PROD0036,Home & Living,2024-03-15,2024-03,2,74.59,0.05,141.72,49.6,0,141.72,49.6,Paid Social,Mobile
ORD0001527,CUST00272,PROD0184,Sports,2023-08-24,2023-08,1,135.08,0,135.08,36.47,1,0.0,0.0,Paid Social,Mobile
ORD0001528,CUST00272,PROD0175,Footwear,2023-07-20,2023-07,3,69.53,0,208.59,62.58,0,208.59,62.58,Paid Social,Mobile
ORD0001529,CUST00273,PROD0106,Footwear,2023-11-18,2023-11,3,188.1,0,564.3,242.65,1,0.0,0.0,Paid Social,Mobile
ORD0001530,CUST00273,PROD0006,Accessories,2023-12-22,2023-12,3,25.71,0.05,73.27,34.44,1,0.0,0.0,Paid Social,Mobile
ORD0001531,CUST00273,PROD0094,Home & Living,2023-10-24,2023-10,1,56.47,0.05,53.65,33.8,1,0.0,0.0,Paid Social,Mobile
ORD0001532,CUST00273,PROD0158,Home & Living,2024-01-23,2024-01,1,50.83,0.1,45.75,21.5,1,0.0,0.0,Paid Social,Mobile
ORD0001533,CUST00274,PROD0107,Clothing,2023-04-07,2023-04,2,91.09,0.1,163.96,101.66,0,163.96,101.66,Paid Social,Mobile
ORD0001534,CUST00274,PROD0077,Footwear,2023-11-27,2023-11,3,66.48,0.05,189.47,85.26,1,0.0,0.0,Paid Social,Mobile
ORD0001535,CUST00274,PROD0032,Home & Living,2023-09-04,2023-09,3,43.05,0.05,122.69,35.58,0,122.69,35.58,Paid Social,Mobile
ORD0001536,CUST00274,PROD0178,Clothing,2023-02-27,2023-02,1,60.67,0,60.67,24.27,0,60.67,24.27,Paid Social,Mobile
ORD0001537,CUST00274,PROD0036,Home & Living,2024-03-15,2024-03,2,74.59,0,149.18,52.21,0,149.18,52.21,Paid Social,Mobile
ORD0001538,CUST00274,PROD0193,Sports,2022-10-06,2022-10,2,95.75,0,191.5,61.28,0,191.5,61.28,Paid Social,Mobile
ORD0001539,CUST00274,PROD0156,Sports,2024-03-17,2024-03,2,96.17,0.1,173.11,100.4,0,173.11,100.4,Paid Social,Mobile
ORD0001540,CUST00275,PROD0092,Beauty,2023-11-26,2023-11,1,19.38,0,19.38,6.2,1,0.0,0.0,Influencer,Mobile
ORD0001541,CUST00275,PROD0193,Sports,2023-12-21,2023-12,1,95.75,0,95.75,30.64,0,95.75,30.64,Influencer,Mobile
ORD0001542,CUST00275,PROD0006,Accessories,2022-12-19,2022-12,2,25.71,0,51.42,24.17,0,51.42,24.17,Influencer,Mobile
ORD0001543,CUST00275,PROD0006,Accessories,2022-08-11,2022-08,2,25.71,0,51.42,24.17,0,51.42,24.17,Influencer,Mobile
ORD0001544,CUST00275,PROD0180,Sports,2023-11-16,2023-11,1,57.83,0,57.83,32.38,0,57.83,32.38,Influencer,Mobile
ORD0001545,CUST00275,PROD0194,Accessories,2023-01-07,2023-01,2,80.84,0,161.68,82.46,0,161.68,82.46,Influencer,Mobile
ORD0001546,CUST00275,PROD0079,Footwear,2022-04-05,2022-04,2,67.68,0,135.36,56.85,0,135.36,56.85,Influencer,Mobile
ORD0001547,CUST00275,PROD0037,Clothing,2022-07-05,2022-07,2,99.72,0,199.44,75.79,1,0.0,0.0,Influencer,Mobile
ORD0001548,CUST00276,PROD0116,Footwear,2023-09-30,2023-09,2,141.52,0,283.04,124.54,0,283.04,124.54,Direct,Tablet
ORD0001549,CUST00276,PROD0190,Beauty,2023-10-24,2023-10,2,23.73,0,47.46,20.88,0,47.46,20.88,Direct,Tablet
ORD0001550,CUST00277,PROD0162,Home & Living,2022-11-21,2022-11,3,81.32,0.1,219.56,96.61,0,219.56,96.61,Email,Mobile
ORD0001551,CUST00277,PROD0155,Beauty,2023-01-06,2023-01,3,35.29,0,105.87,43.41,0,105.87,43.41,Email,Mobile
ORD0001552,CUST00277,PROD0123,Clothing,2023-08-10,2023-08,3,40.48,0,121.44,31.57,1,0.0,0.0,Email,Mobile
ORD0001553,CUST00277,PROD0148,Beauty,2023-06-19,2023-06,1,56.54,0.15,48.06,26.43,1,0.0,0.0,Email,Mobile
ORD0001554,CUST00277,PROD0165,Footwear,2024-02-02,2024-02,1,116.35,0,116.35,74.46,0,116.35,74.46,Email,Mobile
ORD0001555,CUST00277,PROD0176,Home & Living,2024-02-08,2024-02,3,51.13,0,153.39,42.95,0,153.39,42.95,Email,Mobile
ORD0001556,CUST00277,PROD0059,Sports,2023-10-24,2023-10,3,76.4,0.1,206.28,105.2,1,0.0,0.0,Email,Mobile
ORD0001557,CUST00277,PROD0102,Footwear,2023-09-10,2023-09,2,44.77,0.15,76.11,19.79,1,0.0,0.0,Email,Mobile
ORD0001558,CUST00278,PROD0006,Accessories,2022-12-25,2022-12,2,25.71,0,51.42,24.17,0,51.42,24.17,Paid Social,Desktop
ORD0001559,CUST00278,PROD0038,Accessories,2023-09-20,2023-09,3,85.41,0.05,243.42,133.88,0,243.42,133.88,Paid Social,Desktop
ORD0001560,CUST00279,PROD0153,Accessories,2024-02-29,2024-02,3,85.5,0,256.5,143.64,0,256.5,143.64,Influencer,Mobile
ORD0001561,CUST00279,PROD0125,Sports,2023-10-14,2023-10,2,126.04,0,252.08,98.31,0,252.08,98.31,Influencer,Mobile
ORD0001562,CUST00279,PROD0037,Clothing,2023-07-30,2023-07,2,99.72,0,199.44,75.79,0,199.44,75.79,Influencer,Mobile
ORD0001563,CUST00279,PROD0139,Home & Living,2024-02-11,2024-02,3,121.16,0,363.48,218.09,0,363.48,218.09,Influencer,Mobile
ORD0001564,CUST00279,PROD0154,Sports,2023-10-30,2023-10,2,137.38,0,274.76,74.19,0,274.76,74.19,Influencer,Mobile
ORD0001565,CUST00279,PROD0157,Sports,2023-12-14,2023-12,1,101.12,0,101.12,42.47,1,0.0,0.0,Influencer,Mobile
ORD0001566,CUST00280,PROD0168,Clothing,2023-06-22,2023-06,2,45.57,0,91.14,38.28,0,91.14,38.28,Organic Search,Mobile
ORD0001567,CUST00280,PROD0129,Accessories,2024-02-13,2024-02,1,45.01,0,45.01,13.95,0,45.01,13.95,Organic Search,Mobile
ORD0001568,CUST00280,PROD0078,Accessories,2023-11-03,2023-11,3,83.84,0,251.52,150.91,0,251.52,150.91,Organic Search,Mobile
ORD0001569,CUST00280,PROD0078,Accessories,2024-03-24,2024-03,3,83.84,0,251.52,150.91,0,251.52,150.91,Organic Search,Mobile
ORD0001570,CUST00280,PROD0006,Accessories,2023-06-30,2023-06,2,25.71,0,51.42,24.17,0,51.42,24.17,Organic Search,Mobile
ORD0001571,CUST00280,PROD0013,Sports,2023-08-17,2023-08,2,147.02,0,294.04,114.68,0,294.04,114.68,Organic Search,Mobile
ORD0001572,CUST00280,PROD0033,Sports,2023-08-05,2023-08,1,54.48,0,54.48,15.25,0,54.48,15.25,Organic Search,Mobile
ORD0001573,CUST00280,PROD0044,Footwear,2024-01-30,2024-01,1,185.76,0,185.76,91.02,0,185.76,91.02,Organic Search,Mobile
ORD0001574,CUST00280,PROD0031,Footwear,2023-05-15,2023-05,2,42.93,0,85.86,37.78,0,85.86,37.78,Organic Search,Mobile
ORD0001575,CUST00281,PROD0005,Footwear,2023-07-15,2023-07,1,121.17,0,121.17,70.28,0,121.17,70.28,Influencer,Desktop
ORD0001576,CUST00281,PROD0192,Sports,2024-01-03,2024-01,2,82.92,0,165.84,86.24,0,165.84,86.24,Influencer,Desktop
ORD0001577,CUST00281,PROD0175,Footwear,2023-10-10,2023-10,1,69.53,0,69.53,20.86,0,69.53,20.86,Influencer,Desktop
ORD0001578,CUST00281,PROD0081,Home & Living,2023-06-11,2023-06,1,97.71,0,97.71,25.4,1,0.0,0.0,Influencer,Desktop
ORD0001579,CUST00281,PROD0168,Clothing,2022-11-09,2022-11,1,45.57,0,45.57,19.14,1,0.0,0.0,Influencer,Desktop
ORD0001580,CUST00281,PROD0061,Home & Living,2022-11-02,2022-11,2,136.85,0,273.7,101.27,0,273.7,101.27,Influencer,Desktop
ORD0001581,CUST00281,PROD0062,Accessories,2023-04-28,2023-04,3,85.04,0,255.12,107.15,0,255.12,107.15,Influencer,Desktop
ORD0001582,CUST00281,PROD0116,Footwear,2023-01-23,2023-01,3,141.52,0,424.56,186.81,0,424.56,186.81,Influencer,Desktop
ORD0001583,CUST00282,PROD0200,Footwear,2024-02-12,2024-02,2,43.07,0.05,81.83,46.64,0,81.83,46.64,Paid Social,Desktop
ORD0001584,CUST00283,PROD0004,Accessories,2023-07-06,2023-07,1,19.48,0,19.48,12.27,0,19.48,12.27,Direct,Desktop
ORD0001585,CUST00283,PROD0127,Accessories,2023-09-25,2023-09,3,49.21,0,147.63,45.77,0,147.63,45.77,Direct,Desktop
ORD0001586,CUST00283,PROD0006,Accessories,2023-02-26,2023-02,3,25.71,0,77.13,36.25,0,77.13,36.25,Direct,Desktop
ORD0001587,CUST00283,PROD0019,Beauty,2023-04-25,2023-04,1,17.13,0,17.13,7.54,0,17.13,7.54,Direct,Desktop
ORD0001588,CUST00283,PROD0045,Home & Living,2023-01-10,2023-01,2,91.27,0,182.54,83.97,0,182.54,83.97,Direct,Desktop
ORD0001589,CUST00283,PROD0020,Clothing,2022-12-24,2022-12,1,35.77,0,35.77,16.45,0,35.77,16.45,Direct,Desktop
ORD0001590,CUST00283,PROD0165,Footwear,2024-01-26,2024-01,1,116.35,0,116.35,74.46,1,0.0,0.0,Direct,Desktop
ORD0001591,CUST00283,PROD0030,Beauty,2023-10-15,2023-10,1,30.52,0,30.52,10.99,0,30.52,10.99,Direct,Desktop
ORD0001592,CUST00283,PROD0026,Footwear,2023-04-06,2023-04,3,66.28,0,198.84,51.7,1,0.0,0.0,Direct,Desktop
ORD0001593,CUST00283,PROD0101,Footwear,2023-06-15,2023-06,3,191.81,0,575.43,253.19,0,575.43,253.19,Direct,Desktop
ORD0001594,CUST00283,PROD0054,Sports,2023-08-22,2023-08,2,142.4,0,284.8,142.4,0,284.8,142.4,Direct,Desktop
ORD0001595,CUST00283,PROD0038,Accessories,2023-03-13,2023-03,1,85.41,0,85.41,46.98,1,0.0,0.0,Direct,Desktop
ORD0001596,CUST00283,PROD0097,Clothing,2022-12-22,2022-12,2,60.58,0,121.16,35.14,0,121.16,35.14,Direct,Desktop
ORD0001597,CUST00284,PROD0026,Footwear,2023-09-23,2023-09,1,66.28,0,66.28,17.23,0,66.28,17.23,Referral,Mobile
ORD0001598,CUST00284,PROD0085,Accessories,2023-09-21,2023-09,3,53.78,0.1,145.21,69.7,1,0.0,0.0,Referral,Mobile
ORD0001599,CUST00284,PROD0060,Footwear,2023-10-20,2023-10,2,104.31,0.1,187.76,54.45,0,187.76,54.45,Referral,Mobile
ORD0001600,CUST00284,PROD0198,Sports,2023-09-26,2023-09,2,59.63,0.1,107.33,45.08,0,107.33,45.08,Referral,Mobile
ORD0001601,CUST00285,PROD0010,Home & Living,2023-07-03,2023-07,1,50.82,0.05,48.28,18.35,0,48.28,18.35,Paid Social,Mobile
ORD0001602,CUST00285,PROD0124,Beauty,2024-02-15,2024-02,3,20.18,0.05,57.51,27.03,0,57.51,27.03,Paid Social,Mobile
ORD0001603,CUST00285,PROD0193,Sports,2023-05-15,2023-05,1,95.75,0.1,86.17,27.57,0,86.17,27.57,Paid Social,Mobile
ORD0001604,CUST00285,PROD0001,Accessories,2023-09-14,2023-09,3,40.31,0,120.93,42.33,1,0.0,0.0,Paid Social,Mobile
ORD0001605,CUST00285,PROD0107,Clothing,2022-06-10,2022-06,1,91.09,0,91.09,56.48,1,0.0,0.0,Paid Social,Mobile
ORD0001606,CUST00285,PROD0022,Sports,2022-09-05,2022-09,3,30.09,0.1,81.24,46.31,0,81.24,46.31,Paid Social,Mobile
ORD0001607,CUST00285,PROD0010,Home & Living,2023-09-01,2023-09,1,50.82,0,50.82,19.31,0,50.82,19.31,Paid Social,Mobile
ORD0001608,CUST00286,PROD0195,Accessories,2023-12-17,2023-12,1,33.68,0.1,30.31,18.49,0,30.31,18.49,Referral,Desktop
ORD0001609,CUST00286,PROD0114,Beauty,2023-10-22,2023-10,1,25.83,0,25.83,10.59,1,0.0,0.0,Referral,Desktop
ORD0001610,CUST00286,PROD0106,Footwear,2024-03-01,2024-03,3,188.1,0.1,507.87,218.38,0,507.87,218.38,Referral,Desktop
ORD0001611,CUST00286,PROD0016,Beauty,2023-12-12,2023-12,2,14.72,0.1,26.5,16.96,0,26.5,16.96,Referral,Desktop
ORD0001612,CUST00287,PROD0188,Footwear,2023-07-05,2023-07,3,148.41,0,445.23,262.69,0,445.23,262.69,Referral,Mobile
ORD0001613,CUST00287,PROD0196,Sports,2024-02-11,2024-02,1,92.93,0.1,83.64,51.86,0,83.64,51.86,Referral,Mobile
ORD0001614,CUST00287,PROD0017,Home & Living,2023-12-02,2023-12,3,31.84,0,95.52,37.25,0,95.52,37.25,Referral,Mobile
ORD0001615,CUST00287,PROD0153,Accessories,2022-08-09,2022-08,3,85.5,0.1,230.85,129.28,0,230.85,129.28,Referral,Mobile
ORD0001616,CUST00287,PROD0048,Home & Living,2023-09-10,2023-09,1,96.14,0,96.14,60.57,0,96.14,60.57,Referral,Mobile
ORD0001617,CUST00287,PROD0151,Clothing,2022-06-17,2022-06,1,30.88,0,30.88,13.59,0,30.88,13.59,Referral,Mobile
ORD0001618,CUST00287,PROD0070,Home & Living,2022-06-25,2022-06,1,75.93,0,75.93,44.8,0,75.93,44.8,Referral,Mobile
ORD0001619,CUST00287,PROD0119,Beauty,2022-09-22,2022-09,2,20.14,0,40.28,14.5,0,40.28,14.5,Referral,Mobile
ORD0001620,CUST00287,PROD0178,Clothing,2024-03-27,2024-03,1,60.67,0,60.67,24.27,0,60.67,24.27,Referral,Mobile
ORD0001621,CUST00288,PROD0147,Home & Living,2023-01-04,2023-01,1,133.32,0,133.32,61.33,0,133.32,61.33,Referral,Tablet
ORD0001622,CUST00288,PROD0192,Sports,2023-11-07,2023-11,3,82.92,0,248.76,129.36,0,248.76,129.36,Referral,Tablet
ORD0001623,CUST00288,PROD0120,Home & Living,2023-04-24,2023-04,2,118.52,0.1,213.34,66.14,0,213.34,66.14,Referral,Tablet
ORD0001624,CUST00288,PROD0196,Sports,2023-03-14,2023-03,3,92.93,0.1,250.91,155.56,0,250.91,155.56,Referral,Tablet
ORD0001625,CUST00288,PROD0095,Accessories,2023-07-11,2023-07,2,33.53,0,67.06,38.22,1,0.0,0.0,Referral,Tablet
ORD0001626,CUST00288,PROD0049,Home & Living,2023-02-17,2023-02,3,60.55,0.1,163.48,63.76,0,163.48,63.76,Referral,Tablet
ORD0001627,CUST00288,PROD0103,Accessories,2024-03-21,2024-03,2,84.89,0,169.78,76.4,0,169.78,76.4,Referral,Tablet
ORD0001628,CUST00288,PROD0122,Home & Living,2023-01-31,2023-01,2,74.99,0.1,134.98,53.99,0,134.98,53.99,Referral,Tablet
ORD0001629,CUST00289,PROD0090,Home & Living,2023-04-13,2023-04,1,99.94,0,99.94,62.96,0,99.94,62.96,Direct,Tablet
ORD0001630,CUST00289,PROD0030,Beauty,2024-01-31,2024-01,3,30.52,0,91.56,32.96,0,91.56,32.96,Direct,Tablet
ORD0001631,CUST00289,PROD0157,Sports,2023-03-21,2023-03,2,101.12,0,202.24,84.94,0,202.24,84.94,Direct,Tablet
ORD0001632,CUST00289,PROD0144,Beauty,2023-08-02,2023-08,1,34.94,0,34.94,19.22,0,34.94,19.22,Direct,Tablet
ORD0001633,CUST00289,PROD0132,Home & Living,2023-10-14,2023-10,1,31.95,0,31.95,18.53,0,31.95,18.53,Direct,Tablet
ORD0001634,CUST00290,PROD0193,Sports,2023-01-24,2023-01,3,95.75,0,287.25,91.92,0,287.25,91.92,Organic Search,Tablet
ORD0001635,CUST00290,PROD0065,Accessories,2023-12-04,2023-12,3,54.38,0,163.14,70.15,0,163.14,70.15,Organic Search,Tablet
ORD0001636,CUST00290,PROD0141,Beauty,2023-10-07,2023-10,1,60.76,0,60.76,20.66,1,0.0,0.0,Organic Search,Tablet
ORD0001637,CUST00290,PROD0045,Home & Living,2023-09-17,2023-09,3,91.27,0,273.81,125.95,0,273.81,125.95,Organic Search,Tablet
ORD0001638,CUST00290,PROD0195,Accessories,2023-09-25,2023-09,1,33.68,0,33.68,20.54,0,33.68,20.54,Organic Search,Tablet
ORD0001639,CUST00291,PROD0141,Beauty,2023-09-02,2023-09,3,60.76,0.05,173.17,58.88,0,173.17,58.88,Paid Social,Mobile
ORD0001640,CUST00291,PROD0110,Footwear,2023-07-20,2023-07,1,106.03,0,106.03,57.26,0,106.03,57.26,Paid Social,Mobile
ORD0001641,CUST00291,PROD0120,Home & Living,2023-04-09,2023-04,2,118.52,0.05,225.19,69.81,0,225.19,69.81,Paid Social,Mobile
ORD0001642,CUST00291,PROD0085,Accessories,2023-08-05,2023-08,2,53.78,0,107.56,51.63,0,107.56,51.63,Paid Social,Mobile
ORD0001643,CUST00291,PROD0007,Beauty,2023-01-23,2023-01,3,25.48,0,76.44,25.23,0,76.44,25.23,Paid Social,Mobile
ORD0001644,CUST00291,PROD0117,Accessories,2023-12-24,2023-12,1,65.2,0.05,61.94,17.96,0,61.94,17.96,Paid Social,Mobile
ORD0001645,CUST00291,PROD0076,Clothing,2023-06-28,2023-06,3,54.02,0,162.06,50.24,0,162.06,50.24,Paid Social,Mobile
ORD0001646,CUST00292,PROD0117,Accessories,2023-06-09,2023-06,1,65.2,0.05,61.94,17.96,1,0.0,0.0,Paid Social,Mobile
ORD0001647,CUST00292,PROD0114,Beauty,2023-11-30,2023-11,2,25.83,0,51.66,21.18,0,51.66,21.18,Paid Social,Mobile
ORD0001648,CUST00292,PROD0161,Home & Living,2024-02-12,2024-02,1,33.22,0,33.22,19.6,0,33.22,19.6,Paid Social,Mobile
ORD0001649,CUST00292,PROD0005,Footwear,2022-09-27,2022-09,3,121.17,0.05,345.33,200.29,1,0.0,0.0,Paid Social,Mobile
ORD0001650,CUST00292,PROD0173,Footwear,2023-01-11,2023-01,3,87.72,0.05,250.0,107.5,1,0.0,0.0,Paid Social,Mobile
ORD0001651,CUST00292,PROD0119,Beauty,2023-04-13,2023-04,2,20.14,0,40.28,14.5,0,40.28,14.5,Paid Social,Mobile
ORD0001652,CUST00293,PROD0061,Home & Living,2023-12-27,2023-12,2,136.85,0,273.7,101.27,0,273.7,101.27,Organic Search,Desktop
ORD0001653,CUST00293,PROD0048,Home & Living,2023-09-22,2023-09,1,96.14,0,96.14,60.57,0,96.14,60.57,Organic Search,Desktop
ORD0001654,CUST00293,PROD0044,Footwear,2023-04-01,2023-04,3,185.76,0,557.28,273.07,0,557.28,273.07,Organic Search,Desktop
ORD0001655,CUST00293,PROD0176,Home & Living,2024-01-29,2024-01,3,51.13,0,153.39,42.95,1,0.0,0.0,Organic Search,Desktop
ORD0001656,CUST00293,PROD0031,Footwear,2023-09-18,2023-09,3,42.93,0,128.79,56.67,0,128.79,56.67,Organic Search,Desktop
ORD0001657,CUST00293,PROD0183,Clothing,2023-07-24,2023-07,1,78.37,0,78.37,47.02,0,78.37,47.02,Organic Search,Desktop
ORD0001658,CUST00293,PROD0042,Home & Living,2023-03-26,2023-03,2,61.51,0,123.02,34.45,1,0.0,0.0,Organic Search,Desktop
ORD0001659,CUST00293,PROD0144,Beauty,2023-05-20,2023-05,2,34.94,0,69.88,38.43,0,69.88,38.43,Organic Search,Desktop
ORD0001660,CUST00293,PROD0194,Accessories,2023-06-03,2023-06,3,80.84,0,242.52,123.69,0,242.52,123.69,Organic Search,Desktop
ORD0001661,CUST00293,PROD0116,Footwear,2024-03-07,2024-03,3,141.52,0,424.56,186.81,0,424.56,186.81,Organic Search,Desktop
ORD0001662,CUST00293,PROD0068,Accessories,2024-03-28,2024-03,2,58.26,0,116.52,48.94,0,116.52,48.94,Organic Search,Desktop
ORD0001663,CUST00294,PROD0109,Sports,2024-02-12,2024-02,1,60.91,0,60.91,18.88,0,60.91,18.88,Email,Desktop
ORD0001664,CUST00294,PROD0095,Accessories,2024-01-12,2024-01,1,33.53,0,33.53,19.11,0,33.53,19.11,Email,Desktop
ORD0001665,CUST00294,PROD0093,Footwear,2023-10-15,2023-10,2,85.42,0.15,145.21,82.77,1,0.0,0.0,Email,Desktop
ORD0001666,CUST00294,PROD0129,Accessories,2023-09-17,2023-09,2,45.01,0,90.02,27.91,0,90.02,27.91,Email,Desktop
ORD0001667,CUST00294,PROD0165,Footwear,2024-03-17,2024-03,2,116.35,0.15,197.79,126.59,0,197.79,126.59,Email,Desktop
ORD0001668,CUST00294,PROD0111,Clothing,2024-02-20,2024-02,3,72.51,0,217.53,132.69,1,0.0,0.0,Email,Desktop
ORD0001669,CUST00295,PROD0092,Beauty,2023-08-07,2023-08,2,19.38,0,38.76,12.4,0,38.76,12.4,Direct,Mobile
ORD0001670,CUST00295,PROD0140,Home & Living,2023-11-04,2023-11,2,34.26,0,68.52,37.69,1,0.0,0.0,Direct,Mobile
ORD0001671,CUST00296,PROD0030,Beauty,2023-09-11,2023-09,2,30.52,0.05,57.99,20.88,1,0.0,0.0,Paid Social,Desktop
ORD0001672,CUST00297,PROD0054,Sports,2024-02-23,2024-02,2,142.4,0,284.8,142.4,0,284.8,142.4,Paid Social,Mobile
ORD0001673,CUST00297,PROD0013,Sports,2023-11-19,2023-11,2,147.02,0.05,279.34,108.94,0,279.34,108.94,Paid Social,Mobile
ORD0001674,CUST00297,PROD0068,Accessories,2023-07-09,2023-07,1,58.26,0,58.26,24.47,0,58.26,24.47,Paid Social,Mobile
ORD0001675,CUST00297,PROD0116,Footwear,2023-07-27,2023-07,2,141.52,0,283.04,124.54,1,0.0,0.0,Paid Social,Mobile
ORD0001676,CUST00298,PROD0003,Footwear,2023-12-13,2023-12,2,63.28,0.05,120.23,60.12,0,120.23,60.12,Paid Social,Desktop
ORD0001677,CUST00298,PROD0030,Beauty,2023-11-15,2023-11,1,30.52,0.05,28.99,10.44,1,0.0,0.0,Paid Social,Desktop
ORD0001678,CUST00299,PROD0149,Beauty,2022-07-14,2022-07,3,65.53,0,196.59,102.23,0,196.59,102.23,Paid Social,Mobile
ORD0001679,CUST00300,PROD0006,Accessories,2022-07-14,2022-07,1,25.71,0.1,23.14,10.88,0,23.14,10.88,Email,Mobile
ORD0001680,CUST00300,PROD0010,Home & Living,2024-03-15,2024-03,1,50.82,0,50.82,19.31,0,50.82,19.31,Email,Mobile
ORD0001681,CUST00300,PROD0084,Accessories,2022-11-20,2022-11,1,45.9,0.1,41.31,11.57,0,41.31,11.57,Email,Mobile
ORD0001682,CUST00300,PROD0009,Sports,2024-03-11,2024-03,1,39.16,0.2,31.33,18.48,0,31.33,18.48,Email,Mobile
ORD0001683,CUST00300,PROD0153,Accessories,2023-11-06,2023-11,1,85.5,0.2,68.4,38.3,1,0.0,0.0,Email,Mobile
ORD0001684,CUST00301,PROD0103,Accessories,2023-10-08,2023-10,2,84.89,0,169.78,76.4,0,169.78,76.4,Organic Search,Desktop
ORD0001685,CUST00301,PROD0060,Footwear,2023-08-06,2023-08,2,104.31,0,208.62,60.5,0,208.62,60.5,Organic Search,Desktop
ORD0001686,CUST00301,PROD0068,Accessories,2023-05-28,2023-05,3,58.26,0,174.78,73.41,0,174.78,73.41,Organic Search,Desktop
ORD0001687,CUST00302,PROD0077,Footwear,2022-09-02,2022-09,1,66.48,0,66.48,29.92,0,66.48,29.92,Direct,Mobile
ORD0001688,CUST00302,PROD0104,Sports,2023-11-25,2023-11,3,40.92,0,122.76,44.19,1,0.0,0.0,Direct,Mobile
ORD0001689,CUST00302,PROD0123,Clothing,2023-01-03,2023-01,2,40.48,0,80.96,21.05,0,80.96,21.05,Direct,Mobile
ORD0001690,CUST00303,PROD0118,Clothing,2022-11-27,2022-11,3,33.04,0,99.12,47.58,0,99.12,47.58,Organic Search,Mobile
ORD0001691,CUST00303,PROD0085,Accessories,2024-02-20,2024-02,1,53.78,0,53.78,25.81,0,53.78,25.81,Organic Search,Mobile
ORD0001692,CUST00304,PROD0174,Clothing,2023-03-11,2023-03,2,69.83,0,139.66,36.31,0,139.66,36.31,Influencer,Mobile
ORD0001693,CUST00304,PROD0116,Footwear,2023-07-06,2023-07,2,141.52,0,283.04,124.54,0,283.04,124.54,Influencer,Mobile
ORD0001694,CUST00304,PROD0098,Home & Living,2023-06-20,2023-06,1,101.77,0,101.77,42.74,0,101.77,42.74,Influencer,Mobile
ORD0001695,CUST00304,PROD0024,Beauty,2023-03-27,2023-03,3,20.35,0,61.05,25.03,1,0.0,0.0,Influencer,Mobile
ORD0001696,CUST00305,PROD0105,Sports,2023-11-05,2023-11,1,41.5,0.1,37.35,23.53,0,37.35,23.53,Paid Social,Mobile
ORD0001697,CUST00305,PROD0200,Footwear,2023-09-23,2023-09,3,43.07,0,129.21,73.65,0,129.21,73.65,Paid Social,Mobile
ORD0001698,CUST00305,PROD0064,Footwear,2024-03-01,2024-03,1,190.18,0.1,171.16,66.75,0,171.16,66.75,Paid Social,Mobile
ORD0001699,CUST00306,PROD0043,Footwear,2023-06-01,2023-06,2,62.01,0,124.02,76.89,0,124.02,76.89,Organic Search,Desktop
ORD0001700,CUST00306,PROD0148,Beauty,2022-12-17,2022-12,3,56.54,0,169.62,93.29,0,169.62,93.29,Organic Search,Desktop
ORD0001701,CUST00306,PROD0015,Footwear,2023-10-30,2023-10,2,131.63,0,263.26,107.94,0,263.26,107.94,Organic Search,Desktop
ORD0001702,CUST00306,PROD0042,Home & Living,2023-10-02,2023-10,1,61.51,0,61.51,17.22,1,0.0,0.0,Organic Search,Desktop
ORD0001703,CUST00306,PROD0110,Footwear,2023-04-10,2023-04,2,106.03,0,212.06,114.51,0,212.06,114.51,Organic Search,Desktop
ORD0001704,CUST00306,PROD0070,Home & Living,2023-06-27,2023-06,3,75.93,0,227.79,134.4,0,227.79,134.4,Organic Search,Desktop
ORD0001705,CUST00306,PROD0108,Accessories,2022-07-30,2022-07,1,82.14,0,82.14,24.64,0,82.14,24.64,Organic Search,Desktop
ORD0001706,CUST00307,PROD0165,Footwear,2023-07-14,2023-07,3,116.35,0.05,331.6,212.22,0,331.6,212.22,Paid Social,Desktop
ORD0001707,CUST00307,PROD0097,Clothing,2023-02-10,2023-02,2,60.58,0.05,115.1,33.38,0,115.1,33.38,Paid Social,Desktop
ORD0001708,CUST00307,PROD0108,Accessories,2023-09-12,2023-09,3,82.14,0,246.42,73.93,0,246.42,73.93,Paid Social,Desktop
ORD0001709,CUST00307,PROD0068,Accessories,2023-03-25,2023-03,1,58.26,0.05,55.35,23.25,0,55.35,23.25,Paid Social,Desktop
ORD0001710,CUST00307,PROD0164,Accessories,2023-10-16,2023-10,1,18.66,0,18.66,5.41,0,18.66,5.41,Paid Social,Desktop
ORD0001711,CUST00307,PROD0090,Home & Living,2023-07-01,2023-07,2,99.94,0.05,189.89,119.63,0,189.89,119.63,Paid Social,Desktop
ORD0001712,CUST00307,PROD0037,Clothing,2024-01-12,2024-01,3,99.72,0,299.16,113.68,0,299.16,113.68,Paid Social,Desktop
ORD0001713,CUST00307,PROD0024,Beauty,2023-08-18,2023-08,2,20.35,0,40.7,16.69,0,40.7,16.69,Paid Social,Desktop
ORD0001714,CUST00308,PROD0100,Clothing,2022-09-26,2022-09,3,80.73,0,242.19,108.99,0,242.19,108.99,Organic Search,Tablet
ORD0001715,CUST00308,PROD0055,Sports,2023-02-20,2023-02,1,136.99,0,136.99,39.73,0,136.99,39.73,Organic Search,Tablet
ORD0001716,CUST00308,PROD0047,Footwear,2022-10-10,2022-10,1,144.43,0,144.43,56.33,0,144.43,56.33,Organic Search,Tablet
ORD0001717,CUST00308,PROD0165,Footwear,2023-11-24,2023-11,3,116.35,0,349.05,223.39,1,0.0,0.0,Organic Search,Tablet
ORD0001718,CUST00309,PROD0175,Footwear,2023-06-24,2023-06,2,69.53,0.05,132.11,39.63,0,132.11,39.63,Paid Social,Desktop
ORD0001719,CUST00310,PROD0042,Home & Living,2023-08-18,2023-08,1,61.51,0,61.51,17.22,0,61.51,17.22,Referral,Tablet
ORD0001720,CUST00310,PROD0078,Accessories,2023-12-13,2023-12,1,83.84,0.1,75.46,45.28,0,75.46,45.28,Referral,Tablet
ORD0001721,CUST00310,PROD0061,Home & Living,2024-02-14,2024-02,3,136.85,0,410.55,151.9,0,410.55,151.9,Referral,Tablet
ORD0001722,CUST00310,PROD0047,Footwear,2023-05-01,2023-05,2,144.43,0,288.86,112.66,1,0.0,0.0,Referral,Tablet
ORD0001723,CUST00310,PROD0068,Accessories,2023-05-04,2023-05,2,58.26,0.1,104.87,44.05,0,104.87,44.05,Referral,Tablet
ORD0001724,CUST00310,PROD0172,Beauty,2023-02-27,2023-02,1,19.11,0,19.11,8.22,0,19.11,8.22,Referral,Tablet
ORD0001725,CUST00310,PROD0173,Footwear,2024-02-25,2024-02,1,87.72,0,87.72,37.72,0,87.72,37.72,Referral,Tablet
ORD0001726,CUST00310,PROD0079,Footwear,2023-11-19,2023-11,3,67.68,0.1,182.74,76.75,0,182.74,76.75,Referral,Tablet
ORD0001727,CUST00310,PROD0123,Clothing,2023-10-01,2023-10,1,40.48,0,40.48,10.52,0,40.48,10.52,Referral,Tablet
ORD0001728,CUST00310,PROD0074,Beauty,2023-04-29,2023-04,1,52.12,0.1,46.91,12.2,0,46.91,12.2,Referral,Tablet
ORD0001729,CUST00310,PROD0153,Accessories,2024-01-25,2024-01,1,85.5,0,85.5,47.88,0,85.5,47.88,Referral,Tablet
ORD0001730,CUST00310,PROD0159,Beauty,2024-02-10,2024-02,2,20.79,0,41.58,12.89,0,41.58,12.89,Referral,Tablet
ORD0001731,CUST00310,PROD0192,Sports,2023-05-27,2023-05,3,82.92,0.1,223.88,116.42,0,223.88,116.42,Referral,Tablet
ORD0001732,CUST00311,PROD0044,Footwear,2023-12-23,2023-12,3,185.76,0.05,529.42,259.42,0,529.42,259.42,Paid Social,Mobile
ORD0001733,CUST00311,PROD0074,Beauty,2023-12-19,2023-12,1,52.12,0,52.12,13.55,0,52.12,13.55,Paid Social,Mobile
ORD0001734,CUST00311,PROD0141,Beauty,2023-11-06,2023-11,1,60.76,0.1,54.68,18.59,0,54.68,18.59,Paid Social,Mobile
ORD0001735,CUST00312,PROD0127,Accessories,2023-04-04,2023-04,2,49.21,0,98.42,30.51,0,98.42,30.51,Email,Mobile
ORD0001736,CUST00312,PROD0044,Footwear,2023-08-28,2023-08,2,185.76,0.2,297.22,145.64,1,0.0,0.0,Email,Mobile
ORD0001737,CUST00312,PROD0034,Clothing,2024-02-02,2024-02,2,108.12,0.1,194.62,77.85,0,194.62,77.85,Email,Mobile
ORD0001738,CUST00313,PROD0134,Accessories,2023-07-11,2023-07,2,24.1,0,48.2,26.99,0,48.2,26.99,Influencer,Mobile
ORD0001739,CUST00313,PROD0106,Footwear,2023-03-22,2023-03,1,188.1,0,188.1,80.88,0,188.1,80.88,Influencer,Mobile
ORD0001740,CUST00313,PROD0138,Home & Living,2023-05-29,2023-05,1,126.57,0,126.57,56.96,0,126.57,56.96,Influencer,Mobile
ORD0001741,CUST00313,PROD0025,Footwear,2023-08-10,2023-08,3,78.3,0,234.9,77.52,1,0.0,0.0,Influencer,Mobile
ORD0001742,CUST00313,PROD0141,Beauty,2023-10-03,2023-10,3,60.76,0,182.28,61.98,1,0.0,0.0,Influencer,Mobile
ORD0001743,CUST00313,PROD0029,Accessories,2023-02-27,2023-02,2,59.38,0,118.76,71.26,0,118.76,71.26,Influencer,Mobile
ORD0001744,CUST00313,PROD0046,Sports,2022-09-29,2022-09,3,44.39,0,133.17,70.58,0,133.17,70.58,Influencer,Mobile
ORD0001745,CUST00313,PROD0113,Home & Living,2023-05-24,2023-05,2,30.82,0,61.64,32.67,0,61.64,32.67,Influencer,Mobile
ORD0001746,CUST00313,PROD0036,Home & Living,2022-06-01,2022-06,1,74.59,0,74.59,26.11,1,0.0,0.0,Influencer,Mobile
ORD0001747,CUST00313,PROD0053,Footwear,2023-10-12,2023-10,1,46.14,0,46.14,25.84,0,46.14,25.84,Influencer,Mobile
ORD0001748,CUST00313,PROD0198,Sports,2024-03-26,2024-03,3,59.63,0,178.89,75.13,0,178.89,75.13,Influencer,Mobile
ORD0001749,CUST00314,PROD0131,Beauty,2023-10-19,2023-10,3,36.76,0,110.28,38.6,0,110.28,38.6,Organic Search,Mobile
ORD0001750,CUST00314,PROD0188,Footwear,2024-03-24,2024-03,1,148.41,0,148.41,87.56,0,148.41,87.56,Organic Search,Mobile
ORD0001751,CUST00314,PROD0004,Accessories,2023-10-07,2023-10,3,19.48,0,58.44,36.82,0,58.44,36.82,Organic Search,Mobile
ORD0001752,CUST00314,PROD0077,Footwear,2023-12-18,2023-12,2,66.48,0,132.96,59.83,0,132.96,59.83,Organic Search,Mobile
ORD0001753,CUST00314,PROD0161,Home & Living,2024-03-20,2024-03,2,33.22,0,66.44,39.2,0,66.44,39.2,Organic Search,Mobile
ORD0001754,CUST00314,PROD0158,Home & Living,2023-12-10,2023-12,3,50.83,0,152.49,71.67,0,152.49,71.67,Organic Search,Mobile
ORD0001755,CUST00314,PROD0164,Accessories,2024-03-18,2024-03,2,18.66,0,37.32,10.82,0,37.32,10.82,Organic Search,Mobile
ORD0001756,CUST00314,PROD0096,Sports,2024-03-09,2024-03,1,59.98,0,59.98,38.39,1,0.0,0.0,Organic Search,Mobile
ORD0001757,CUST00315,PROD0063,Accessories,2022-09-19,2022-09,2,72.45,0,144.9,49.27,0,144.9,49.27,Email,Mobile
ORD0001758,CUST00315,PROD0002,Clothing,2023-10-22,2023-10,2,48.81,0.1,87.86,55.35,1,0.0,0.0,Email,Mobile
ORD0001759,CUST00315,PROD0029,Accessories,2024-02-23,2024-02,1,59.38,0.1,53.44,32.06,1,0.0,0.0,Email,Mobile
ORD0001760,CUST00315,PROD0106,Footwear,2023-03-31,2023-03,2,188.1,0,376.2,161.77,0,376.2,161.77,Email,Mobile
ORD0001761,CUST00315,PROD0074,Beauty,2024-02-09,2024-02,3,52.12,0,156.36,40.65,0,156.36,40.65,Email,Mobile
ORD0001762,CUST00316,PROD0139,Home & Living,2022-10-10,2022-10,2,121.16,0,242.32,145.39,0,242.32,145.39,Paid Social,Desktop
ORD0001763,CUST00316,PROD0033,Sports,2022-12-23,2022-12,3,54.48,0.1,147.1,41.19,0,147.1,41.19,Paid Social,Desktop
ORD0001764,CUST00316,PROD0009,Sports,2022-09-20,2022-09,2,39.16,0,78.32,46.21,0,78.32,46.21,Paid Social,Desktop
ORD0001765,CUST00316,PROD0135,Beauty,2023-06-13,2023-06,2,31.76,0.05,60.34,37.41,0,60.34,37.41,Paid Social,Desktop
ORD0001766,CUST00316,PROD0130,Home & Living,2023-08-02,2023-08,3,126.57,0,379.71,220.23,1,0.0,0.0,Paid Social,Desktop
ORD0001767,CUST00316,PROD0058,Accessories,2022-08-29,2022-08,1,50.31,0.1,45.28,14.94,0,45.28,14.94,Paid Social,Desktop
ORD0001768,CUST00316,PROD0097,Clothing,2024-03-26,2024-03,1,60.58,0.05,57.55,16.69,1,0.0,0.0,Paid Social,Desktop
ORD0001769,CUST00317,PROD0099,Home & Living,2023-12-22,2023-12,1,113.39,0,113.39,41.95,1,0.0,0.0,Paid Social,Desktop
ORD0001770,CUST00317,PROD0194,Accessories,2024-03-25,2024-03,2,80.84,0,161.68,82.46,1,0.0,0.0,Paid Social,Desktop
ORD0001771,CUST00317,PROD0084,Accessories,2023-11-14,2023-11,2,45.9,0,91.8,25.7,0,91.8,25.7,Paid Social,Desktop
ORD0001772,CUST00318,PROD0062,Accessories,2023-11-24,2023-11,1,85.04,0,85.04,35.72,1,0.0,0.0,Influencer,Desktop
ORD0001773,CUST00318,PROD0079,Footwear,2023-05-18,2023-05,2,67.68,0,135.36,56.85,0,135.36,56.85,Influencer,Desktop
ORD0001774,CUST00318,PROD0067,Clothing,2023-10-03,2023-10,3,47.62,0,142.86,45.72,0,142.86,45.72,Influencer,Desktop
ORD0001775,CUST00318,PROD0113,Home & Living,2023-03-14,2023-03,1,30.82,0,30.82,16.33,0,30.82,16.33,Influencer,Desktop
ORD0001776,CUST00318,PROD0055,Sports,2023-12-27,2023-12,1,136.99,0,136.99,39.73,0,136.99,39.73,Influencer,Desktop
ORD0001777,CUST00319,PROD0053,Footwear,2022-06-18,2022-06,3,46.14,0,138.42,77.52,0,138.42,77.52,Email,Desktop
ORD0001778,CUST00319,PROD0151,Clothing,2022-10-26,2022-10,3,30.88,0.2,74.11,32.61,0,74.11,32.61,Email,Desktop
ORD0001779,CUST00319,PROD0189,Home & Living,2023-09-03,2023-09,1,100.23,0,100.23,61.14,1,0.0,0.0,Email,Desktop
ORD0001780,CUST00319,PROD0142,Sports,2022-11-01,2022-11,3,114.73,0,344.19,165.21,0,344.19,165.21,Email,Desktop
ORD0001781,CUST00319,PROD0007,Beauty,2024-02-26,2024-02,3,25.48,0.2,61.15,20.18,0,61.15,20.18,Email,Desktop
ORD0001782,CUST00319,PROD0092,Beauty,2022-08-07,2022-08,1,19.38,0.1,17.44,5.58,1,0.0,0.0,Email,Desktop
ORD0001783,CUST00319,PROD0113,Home & Living,2022-04-26,2022-04,1,30.82,0,30.82,16.33,0,30.82,16.33,Email,Desktop
ORD0001784,CUST00319,PROD0189,Home & Living,2023-04-26,2023-04,1,100.23,0.15,85.2,51.97,1,0.0,0.0,Email,Desktop
ORD0001785,CUST00319,PROD0182,Accessories,2024-01-07,2024-01,2,22.63,0.1,40.73,15.48,0,40.73,15.48,Email,Desktop
ORD0001786,CUST00319,PROD0057,Beauty,2022-09-27,2022-09,3,25.42,0.2,61.01,29.28,0,61.01,29.28,Email,Desktop
ORD0001787,CUST00320,PROD0069,Beauty,2022-11-23,2022-11,2,52.71,0.05,100.15,60.09,0,100.15,60.09,Paid Social,Mobile
ORD0001788,CUST00320,PROD0104,Sports,2022-09-11,2022-09,2,40.92,0.05,77.75,27.99,1,0.0,0.0,Paid Social,Mobile
ORD0001789,CUST00320,PROD0044,Footwear,2022-01-24,2022-01,2,185.76,0,371.52,182.04,0,371.52,182.04,Paid Social,Mobile
ORD0001790,CUST00321,PROD0130,Home & Living,2023-06-16,2023-06,3,126.57,0,379.71,220.23,0,379.71,220.23,Paid Social,Mobile
ORD0001791,CUST00321,PROD0133,Clothing,2023-07-28,2023-07,1,70.11,0,70.11,39.96,1,0.0,0.0,Paid Social,Mobile
ORD0001792,CUST00321,PROD0074,Beauty,2023-10-10,2023-10,2,52.12,0.05,99.03,25.75,0,99.03,25.75,Paid Social,Mobile
ORD0001793,CUST00321,PROD0140,Home & Living,2023-10-19,2023-10,1,34.26,0,34.26,18.84,1,0.0,0.0,Paid Social,Mobile
ORD0001794,CUST00322,PROD0043,Footwear,2024-01-07,2024-01,2,62.01,0,124.02,76.89,0,124.02,76.89,Organic Search,Desktop
ORD0001795,CUST00322,PROD0064,Footwear,2022-11-23,2022-11,2,190.18,0,380.36,148.34,0,380.36,148.34,Organic Search,Desktop
ORD0001796,CUST00322,PROD0088,Accessories,2022-07-10,2022-07,3,42.05,0,126.15,46.68,0,126.15,46.68,Organic Search,Desktop
ORD0001797,CUST00323,PROD0193,Sports,2024-01-29,2024-01,3,95.75,0,287.25,91.92,0,287.25,91.92,Direct,Mobile
ORD0001798,CUST00323,PROD0025,Footwear,2023-10-06,2023-10,1,78.3,0,78.3,25.84,0,78.3,25.84,Direct,Mobile
ORD0001799,CUST00323,PROD0090,Home & Living,2023-06-07,2023-06,1,99.94,0,99.94,62.96,0,99.94,62.96,Direct,Mobile
ORD0001800,CUST00324,PROD0085,Accessories,2024-01-23,2024-01,3,53.78,0,161.34,77.44,1,0.0,0.0,Organic Search,Mobile
ORD0001801,CUST00324,PROD0196,Sports,2023-02-04,2023-02,1,92.93,0,92.93,57.62,0,92.93,57.62,Organic Search,Mobile
ORD0001802,CUST00324,PROD0084,Accessories,2023-06-20,2023-06,2,45.9,0,91.8,25.7,1,0.0,0.0,Organic Search,Mobile
ORD0001803,CUST00324,PROD0177,Accessories,2023-07-01,2023-07,3,31.44,0,94.32,35.84,0,94.32,35.84,Organic Search,Mobile
ORD0001804,CUST00324,PROD0117,Accessories,2024-02-02,2024-02,1,65.2,0,65.2,18.91,0,65.2,18.91,Organic Search,Mobile
ORD0001805,CUST00325,PROD0081,Home & Living,2024-02-19,2024-02,3,97.71,0.1,263.82,68.59,0,263.82,68.59,Referral,Mobile
ORD0001806,CUST00325,PROD0184,Sports,2023-01-28,2023-01,3,135.08,0,405.24,109.41,1,0.0,0.0,Referral,Mobile
ORD0001807,CUST00325,PROD0126,Sports,2024-03-31,2024-03,1,92.2,0,92.2,59.01,0,92.2,59.01,Referral,Mobile
ORD0001808,CUST00325,PROD0060,Footwear,2023-08-30,2023-08,3,104.31,0,312.93,90.75,0,312.93,90.75,Referral,Mobile
ORD0001809,CUST00325,PROD0178,Clothing,2023-05-15,2023-05,2,60.67,0.1,109.21,43.68,0,109.21,43.68,Referral,Mobile
ORD0001810,CUST00325,PROD0190,Beauty,2023-01-08,2023-01,2,23.73,0.1,42.71,18.79,0,42.71,18.79,Referral,Mobile
ORD0001811,CUST00325,PROD0091,Beauty,2023-07-13,2023-07,1,39.11,0,39.11,15.64,0,39.11,15.64,Referral,Mobile
ORD0001812,CUST00326,PROD0014,Beauty,2023-10-12,2023-10,1,56.06,0,56.06,35.32,1,0.0,0.0,Email,Desktop
ORD0001813,CUST00326,PROD0155,Beauty,2024-03-29,2024-03,3,35.29,0,105.87,43.41,0,105.87,43.41,Email,Desktop
ORD0001814,CUST00326,PROD0071,Beauty,2024-03-22,2024-03,1,65.25,0,65.25,39.8,0,65.25,39.8,Email,Desktop
ORD0001815,CUST00326,PROD0130,Home & Living,2023-11-11,2023-11,1,126.57,0.1,113.91,66.07,0,113.91,66.07,Email,Desktop
ORD0001816,CUST00326,PROD0065,Accessories,2023-09-17,2023-09,1,54.38,0.1,48.94,21.04,0,48.94,21.04,Email,Desktop
ORD0001817,CUST00326,PROD0161,Home & Living,2024-01-21,2024-01,1,33.22,0,33.22,19.6,0,33.22,19.6,Email,Desktop
ORD0001818,CUST00327,PROD0056,Home & Living,2023-09-12,2023-09,3,70.19,0,210.57,113.71,0,210.57,113.71,Direct,Desktop
ORD0001819,CUST00327,PROD0155,Beauty,2024-01-24,2024-01,3,35.29,0,105.87,43.41,0,105.87,43.41,Direct,Desktop
ORD0001820,CUST00327,PROD0033,Sports,2023-10-09,2023-10,1,54.48,0,54.48,15.25,0,54.48,15.25,Direct,Desktop
ORD0001821,CUST00327,PROD0143,Beauty,2023-12-28,2023-12,3,15.9,0,47.7,30.53,0,47.7,30.53,Direct,Desktop
ORD0001822,CUST00327,PROD0080,Sports,2023-06-16,2023-06,2,42.1,0,84.2,42.1,0,84.2,42.1,Direct,Desktop
ORD0001823,CUST00327,PROD0128,Clothing,2023-12-13,2023-12,2,28.95,0,57.9,24.32,1,0.0,0.0,Direct,Desktop
ORD0001824,CUST00327,PROD0125,Sports,2023-11-29,2023-11,3,126.04,0,378.12,147.47,0,378.12,147.47,Direct,Desktop
ORD0001825,CUST00328,PROD0116,Footwear,2023-07-24,2023-07,3,141.52,0.1,382.1,168.12,0,382.1,168.12,Email,Mobile
ORD0001826,CUST00328,PROD0187,Clothing,2023-03-07,2023-03,2,104.59,0,209.18,92.04,1,0.0,0.0,Email,Mobile
ORD0001827,CUST00328,PROD0156,Sports,2023-10-31,2023-10,3,96.17,0.2,230.81,133.87,0,230.81,133.87,Email,Mobile
ORD0001828,CUST00328,PROD0108,Accessories,2023-07-22,2023-07,2,82.14,0,164.28,49.28,0,164.28,49.28,Email,Mobile
ORD0001829,CUST00328,PROD0050,Home & Living,2023-02-28,2023-02,1,120.87,0.1,108.78,29.37,1,0.0,0.0,Email,Mobile
ORD0001830,CUST00328,PROD0048,Home & Living,2023-05-01,2023-05,2,96.14,0,192.28,121.14,0,192.28,121.14,Email,Mobile
ORD0001831,CUST00329,PROD0173,Footwear,2022-06-18,2022-06,1,87.72,0,87.72,37.72,0,87.72,37.72,Paid Social,Tablet
ORD0001832,CUST00329,PROD0123,Clothing,2023-09-23,2023-09,2,40.48,0,80.96,21.05,0,80.96,21.05,Paid Social,Tablet
ORD0001833,CUST00329,PROD0162,Home & Living,2023-05-03,2023-05,3,81.32,0,243.96,107.34,1,0.0,0.0,Paid Social,Tablet
ORD0001834,CUST00329,PROD0174,Clothing,2023-10-29,2023-10,1,69.83,0.05,66.34,17.25,0,66.34,17.25,Paid Social,Tablet
ORD0001835,CUST00330,PROD0123,Clothing,2023-12-13,2023-12,3,40.48,0.05,115.37,30.0,0,115.37,30.0,Paid Social,Mobile
ORD0001836,CUST00330,PROD0050,Home & Living,2023-11-11,2023-11,2,120.87,0.05,229.65,62.01,0,229.65,62.01,Paid Social,Mobile
ORD0001837,CUST00330,PROD0114,Beauty,2024-02-25,2024-02,3,25.83,0,77.49,31.77,0,77.49,31.77,Paid Social,Mobile
ORD0001838,CUST00330,PROD0150,Beauty,2023-11-02,2023-11,3,24.66,0.05,70.28,34.44,0,70.28,34.44,Paid Social,Mobile
ORD0001839,CUST00330,PROD0113,Home & Living,2024-03-31,2024-03,1,30.82,0.1,27.74,14.7,0,27.74,14.7,Paid Social,Mobile
ORD0001840,CUST00330,PROD0157,Sports,2023-12-07,2023-12,1,101.12,0,101.12,42.47,0,101.12,42.47,Paid Social,Mobile
ORD0001841,CUST00330,PROD0170,Beauty,2023-11-14,2023-11,2,69.97,0.1,125.95,80.61,0,125.95,80.61,Paid Social,Mobile
ORD0001842,CUST00330,PROD0085,Accessories,2023-07-26,2023-07,1,53.78,0,53.78,25.81,1,0.0,0.0,Paid Social,Mobile
ORD0001843,CUST00330,PROD0110,Footwear,2023-12-31,2023-12,1,106.03,0,106.03,57.26,0,106.03,57.26,Paid Social,Mobile
ORD0001844,CUST00330,PROD0076,Clothing,2023-07-15,2023-07,2,54.02,0,108.04,33.49,0,108.04,33.49,Paid Social,Mobile
ORD0001845,CUST00330,PROD0121,Clothing,2024-01-05,2024-01,3,86.37,0.1,233.2,114.27,0,233.2,114.27,Paid Social,Mobile
ORD0001846,CUST00330,PROD0169,Accessories,2023-10-21,2023-10,2,66.47,0,132.94,67.8,0,132.94,67.8,Paid Social,Mobile
ORD0001847,CUST00331,PROD0132,Home & Living,2023-05-30,2023-05,2,31.95,0,63.9,37.06,0,63.9,37.06,Paid Social,Mobile
ORD0001848,CUST00331,PROD0052,Clothing,2024-02-04,2024-02,2,61.19,0.05,116.26,33.72,0,116.26,33.72,Paid Social,Mobile
ORD0001849,CUST00331,PROD0160,Accessories,2023-10-19,2023-10,3,31.12,0.1,84.02,47.05,0,84.02,47.05,Paid Social,Mobile
ORD0001850,CUST00331,PROD0090,Home & Living,2023-11-18,2023-11,1,99.94,0.05,94.94,59.81,0,94.94,59.81,Paid Social,Mobile
ORD0001851,CUST00331,PROD0017,Home & Living,2023-04-28,2023-04,2,31.84,0,63.68,24.84,1,0.0,0.0,Paid Social,Mobile
ORD0001852,CUST00332,PROD0184,Sports,2023-05-31,2023-05,2,135.08,0,270.16,72.94,1,0.0,0.0,Influencer,Mobile
ORD0001853,CUST00332,PROD0188,Footwear,2022-09-29,2022-09,3,148.41,0,445.23,262.69,0,445.23,262.69,Influencer,Mobile
ORD0001854,CUST00332,PROD0104,Sports,2023-02-04,2023-02,2,40.92,0,81.84,29.46,0,81.84,29.46,Influencer,Mobile
ORD0001855,CUST00333,PROD0102,Footwear,2022-12-22,2022-12,3,44.77,0.05,127.59,33.17,0,127.59,33.17,Paid Social,Mobile
ORD0001856,CUST00333,PROD0032,Home & Living,2023-06-08,2023-06,2,43.05,0.05,81.79,23.72,1,0.0,0.0,Paid Social,Mobile
ORD0001857,CUST00333,PROD0067,Clothing,2023-05-11,2023-05,2,47.62,0,95.24,30.48,0,95.24,30.48,Paid Social,Mobile
ORD0001858,CUST00333,PROD0086,Clothing,2023-10-21,2023-10,2,82.15,0.1,147.87,84.29,0,147.87,84.29,Paid Social,Mobile
ORD0001859,CUST00334,PROD0180,Sports,2022-08-24,2022-08,3,57.83,0.15,147.47,82.58,0,147.47,82.58,Email,Desktop
ORD0001860,CUST00334,PROD0103,Accessories,2024-01-27,2024-01,3,84.89,0,254.67,114.6,0,254.67,114.6,Email,Desktop
ORD0001861,CUST00334,PROD0062,Accessories,2024-01-07,2024-01,1,85.04,0.2,68.03,28.57,0,68.03,28.57,Email,Desktop
ORD0001862,CUST00334,PROD0139,Home & Living,2023-11-22,2023-11,1,121.16,0.15,102.99,61.79,0,102.99,61.79,Email,Desktop
ORD0001863,CUST00335,PROD0125,Sports,2024-01-09,2024-01,3,126.04,0,378.12,147.47,0,378.12,147.47,Paid Social,Mobile
ORD0001864,CUST00336,PROD0093,Footwear,2023-10-11,2023-10,3,85.42,0,256.26,146.07,1,0.0,0.0,Organic Search,Desktop
ORD0001865,CUST00336,PROD0185,Footwear,2023-07-06,2023-07,1,196.58,0,196.58,100.26,0,196.58,100.26,Organic Search,Desktop
ORD0001866,CUST00336,PROD0187,Clothing,2022-12-29,2022-12,1,104.59,0,104.59,46.02,0,104.59,46.02,Organic Search,Desktop
ORD0001867,CUST00336,PROD0186,Home & Living,2023-03-29,2023-03,2,126.59,0,253.18,73.42,0,253.18,73.42,Organic Search,Desktop
ORD0001868,CUST00336,PROD0158,Home & Living,2023-10-03,2023-10,1,50.83,0,50.83,23.89,0,50.83,23.89,Organic Search,Desktop
ORD0001869,CUST00336,PROD0092,Beauty,2023-01-23,2023-01,3,19.38,0,58.14,18.6,0,58.14,18.6,Organic Search,Desktop
ORD0001870,CUST00336,PROD0061,Home & Living,2023-09-18,2023-09,3,136.85,0,410.55,151.9,1,0.0,0.0,Organic Search,Desktop
ORD0001871,CUST00337,PROD0029,Accessories,2023-04-23,2023-04,2,59.38,0,118.76,71.26,0,118.76,71.26,Paid Social,Desktop
ORD0001872,CUST00337,PROD0162,Home & Living,2023-10-20,2023-10,3,81.32,0,243.96,107.34,0,243.96,107.34,Paid Social,Desktop
ORD0001873,CUST00338,PROD0011,Sports,2024-02-24,2024-02,1,85.35,0.1,76.81,21.51,0,76.81,21.51,Email,Desktop
ORD0001874,CUST00338,PROD0081,Home & Living,2024-02-06,2024-02,2,97.71,0,195.42,50.81,1,0.0,0.0,Email,Desktop
ORD0001875,CUST00338,PROD0060,Footwear,2024-03-10,2024-03,2,104.31,0,208.62,60.5,0,208.62,60.5,Email,Desktop
ORD0001876,CUST00338,PROD0137,Home & Living,2024-01-26,2024-01,1,99.54,0.15,84.61,33.0,1,0.0,0.0,Email,Desktop
ORD0001877,CUST00338,PROD0138,Home & Living,2023-12-07,2023-12,2,126.57,0.15,215.17,96.83,0,215.17,96.83,Email,Desktop
ORD0001878,CUST00338,PROD0177,Accessories,2023-11-24,2023-11,3,31.44,0.15,80.17,30.46,0,80.17,30.46,Email,Desktop
ORD0001879,CUST00338,PROD0107,Clothing,2024-02-27,2024-02,3,91.09,0.15,232.28,144.01,0,232.28,144.01,Email,Desktop
ORD0001880,CUST00338,PROD0037,Clothing,2024-01-05,2024-01,2,99.72,0,199.44,75.79,1,0.0,0.0,Email,Desktop
ORD0001881,CUST00339,PROD0008,Footwear,2023-09-19,2023-09,3,151.56,0.05,431.95,263.49,0,431.95,263.49,Paid Social,Mobile
ORD0001882,CUST00339,PROD0003,Footwear,2023-07-29,2023-07,3,63.28,0.05,180.35,90.17,0,180.35,90.17,Paid Social,Mobile
ORD0001883,CUST00339,PROD0043,Footwear,2023-07-10,2023-07,1,62.01,0.05,58.91,36.52,0,58.91,36.52,Paid Social,Mobile
ORD0001884,CUST00339,PROD0174,Clothing,2023-01-20,2023-01,2,69.83,0,139.66,36.31,1,0.0,0.0,Paid Social,Mobile
ORD0001885,CUST00339,PROD0002,Clothing,2023-06-24,2023-06,3,48.81,0,146.43,92.25,0,146.43,92.25,Paid Social,Mobile
ORD0001886,CUST00339,PROD0165,Footwear,2023-07-01,2023-07,2,116.35,0,232.7,148.93,1,0.0,0.0,Paid Social,Mobile
ORD0001887,CUST00340,PROD0095,Accessories,2024-02-20,2024-02,3,33.53,0.1,90.53,51.6,1,0.0,0.0,Email,Desktop
ORD0001888,CUST00340,PROD0027,Footwear,2023-06-25,2023-06,1,147.27,0,147.27,82.47,1,0.0,0.0,Email,Desktop
ORD0001889,CUST00340,PROD0088,Accessories,2023-02-08,2023-02,3,42.05,0.15,107.23,39.68,0,107.23,39.68,Email,Desktop
ORD0001890,CUST00340,PROD0026,Footwear,2023-04-24,2023-04,1,66.28,0.1,59.65,15.51,0,59.65,15.51,Email,Desktop
ORD0001891,CUST00340,PROD0138,Home & Living,2023-12-14,2023-12,3,126.57,0.2,303.77,136.7,0,303.77,136.7,Email,Desktop
ORD0001892,CUST00340,PROD0120,Home & Living,2023-06-28,2023-06,3,118.52,0.15,302.23,93.69,0,302.23,93.69,Email,Desktop
ORD0001893,CUST00340,PROD0063,Accessories,2022-12-09,2022-12,3,72.45,0.1,195.62,66.51,1,0.0,0.0,Email,Desktop
ORD0001894,CUST00340,PROD0031,Footwear,2022-11-29,2022-11,3,42.93,0.1,115.91,51.0,0,115.91,51.0,Email,Desktop
ORD0001895,CUST00340,PROD0011,Sports,2023-05-26,2023-05,3,85.35,0,256.05,71.69,1,0.0,0.0,Email,Desktop
ORD0001896,CUST00340,PROD0156,Sports,2024-02-17,2024-02,3,96.17,0.15,245.23,142.23,0,245.23,142.23,Email,Desktop
ORD0001897,CUST00340,PROD0018,Clothing,2023-04-18,2023-04,2,45.54,0.15,77.42,34.84,1,0.0,0.0,Email,Desktop
ORD0001898,CUST00340,PROD0037,Clothing,2023-08-19,2023-08,2,99.72,0.15,169.52,64.42,1,0.0,0.0,Email,Desktop
ORD0001899,CUST00340,PROD0121,Clothing,2023-03-25,2023-03,2,86.37,0,172.74,84.64,0,172.74,84.64,Email,Desktop
ORD0001900,CUST00340,PROD0010,Home & Living,2023-11-15,2023-11,1,50.82,0.15,43.2,16.42,0,43.2,16.42,Email,Desktop
ORD0001901,CUST00340,PROD0052,Clothing,2023-02-23,2023-02,1,61.19,0,61.19,17.75,1,0.0,0.0,Email,Desktop
ORD0001902,CUST00341,PROD0051,Footwear,2024-02-02,2024-02,3,119.28,0,357.84,203.97,0,357.84,203.97,Influencer,Desktop
ORD0001903,CUST00341,PROD0036,Home & Living,2023-09-19,2023-09,1,74.59,0,74.59,26.11,0,74.59,26.11,Influencer,Desktop
ORD0001904,CUST00341,PROD0096,Sports,2023-04-02,2023-04,1,59.98,0,59.98,38.39,0,59.98,38.39,Influencer,Desktop
ORD0001905,CUST00341,PROD0170,Beauty,2024-03-14,2024-03,1,69.97,0,69.97,44.78,1,0.0,0.0,Influencer,Desktop
ORD0001906,CUST00341,PROD0120,Home & Living,2023-05-29,2023-05,2,118.52,0,237.04,73.48,0,237.04,73.48,Influencer,Desktop
ORD0001907,CUST00342,PROD0186,Home & Living,2024-03-28,2024-03,3,126.59,0.1,341.79,99.12,1,0.0,0.0,Referral,Mobile
ORD0001908,CUST00342,PROD0095,Accessories,2023-06-08,2023-06,2,33.53,0.1,60.35,34.4,0,60.35,34.4,Referral,Mobile
ORD0001909,CUST00342,PROD0174,Clothing,2023-08-26,2023-08,1,69.83,0,69.83,18.16,1,0.0,0.0,Referral,Mobile
ORD0001910,CUST00342,PROD0001,Accessories,2022-10-18,2022-10,2,40.31,0,80.62,28.22,0,80.62,28.22,Referral,Mobile
ORD0001911,CUST00342,PROD0092,Beauty,2023-02-01,2023-02,2,19.38,0,38.76,12.4,0,38.76,12.4,Referral,Mobile
ORD0001912,CUST00342,PROD0074,Beauty,2023-08-01,2023-08,2,52.12,0,104.24,27.1,0,104.24,27.1,Referral,Mobile
ORD0001913,CUST00342,PROD0139,Home & Living,2023-06-25,2023-06,1,121.16,0.1,109.04,65.42,0,109.04,65.42,Referral,Mobile
ORD0001914,CUST00342,PROD0182,Accessories,2023-08-15,2023-08,2,22.63,0.1,40.73,15.48,0,40.73,15.48,Referral,Mobile
ORD0001915,CUST00342,PROD0122,Home & Living,2023-10-07,2023-10,3,74.99,0.1,202.47,80.99,0,202.47,80.99,Referral,Mobile
ORD0001916,CUST00343,PROD0068,Accessories,2023-03-07,2023-03,3,58.26,0,174.78,73.41,0,174.78,73.41,Direct,Mobile
ORD0001917,CUST00343,PROD0026,Footwear,2023-10-07,2023-10,3,66.28,0,198.84,51.7,0,198.84,51.7,Direct,Mobile
ORD0001918,CUST00344,PROD0164,Accessories,2023-05-05,2023-05,3,18.66,0,55.98,16.23,1,0.0,0.0,Direct,Tablet
ORD0001919,CUST00344,PROD0190,Beauty,2023-05-09,2023-05,1,23.73,0,23.73,10.44,0,23.73,10.44,Direct,Tablet
ORD0001920,CUST00344,PROD0157,Sports,2023-12-29,2023-12,1,101.12,0,101.12,42.47,1,0.0,0.0,Direct,Tablet
ORD0001921,CUST00344,PROD0105,Sports,2023-12-24,2023-12,1,41.5,0,41.5,26.14,0,41.5,26.14,Direct,Tablet
ORD0001922,CUST00344,PROD0154,Sports,2023-12-29,2023-12,1,137.38,0,137.38,37.09,0,137.38,37.09,Direct,Tablet
ORD0001923,CUST00344,PROD0047,Footwear,2024-01-29,2024-01,2,144.43,0,288.86,112.66,0,288.86,112.66,Direct,Tablet
ORD0001924,CUST00344,PROD0112,Home & Living,2023-07-09,2023-07,2,48.0,0,96.0,54.72,0,96.0,54.72,Direct,Tablet
ORD0001925,CUST00344,PROD0082,Beauty,2023-05-04,2023-05,1,20.0,0,20.0,13.0,0,20.0,13.0,Direct,Tablet
ORD0001926,CUST00344,PROD0134,Accessories,2024-01-09,2024-01,2,24.1,0,48.2,26.99,0,48.2,26.99,Direct,Tablet
ORD0001927,CUST00345,PROD0090,Home & Living,2024-03-29,2024-03,2,99.94,0.2,159.9,100.74,0,159.9,100.74,Email,Mobile
ORD0001928,CUST00345,PROD0081,Home & Living,2024-03-20,2024-03,2,97.71,0,195.42,50.81,1,0.0,0.0,Email,Mobile
ORD0001929,CUST00346,PROD0156,Sports,2024-01-21,2024-01,3,96.17,0,288.51,167.34,0,288.51,167.34,Direct,Mobile
ORD0001930,CUST00346,PROD0148,Beauty,2023-06-02,2023-06,2,56.54,0,113.08,62.19,1,0.0,0.0,Direct,Mobile
ORD0001931,CUST00346,PROD0118,Clothing,2023-08-24,2023-08,1,33.04,0,33.04,15.86,0,33.04,15.86,Direct,Mobile
ORD0001932,CUST00346,PROD0008,Footwear,2024-03-05,2024-03,1,151.56,0,151.56,92.45,1,0.0,0.0,Direct,Mobile
ORD0001933,CUST00346,PROD0116,Footwear,2024-03-31,2024-03,3,141.52,0,424.56,186.81,1,0.0,0.0,Direct,Mobile
ORD0001934,CUST00346,PROD0097,Clothing,2024-01-16,2024-01,3,60.58,0,181.74,52.7,0,181.74,52.7,Direct,Mobile
ORD0001935,CUST00346,PROD0006,Accessories,2023-08-08,2023-08,1,25.71,0,25.71,12.08,0,25.71,12.08,Direct,Mobile
ORD0001936,CUST00347,PROD0186,Home & Living,2023-12-22,2023-12,2,126.59,0,253.18,73.42,0,253.18,73.42,Referral,Tablet
ORD0001937,CUST00347,PROD0123,Clothing,2023-10-25,2023-10,2,40.48,0.1,72.86,18.94,0,72.86,18.94,Referral,Tablet
ORD0001938,CUST00347,PROD0026,Footwear,2024-01-22,2024-01,3,66.28,0,198.84,51.7,0,198.84,51.7,Referral,Tablet
ORD0001939,CUST00347,PROD0117,Accessories,2023-06-22,2023-06,2,65.2,0.1,117.36,34.03,0,117.36,34.03,Referral,Tablet
ORD0001940,CUST00347,PROD0061,Home & Living,2023-04-27,2023-04,2,136.85,0,273.7,101.27,0,273.7,101.27,Referral,Tablet
ORD0001941,CUST00347,PROD0034,Clothing,2024-01-12,2024-01,2,108.12,0,216.24,86.5,0,216.24,86.5,Referral,Tablet
ORD0001942,CUST00347,PROD0076,Clothing,2023-07-16,2023-07,3,54.02,0.1,145.85,45.21,1,0.0,0.0,Referral,Tablet
ORD0001943,CUST00348,PROD0156,Sports,2024-03-23,2024-03,3,96.17,0,288.51,167.34,0,288.51,167.34,Paid Social,Mobile
ORD0001944,CUST00348,PROD0021,Beauty,2023-07-29,2023-07,3,65.25,0.05,185.96,115.3,0,185.96,115.3,Paid Social,Mobile
ORD0001945,CUST00348,PROD0085,Accessories,2023-04-06,2023-04,3,53.78,0.1,145.21,69.7,1,0.0,0.0,Paid Social,Mobile
ORD0001946,CUST00349,PROD0122,Home & Living,2022-05-26,2022-05,2,74.99,0.05,142.48,56.99,0,142.48,56.99,Paid Social,Mobile
ORD0001947,CUST00349,PROD0131,Beauty,2022-11-16,2022-11,2,36.76,0,73.52,25.73,0,73.52,25.73,Paid Social,Mobile
ORD0001948,CUST00349,PROD0077,Footwear,2023-04-10,2023-04,1,66.48,0,66.48,29.92,0,66.48,29.92,Paid Social,Mobile
ORD0001949,CUST00350,PROD0182,Accessories,2023-10-04,2023-10,3,22.63,0,67.89,25.8,0,67.89,25.8,Paid Social,Mobile
ORD0001950,CUST00350,PROD0200,Footwear,2023-11-17,2023-11,2,43.07,0.05,81.83,46.64,0,81.83,46.64,Paid Social,Mobile
ORD0001951,CUST00351,PROD0138,Home & Living,2023-11-19,2023-11,1,126.57,0,126.57,56.96,0,126.57,56.96,Organic Search,Mobile
ORD0001952,CUST00351,PROD0087,Home & Living,2024-02-27,2024-02,1,45.63,0,45.63,26.47,0,45.63,26.47,Organic Search,Mobile
ORD0001953,CUST00351,PROD0070,Home & Living,2023-10-15,2023-10,1,75.93,0,75.93,44.8,0,75.93,44.8,Organic Search,Mobile
ORD0001954,CUST00351,PROD0163,Beauty,2024-03-01,2024-03,3,20.18,0,60.54,29.06,0,60.54,29.06,Organic Search,Mobile
ORD0001955,CUST00351,PROD0020,Clothing,2023-02-15,2023-02,3,35.77,0,107.31,49.36,0,107.31,49.36,Organic Search,Mobile
ORD0001956,CUST00351,PROD0006,Accessories,2024-01-21,2024-01,1,25.71,0,25.71,12.08,0,25.71,12.08,Organic Search,Mobile
ORD0001957,CUST00352,PROD0186,Home & Living,2023-08-06,2023-08,2,126.59,0,253.18,73.42,0,253.18,73.42,Influencer,Mobile
ORD0001958,CUST00352,PROD0064,Footwear,2023-12-02,2023-12,2,190.18,0,380.36,148.34,0,380.36,148.34,Influencer,Mobile
ORD0001959,CUST00353,PROD0192,Sports,2023-12-12,2023-12,2,82.92,0,165.84,86.24,1,0.0,0.0,Organic Search,Tablet
ORD0001960,CUST00353,PROD0164,Accessories,2024-02-24,2024-02,3,18.66,0,55.98,16.23,1,0.0,0.0,Organic Search,Tablet
ORD0001961,CUST00353,PROD0087,Home & Living,2023-05-04,2023-05,2,45.63,0,91.26,52.93,0,91.26,52.93,Organic Search,Tablet
ORD0001962,CUST00353,PROD0092,Beauty,2023-03-05,2023-03,3,19.38,0,58.14,18.6,0,58.14,18.6,Organic Search,Tablet
ORD0001963,CUST00353,PROD0038,Accessories,2023-06-14,2023-06,2,85.41,0,170.82,93.95,0,170.82,93.95,Organic Search,Tablet
ORD0001964,CUST00353,PROD0187,Clothing,2023-11-05,2023-11,1,104.59,0,104.59,46.02,0,104.59,46.02,Organic Search,Tablet
ORD0001965,CUST00353,PROD0014,Beauty,2024-03-22,2024-03,2,56.06,0,112.12,70.64,0,112.12,70.64,Organic Search,Tablet
ORD0001966,CUST00353,PROD0110,Footwear,2024-02-27,2024-02,1,106.03,0,106.03,57.26,0,106.03,57.26,Organic Search,Tablet
ORD0001967,CUST00354,PROD0076,Clothing,2023-01-01,2023-01,1,54.02,0.1,48.62,15.07,0,48.62,15.07,Paid Social,Mobile
ORD0001968,CUST00354,PROD0126,Sports,2022-06-11,2022-06,2,92.2,0,184.4,118.02,0,184.4,118.02,Paid Social,Mobile
ORD0001969,CUST00354,PROD0115,Accessories,2022-09-30,2022-09,2,74.34,0.05,141.25,81.92,0,141.25,81.92,Paid Social,Mobile
ORD0001970,CUST00354,PROD0173,Footwear,2023-03-07,2023-03,1,87.72,0,87.72,37.72,1,0.0,0.0,Paid Social,Mobile
ORD0001971,CUST00354,PROD0150,Beauty,2023-02-01,2023-02,2,24.66,0,49.32,24.17,0,49.32,24.17,Paid Social,Mobile
ORD0001972,CUST00354,PROD0186,Home & Living,2022-10-24,2022-10,3,126.59,0,379.77,110.13,0,379.77,110.13,Paid Social,Mobile
ORD0001973,CUST00354,PROD0060,Footwear,2022-03-04,2022-03,3,104.31,0,312.93,90.75,1,0.0,0.0,Paid Social,Mobile
ORD0001974,CUST00355,PROD0128,Clothing,2023-06-03,2023-06,1,28.95,0,28.95,12.16,0,28.95,12.16,Influencer,Desktop
ORD0001975,CUST00355,PROD0186,Home & Living,2023-07-20,2023-07,1,126.59,0,126.59,36.71,0,126.59,36.71,Influencer,Desktop
ORD0001976,CUST00355,PROD0173,Footwear,2023-01-14,2023-01,1,87.72,0,87.72,37.72,0,87.72,37.72,Influencer,Desktop
ORD0001977,CUST00355,PROD0002,Clothing,2023-04-19,2023-04,1,48.81,0,48.81,30.75,1,0.0,0.0,Influencer,Desktop
ORD0001978,CUST00355,PROD0089,Sports,2023-07-10,2023-07,1,40.38,0,40.38,13.33,1,0.0,0.0,Influencer,Desktop
ORD0001979,CUST00355,PROD0061,Home & Living,2022-12-29,2022-12,1,136.85,0,136.85,50.63,1,0.0,0.0,Influencer,Desktop
ORD0001980,CUST00355,PROD0041,Beauty,2023-07-30,2023-07,3,68.34,0,205.02,123.01,0,205.02,123.01,Influencer,Desktop
ORD0001981,CUST00356,PROD0105,Sports,2023-09-19,2023-09,2,41.5,0,83.0,52.29,1,0.0,0.0,Email,Mobile
ORD0001982,CUST00356,PROD0143,Beauty,2022-07-30,2022-07,3,15.9,0,47.7,30.53,0,47.7,30.53,Email,Mobile
ORD0001983,CUST00356,PROD0069,Beauty,2023-05-09,2023-05,2,52.71,0.1,94.88,56.93,0,94.88,56.93,Email,Mobile
ORD0001984,CUST00356,PROD0023,Clothing,2023-07-09,2023-07,2,85.59,0.1,154.06,53.92,0,154.06,53.92,Email,Mobile
ORD0001985,CUST00356,PROD0128,Clothing,2022-11-06,2022-11,2,28.95,0,57.9,24.32,0,57.9,24.32,Email,Mobile
ORD0001986,CUST00357,PROD0184,Sports,2024-03-03,2024-03,2,135.08,0,270.16,72.94,0,270.16,72.94,Influencer,Desktop
ORD0001987,CUST00357,PROD0004,Accessories,2024-01-12,2024-01,3,19.48,0,58.44,36.82,0,58.44,36.82,Influencer,Desktop
ORD0001988,CUST00358,PROD0106,Footwear,2023-10-04,2023-10,2,188.1,0,376.2,161.77,0,376.2,161.77,Influencer,Mobile
ORD0001989,CUST00358,PROD0092,Beauty,2024-02-08,2024-02,2,19.38,0,38.76,12.4,0,38.76,12.4,Influencer,Mobile
ORD0001990,CUST00359,PROD0079,Footwear,2023-11-16,2023-11,2,67.68,0.1,121.82,51.16,0,121.82,51.16,Paid Social,Desktop
ORD0001991,CUST00359,PROD0026,Footwear,2024-02-11,2024-02,2,66.28,0,132.56,34.47,0,132.56,34.47,Paid Social,Desktop
ORD0001992,CUST00359,PROD0038,Accessories,2024-02-21,2024-02,1,85.41,0.1,76.87,42.28,0,76.87,42.28,Paid Social,Desktop
ORD0001993,CUST00359,PROD0137,Home & Living,2024-03-23,2024-03,1,99.54,0,99.54,38.82,0,99.54,38.82,Paid Social,Desktop
ORD0001994,CUST00360,PROD0065,Accessories,2024-02-12,2024-02,3,54.38,0.1,146.83,63.14,0,146.83,63.14,Email,Mobile
ORD0001995,CUST00360,PROD0169,Accessories,2023-12-04,2023-12,1,66.47,0.2,53.18,27.12,0,53.18,27.12,Email,Mobile
ORD0001996,CUST00360,PROD0027,Footwear,2023-11-20,2023-11,3,147.27,0,441.81,247.41,0,441.81,247.41,Email,Mobile
ORD0001997,CUST00361,PROD0016,Beauty,2023-12-01,2023-12,1,14.72,0,14.72,9.42,0,14.72,9.42,Referral,Tablet
ORD0001998,CUST00362,PROD0072,Sports,2024-01-21,2024-01,2,81.55,0,163.1,89.7,0,163.1,89.7,Organic Search,Tablet
ORD0001999,CUST00362,PROD0195,Accessories,2024-03-27,2024-03,2,33.68,0,67.36,41.09,0,67.36,41.09,Organic Search,Tablet
ORD0002000,CUST00362,PROD0129,Accessories,2023-07-20,2023-07,1,45.01,0,45.01,13.95,1,0.0,0.0,Organic Search,Tablet
ORD0002001,CUST00362,PROD0153,Accessories,2023-10-13,2023-10,1,85.5,0,85.5,47.88,0,85.5,47.88,Organic Search,Tablet
ORD0002002,CUST00362,PROD0178,Clothing,2023-08-03,2023-08,2,60.67,0,121.34,48.54,0,121.34,48.54,Organic Search,Tablet
ORD0002003,CUST00362,PROD0160,Accessories,2023-06-25,2023-06,1,31.12,0,31.12,17.43,0,31.12,17.43,Organic Search,Tablet
ORD0002004,CUST00363,PROD0147,Home & Living,2022-02-26,2022-02,2,133.32,0,266.64,122.65,1,0.0,0.0,Organic Search,Mobile
ORD0002005,CUST00363,PROD0096,Sports,2022-11-25,2022-11,2,59.98,0,119.96,76.77,0,119.96,76.77,Organic Search,Mobile
ORD0002006,CUST00363,PROD0005,Footwear,2023-10-22,2023-10,1,121.17,0,121.17,70.28,0,121.17,70.28,Organic Search,Mobile
ORD0002007,CUST00364,PROD0087,Home & Living,2023-03-16,2023-03,3,45.63,0,136.89,79.4,0,136.89,79.4,Direct,Mobile
ORD0002008,CUST00364,PROD0101,Footwear,2022-12-22,2022-12,2,191.81,0,383.62,168.79,0,383.62,168.79,Direct,Mobile
ORD0002009,CUST00364,PROD0151,Clothing,2023-12-25,2023-12,2,30.88,0,61.76,27.17,0,61.76,27.17,Direct,Mobile
ORD0002010,CUST00364,PROD0170,Beauty,2023-11-17,2023-11,2,69.97,0,139.94,89.56,1,0.0,0.0,Direct,Mobile
ORD0002011,CUST00364,PROD0149,Beauty,2022-09-18,2022-09,3,65.53,0,196.59,102.23,0,196.59,102.23,Direct,Mobile
ORD0002012,CUST00364,PROD0054,Sports,2023-10-19,2023-10,2,142.4,0,284.8,142.4,1,0.0,0.0,Direct,Mobile
ORD0002013,CUST00364,PROD0152,Accessories,2023-07-06,2023-07,2,36.62,0,73.24,32.23,0,73.24,32.23,Direct,Mobile
ORD0002014,CUST00364,PROD0079,Footwear,2022-11-21,2022-11,2,67.68,0,135.36,56.85,0,135.36,56.85,Direct,Mobile
ORD0002015,CUST00364,PROD0072,Sports,2023-06-02,2023-06,1,81.55,0,81.55,44.85,0,81.55,44.85,Direct,Mobile
ORD0002016,CUST00364,PROD0065,Accessories,2023-10-11,2023-10,3,54.38,0,163.14,70.15,0,163.14,70.15,Direct,Mobile
ORD0002017,CUST00364,PROD0037,Clothing,2024-02-14,2024-02,1,99.72,0,99.72,37.89,0,99.72,37.89,Direct,Mobile
ORD0002018,CUST00365,PROD0179,Footwear,2024-01-22,2024-01,2,56.4,0.05,107.16,66.44,0,107.16,66.44,Paid Social,Mobile
ORD0002019,CUST00365,PROD0190,Beauty,2023-07-16,2023-07,1,23.73,0.1,21.36,9.4,0,21.36,9.4,Paid Social,Mobile
ORD0002020,CUST00365,PROD0190,Beauty,2023-02-17,2023-02,3,23.73,0,71.19,31.32,1,0.0,0.0,Paid Social,Mobile
ORD0002021,CUST00365,PROD0023,Clothing,2023-05-19,2023-05,1,85.59,0.05,81.31,28.46,0,81.31,28.46,Paid Social,Mobile
ORD0002022,CUST00366,PROD0145,Clothing,2023-03-30,2023-03,3,70.32,0,210.96,126.58,0,210.96,126.58,Referral,Mobile
ORD0002023,CUST00366,PROD0200,Footwear,2023-11-20,2023-11,3,43.07,0,129.21,73.65,0,129.21,73.65,Referral,Mobile
ORD0002024,CUST00366,PROD0166,Clothing,2023-10-13,2023-10,1,87.15,0,87.15,54.03,0,87.15,54.03,Referral,Mobile
ORD0002025,CUST00366,PROD0143,Beauty,2023-12-19,2023-12,1,15.9,0,15.9,10.18,1,0.0,0.0,Referral,Mobile
ORD0002026,CUST00366,PROD0042,Home & Living,2023-07-27,2023-07,3,61.51,0.1,166.08,46.5,0,166.08,46.5,Referral,Mobile
ORD0002027,CUST00366,PROD0016,Beauty,2023-08-12,2023-08,2,14.72,0.1,26.5,16.96,0,26.5,16.96,Referral,Mobile
ORD0002028,CUST00366,PROD0061,Home & Living,2023-11-14,2023-11,3,136.85,0,410.55,151.9,0,410.55,151.9,Referral,Mobile
ORD0002029,CUST00366,PROD0053,Footwear,2023-11-23,2023-11,3,46.14,0,138.42,77.52,0,138.42,77.52,Referral,Mobile
ORD0002030,CUST00366,PROD0083,Clothing,2023-07-11,2023-07,1,25.2,0.1,22.68,12.25,0,22.68,12.25,Referral,Mobile
ORD0002031,CUST00366,PROD0167,Footwear,2023-04-20,2023-04,3,62.12,0.1,167.72,48.64,0,167.72,48.64,Referral,Mobile
ORD0002032,CUST00367,PROD0085,Accessories,2024-03-18,2024-03,2,53.78,0,107.56,51.63,0,107.56,51.63,Referral,Mobile
ORD0002033,CUST00367,PROD0038,Accessories,2024-03-10,2024-03,3,85.41,0.1,230.61,126.84,0,230.61,126.84,Referral,Mobile
ORD0002034,CUST00367,PROD0170,Beauty,2024-02-28,2024-02,1,69.97,0,69.97,44.78,0,69.97,44.78,Referral,Mobile
ORD0002035,CUST00368,PROD0027,Footwear,2023-10-18,2023-10,2,147.27,0,294.54,164.94,1,0.0,0.0,Direct,Mobile
ORD0002036,CUST00368,PROD0144,Beauty,2024-03-22,2024-03,2,34.94,0,69.88,38.43,1,0.0,0.0,Direct,Mobile
ORD0002037,CUST00368,PROD0143,Beauty,2024-01-05,2024-01,1,15.9,0,15.9,10.18,0,15.9,10.18,Direct,Mobile
ORD0002038,CUST00368,PROD0007,Beauty,2024-02-29,2024-02,1,25.48,0,25.48,8.41,0,25.48,8.41,Direct,Mobile
ORD0002039,CUST00368,PROD0119,Beauty,2023-05-12,2023-05,3,20.14,0,60.42,21.75,0,60.42,21.75,Direct,Mobile
ORD0002040,CUST00369,PROD0156,Sports,2023-10-07,2023-10,1,96.17,0.1,86.55,50.2,0,86.55,50.2,Paid Social,Mobile
ORD0002041,CUST00370,PROD0125,Sports,2024-03-24,2024-03,2,126.04,0,252.08,98.31,0,252.08,98.31,Email,Desktop
ORD0002042,CUST00371,PROD0153,Accessories,2023-03-20,2023-03,1,85.5,0,85.5,47.88,0,85.5,47.88,Organic Search,Mobile
ORD0002043,CUST00371,PROD0023,Clothing,2023-05-29,2023-05,2,85.59,0,171.18,59.91,0,171.18,59.91,Organic Search,Mobile
ORD0002044,CUST00371,PROD0142,Sports,2023-06-16,2023-06,3,114.73,0,344.19,165.21,0,344.19,165.21,Organic Search,Mobile
ORD0002045,CUST00372,PROD0185,Footwear,2024-02-05,2024-02,1,196.58,0,196.58,100.26,0,196.58,100.26,Direct,Desktop
ORD0002046,CUST00372,PROD0005,Footwear,2023-11-14,2023-11,1,121.17,0,121.17,70.28,0,121.17,70.28,Direct,Desktop
ORD0002047,CUST00373,PROD0126,Sports,2023-12-10,2023-12,1,92.2,0,92.2,59.01,0,92.2,59.01,Direct,Mobile
ORD0002048,CUST00373,PROD0111,Clothing,2024-02-28,2024-02,1,72.51,0,72.51,44.23,0,72.51,44.23,Direct,Mobile
ORD0002049,CUST00373,PROD0162,Home & Living,2023-09-14,2023-09,3,81.32,0,243.96,107.34,0,243.96,107.34,Direct,Mobile
ORD0002050,CUST00374,PROD0038,Accessories,2022-05-14,2022-05,1,85.41,0,85.41,46.98,1,0.0,0.0,Email,Tablet
ORD0002051,CUST00374,PROD0098,Home & Living,2022-06-19,2022-06,2,101.77,0.2,162.83,68.39,0,162.83,68.39,Email,Tablet
ORD0002052,CUST00374,PROD0031,Footwear,2023-08-10,2023-08,3,42.93,0.1,115.91,51.0,0,115.91,51.0,Email,Tablet
ORD0002053,CUST00374,PROD0187,Clothing,2023-01-09,2023-01,2,104.59,0,209.18,92.04,0,209.18,92.04,Email,Tablet
ORD0002054,CUST00374,PROD0083,Clothing,2022-01-29,2022-01,3,25.2,0.2,60.48,32.66,0,60.48,32.66,Email,Tablet
ORD0002055,CUST00374,PROD0109,Sports,2022-11-08,2022-11,1,60.91,0,60.91,18.88,0,60.91,18.88,Email,Tablet
ORD0002056,CUST00374,PROD0180,Sports,2023-06-29,2023-06,3,57.83,0,173.49,97.15,0,173.49,97.15,Email,Tablet
ORD0002057,CUST00374,PROD0117,Accessories,2022-01-23,2022-01,2,65.2,0.2,104.32,30.25,0,104.32,30.25,Email,Tablet
ORD0002058,CUST00374,PROD0167,Footwear,2024-02-13,2024-02,2,62.12,0.1,111.82,32.43,1,0.0,0.0,Email,Tablet
ORD0002059,CUST00374,PROD0030,Beauty,2022-08-10,2022-08,2,30.52,0.1,54.94,19.78,0,54.94,19.78,Email,Tablet
ORD0002060,CUST00374,PROD0198,Sports,2023-05-17,2023-05,3,59.63,0,178.89,75.13,0,178.89,75.13,Email,Tablet
ORD0002061,CUST00375,PROD0198,Sports,2023-02-25,2023-02,3,59.63,0.2,143.11,60.11,0,143.11,60.11,Email,Mobile
ORD0002062,CUST00375,PROD0006,Accessories,2023-09-17,2023-09,2,25.71,0.1,46.28,21.75,0,46.28,21.75,Email,Mobile
ORD0002063,CUST00375,PROD0062,Accessories,2023-01-23,2023-01,2,85.04,0.15,144.57,60.72,0,144.57,60.72,Email,Mobile
ORD0002064,CUST00376,PROD0087,Home & Living,2023-06-15,2023-06,3,45.63,0,136.89,79.4,0,136.89,79.4,Direct,Mobile
ORD0002065,CUST00376,PROD0043,Footwear,2023-08-28,2023-08,3,62.01,0,186.03,115.34,0,186.03,115.34,Direct,Mobile
ORD0002066,CUST00376,PROD0046,Sports,2024-03-21,2024-03,3,44.39,0,133.17,70.58,0,133.17,70.58,Direct,Mobile
ORD0002067,CUST00376,PROD0107,Clothing,2023-11-30,2023-11,2,91.09,0,182.18,112.95,1,0.0,0.0,Direct,Mobile
ORD0002068,CUST00376,PROD0046,Sports,2023-09-14,2023-09,3,44.39,0,133.17,70.58,0,133.17,70.58,Direct,Mobile
ORD0002069,CUST00376,PROD0150,Beauty,2023-03-20,2023-03,2,24.66,0,49.32,24.17,1,0.0,0.0,Direct,Mobile
ORD0002070,CUST00376,PROD0113,Home & Living,2023-01-10,2023-01,2,30.82,0,61.64,32.67,0,61.64,32.67,Direct,Mobile
ORD0002071,CUST00376,PROD0191,Accessories,2024-02-29,2024-02,2,42.93,0,85.86,42.07,1,0.0,0.0,Direct,Mobile
ORD0002072,CUST00376,PROD0163,Beauty,2023-12-25,2023-12,3,20.18,0,60.54,29.06,0,60.54,29.06,Direct,Mobile
ORD0002073,CUST00377,PROD0187,Clothing,2023-11-27,2023-11,1,104.59,0.1,94.13,41.42,1,0.0,0.0,Referral,Mobile
ORD0002074,CUST00377,PROD0159,Beauty,2024-03-20,2024-03,3,20.79,0,62.37,19.33,0,62.37,19.33,Referral,Mobile
ORD0002075,CUST00377,PROD0040,Beauty,2023-12-21,2023-12,1,42.24,0,42.24,17.32,1,0.0,0.0,Referral,Mobile
ORD0002076,CUST00377,PROD0125,Sports,2023-11-17,2023-11,1,126.04,0,126.04,49.16,1,0.0,0.0,Referral,Mobile
ORD0002077,CUST00378,PROD0085,Accessories,2023-11-06,2023-11,2,53.78,0,107.56,51.63,0,107.56,51.63,Paid Social,Desktop
ORD0002078,CUST00378,PROD0153,Accessories,2023-10-23,2023-10,1,85.5,0,85.5,47.88,0,85.5,47.88,Paid Social,Desktop
ORD0002079,CUST00378,PROD0178,Clothing,2023-08-11,2023-08,2,60.67,0.05,115.27,46.11,0,115.27,46.11,Paid Social,Desktop
ORD0002080,CUST00378,PROD0171,Clothing,2023-06-30,2023-06,3,49.46,0,148.38,37.09,0,148.38,37.09,Paid Social,Desktop
ORD0002081,CUST00379,PROD0133,Clothing,2022-09-03,2022-09,2,70.11,0,140.22,79.93,0,140.22,79.93,Organic Search,Desktop
ORD0002082,CUST00379,PROD0190,Beauty,2024-01-31,2024-01,1,23.73,0,23.73,10.44,0,23.73,10.44,Organic Search,Desktop
ORD0002083,CUST00379,PROD0144,Beauty,2023-12-13,2023-12,2,34.94,0,69.88,38.43,0,69.88,38.43,Organic Search,Desktop
ORD0002084,CUST00379,PROD0029,Accessories,2023-10-31,2023-10,3,59.38,0,178.14,106.88,0,178.14,106.88,Organic Search,Desktop
ORD0002085,CUST00379,PROD0047,Footwear,2023-07-31,2023-07,3,144.43,0,433.29,168.98,0,433.29,168.98,Organic Search,Desktop
ORD0002086,CUST00379,PROD0040,Beauty,2023-05-29,2023-05,1,42.24,0,42.24,17.32,0,42.24,17.32,Organic Search,Desktop
ORD0002087,CUST00379,PROD0181,Home & Living,2022-10-15,2022-10,3,68.65,0,205.95,117.39,0,205.95,117.39,Organic Search,Desktop
ORD0002088,CUST00379,PROD0021,Beauty,2023-03-12,2023-03,2,65.25,0,130.5,80.91,0,130.5,80.91,Organic Search,Desktop
ORD0002089,CUST00380,PROD0045,Home & Living,2023-07-10,2023-07,3,91.27,0.1,246.43,113.36,0,246.43,113.36,Referral,Mobile
ORD0002090,CUST00380,PROD0162,Home & Living,2024-02-20,2024-02,3,81.32,0,243.96,107.34,0,243.96,107.34,Referral,Mobile
ORD0002091,CUST00380,PROD0002,Clothing,2023-04-11,2023-04,3,48.81,0.1,131.79,83.03,0,131.79,83.03,Referral,Mobile
ORD0002092,CUST00380,PROD0183,Clothing,2023-12-06,2023-12,1,78.37,0,78.37,47.02,0,78.37,47.02,Referral,Mobile
ORD0002093,CUST00380,PROD0110,Footwear,2024-02-18,2024-02,3,106.03,0,318.09,171.77,0,318.09,171.77,Referral,Mobile
ORD0002094,CUST00380,PROD0067,Clothing,2024-02-13,2024-02,3,47.62,0,142.86,45.72,0,142.86,45.72,Referral,Mobile
ORD0002095,CUST00380,PROD0171,Clothing,2023-07-15,2023-07,3,49.46,0,148.38,37.09,1,0.0,0.0,Referral,Mobile
ORD0002096,CUST00380,PROD0121,Clothing,2023-06-12,2023-06,3,86.37,0,259.11,126.96,0,259.11,126.96,Referral,Mobile
ORD0002097,CUST00380,PROD0099,Home & Living,2023-07-30,2023-07,2,113.39,0,226.78,83.91,0,226.78,83.91,Referral,Mobile
ORD0002098,CUST00380,PROD0133,Clothing,2023-05-05,2023-05,3,70.11,0.1,189.3,107.9,0,189.3,107.9,Referral,Mobile
ORD0002099,CUST00380,PROD0189,Home & Living,2023-12-12,2023-12,2,100.23,0,200.46,122.28,0,200.46,122.28,Referral,Mobile
ORD0002100,CUST00380,PROD0065,Accessories,2023-08-18,2023-08,1,54.38,0.1,48.94,21.04,0,48.94,21.04,Referral,Mobile
ORD0002101,CUST00381,PROD0029,Accessories,2023-10-28,2023-10,3,59.38,0,178.14,106.88,1,0.0,0.0,Organic Search,Desktop
ORD0002102,CUST00381,PROD0176,Home & Living,2023-02-09,2023-02,2,51.13,0,102.26,28.63,0,102.26,28.63,Organic Search,Desktop
ORD0002103,CUST00381,PROD0127,Accessories,2023-04-04,2023-04,3,49.21,0,147.63,45.77,0,147.63,45.77,Organic Search,Desktop
ORD0002104,CUST00381,PROD0088,Accessories,2024-02-06,2024-02,3,42.05,0,126.15,46.68,1,0.0,0.0,Organic Search,Desktop
ORD0002105,CUST00381,PROD0164,Accessories,2022-08-12,2022-08,1,18.66,0,18.66,5.41,0,18.66,5.41,Organic Search,Desktop
ORD0002106,CUST00381,PROD0050,Home & Living,2023-03-28,2023-03,3,120.87,0,362.61,97.9,0,362.61,97.9,Organic Search,Desktop
ORD0002107,CUST00382,PROD0123,Clothing,2023-05-25,2023-05,1,40.48,0,40.48,10.52,0,40.48,10.52,Organic Search,Desktop
ORD0002108,CUST00382,PROD0018,Clothing,2024-01-07,2024-01,3,45.54,0,136.62,61.48,0,136.62,61.48,Organic Search,Desktop
ORD0002109,CUST00382,PROD0195,Accessories,2023-05-12,2023-05,1,33.68,0,33.68,20.54,0,33.68,20.54,Organic Search,Desktop
ORD0002110,CUST00382,PROD0038,Accessories,2023-03-22,2023-03,2,85.41,0,170.82,93.95,0,170.82,93.95,Organic Search,Desktop
ORD0002111,CUST00382,PROD0018,Clothing,2024-01-28,2024-01,2,45.54,0,91.08,40.99,0,91.08,40.99,Organic Search,Desktop
ORD0002112,CUST00382,PROD0132,Home & Living,2023-12-07,2023-12,2,31.95,0,63.9,37.06,0,63.9,37.06,Organic Search,Desktop
ORD0002113,CUST00383,PROD0096,Sports,2024-03-02,2024-03,2,59.98,0.15,101.97,65.26,1,0.0,0.0,Email,Mobile
ORD0002114,CUST00383,PROD0176,Home & Living,2023-06-04,2023-06,2,51.13,0.15,86.92,24.34,0,86.92,24.34,Email,Mobile
ORD0002115,CUST00383,PROD0015,Footwear,2023-04-12,2023-04,2,131.63,0.1,236.93,97.14,0,236.93,97.14,Email,Mobile
ORD0002116,CUST00383,PROD0076,Clothing,2023-12-06,2023-12,1,54.02,0.15,45.92,14.24,0,45.92,14.24,Email,Mobile
ORD0002117,CUST00383,PROD0081,Home & Living,2022-04-17,2022-04,1,97.71,0.15,83.05,21.59,0,83.05,21.59,Email,Mobile
ORD0002118,CUST00383,PROD0008,Footwear,2023-09-02,2023-09,2,151.56,0,303.12,184.9,0,303.12,184.9,Email,Mobile
ORD0002119,CUST00383,PROD0034,Clothing,2023-04-04,2023-04,3,108.12,0.2,259.49,103.8,0,259.49,103.8,Email,Mobile
ORD0002120,CUST00383,PROD0161,Home & Living,2022-08-13,2022-08,3,33.22,0.1,89.69,52.92,0,89.69,52.92,Email,Mobile
ORD0002121,CUST00383,PROD0199,Sports,2023-12-18,2023-12,1,40.52,0.2,32.42,10.37,0,32.42,10.37,Email,Mobile
ORD0002122,CUST00383,PROD0016,Beauty,2023-03-18,2023-03,3,14.72,0.15,37.54,24.03,0,37.54,24.03,Email,Mobile
ORD0002123,CUST00383,PROD0107,Clothing,2022-04-14,2022-04,2,91.09,0,182.18,112.95,0,182.18,112.95,Email,Mobile
ORD0002124,CUST00383,PROD0056,Home & Living,2022-08-08,2022-08,1,70.19,0.1,63.17,34.11,1,0.0,0.0,Email,Mobile
ORD0002125,CUST00383,PROD0006,Accessories,2024-03-23,2024-03,3,25.71,0.1,69.42,32.63,0,69.42,32.63,Email,Mobile
ORD0002126,CUST00383,PROD0024,Beauty,2022-06-22,2022-06,2,20.35,0,40.7,16.69,0,40.7,16.69,Email,Mobile
ORD0002127,CUST00383,PROD0103,Accessories,2022-10-29,2022-10,3,84.89,0,254.67,114.6,1,0.0,0.0,Email,Mobile
ORD0002128,CUST00383,PROD0125,Sports,2023-02-14,2023-02,1,126.04,0.1,113.44,44.24,0,113.44,44.24,Email,Mobile
ORD0002129,CUST00384,PROD0190,Beauty,2023-12-23,2023-12,2,23.73,0.1,42.71,18.79,1,0.0,0.0,Paid Social,Mobile
ORD0002130,CUST00384,PROD0186,Home & Living,2023-05-17,2023-05,2,126.59,0,253.18,73.42,0,253.18,73.42,Paid Social,Mobile
ORD0002131,CUST00384,PROD0156,Sports,2023-05-03,2023-05,1,96.17,0.1,86.55,50.2,0,86.55,50.2,Paid Social,Mobile
ORD0002132,CUST00385,PROD0038,Accessories,2022-10-02,2022-10,1,85.41,0,85.41,46.98,1,0.0,0.0,Influencer,Tablet
ORD0002133,CUST00385,PROD0093,Footwear,2023-06-17,2023-06,1,85.42,0,85.42,48.69,0,85.42,48.69,Influencer,Tablet
ORD0002134,CUST00386,PROD0118,Clothing,2022-09-27,2022-09,1,33.04,0.05,31.39,15.07,0,31.39,15.07,Paid Social,Mobile
ORD0002135,CUST00386,PROD0135,Beauty,2022-10-10,2022-10,1,31.76,0.05,30.17,18.71,0,30.17,18.71,Paid Social,Mobile
ORD0002136,CUST00386,PROD0071,Beauty,2023-09-06,2023-09,3,65.25,0.1,176.18,107.47,1,0.0,0.0,Paid Social,Mobile
ORD0002137,CUST00386,PROD0004,Accessories,2022-03-12,2022-03,3,19.48,0,58.44,36.82,0,58.44,36.82,Paid Social,Mobile
ORD0002138,CUST00386,PROD0124,Beauty,2023-06-06,2023-06,2,20.18,0.05,38.34,18.02,0,38.34,18.02,Paid Social,Mobile
ORD0002139,CUST00386,PROD0109,Sports,2022-03-15,2022-03,2,60.91,0,121.82,37.76,0,121.82,37.76,Paid Social,Mobile
ORD0002140,CUST00386,PROD0200,Footwear,2022-09-30,2022-09,2,43.07,0.1,77.53,44.19,0,77.53,44.19,Paid Social,Mobile
ORD0002141,CUST00386,PROD0066,Footwear,2023-10-23,2023-10,3,151.36,0.1,408.67,118.51,0,408.67,118.51,Paid Social,Mobile
ORD0002142,CUST00386,PROD0186,Home & Living,2023-04-26,2023-04,2,126.59,0,253.18,73.42,0,253.18,73.42,Paid Social,Mobile
ORD0002143,CUST00386,PROD0125,Sports,2023-06-24,2023-06,1,126.04,0.05,119.74,46.7,0,119.74,46.7,Paid Social,Mobile
ORD0002144,CUST00387,PROD0024,Beauty,2024-01-13,2024-01,2,20.35,0.15,34.59,14.18,0,34.59,14.18,Email,Desktop
ORD0002145,CUST00387,PROD0038,Accessories,2024-01-24,2024-01,1,85.41,0,85.41,46.98,0,85.41,46.98,Email,Desktop
ORD0002146,CUST00387,PROD0132,Home & Living,2024-02-21,2024-02,2,31.95,0.15,54.31,31.5,0,54.31,31.5,Email,Desktop
ORD0002147,CUST00387,PROD0147,Home & Living,2023-04-18,2023-04,2,133.32,0.1,239.98,110.39,1,0.0,0.0,Email,Desktop
ORD0002148,CUST00387,PROD0052,Clothing,2023-09-25,2023-09,1,61.19,0,61.19,17.75,0,61.19,17.75,Email,Desktop
ORD0002149,CUST00388,PROD0094,Home & Living,2023-10-29,2023-10,1,56.47,0,56.47,35.58,0,56.47,35.58,Paid Social,Mobile
ORD0002150,CUST00389,PROD0027,Footwear,2024-03-05,2024-03,2,147.27,0,294.54,164.94,0,294.54,164.94,Email,Mobile
ORD0002151,CUST00389,PROD0037,Clothing,2024-01-17,2024-01,2,99.72,0.15,169.52,64.42,1,0.0,0.0,Email,Mobile
ORD0002152,CUST00389,PROD0002,Clothing,2024-01-30,2024-01,2,48.81,0.1,87.86,55.35,1,0.0,0.0,Email,Mobile
ORD0002153,CUST00389,PROD0080,Sports,2024-01-15,2024-01,2,42.1,0.2,67.36,33.68,0,67.36,33.68,Email,Mobile
ORD0002154,CUST00390,PROD0036,Home & Living,2024-02-13,2024-02,3,74.59,0,223.77,78.32,0,223.77,78.32,Organic Search,Desktop
ORD0002155,CUST00391,PROD0060,Footwear,2024-01-26,2024-01,3,104.31,0,312.93,90.75,1,0.0,0.0,Email,Mobile
ORD0002156,CUST00391,PROD0021,Beauty,2023-07-10,2023-07,2,65.25,0,130.5,80.91,0,130.5,80.91,Email,Mobile
ORD0002157,CUST00391,PROD0137,Home & Living,2023-11-10,2023-11,1,99.54,0,99.54,38.82,0,99.54,38.82,Email,Mobile
ORD0002158,CUST00391,PROD0179,Footwear,2023-12-13,2023-12,1,56.4,0.15,47.94,29.72,0,47.94,29.72,Email,Mobile
ORD0002159,CUST00391,PROD0034,Clothing,2023-09-02,2023-09,2,108.12,0,216.24,86.5,0,216.24,86.5,Email,Mobile
ORD0002160,CUST00391,PROD0053,Footwear,2023-10-20,2023-10,3,46.14,0,138.42,77.52,0,138.42,77.52,Email,Mobile
ORD0002161,CUST00391,PROD0091,Beauty,2023-05-21,2023-05,2,39.11,0.2,62.58,25.03,1,0.0,0.0,Email,Mobile
ORD0002162,CUST00392,PROD0061,Home & Living,2023-05-28,2023-05,3,136.85,0,410.55,151.9,1,0.0,0.0,Organic Search,Desktop
ORD0002163,CUST00392,PROD0141,Beauty,2023-11-27,2023-11,3,60.76,0,182.28,61.98,1,0.0,0.0,Organic Search,Desktop
ORD0002164,CUST00392,PROD0196,Sports,2023-03-23,2023-03,1,92.93,0,92.93,57.62,1,0.0,0.0,Organic Search,Desktop
ORD0002165,CUST00392,PROD0036,Home & Living,2023-08-06,2023-08,3,74.59,0,223.77,78.32,0,223.77,78.32,Organic Search,Desktop
ORD0002166,CUST00392,PROD0027,Footwear,2024-03-05,2024-03,3,147.27,0,441.81,247.41,1,0.0,0.0,Organic Search,Desktop
ORD0002167,CUST00392,PROD0070,Home & Living,2024-02-14,2024-02,2,75.93,0,151.86,89.6,0,151.86,89.6,Organic Search,Desktop
ORD0002168,CUST00393,PROD0137,Home & Living,2023-06-20,2023-06,3,99.54,0,298.62,116.46,0,298.62,116.46,Paid Social,Mobile
ORD0002169,CUST00393,PROD0132,Home & Living,2024-01-31,2024-01,2,31.95,0,63.9,37.06,0,63.9,37.06,Paid Social,Mobile
ORD0002170,CUST00393,PROD0128,Clothing,2023-11-10,2023-11,2,28.95,0,57.9,24.32,0,57.9,24.32,Paid Social,Mobile
ORD0002171,CUST00393,PROD0009,Sports,2023-07-03,2023-07,2,39.16,0.05,74.4,43.9,0,74.4,43.9,Paid Social,Mobile
ORD0002172,CUST00393,PROD0163,Beauty,2024-01-05,2024-01,1,20.18,0.05,19.17,9.2,1,0.0,0.0,Paid Social,Mobile
ORD0002173,CUST00394,PROD0130,Home & Living,2024-02-06,2024-02,1,126.57,0,126.57,73.41,0,126.57,73.41,Organic Search,Desktop
ORD0002174,CUST00394,PROD0075,Accessories,2023-08-23,2023-08,3,80.95,0,242.85,97.14,0,242.85,97.14,Organic Search,Desktop
ORD0002175,CUST00394,PROD0074,Beauty,2023-11-03,2023-11,3,52.12,0,156.36,40.65,0,156.36,40.65,Organic Search,Desktop
ORD0002176,CUST00394,PROD0018,Clothing,2024-03-15,2024-03,3,45.54,0,136.62,61.48,0,136.62,61.48,Organic Search,Desktop
ORD0002177,CUST00394,PROD0045,Home & Living,2023-12-13,2023-12,2,91.27,0,182.54,83.97,0,182.54,83.97,Organic Search,Desktop
ORD0002178,CUST00394,PROD0032,Home & Living,2023-08-23,2023-08,2,43.05,0,86.1,24.97,0,86.1,24.97,Organic Search,Desktop
ORD0002179,CUST00395,PROD0030,Beauty,2023-06-21,2023-06,2,30.52,0,61.04,21.97,1,0.0,0.0,Influencer,Mobile
ORD0002180,CUST00395,PROD0193,Sports,2023-06-13,2023-06,3,95.75,0,287.25,91.92,0,287.25,91.92,Influencer,Mobile
ORD0002181,CUST00395,PROD0088,Accessories,2023-08-24,2023-08,3,42.05,0,126.15,46.68,0,126.15,46.68,Influencer,Mobile
ORD0002182,CUST00395,PROD0034,Clothing,2023-08-21,2023-08,3,108.12,0,324.36,129.74,0,324.36,129.74,Influencer,Mobile
ORD0002183,CUST00395,PROD0179,Footwear,2023-04-23,2023-04,2,56.4,0,112.8,69.94,0,112.8,69.94,Influencer,Mobile
ORD0002184,CUST00395,PROD0088,Accessories,2024-02-08,2024-02,3,42.05,0,126.15,46.68,1,0.0,0.0,Influencer,Mobile
ORD0002185,CUST00396,PROD0020,Clothing,2023-09-11,2023-09,2,35.77,0,71.54,32.91,0,71.54,32.91,Organic Search,Mobile
ORD0002186,CUST00396,PROD0065,Accessories,2023-07-21,2023-07,1,54.38,0,54.38,23.38,1,0.0,0.0,Organic Search,Mobile
ORD0002187,CUST00396,PROD0104,Sports,2024-03-15,2024-03,2,40.92,0,81.84,29.46,0,81.84,29.46,Organic Search,Mobile
ORD0002188,CUST00396,PROD0111,Clothing,2024-01-05,2024-01,3,72.51,0,217.53,132.69,0,217.53,132.69,Organic Search,Mobile
ORD0002189,CUST00396,PROD0116,Footwear,2023-10-20,2023-10,2,141.52,0,283.04,124.54,0,283.04,124.54,Organic Search,Mobile
ORD0002190,CUST00396,PROD0072,Sports,2023-06-29,2023-06,2,81.55,0,163.1,89.7,0,163.1,89.7,Organic Search,Mobile
ORD0002191,CUST00397,PROD0020,Clothing,2023-10-23,2023-10,1,35.77,0.1,32.19,14.81,0,32.19,14.81,Referral,Desktop
ORD0002192,CUST00397,PROD0113,Home & Living,2023-09-17,2023-09,2,30.82,0.1,55.48,29.4,0,55.48,29.4,Referral,Desktop
ORD0002193,CUST00397,PROD0052,Clothing,2023-11-29,2023-11,2,61.19,0,122.38,35.49,1,0.0,0.0,Referral,Desktop
ORD0002194,CUST00397,PROD0096,Sports,2023-12-10,2023-12,3,59.98,0,179.94,115.16,0,179.94,115.16,Referral,Desktop
ORD0002195,CUST00397,PROD0150,Beauty,2023-09-18,2023-09,2,24.66,0.1,44.39,21.75,0,44.39,21.75,Referral,Desktop
ORD0002196,CUST00397,PROD0131,Beauty,2024-01-30,2024-01,1,36.76,0,36.76,12.87,0,36.76,12.87,Referral,Desktop
ORD0002197,CUST00397,PROD0186,Home & Living,2023-11-26,2023-11,3,126.59,0.1,341.79,99.12,0,341.79,99.12,Referral,Desktop
ORD0002198,CUST00397,PROD0067,Clothing,2024-02-11,2024-02,1,47.62,0.1,42.86,13.72,0,42.86,13.72,Referral,Desktop
ORD0002199,CUST00397,PROD0066,Footwear,2023-11-22,2023-11,1,151.36,0,151.36,43.89,0,151.36,43.89,Referral,Desktop
ORD0002200,CUST00397,PROD0150,Beauty,2024-03-12,2024-03,1,24.66,0,24.66,12.08,0,24.66,12.08,Referral,Desktop
ORD0002201,CUST00397,PROD0044,Footwear,2023-10-24,2023-10,2,185.76,0.1,334.37,163.84,1,0.0,0.0,Referral,Desktop
ORD0002202,CUST00397,PROD0089,Sports,2024-02-07,2024-02,1,40.38,0,40.38,13.33,0,40.38,13.33,Referral,Desktop
ORD0002203,CUST00398,PROD0109,Sports,2022-09-07,2022-09,1,60.91,0,60.91,18.88,0,60.91,18.88,Email,Desktop
ORD0002204,CUST00398,PROD0103,Accessories,2022-08-09,2022-08,3,84.89,0,254.67,114.6,1,0.0,0.0,Email,Desktop
ORD0002205,CUST00398,PROD0049,Home & Living,2022-07-16,2022-07,1,60.55,0.1,54.49,21.25,0,54.49,21.25,Email,Desktop
ORD0002206,CUST00398,PROD0194,Accessories,2023-03-23,2023-03,1,80.84,0.1,72.76,37.11,0,72.76,37.11,Email,Desktop
ORD0002207,CUST00399,PROD0098,Home & Living,2023-02-08,2023-02,3,101.77,0,305.31,128.23,0,305.31,128.23,Organic Search,Tablet
ORD0002208,CUST00399,PROD0049,Home & Living,2023-04-01,2023-04,1,60.55,0,60.55,23.61,1,0.0,0.0,Organic Search,Tablet
ORD0002209,CUST00399,PROD0022,Sports,2023-05-24,2023-05,1,30.09,0,30.09,17.15,0,30.09,17.15,Organic Search,Tablet
ORD0002210,CUST00399,PROD0129,Accessories,2024-01-18,2024-01,2,45.01,0,90.02,27.91,0,90.02,27.91,Organic Search,Tablet
ORD0002211,CUST00400,PROD0003,Footwear,2023-03-15,2023-03,1,63.28,0,63.28,31.64,0,63.28,31.64,Organic Search,Desktop
ORD0002212,CUST00400,PROD0170,Beauty,2023-09-14,2023-09,2,69.97,0,139.94,89.56,0,139.94,89.56,Organic Search,Desktop
ORD0002213,CUST00400,PROD0025,Footwear,2023-11-26,2023-11,3,78.3,0,234.9,77.52,0,234.9,77.52,Organic Search,Desktop
ORD0002214,CUST00400,PROD0005,Footwear,2023-09-22,2023-09,2,121.17,0,242.34,140.56,0,242.34,140.56,Organic Search,Desktop
ORD0002215,CUST00401,PROD0011,Sports,2023-07-16,2023-07,2,85.35,0.05,162.16,45.4,0,162.16,45.4,Paid Social,Mobile
ORD0002216,CUST00401,PROD0097,Clothing,2024-01-25,2024-01,3,60.58,0,181.74,52.7,0,181.74,52.7,Paid Social,Mobile
ORD0002217,CUST00401,PROD0169,Accessories,2023-10-29,2023-10,3,66.47,0.05,189.44,96.61,1,0.0,0.0,Paid Social,Mobile
ORD0002218,CUST00401,PROD0074,Beauty,2023-11-26,2023-11,3,52.12,0.05,148.54,38.62,0,148.54,38.62,Paid Social,Mobile
ORD0002219,CUST00402,PROD0141,Beauty,2023-06-16,2023-06,1,60.76,0,60.76,20.66,1,0.0,0.0,Organic Search,Mobile
ORD0002220,CUST00402,PROD0150,Beauty,2022-05-03,2022-05,2,24.66,0,49.32,24.17,0,49.32,24.17,Organic Search,Mobile
ORD0002221,CUST00402,PROD0049,Home & Living,2024-01-12,2024-01,1,60.55,0,60.55,23.61,0,60.55,23.61,Organic Search,Mobile
ORD0002222,CUST00402,PROD0129,Accessories,2022-08-31,2022-08,3,45.01,0,135.03,41.86,1,0.0,0.0,Organic Search,Mobile
ORD0002223,CUST00402,PROD0172,Beauty,2022-06-21,2022-06,1,19.11,0,19.11,8.22,0,19.11,8.22,Organic Search,Mobile
ORD0002224,CUST00402,PROD0151,Clothing,2023-06-21,2023-06,1,30.88,0,30.88,13.59,0,30.88,13.59,Organic Search,Mobile
ORD0002225,CUST00402,PROD0172,Beauty,2023-04-09,2023-04,3,19.11,0,57.33,24.65,0,57.33,24.65,Organic Search,Mobile
ORD0002226,CUST00402,PROD0180,Sports,2023-01-07,2023-01,2,57.83,0,115.66,64.77,0,115.66,64.77,Organic Search,Mobile
ORD0002227,CUST00403,PROD0182,Accessories,2023-01-20,2023-01,2,22.63,0,45.26,17.2,0,45.26,17.2,Referral,Mobile
ORD0002228,CUST00403,PROD0163,Beauty,2022-12-01,2022-12,2,20.18,0.1,36.32,17.43,0,36.32,17.43,Referral,Mobile
ORD0002229,CUST00403,PROD0069,Beauty,2023-01-02,2023-01,2,52.71,0.1,94.88,56.93,1,0.0,0.0,Referral,Mobile
ORD0002230,CUST00403,PROD0029,Accessories,2023-01-25,2023-01,2,59.38,0,118.76,71.26,0,118.76,71.26,Referral,Mobile
ORD0002231,CUST00403,PROD0109,Sports,2023-07-22,2023-07,3,60.91,0.1,164.46,50.98,0,164.46,50.98,Referral,Mobile
ORD0002232,CUST00403,PROD0098,Home & Living,2023-03-21,2023-03,3,101.77,0.1,274.78,115.41,0,274.78,115.41,Referral,Mobile
ORD0002233,CUST00404,PROD0127,Accessories,2023-03-24,2023-03,2,49.21,0,98.42,30.51,0,98.42,30.51,Direct,Mobile
ORD0002234,CUST00404,PROD0178,Clothing,2023-11-01,2023-11,3,60.67,0,182.01,72.8,0,182.01,72.8,Direct,Mobile
ORD0002235,CUST00404,PROD0151,Clothing,2023-11-18,2023-11,3,30.88,0,92.64,40.76,0,92.64,40.76,Direct,Mobile
ORD0002236,CUST00404,PROD0100,Clothing,2023-12-16,2023-12,3,80.73,0,242.19,108.99,0,242.19,108.99,Direct,Mobile
ORD0002237,CUST00404,PROD0175,Footwear,2023-10-06,2023-10,3,69.53,0,208.59,62.58,1,0.0,0.0,Direct,Mobile
ORD0002238,CUST00405,PROD0003,Footwear,2022-12-20,2022-12,2,63.28,0.1,113.9,56.95,1,0.0,0.0,Paid Social,Mobile
ORD0002239,CUST00405,PROD0011,Sports,2024-01-25,2024-01,2,85.35,0,170.7,47.8,0,170.7,47.8,Paid Social,Mobile
ORD0002240,CUST00405,PROD0029,Accessories,2023-03-08,2023-03,2,59.38,0,118.76,71.26,0,118.76,71.26,Paid Social,Mobile
ORD0002241,CUST00405,PROD0118,Clothing,2022-06-19,2022-06,1,33.04,0,33.04,15.86,1,0.0,0.0,Paid Social,Mobile
ORD0002242,CUST00405,PROD0009,Sports,2022-05-26,2022-05,3,39.16,0.05,111.61,65.85,1,0.0,0.0,Paid Social,Mobile
ORD0002243,CUST00405,PROD0014,Beauty,2023-07-14,2023-07,2,56.06,0.1,100.91,63.57,1,0.0,0.0,Paid Social,Mobile
ORD0002244,CUST00406,PROD0076,Clothing,2024-01-27,2024-01,2,54.02,0,108.04,33.49,0,108.04,33.49,Organic Search,Mobile
ORD0002245,CUST00406,PROD0142,Sports,2023-09-13,2023-09,1,114.73,0,114.73,55.07,0,114.73,55.07,Organic Search,Mobile
ORD0002246,CUST00406,PROD0142,Sports,2023-07-26,2023-07,3,114.73,0,344.19,165.21,0,344.19,165.21,Organic Search,Mobile
ORD0002247,CUST00406,PROD0086,Clothing,2023-10-04,2023-10,2,82.15,0,164.3,93.65,0,164.3,93.65,Organic Search,Mobile
ORD0002248,CUST00406,PROD0144,Beauty,2023-07-15,2023-07,1,34.94,0,34.94,19.22,0,34.94,19.22,Organic Search,Mobile
ORD0002249,CUST00406,PROD0139,Home & Living,2023-01-22,2023-01,2,121.16,0,242.32,145.39,1,0.0,0.0,Organic Search,Mobile
ORD0002250,CUST00407,PROD0111,Clothing,2023-04-12,2023-04,3,72.51,0.05,206.65,126.06,0,206.65,126.06,Paid Social,Desktop
ORD0002251,CUST00407,PROD0173,Footwear,2023-10-06,2023-10,3,87.72,0.05,250.0,107.5,1,0.0,0.0,Paid Social,Desktop
ORD0002252,CUST00407,PROD0001,Accessories,2022-11-25,2022-11,1,40.31,0,40.31,14.11,0,40.31,14.11,Paid Social,Desktop
ORD0002253,CUST00407,PROD0100,Clothing,2023-09-07,2023-09,3,80.73,0.05,230.08,103.54,1,0.0,0.0,Paid Social,Desktop
ORD0002254,CUST00407,PROD0048,Home & Living,2023-05-13,2023-05,1,96.14,0,96.14,60.57,1,0.0,0.0,Paid Social,Desktop
ORD0002255,CUST00407,PROD0145,Clothing,2023-11-06,2023-11,2,70.32,0,140.64,84.38,0,140.64,84.38,Paid Social,Desktop
ORD0002256,CUST00407,PROD0092,Beauty,2023-05-07,2023-05,1,19.38,0.05,18.41,5.89,0,18.41,5.89,Paid Social,Desktop
ORD0002257,CUST00407,PROD0154,Sports,2022-09-28,2022-09,3,137.38,0.1,370.93,100.15,1,0.0,0.0,Paid Social,Desktop
ORD0002258,CUST00408,PROD0021,Beauty,2023-09-08,2023-09,1,65.25,0,65.25,40.45,0,65.25,40.45,Paid Social,Desktop
ORD0002259,CUST00409,PROD0055,Sports,2024-02-22,2024-02,3,136.99,0,410.97,119.18,0,410.97,119.18,Organic Search,Mobile
ORD0002260,CUST00409,PROD0098,Home & Living,2022-12-19,2022-12,2,101.77,0,203.54,85.49,0,203.54,85.49,Organic Search,Mobile
ORD0002261,CUST00409,PROD0056,Home & Living,2022-12-03,2022-12,2,70.19,0,140.38,75.81,0,140.38,75.81,Organic Search,Mobile
ORD0002262,CUST00409,PROD0049,Home & Living,2023-10-21,2023-10,1,60.55,0,60.55,23.61,0,60.55,23.61,Organic Search,Mobile
ORD0002263,CUST00409,PROD0081,Home & Living,2023-01-04,2023-01,1,97.71,0,97.71,25.4,0,97.71,25.4,Organic Search,Mobile
ORD0002264,CUST00410,PROD0038,Accessories,2022-12-21,2022-12,2,85.41,0,170.82,93.95,1,0.0,0.0,Organic Search,Mobile
ORD0002265,CUST00410,PROD0043,Footwear,2022-12-04,2022-12,2,62.01,0,124.02,76.89,0,124.02,76.89,Organic Search,Mobile
ORD0002266,CUST00410,PROD0053,Footwear,2023-11-19,2023-11,2,46.14,0,92.28,51.68,0,92.28,51.68,Organic Search,Mobile
ORD0002267,CUST00410,PROD0172,Beauty,2024-01-25,2024-01,1,19.11,0,19.11,8.22,0,19.11,8.22,Organic Search,Mobile
ORD0002268,CUST00411,PROD0162,Home & Living,2024-03-24,2024-03,3,81.32,0,243.96,107.34,0,243.96,107.34,Direct,Mobile
ORD0002269,CUST00411,PROD0075,Accessories,2024-03-06,2024-03,3,80.95,0,242.85,97.14,1,0.0,0.0,Direct,Mobile
ORD0002270,CUST00412,PROD0149,Beauty,2023-11-13,2023-11,1,65.53,0,65.53,34.08,0,65.53,34.08,Paid Social,Desktop
ORD0002271,CUST00413,PROD0023,Clothing,2023-09-07,2023-09,2,85.59,0,171.18,59.91,1,0.0,0.0,Influencer,Desktop
ORD0002272,CUST00413,PROD0111,Clothing,2023-06-15,2023-06,3,72.51,0,217.53,132.69,0,217.53,132.69,Influencer,Desktop
ORD0002273,CUST00413,PROD0139,Home & Living,2023-10-12,2023-10,1,121.16,0,121.16,72.7,1,0.0,0.0,Influencer,Desktop
ORD0002274,CUST00413,PROD0127,Accessories,2023-09-12,2023-09,1,49.21,0,49.21,15.26,0,49.21,15.26,Influencer,Desktop
ORD0002275,CUST00413,PROD0109,Sports,2023-07-04,2023-07,3,60.91,0,182.73,56.65,0,182.73,56.65,Influencer,Desktop
ORD0002276,CUST00413,PROD0067,Clothing,2024-03-10,2024-03,3,47.62,0,142.86,45.72,0,142.86,45.72,Influencer,Desktop
ORD0002277,CUST00414,PROD0103,Accessories,2022-09-07,2022-09,1,84.89,0,84.89,38.2,0,84.89,38.2,Paid Social,Desktop
ORD0002278,CUST00414,PROD0147,Home & Living,2024-01-07,2024-01,2,133.32,0.05,253.31,116.52,0,253.31,116.52,Paid Social,Desktop
ORD0002279,CUST00414,PROD0067,Clothing,2022-08-01,2022-08,2,47.62,0,95.24,30.48,0,95.24,30.48,Paid Social,Desktop
ORD0002280,CUST00415,PROD0143,Beauty,2024-03-09,2024-03,2,15.9,0,31.8,20.35,0,31.8,20.35,Email,Desktop
ORD0002281,CUST00415,PROD0092,Beauty,2023-05-06,2023-05,2,19.38,0,38.76,12.4,0,38.76,12.4,Email,Desktop
ORD0002282,CUST00415,PROD0113,Home & Living,2024-01-11,2024-01,2,30.82,0.1,55.48,29.4,0,55.48,29.4,Email,Desktop
ORD0002283,CUST00415,PROD0064,Footwear,2023-11-08,2023-11,3,190.18,0.15,484.96,189.13,0,484.96,189.13,Email,Desktop
ORD0002284,CUST00416,PROD0009,Sports,2022-12-02,2022-12,3,39.16,0,117.48,69.31,0,117.48,69.31,Direct,Mobile
ORD0002285,CUST00416,PROD0171,Clothing,2023-01-07,2023-01,1,49.46,0,49.46,12.37,0,49.46,12.37,Direct,Mobile
ORD0002286,CUST00416,PROD0030,Beauty,2024-02-18,2024-02,3,30.52,0,91.56,32.96,0,91.56,32.96,Direct,Mobile
ORD0002287,CUST00416,PROD0191,Accessories,2023-08-04,2023-08,2,42.93,0,85.86,42.07,1,0.0,0.0,Direct,Mobile
ORD0002288,CUST00416,PROD0134,Accessories,2024-03-19,2024-03,1,24.1,0,24.1,13.5,0,24.1,13.5,Direct,Mobile
ORD0002289,CUST00416,PROD0009,Sports,2024-03-03,2024-03,2,39.16,0,78.32,46.21,1,0.0,0.0,Direct,Mobile
ORD0002290,CUST00416,PROD0162,Home & Living,2023-08-18,2023-08,2,81.32,0,162.64,71.56,0,162.64,71.56,Direct,Mobile
ORD0002291,CUST00416,PROD0052,Clothing,2023-08-14,2023-08,2,61.19,0,122.38,35.49,0,122.38,35.49,Direct,Mobile
ORD0002292,CUST00416,PROD0071,Beauty,2024-03-02,2024-03,2,65.25,0,130.5,79.61,0,130.5,79.61,Direct,Mobile
ORD0002293,CUST00416,PROD0141,Beauty,2023-07-03,2023-07,1,60.76,0,60.76,20.66,0,60.76,20.66,Direct,Mobile
ORD0002294,CUST00416,PROD0032,Home & Living,2023-11-19,2023-11,2,43.05,0,86.1,24.97,0,86.1,24.97,Direct,Mobile
ORD0002295,CUST00417,PROD0098,Home & Living,2023-11-02,2023-11,3,101.77,0,305.31,128.23,0,305.31,128.23,Email,Mobile
ORD0002296,CUST00417,PROD0033,Sports,2023-04-17,2023-04,3,54.48,0.1,147.1,41.19,0,147.1,41.19,Email,Mobile
ORD0002297,CUST00417,PROD0145,Clothing,2023-11-02,2023-11,2,70.32,0,140.64,84.38,0,140.64,84.38,Email,Mobile
ORD0002298,CUST00417,PROD0153,Accessories,2023-04-03,2023-04,3,85.5,0.1,230.85,129.28,0,230.85,129.28,Email,Mobile
ORD0002299,CUST00417,PROD0085,Accessories,2023-10-09,2023-10,2,53.78,0.15,91.43,43.89,1,0.0,0.0,Email,Mobile
ORD0002300,CUST00417,PROD0108,Accessories,2023-05-03,2023-05,2,82.14,0.2,131.42,39.43,1,0.0,0.0,Email,Mobile
ORD0002301,CUST00418,PROD0036,Home & Living,2023-03-25,2023-03,3,74.59,0,223.77,78.32,1,0.0,0.0,Paid Social,Desktop
ORD0002302,CUST00419,PROD0124,Beauty,2023-10-26,2023-10,1,20.18,0,20.18,9.48,0,20.18,9.48,Direct,Desktop
ORD0002303,CUST00419,PROD0056,Home & Living,2024-03-26,2024-03,3,70.19,0,210.57,113.71,0,210.57,113.71,Direct,Desktop
ORD0002304,CUST00419,PROD0055,Sports,2023-12-23,2023-12,3,136.99,0,410.97,119.18,0,410.97,119.18,Direct,Desktop
ORD0002305,CUST00419,PROD0137,Home & Living,2023-08-07,2023-08,3,99.54,0,298.62,116.46,0,298.62,116.46,Direct,Desktop
ORD0002306,CUST00419,PROD0138,Home & Living,2023-09-26,2023-09,1,126.57,0,126.57,56.96,1,0.0,0.0,Direct,Desktop
ORD0002307,CUST00419,PROD0061,Home & Living,2024-01-04,2024-01,2,136.85,0,273.7,101.27,0,273.7,101.27,Direct,Desktop
ORD0002308,CUST00420,PROD0107,Clothing,2023-12-17,2023-12,2,91.09,0,182.18,112.95,0,182.18,112.95,Direct,Mobile
ORD0002309,CUST00420,PROD0101,Footwear,2024-02-25,2024-02,2,191.81,0,383.62,168.79,0,383.62,168.79,Direct,Mobile
ORD0002310,CUST00420,PROD0166,Clothing,2023-12-25,2023-12,2,87.15,0,174.3,108.07,1,0.0,0.0,Direct,Mobile
ORD0002311,CUST00420,PROD0059,Sports,2023-08-02,2023-08,2,76.4,0,152.8,77.93,0,152.8,77.93,Direct,Mobile
ORD0002312,CUST00420,PROD0060,Footwear,2023-12-04,2023-12,2,104.31,0,208.62,60.5,0,208.62,60.5,Direct,Mobile
ORD0002313,CUST00421,PROD0116,Footwear,2023-05-02,2023-05,2,141.52,0,283.04,124.54,0,283.04,124.54,Paid Social,Mobile
ORD0002314,CUST00421,PROD0049,Home & Living,2023-08-25,2023-08,2,60.55,0,121.1,47.23,1,0.0,0.0,Paid Social,Mobile
ORD0002315,CUST00421,PROD0061,Home & Living,2023-06-09,2023-06,3,136.85,0.1,369.49,136.71,1,0.0,0.0,Paid Social,Mobile
ORD0002316,CUST00421,PROD0036,Home & Living,2023-07-24,2023-07,2,74.59,0.05,141.72,49.6,0,141.72,49.6,Paid Social,Mobile
ORD0002317,CUST00421,PROD0083,Clothing,2023-05-18,2023-05,2,25.2,0.05,47.88,25.86,0,47.88,25.86,Paid Social,Mobile
ORD0002318,CUST00422,PROD0137,Home & Living,2022-12-17,2022-12,3,99.54,0,298.62,116.46,0,298.62,116.46,Referral,Desktop
ORD0002319,CUST00422,PROD0042,Home & Living,2023-07-15,2023-07,3,61.51,0.1,166.08,46.5,0,166.08,46.5,Referral,Desktop
ORD0002320,CUST00422,PROD0025,Footwear,2023-12-23,2023-12,3,78.3,0,234.9,77.52,0,234.9,77.52,Referral,Desktop
ORD0002321,CUST00422,PROD0085,Accessories,2023-08-06,2023-08,2,53.78,0.1,96.8,46.46,0,96.8,46.46,Referral,Desktop
ORD0002322,CUST00422,PROD0196,Sports,2024-02-08,2024-02,3,92.93,0.1,250.91,155.56,0,250.91,155.56,Referral,Desktop
ORD0002323,CUST00422,PROD0180,Sports,2022-11-01,2022-11,3,57.83,0,173.49,97.15,1,0.0,0.0,Referral,Desktop
ORD0002324,CUST00422,PROD0156,Sports,2022-09-24,2022-09,3,96.17,0,288.51,167.34,0,288.51,167.34,Referral,Desktop
ORD0002325,CUST00422,PROD0126,Sports,2023-03-13,2023-03,3,92.2,0,276.6,177.02,0,276.6,177.02,Referral,Desktop
ORD0002326,CUST00422,PROD0063,Accessories,2022-10-02,2022-10,2,72.45,0.1,130.41,44.34,1,0.0,0.0,Referral,Desktop
ORD0002327,CUST00422,PROD0050,Home & Living,2023-08-15,2023-08,2,120.87,0.1,217.57,58.74,0,217.57,58.74,Referral,Desktop
ORD0002328,CUST00422,PROD0099,Home & Living,2023-03-02,2023-03,2,113.39,0.1,204.1,75.52,0,204.1,75.52,Referral,Desktop
ORD0002329,CUST00422,PROD0002,Clothing,2022-09-19,2022-09,1,48.81,0.1,43.93,27.68,0,43.93,27.68,Referral,Desktop
ORD0002330,CUST00423,PROD0025,Footwear,2022-09-29,2022-09,1,78.3,0,78.3,25.84,0,78.3,25.84,Direct,Mobile
ORD0002331,CUST00424,PROD0068,Accessories,2022-11-19,2022-11,3,58.26,0,174.78,73.41,0,174.78,73.41,Organic Search,Tablet
ORD0002332,CUST00424,PROD0011,Sports,2022-07-25,2022-07,2,85.35,0,170.7,47.8,0,170.7,47.8,Organic Search,Tablet
ORD0002333,CUST00424,PROD0025,Footwear,2023-07-01,2023-07,2,78.3,0,156.6,51.68,0,156.6,51.68,Organic Search,Tablet
ORD0002334,CUST00424,PROD0165,Footwear,2022-11-28,2022-11,2,116.35,0,232.7,148.93,0,232.7,148.93,Organic Search,Tablet
ORD0002335,CUST00424,PROD0138,Home & Living,2024-01-21,2024-01,2,126.57,0,253.14,113.91,0,253.14,113.91,Organic Search,Tablet
ORD0002336,CUST00424,PROD0044,Footwear,2022-11-28,2022-11,3,185.76,0,557.28,273.07,0,557.28,273.07,Organic Search,Tablet
ORD0002337,CUST00424,PROD0157,Sports,2023-10-29,2023-10,1,101.12,0,101.12,42.47,0,101.12,42.47,Organic Search,Tablet
ORD0002338,CUST00425,PROD0171,Clothing,2022-10-01,2022-10,3,49.46,0.2,118.7,29.68,0,118.7,29.68,Email,Desktop
ORD0002339,CUST00425,PROD0078,Accessories,2022-12-09,2022-12,3,83.84,0,251.52,150.91,0,251.52,150.91,Email,Desktop
ORD0002340,CUST00425,PROD0009,Sports,2023-06-28,2023-06,1,39.16,0,39.16,23.1,1,0.0,0.0,Email,Desktop
ORD0002341,CUST00425,PROD0070,Home & Living,2023-02-10,2023-02,2,75.93,0,151.86,89.6,1,0.0,0.0,Email,Desktop
ORD0002342,CUST00425,PROD0055,Sports,2022-05-11,2022-05,2,136.99,0.15,232.88,67.54,0,232.88,67.54,Email,Desktop
ORD0002343,CUST00425,PROD0030,Beauty,2024-02-19,2024-02,1,30.52,0.2,24.42,8.79,0,24.42,8.79,Email,Desktop
ORD0002344,CUST00425,PROD0168,Clothing,2023-03-16,2023-03,3,45.57,0,136.71,57.42,0,136.71,57.42,Email,Desktop
ORD0002345,CUST00425,PROD0017,Home & Living,2022-05-30,2022-05,1,31.84,0.15,27.06,10.55,1,0.0,0.0,Email,Desktop
ORD0002346,CUST00425,PROD0016,Beauty,2023-03-02,2023-03,2,14.72,0.1,26.5,16.96,0,26.5,16.96,Email,Desktop
ORD0002347,CUST00425,PROD0120,Home & Living,2022-06-11,2022-06,3,118.52,0.15,302.23,93.69,0,302.23,93.69,Email,Desktop
ORD0002348,CUST00425,PROD0077,Footwear,2024-01-25,2024-01,2,66.48,0.1,119.66,53.85,0,119.66,53.85,Email,Desktop
ORD0002349,CUST00426,PROD0054,Sports,2024-02-24,2024-02,1,142.4,0,142.4,71.2,0,142.4,71.2,Organic Search,Mobile
ORD0002350,CUST00427,PROD0018,Clothing,2023-05-02,2023-05,3,45.54,0,136.62,61.48,0,136.62,61.48,Referral,Mobile
ORD0002351,CUST00427,PROD0151,Clothing,2023-06-22,2023-06,1,30.88,0.1,27.79,12.23,0,27.79,12.23,Referral,Mobile
ORD0002352,CUST00427,PROD0128,Clothing,2023-02-19,2023-02,1,28.95,0,28.95,12.16,0,28.95,12.16,Referral,Mobile
ORD0002353,CUST00427,PROD0123,Clothing,2023-11-30,2023-11,1,40.48,0,40.48,10.52,0,40.48,10.52,Referral,Mobile
ORD0002354,CUST00427,PROD0188,Footwear,2023-11-30,2023-11,2,148.41,0,296.82,175.12,0,296.82,175.12,Referral,Mobile
ORD0002355,CUST00427,PROD0185,Footwear,2023-12-18,2023-12,2,196.58,0,393.16,200.51,0,393.16,200.51,Referral,Mobile
ORD0002356,CUST00427,PROD0153,Accessories,2023-04-04,2023-04,2,85.5,0.1,153.9,86.18,0,153.9,86.18,Referral,Mobile
ORD0002357,CUST00427,PROD0096,Sports,2023-01-29,2023-01,3,59.98,0,179.94,115.16,1,0.0,0.0,Referral,Mobile
ORD0002358,CUST00427,PROD0008,Footwear,2023-03-30,2023-03,3,151.56,0.1,409.21,249.62,0,409.21,249.62,Referral,Mobile
ORD0002359,CUST00427,PROD0008,Footwear,2022-12-16,2022-12,3,151.56,0,454.68,277.35,0,454.68,277.35,Referral,Mobile
ORD0002360,CUST00427,PROD0017,Home & Living,2023-07-06,2023-07,2,31.84,0,63.68,24.84,1,0.0,0.0,Referral,Mobile
ORD0002361,CUST00427,PROD0106,Footwear,2024-01-15,2024-01,2,188.1,0,376.2,161.77,1,0.0,0.0,Referral,Mobile
ORD0002362,CUST00427,PROD0160,Accessories,2022-08-02,2022-08,3,31.12,0,93.36,52.28,0,93.36,52.28,Referral,Mobile
ORD0002363,CUST00428,PROD0178,Clothing,2024-01-26,2024-01,3,60.67,0.1,163.81,65.52,0,163.81,65.52,Referral,Mobile
ORD0002364,CUST00428,PROD0068,Accessories,2023-09-24,2023-09,3,58.26,0,174.78,73.41,0,174.78,73.41,Referral,Mobile
ORD0002365,CUST00428,PROD0039,Beauty,2024-02-18,2024-02,3,69.16,0.1,186.73,104.57,0,186.73,104.57,Referral,Mobile
ORD0002366,CUST00428,PROD0124,Beauty,2023-11-18,2023-11,1,20.18,0,20.18,9.48,0,20.18,9.48,Referral,Mobile
ORD0002367,CUST00428,PROD0117,Accessories,2023-04-28,2023-04,3,65.2,0.1,176.04,51.05,0,176.04,51.05,Referral,Mobile
ORD0002368,CUST00428,PROD0083,Clothing,2023-11-22,2023-11,3,25.2,0.1,68.04,36.74,1,0.0,0.0,Referral,Mobile
ORD0002369,CUST00428,PROD0017,Home & Living,2024-01-09,2024-01,1,31.84,0,31.84,12.42,1,0.0,0.0,Referral,Mobile
ORD0002370,CUST00428,PROD0159,Beauty,2023-11-21,2023-11,2,20.79,0,41.58,12.89,0,41.58,12.89,Referral,Mobile
ORD0002371,CUST00429,PROD0161,Home & Living,2023-04-10,2023-04,3,33.22,0,99.66,58.8,0,99.66,58.8,Direct,Tablet
ORD0002372,CUST00430,PROD0069,Beauty,2023-02-10,2023-02,1,52.71,0,52.71,31.63,0,52.71,31.63,Referral,Desktop
ORD0002373,CUST00430,PROD0137,Home & Living,2024-03-22,2024-03,2,99.54,0,199.08,77.64,0,199.08,77.64,Referral,Desktop
ORD0002374,CUST00430,PROD0199,Sports,2023-10-11,2023-10,2,40.52,0,81.04,25.93,0,81.04,25.93,Referral,Desktop
ORD0002375,CUST00430,PROD0034,Clothing,2022-10-20,2022-10,1,108.12,0.1,97.31,38.92,0,97.31,38.92,Referral,Desktop
ORD0002376,CUST00430,PROD0097,Clothing,2024-02-12,2024-02,3,60.58,0.1,163.57,47.44,0,163.57,47.44,Referral,Desktop
ORD0002377,CUST00431,PROD0088,Accessories,2023-09-22,2023-09,3,42.05,0.1,113.53,42.01,0,113.53,42.01,Email,Mobile
ORD0002378,CUST00431,PROD0113,Home & Living,2022-08-22,2022-08,3,30.82,0,92.46,49.0,1,0.0,0.0,Email,Mobile
ORD0002379,CUST00431,PROD0120,Home & Living,2023-01-29,2023-01,2,118.52,0,237.04,73.48,0,237.04,73.48,Email,Mobile
ORD0002380,CUST00432,PROD0088,Accessories,2024-02-11,2024-02,2,42.05,0.1,75.69,28.01,0,75.69,28.01,Paid Social,Mobile
ORD0002381,CUST00432,PROD0058,Accessories,2023-07-08,2023-07,2,50.31,0,100.62,33.2,0,100.62,33.2,Paid Social,Mobile
ORD0002382,CUST00432,PROD0053,Footwear,2023-12-16,2023-12,2,46.14,0.05,87.67,49.1,1,0.0,0.0,Paid Social,Mobile
ORD0002383,CUST00432,PROD0048,Home & Living,2023-10-27,2023-10,1,96.14,0,96.14,60.57,0,96.14,60.57,Paid Social,Mobile
ORD0002384,CUST00432,PROD0029,Accessories,2024-01-01,2024-01,1,59.38,0.1,53.44,32.06,1,0.0,0.0,Paid Social,Mobile
ORD0002385,CUST00433,PROD0051,Footwear,2023-03-17,2023-03,3,119.28,0,357.84,203.97,0,357.84,203.97,Influencer,Mobile
ORD0002386,CUST00433,PROD0097,Clothing,2023-08-09,2023-08,2,60.58,0,121.16,35.14,0,121.16,35.14,Influencer,Mobile
ORD0002387,CUST00434,PROD0054,Sports,2023-05-06,2023-05,2,142.4,0,284.8,142.4,0,284.8,142.4,Paid Social,Tablet
ORD0002388,CUST00435,PROD0022,Sports,2024-03-26,2024-03,2,30.09,0,60.18,34.3,0,60.18,34.3,Direct,Mobile
ORD0002389,CUST00435,PROD0027,Footwear,2023-07-01,2023-07,2,147.27,0,294.54,164.94,1,0.0,0.0,Direct,Mobile
ORD0002390,CUST00435,PROD0012,Sports,2023-07-29,2023-07,2,146.79,0,293.58,105.69,1,0.0,0.0,Direct,Mobile
ORD0002391,CUST00435,PROD0108,Accessories,2023-12-15,2023-12,1,82.14,0,82.14,24.64,1,0.0,0.0,Direct,Mobile
ORD0002392,CUST00435,PROD0186,Home & Living,2023-10-12,2023-10,2,126.59,0,253.18,73.42,1,0.0,0.0,Direct,Mobile
ORD0002393,CUST00436,PROD0033,Sports,2023-07-17,2023-07,2,54.48,0,108.96,30.51,0,108.96,30.51,Influencer,Desktop
ORD0002394,CUST00436,PROD0106,Footwear,2023-06-14,2023-06,2,188.1,0,376.2,161.77,0,376.2,161.77,Influencer,Desktop
ORD0002395,CUST00437,PROD0048,Home & Living,2023-10-31,2023-10,2,96.14,0.05,182.67,115.08,0,182.67,115.08,Paid Social,Tablet
ORD0002396,CUST00437,PROD0073,Sports,2023-04-19,2023-04,1,66.61,0,66.61,23.98,0,66.61,23.98,Paid Social,Tablet
ORD0002397,CUST00438,PROD0126,Sports,2023-12-20,2023-12,3,92.2,0,276.6,177.02,0,276.6,177.02,Direct,Mobile
ORD0002398,CUST00438,PROD0130,Home & Living,2024-01-09,2024-01,2,126.57,0,253.14,146.82,0,253.14,146.82,Direct,Mobile
ORD0002399,CUST00438,PROD0150,Beauty,2023-12-14,2023-12,3,24.66,0,73.98,36.25,0,73.98,36.25,Direct,Mobile
ORD0002400,CUST00438,PROD0077,Footwear,2023-02-04,2023-02,1,66.48,0,66.48,29.92,0,66.48,29.92,Direct,Mobile
ORD0002401,CUST00438,PROD0146,Accessories,2023-10-20,2023-10,1,80.98,0,80.98,28.34,0,80.98,28.34,Direct,Mobile
ORD0002402,CUST00438,PROD0052,Clothing,2022-07-26,2022-07,3,61.19,0,183.57,53.24,0,183.57,53.24,Direct,Mobile
ORD0002403,CUST00439,PROD0165,Footwear,2022-07-14,2022-07,1,116.35,0,116.35,74.46,0,116.35,74.46,Organic Search,Desktop
ORD0002404,CUST00440,PROD0059,Sports,2022-07-15,2022-07,1,76.4,0.1,68.76,35.07,0,68.76,35.07,Email,Mobile
ORD0002405,CUST00440,PROD0041,Beauty,2022-10-14,2022-10,2,68.34,0.1,123.01,73.81,1,0.0,0.0,Email,Mobile
ORD0002406,CUST00440,PROD0106,Footwear,2023-04-30,2023-04,1,188.1,0.15,159.88,68.75,1,0.0,0.0,Email,Mobile
ORD0002407,CUST00440,PROD0103,Accessories,2023-03-23,2023-03,2,84.89,0.15,144.31,64.94,0,144.31,64.94,Email,Mobile
ORD0002408,CUST00440,PROD0005,Footwear,2022-11-15,2022-11,1,121.17,0.15,102.99,59.73,0,102.99,59.73,Email,Mobile
ORD0002409,CUST00441,PROD0015,Footwear,2023-04-13,2023-04,2,131.63,0.2,210.61,86.35,0,210.61,86.35,Email,Desktop
ORD0002410,CUST00441,PROD0098,Home & Living,2023-10-20,2023-10,2,101.77,0,203.54,85.49,1,0.0,0.0,Email,Desktop
ORD0002411,CUST00441,PROD0192,Sports,2023-06-28,2023-06,2,82.92,0.1,149.26,77.62,0,149.26,77.62,Email,Desktop
ORD0002412,CUST00441,PROD0185,Footwear,2023-04-03,2023-04,1,196.58,0.15,167.09,85.22,1,0.0,0.0,Email,Desktop
ORD0002413,CUST00441,PROD0178,Clothing,2023-04-18,2023-04,2,60.67,0.15,103.14,41.26,0,103.14,41.26,Email,Desktop
ORD0002414,CUST00442,PROD0015,Footwear,2023-10-03,2023-10,3,131.63,0.15,335.66,137.62,0,335.66,137.62,Email,Desktop
ORD0002415,CUST00443,PROD0063,Accessories,2023-11-08,2023-11,1,72.45,0,72.45,24.63,0,72.45,24.63,Organic Search,Desktop
ORD0002416,CUST00443,PROD0099,Home & Living,2024-03-30,2024-03,3,113.39,0,340.17,125.86,0,340.17,125.86,Organic Search,Desktop
ORD0002417,CUST00443,PROD0012,Sports,2024-02-14,2024-02,2,146.79,0,293.58,105.69,0,293.58,105.69,Organic Search,Desktop
ORD0002418,CUST00443,PROD0013,Sports,2024-02-03,2024-02,3,147.02,0,441.06,172.01,0,441.06,172.01,Organic Search,Desktop
ORD0002419,CUST00443,PROD0012,Sports,2024-02-12,2024-02,2,146.79,0,293.58,105.69,0,293.58,105.69,Organic Search,Desktop
ORD0002420,CUST00443,PROD0039,Beauty,2023-10-05,2023-10,3,69.16,0,207.48,116.19,1,0.0,0.0,Organic Search,Desktop
ORD0002421,CUST00443,PROD0109,Sports,2023-09-08,2023-09,2,60.91,0,121.82,37.76,0,121.82,37.76,Organic Search,Desktop
ORD0002422,CUST00444,PROD0036,Home & Living,2023-03-09,2023-03,3,74.59,0.1,201.39,70.49,1,0.0,0.0,Email,Mobile
ORD0002423,CUST00444,PROD0080,Sports,2023-04-19,2023-04,1,42.1,0.2,33.68,16.84,0,33.68,16.84,Email,Mobile
ORD0002424,CUST00444,PROD0175,Footwear,2023-04-18,2023-04,1,69.53,0.1,62.58,18.77,0,62.58,18.77,Email,Mobile
ORD0002425,CUST00444,PROD0038,Accessories,2024-03-02,2024-03,1,85.41,0.1,76.87,42.28,0,76.87,42.28,Email,Mobile
ORD0002426,CUST00444,PROD0146,Accessories,2023-11-22,2023-11,1,80.98,0.2,64.78,22.67,0,64.78,22.67,Email,Mobile
ORD0002427,CUST00444,PROD0026,Footwear,2023-12-21,2023-12,2,66.28,0.15,112.68,29.3,1,0.0,0.0,Email,Mobile
ORD0002428,CUST00445,PROD0050,Home & Living,2023-10-06,2023-10,2,120.87,0.2,193.39,52.22,1,0.0,0.0,Email,Mobile
ORD0002429,CUST00446,PROD0004,Accessories,2022-06-20,2022-06,1,19.48,0.05,18.51,11.66,0,18.51,11.66,Paid Social,Mobile
ORD0002430,CUST00447,PROD0188,Footwear,2023-02-08,2023-02,2,148.41,0.15,252.3,148.86,0,252.3,148.86,Email,Desktop
ORD0002431,CUST00447,PROD0180,Sports,2023-05-30,2023-05,2,57.83,0.1,104.09,58.29,0,104.09,58.29,Email,Desktop
ORD0002432,CUST00447,PROD0105,Sports,2023-07-28,2023-07,2,41.5,0.15,70.55,44.45,0,70.55,44.45,Email,Desktop
ORD0002433,CUST00447,PROD0132,Home & Living,2023-04-17,2023-04,3,31.95,0,95.85,55.59,1,0.0,0.0,Email,Desktop
ORD0002434,CUST00448,PROD0043,Footwear,2023-10-21,2023-10,2,62.01,0,124.02,76.89,0,124.02,76.89,Organic Search,Mobile
ORD0002435,CUST00448,PROD0108,Accessories,2023-11-06,2023-11,1,82.14,0,82.14,24.64,0,82.14,24.64,Organic Search,Mobile
ORD0002436,CUST00448,PROD0061,Home & Living,2024-01-09,2024-01,3,136.85,0,410.55,151.9,1,0.0,0.0,Organic Search,Mobile
ORD0002437,CUST00448,PROD0112,Home & Living,2024-02-08,2024-02,3,48.0,0,144.0,82.08,0,144.0,82.08,Organic Search,Mobile
ORD0002438,CUST00449,PROD0177,Accessories,2023-11-01,2023-11,2,31.44,0,62.88,23.89,0,62.88,23.89,Direct,Desktop
ORD0002439,CUST00449,PROD0160,Accessories,2022-11-07,2022-11,3,31.12,0,93.36,52.28,0,93.36,52.28,Direct,Desktop
ORD0002440,CUST00449,PROD0009,Sports,2023-01-20,2023-01,1,39.16,0,39.16,23.1,0,39.16,23.1,Direct,Desktop
ORD0002441,CUST00450,PROD0185,Footwear,2022-11-14,2022-11,3,196.58,0.1,530.77,270.69,0,530.77,270.69,Paid Social,Mobile
ORD0002442,CUST00450,PROD0046,Sports,2023-04-19,2023-04,2,44.39,0,88.78,47.05,0,88.78,47.05,Paid Social,Mobile
ORD0002443,CUST00450,PROD0041,Beauty,2023-08-20,2023-08,1,68.34,0.1,61.51,36.91,0,61.51,36.91,Paid Social,Mobile
ORD0002444,CUST00451,PROD0081,Home & Living,2022-09-25,2022-09,2,97.71,0,195.42,50.81,1,0.0,0.0,Organic Search,Mobile
ORD0002445,CUST00451,PROD0063,Accessories,2024-01-24,2024-01,1,72.45,0,72.45,24.63,0,72.45,24.63,Organic Search,Mobile
ORD0002446,CUST00451,PROD0156,Sports,2022-09-27,2022-09,3,96.17,0,288.51,167.34,1,0.0,0.0,Organic Search,Mobile
ORD0002447,CUST00451,PROD0052,Clothing,2024-01-11,2024-01,3,61.19,0,183.57,53.24,1,0.0,0.0,Organic Search,Mobile
ORD0002448,CUST00451,PROD0146,Accessories,2023-04-29,2023-04,3,80.98,0,242.94,85.03,0,242.94,85.03,Organic Search,Mobile
ORD0002449,CUST00451,PROD0089,Sports,2023-10-06,2023-10,2,40.38,0,80.76,26.65,0,80.76,26.65,Organic Search,Mobile
ORD0002450,CUST00451,PROD0039,Beauty,2023-02-09,2023-02,1,69.16,0,69.16,38.73,0,69.16,38.73,Organic Search,Mobile
ORD0002451,CUST00451,PROD0048,Home & Living,2023-04-03,2023-04,1,96.14,0,96.14,60.57,0,96.14,60.57,Organic Search,Mobile
ORD0002452,CUST00451,PROD0009,Sports,2022-12-05,2022-12,1,39.16,0,39.16,23.1,1,0.0,0.0,Organic Search,Mobile
ORD0002453,CUST00451,PROD0029,Accessories,2022-09-06,2022-09,2,59.38,0,118.76,71.26,0,118.76,71.26,Organic Search,Mobile
ORD0002454,CUST00451,PROD0154,Sports,2023-08-06,2023-08,1,137.38,0,137.38,37.09,0,137.38,37.09,Organic Search,Mobile
ORD0002455,CUST00452,PROD0136,Accessories,2024-01-23,2024-01,1,78.97,0,78.97,29.22,1,0.0,0.0,Paid Social,Desktop
ORD0002456,CUST00452,PROD0161,Home & Living,2022-09-27,2022-09,3,33.22,0,99.66,58.8,0,99.66,58.8,Paid Social,Desktop
ORD0002457,CUST00452,PROD0137,Home & Living,2023-05-24,2023-05,1,99.54,0.1,89.59,34.94,0,89.59,34.94,Paid Social,Desktop
ORD0002458,CUST00452,PROD0105,Sports,2023-05-05,2023-05,2,41.5,0,83.0,52.29,0,83.0,52.29,Paid Social,Desktop
ORD0002459,CUST00452,PROD0147,Home & Living,2023-01-27,2023-01,1,133.32,0.1,119.99,55.2,1,0.0,0.0,Paid Social,Desktop
ORD0002460,CUST00452,PROD0035,Beauty,2022-12-05,2022-12,2,43.82,0.05,83.26,48.29,0,83.26,48.29,Paid Social,Desktop
ORD0002461,CUST00452,PROD0039,Beauty,2023-03-28,2023-03,2,69.16,0.05,131.4,73.58,0,131.4,73.58,Paid Social,Desktop
ORD0002462,CUST00453,PROD0156,Sports,2023-08-01,2023-08,2,96.17,0.1,173.11,100.4,0,173.11,100.4,Referral,Mobile
ORD0002463,CUST00453,PROD0095,Accessories,2024-02-03,2024-02,2,33.53,0.1,60.35,34.4,1,0.0,0.0,Referral,Mobile
ORD0002464,CUST00453,PROD0028,Sports,2023-11-14,2023-11,3,115.45,0.1,311.72,152.74,0,311.72,152.74,Referral,Mobile
ORD0002465,CUST00453,PROD0005,Footwear,2024-03-03,2024-03,3,121.17,0.1,327.16,189.75,0,327.16,189.75,Referral,Mobile
ORD0002466,CUST00453,PROD0094,Home & Living,2023-08-26,2023-08,3,56.47,0.1,152.47,96.06,0,152.47,96.06,Referral,Mobile
ORD0002467,CUST00454,PROD0042,Home & Living,2024-01-13,2024-01,3,61.51,0,184.53,51.67,1,0.0,0.0,Influencer,Mobile
ORD0002468,CUST00454,PROD0177,Accessories,2023-05-27,2023-05,2,31.44,0,62.88,23.89,1,0.0,0.0,Influencer,Mobile
ORD0002469,CUST00454,PROD0032,Home & Living,2023-11-22,2023-11,1,43.05,0,43.05,12.48,1,0.0,0.0,Influencer,Mobile
ORD0002470,CUST00454,PROD0151,Clothing,2023-04-04,2023-04,2,30.88,0,61.76,27.17,0,61.76,27.17,Influencer,Mobile
ORD0002471,CUST00454,PROD0176,Home & Living,2023-10-09,2023-10,1,51.13,0,51.13,14.32,0,51.13,14.32,Influencer,Mobile
ORD0002472,CUST00454,PROD0192,Sports,2023-11-11,2023-11,1,82.92,0,82.92,43.12,1,0.0,0.0,Influencer,Mobile
ORD0002473,CUST00454,PROD0128,Clothing,2023-09-02,2023-09,2,28.95,0,57.9,24.32,0,57.9,24.32,Influencer,Mobile
ORD0002474,CUST00454,PROD0027,Footwear,2024-03-05,2024-03,2,147.27,0,294.54,164.94,1,0.0,0.0,Influencer,Mobile
ORD0002475,CUST00455,PROD0081,Home & Living,2024-02-19,2024-02,3,97.71,0.1,263.82,68.59,1,0.0,0.0,Referral,Desktop
ORD0002476,CUST00455,PROD0136,Accessories,2023-11-19,2023-11,2,78.97,0,157.94,58.44,0,157.94,58.44,Referral,Desktop
ORD0002477,CUST00455,PROD0129,Accessories,2024-01-22,2024-01,1,45.01,0,45.01,13.95,0,45.01,13.95,Referral,Desktop
ORD0002478,CUST00455,PROD0139,Home & Living,2023-09-21,2023-09,3,121.16,0.1,327.13,196.28,0,327.13,196.28,Referral,Desktop
ORD0002479,CUST00455,PROD0017,Home & Living,2022-11-17,2022-11,1,31.84,0,31.84,12.42,0,31.84,12.42,Referral,Desktop
ORD0002480,CUST00455,PROD0012,Sports,2023-08-14,2023-08,2,146.79,0,293.58,105.69,0,293.58,105.69,Referral,Desktop
ORD0002481,CUST00455,PROD0183,Clothing,2023-11-22,2023-11,2,78.37,0,156.74,94.04,0,156.74,94.04,Referral,Desktop
ORD0002482,CUST00455,PROD0165,Footwear,2023-06-29,2023-06,3,116.35,0.1,314.14,201.05,0,314.14,201.05,Referral,Desktop
ORD0002483,CUST00455,PROD0084,Accessories,2023-02-25,2023-02,1,45.9,0.1,41.31,11.57,0,41.31,11.57,Referral,Desktop
ORD0002484,CUST00455,PROD0145,Clothing,2023-09-17,2023-09,3,70.32,0.1,189.86,113.92,0,189.86,113.92,Referral,Desktop
ORD0002485,CUST00455,PROD0093,Footwear,2024-01-22,2024-01,2,85.42,0,170.84,97.38,0,170.84,97.38,Referral,Desktop
ORD0002486,CUST00455,PROD0104,Sports,2022-10-06,2022-10,1,40.92,0.1,36.83,13.26,0,36.83,13.26,Referral,Desktop
ORD0002487,CUST00456,PROD0183,Clothing,2023-10-22,2023-10,3,78.37,0,235.11,141.07,0,235.11,141.07,Paid Social,Mobile
ORD0002488,CUST00456,PROD0061,Home & Living,2023-10-26,2023-10,3,136.85,0,410.55,151.9,0,410.55,151.9,Paid Social,Mobile
ORD0002489,CUST00456,PROD0029,Accessories,2024-01-09,2024-01,3,59.38,0,178.14,106.88,0,178.14,106.88,Paid Social,Mobile
ORD0002490,CUST00456,PROD0112,Home & Living,2022-11-04,2022-11,3,48.0,0.05,136.8,77.98,0,136.8,77.98,Paid Social,Mobile
ORD0002491,CUST00457,PROD0102,Footwear,2022-11-26,2022-11,3,44.77,0,134.31,34.92,0,134.31,34.92,Organic Search,Mobile
ORD0002492,CUST00457,PROD0021,Beauty,2022-06-17,2022-06,2,65.25,0,130.5,80.91,0,130.5,80.91,Organic Search,Mobile
ORD0002493,CUST00457,PROD0059,Sports,2023-02-09,2023-02,3,76.4,0,229.2,116.89,1,0.0,0.0,Organic Search,Mobile
ORD0002494,CUST00457,PROD0137,Home & Living,2023-02-18,2023-02,2,99.54,0,199.08,77.64,0,199.08,77.64,Organic Search,Mobile
ORD0002495,CUST00458,PROD0154,Sports,2023-02-10,2023-02,3,137.38,0,412.14,111.28,0,412.14,111.28,Influencer,Mobile
ORD0002496,CUST00458,PROD0056,Home & Living,2024-03-01,2024-03,2,70.19,0,140.38,75.81,0,140.38,75.81,Influencer,Mobile
ORD0002497,CUST00458,PROD0193,Sports,2023-03-03,2023-03,1,95.75,0,95.75,30.64,1,0.0,0.0,Influencer,Mobile
ORD0002498,CUST00458,PROD0143,Beauty,2023-09-03,2023-09,2,15.9,0,31.8,20.35,1,0.0,0.0,Influencer,Mobile
ORD0002499,CUST00458,PROD0104,Sports,2022-09-06,2022-09,3,40.92,0,122.76,44.19,0,122.76,44.19,Influencer,Mobile
ORD0002500,CUST00458,PROD0034,Clothing,2023-06-11,2023-06,1,108.12,0,108.12,43.25,0,108.12,43.25,Influencer,Mobile
ORD0002501,CUST00458,PROD0147,Home & Living,2022-08-20,2022-08,3,133.32,0,399.96,183.98,0,399.96,183.98,Influencer,Mobile
ORD0002502,CUST00459,PROD0066,Footwear,2024-03-23,2024-03,2,151.36,0,302.72,87.79,0,302.72,87.79,Referral,Mobile
ORD0002503,CUST00459,PROD0001,Accessories,2023-09-27,2023-09,2,40.31,0.1,72.56,25.4,1,0.0,0.0,Referral,Mobile
ORD0002504,CUST00459,PROD0122,Home & Living,2023-09-08,2023-09,3,74.99,0,224.97,89.99,0,224.97,89.99,Referral,Mobile
ORD0002505,CUST00460,PROD0129,Accessories,2023-01-20,2023-01,3,45.01,0,135.03,41.86,0,135.03,41.86,Paid Social,Desktop
ORD0002506,CUST00460,PROD0131,Beauty,2022-11-01,2022-11,3,36.76,0,110.28,38.6,0,110.28,38.6,Paid Social,Desktop
ORD0002507,CUST00460,PROD0157,Sports,2023-11-12,2023-11,2,101.12,0,202.24,84.94,0,202.24,84.94,Paid Social,Desktop
ORD0002508,CUST00460,PROD0136,Accessories,2022-07-23,2022-07,1,78.97,0.1,71.07,26.3,0,71.07,26.3,Paid Social,Desktop
ORD0002509,CUST00461,PROD0147,Home & Living,2024-01-21,2024-01,2,133.32,0,266.64,122.65,1,0.0,0.0,Organic Search,Mobile
ORD0002510,CUST00461,PROD0091,Beauty,2023-11-27,2023-11,2,39.11,0,78.22,31.29,0,78.22,31.29,Organic Search,Mobile
ORD0002511,CUST00461,PROD0023,Clothing,2024-01-09,2024-01,1,85.59,0,85.59,29.96,0,85.59,29.96,Organic Search,Mobile
ORD0002512,CUST00461,PROD0106,Footwear,2023-10-13,2023-10,3,188.1,0,564.3,242.65,0,564.3,242.65,Organic Search,Mobile
ORD0002513,CUST00461,PROD0013,Sports,2023-11-15,2023-11,1,147.02,0,147.02,57.34,0,147.02,57.34,Organic Search,Mobile
ORD0002514,CUST00461,PROD0168,Clothing,2023-11-28,2023-11,2,45.57,0,91.14,38.28,1,0.0,0.0,Organic Search,Mobile
ORD0002515,CUST00461,PROD0088,Accessories,2023-12-23,2023-12,1,42.05,0,42.05,15.56,0,42.05,15.56,Organic Search,Mobile
ORD0002516,CUST00461,PROD0196,Sports,2023-10-25,2023-10,3,92.93,0,278.79,172.85,0,278.79,172.85,Organic Search,Mobile
ORD0002517,CUST00461,PROD0057,Beauty,2023-11-29,2023-11,3,25.42,0,76.26,36.6,0,76.26,36.6,Organic Search,Mobile
ORD0002518,CUST00461,PROD0192,Sports,2024-01-06,2024-01,3,82.92,0,248.76,129.36,1,0.0,0.0,Organic Search,Mobile
ORD0002519,CUST00461,PROD0003,Footwear,2024-02-13,2024-02,3,63.28,0,189.84,94.92,0,189.84,94.92,Organic Search,Mobile
ORD0002520,CUST00461,PROD0121,Clothing,2024-01-30,2024-01,3,86.37,0,259.11,126.96,0,259.11,126.96,Organic Search,Mobile
ORD0002521,CUST00461,PROD0148,Beauty,2024-02-08,2024-02,1,56.54,0,56.54,31.1,0,56.54,31.1,Organic Search,Mobile
ORD0002522,CUST00462,PROD0196,Sports,2023-12-28,2023-12,3,92.93,0.05,264.85,164.21,0,264.85,164.21,Paid Social,Mobile
ORD0002523,CUST00462,PROD0030,Beauty,2023-06-26,2023-06,2,30.52,0.05,57.99,20.88,0,57.99,20.88,Paid Social,Mobile
ORD0002524,CUST00462,PROD0194,Accessories,2023-05-30,2023-05,3,80.84,0.05,230.39,117.5,0,230.39,117.5,Paid Social,Mobile
ORD0002525,CUST00463,PROD0098,Home & Living,2023-05-23,2023-05,2,101.77,0,203.54,85.49,1,0.0,0.0,Direct,Mobile
ORD0002526,CUST00463,PROD0187,Clothing,2024-02-13,2024-02,1,104.59,0,104.59,46.02,1,0.0,0.0,Direct,Mobile
ORD0002527,CUST00463,PROD0125,Sports,2023-02-24,2023-02,2,126.04,0,252.08,98.31,0,252.08,98.31,Direct,Mobile
ORD0002528,CUST00463,PROD0108,Accessories,2024-03-23,2024-03,1,82.14,0,82.14,24.64,0,82.14,24.64,Direct,Mobile
ORD0002529,CUST00463,PROD0109,Sports,2023-04-09,2023-04,3,60.91,0,182.73,56.65,0,182.73,56.65,Direct,Mobile
ORD0002530,CUST00464,PROD0113,Home & Living,2023-06-07,2023-06,2,30.82,0,61.64,32.67,0,61.64,32.67,Direct,Mobile
ORD0002531,CUST00464,PROD0192,Sports,2024-01-27,2024-01,3,82.92,0,248.76,129.36,0,248.76,129.36,Direct,Mobile
ORD0002532,CUST00464,PROD0158,Home & Living,2024-01-17,2024-01,3,50.83,0,152.49,71.67,0,152.49,71.67,Direct,Mobile
ORD0002533,CUST00464,PROD0170,Beauty,2023-11-30,2023-11,3,69.97,0,209.91,134.34,1,0.0,0.0,Direct,Mobile
ORD0002534,CUST00464,PROD0160,Accessories,2024-01-20,2024-01,1,31.12,0,31.12,17.43,0,31.12,17.43,Direct,Mobile
ORD0002535,CUST00464,PROD0153,Accessories,2024-02-26,2024-02,1,85.5,0,85.5,47.88,0,85.5,47.88,Direct,Mobile
ORD0002536,CUST00464,PROD0158,Home & Living,2024-01-08,2024-01,3,50.83,0,152.49,71.67,1,0.0,0.0,Direct,Mobile
ORD0002537,CUST00464,PROD0053,Footwear,2024-01-08,2024-01,1,46.14,0,46.14,25.84,0,46.14,25.84,Direct,Mobile
ORD0002538,CUST00464,PROD0031,Footwear,2023-07-31,2023-07,2,42.93,0,85.86,37.78,1,0.0,0.0,Direct,Mobile
ORD0002539,CUST00464,PROD0088,Accessories,2023-12-29,2023-12,2,42.05,0,84.1,31.12,0,84.1,31.12,Direct,Mobile
ORD0002540,CUST00464,PROD0074,Beauty,2023-12-26,2023-12,3,52.12,0,156.36,40.65,0,156.36,40.65,Direct,Mobile
ORD0002541,CUST00464,PROD0183,Clothing,2023-04-16,2023-04,1,78.37,0,78.37,47.02,0,78.37,47.02,Direct,Mobile
ORD0002542,CUST00464,PROD0046,Sports,2023-03-01,2023-03,1,44.39,0,44.39,23.53,0,44.39,23.53,Direct,Mobile
ORD0002543,CUST00465,PROD0062,Accessories,2024-02-12,2024-02,1,85.04,0.1,76.54,32.15,0,76.54,32.15,Paid Social,Desktop
ORD0002544,CUST00465,PROD0064,Footwear,2023-08-17,2023-08,1,190.18,0.1,171.16,66.75,0,171.16,66.75,Paid Social,Desktop
ORD0002545,CUST00465,PROD0195,Accessories,2023-08-05,2023-08,3,33.68,0,101.04,61.63,1,0.0,0.0,Paid Social,Desktop
ORD0002546,CUST00465,PROD0026,Footwear,2023-12-25,2023-12,2,66.28,0.05,125.93,32.74,0,125.93,32.74,Paid Social,Desktop
ORD0002547,CUST00465,PROD0110,Footwear,2024-03-01,2024-03,1,106.03,0.05,100.73,54.39,0,100.73,54.39,Paid Social,Desktop
ORD0002548,CUST00465,PROD0018,Clothing,2024-03-12,2024-03,3,45.54,0.05,129.79,58.41,0,129.79,58.41,Paid Social,Desktop
ORD0002549,CUST00466,PROD0039,Beauty,2023-07-06,2023-07,3,69.16,0.05,197.11,110.38,0,197.11,110.38,Paid Social,Mobile
ORD0002550,CUST00466,PROD0144,Beauty,2024-01-08,2024-01,1,34.94,0,34.94,19.22,0,34.94,19.22,Paid Social,Mobile
ORD0002551,CUST00466,PROD0048,Home & Living,2023-06-26,2023-06,1,96.14,0.05,91.33,57.54,1,0.0,0.0,Paid Social,Mobile
ORD0002552,CUST00466,PROD0194,Accessories,2023-07-22,2023-07,1,80.84,0.1,72.76,37.11,1,0.0,0.0,Paid Social,Mobile
ORD0002553,CUST00466,PROD0187,Clothing,2023-04-11,2023-04,1,104.59,0.1,94.13,41.42,0,94.13,41.42,Paid Social,Mobile
ORD0002554,CUST00466,PROD0187,Clothing,2023-02-13,2023-02,3,104.59,0,313.77,138.06,0,313.77,138.06,Paid Social,Mobile
ORD0002555,CUST00466,PROD0146,Accessories,2023-02-06,2023-02,2,80.98,0,161.96,56.69,0,161.96,56.69,Paid Social,Mobile
ORD0002556,CUST00466,PROD0167,Footwear,2023-12-21,2023-12,1,62.12,0,62.12,18.01,0,62.12,18.01,Paid Social,Mobile
ORD0002557,CUST00466,PROD0021,Beauty,2023-12-31,2023-12,3,65.25,0.05,185.96,115.3,1,0.0,0.0,Paid Social,Mobile
ORD0002558,CUST00466,PROD0190,Beauty,2023-12-05,2023-12,2,23.73,0,47.46,20.88,0,47.46,20.88,Paid Social,Mobile
ORD0002559,CUST00466,PROD0192,Sports,2023-09-06,2023-09,3,82.92,0.05,236.32,122.89,1,0.0,0.0,Paid Social,Mobile
ORD0002560,CUST00467,PROD0063,Accessories,2023-06-30,2023-06,1,72.45,0,72.45,24.63,0,72.45,24.63,Influencer,Mobile
ORD0002561,CUST00467,PROD0032,Home & Living,2024-01-19,2024-01,1,43.05,0,43.05,12.48,0,43.05,12.48,Influencer,Mobile
ORD0002562,CUST00467,PROD0123,Clothing,2023-11-10,2023-11,2,40.48,0,80.96,21.05,0,80.96,21.05,Influencer,Mobile
ORD0002563,CUST00467,PROD0099,Home & Living,2023-09-05,2023-09,1,113.39,0,113.39,41.95,1,0.0,0.0,Influencer,Mobile
ORD0002564,CUST00467,PROD0035,Beauty,2023-08-24,2023-08,3,43.82,0,131.46,76.25,0,131.46,76.25,Influencer,Mobile
ORD0002565,CUST00467,PROD0175,Footwear,2023-09-05,2023-09,2,69.53,0,139.06,41.72,0,139.06,41.72,Influencer,Mobile
ORD0002566,CUST00468,PROD0171,Clothing,2024-01-05,2024-01,3,49.46,0,148.38,37.09,0,148.38,37.09,Organic Search,Mobile
ORD0002567,CUST00468,PROD0191,Accessories,2023-10-21,2023-10,1,42.93,0,42.93,21.04,0,42.93,21.04,Organic Search,Mobile
ORD0002568,CUST00468,PROD0169,Accessories,2024-01-08,2024-01,1,66.47,0,66.47,33.9,0,66.47,33.9,Organic Search,Mobile
ORD0002569,CUST00468,PROD0023,Clothing,2024-02-24,2024-02,2,85.59,0,171.18,59.91,0,171.18,59.91,Organic Search,Mobile
ORD0002570,CUST00468,PROD0029,Accessories,2023-11-27,2023-11,3,59.38,0,178.14,106.88,0,178.14,106.88,Organic Search,Mobile
ORD0002571,CUST00469,PROD0046,Sports,2024-01-24,2024-01,2,44.39,0,88.78,47.05,1,0.0,0.0,Direct,Desktop
ORD0002572,CUST00469,PROD0051,Footwear,2024-03-02,2024-03,1,119.28,0,119.28,67.99,0,119.28,67.99,Direct,Desktop
ORD0002573,CUST00469,PROD0022,Sports,2023-06-29,2023-06,3,30.09,0,90.27,51.45,0,90.27,51.45,Direct,Desktop
ORD0002574,CUST00469,PROD0061,Home & Living,2023-12-11,2023-12,1,136.85,0,136.85,50.63,0,136.85,50.63,Direct,Desktop
ORD0002575,CUST00469,PROD0056,Home & Living,2024-02-29,2024-02,3,70.19,0,210.57,113.71,0,210.57,113.71,Direct,Desktop
ORD0002576,CUST00470,PROD0083,Clothing,2022-11-13,2022-11,1,25.2,0,25.2,13.61,0,25.2,13.61,Direct,Mobile
ORD0002577,CUST00470,PROD0029,Accessories,2023-11-19,2023-11,2,59.38,0,118.76,71.26,1,0.0,0.0,Direct,Mobile
ORD0002578,CUST00470,PROD0137,Home & Living,2023-07-24,2023-07,3,99.54,0,298.62,116.46,1,0.0,0.0,Direct,Mobile
ORD0002579,CUST00470,PROD0051,Footwear,2023-08-09,2023-08,1,119.28,0,119.28,67.99,1,0.0,0.0,Direct,Mobile
ORD0002580,CUST00471,PROD0128,Clothing,2024-01-08,2024-01,3,28.95,0.1,78.16,32.83,0,78.16,32.83,Email,Mobile
ORD0002581,CUST00471,PROD0066,Footwear,2024-02-11,2024-02,1,151.36,0,151.36,43.89,0,151.36,43.89,Email,Mobile
ORD0002582,CUST00471,PROD0047,Footwear,2023-12-11,2023-12,2,144.43,0.2,231.09,90.13,0,231.09,90.13,Email,Mobile
ORD0002583,CUST00471,PROD0050,Home & Living,2023-10-25,2023-10,3,120.87,0.15,308.22,83.22,0,308.22,83.22,Email,Mobile
ORD0002584,CUST00471,PROD0060,Footwear,2023-04-21,2023-04,2,104.31,0.15,177.33,51.43,0,177.33,51.43,Email,Mobile
ORD0002585,CUST00471,PROD0163,Beauty,2024-03-19,2024-03,3,20.18,0.15,51.46,24.7,0,51.46,24.7,Email,Mobile
ORD0002586,CUST00471,PROD0042,Home & Living,2023-12-24,2023-12,2,61.51,0.2,98.42,27.56,1,0.0,0.0,Email,Mobile
ORD0002587,CUST00471,PROD0165,Footwear,2023-02-16,2023-02,1,116.35,0.1,104.72,67.02,0,104.72,67.02,Email,Mobile
ORD0002588,CUST00471,PROD0035,Beauty,2023-04-23,2023-04,3,43.82,0,131.46,76.25,0,131.46,76.25,Email,Mobile
ORD0002589,CUST00471,PROD0087,Home & Living,2022-03-31,2022-03,1,45.63,0.15,38.79,22.5,0,38.79,22.5,Email,Mobile
ORD0002590,CUST00471,PROD0150,Beauty,2022-12-27,2022-12,2,24.66,0,49.32,24.17,1,0.0,0.0,Email,Mobile
ORD0002591,CUST00471,PROD0023,Clothing,2023-03-21,2023-03,3,85.59,0.1,231.09,80.88,0,231.09,80.88,Email,Mobile
ORD0002592,CUST00472,PROD0165,Footwear,2023-07-21,2023-07,3,116.35,0,349.05,223.39,0,349.05,223.39,Influencer,Mobile
ORD0002593,CUST00473,PROD0042,Home & Living,2023-12-22,2023-12,3,61.51,0,184.53,51.67,0,184.53,51.67,Referral,Mobile
ORD0002594,CUST00473,PROD0121,Clothing,2023-09-13,2023-09,1,86.37,0.1,77.73,38.09,0,77.73,38.09,Referral,Mobile
ORD0002595,CUST00473,PROD0052,Clothing,2024-01-25,2024-01,2,61.19,0.1,110.14,31.94,0,110.14,31.94,Referral,Mobile
ORD0002596,CUST00473,PROD0164,Accessories,2023-12-29,2023-12,3,18.66,0,55.98,16.23,0,55.98,16.23,Referral,Mobile
ORD0002597,CUST00473,PROD0109,Sports,2024-03-12,2024-03,2,60.91,0,121.82,37.76,0,121.82,37.76,Referral,Mobile
ORD0002598,CUST00473,PROD0003,Footwear,2023-12-26,2023-12,1,63.28,0.1,56.95,28.48,0,56.95,28.48,Referral,Mobile
ORD0002599,CUST00474,PROD0159,Beauty,2024-01-23,2024-01,3,20.79,0,62.37,19.33,0,62.37,19.33,Referral,Mobile
ORD0002600,CUST00474,PROD0021,Beauty,2024-02-06,2024-02,3,65.25,0,195.75,121.36,1,0.0,0.0,Referral,Mobile
ORD0002601,CUST00474,PROD0154,Sports,2022-07-12,2022-07,2,137.38,0,274.76,74.19,0,274.76,74.19,Referral,Mobile
ORD0002602,CUST00474,PROD0096,Sports,2023-11-10,2023-11,3,59.98,0.1,161.95,103.65,0,161.95,103.65,Referral,Mobile
ORD0002603,CUST00474,PROD0169,Accessories,2023-11-26,2023-11,2,66.47,0,132.94,67.8,0,132.94,67.8,Referral,Mobile
ORD0002604,CUST00474,PROD0182,Accessories,2023-11-11,2023-11,2,22.63,0,45.26,17.2,0,45.26,17.2,Referral,Mobile
ORD0002605,CUST00474,PROD0043,Footwear,2023-07-23,2023-07,2,62.01,0,124.02,76.89,0,124.02,76.89,Referral,Mobile
ORD0002606,CUST00474,PROD0012,Sports,2023-01-16,2023-01,1,146.79,0.1,132.11,47.56,0,132.11,47.56,Referral,Mobile
ORD0002607,CUST00474,PROD0011,Sports,2023-03-12,2023-03,3,85.35,0,256.05,71.69,0,256.05,71.69,Referral,Mobile
ORD0002608,CUST00474,PROD0126,Sports,2024-03-09,2024-03,1,92.2,0.1,82.98,53.11,0,82.98,53.11,Referral,Mobile
ORD0002609,CUST00475,PROD0056,Home & Living,2023-11-19,2023-11,1,70.19,0,70.19,37.9,0,70.19,37.9,Organic Search,Tablet
ORD0002610,CUST00475,PROD0183,Clothing,2023-11-29,2023-11,1,78.37,0,78.37,47.02,0,78.37,47.02,Organic Search,Tablet
ORD0002611,CUST00475,PROD0039,Beauty,2022-11-28,2022-11,2,69.16,0,138.32,77.46,0,138.32,77.46,Organic Search,Tablet
ORD0002612,CUST00475,PROD0134,Accessories,2024-01-16,2024-01,1,24.1,0,24.1,13.5,0,24.1,13.5,Organic Search,Tablet
ORD0002613,CUST00475,PROD0171,Clothing,2023-11-02,2023-11,1,49.46,0,49.46,12.37,1,0.0,0.0,Organic Search,Tablet
ORD0002614,CUST00475,PROD0188,Footwear,2023-10-13,2023-10,3,148.41,0,445.23,262.69,0,445.23,262.69,Organic Search,Tablet
ORD0002615,CUST00475,PROD0121,Clothing,2023-05-09,2023-05,3,86.37,0,259.11,126.96,0,259.11,126.96,Organic Search,Tablet
ORD0002616,CUST00475,PROD0172,Beauty,2023-01-06,2023-01,2,19.11,0,38.22,16.43,0,38.22,16.43,Organic Search,Tablet
ORD0002617,CUST00475,PROD0038,Accessories,2024-03-15,2024-03,2,85.41,0,170.82,93.95,0,170.82,93.95,Organic Search,Tablet
ORD0002618,CUST00476,PROD0120,Home & Living,2023-06-20,2023-06,1,118.52,0.1,106.67,33.07,0,106.67,33.07,Paid Social,Mobile
ORD0002619,CUST00476,PROD0147,Home & Living,2022-10-22,2022-10,1,133.32,0,133.32,61.33,1,0.0,0.0,Paid Social,Mobile
ORD0002620,CUST00476,PROD0182,Accessories,2023-01-30,2023-01,1,22.63,0.05,21.5,8.17,0,21.5,8.17,Paid Social,Mobile
ORD0002621,CUST00476,PROD0069,Beauty,2023-01-06,2023-01,2,52.71,0.05,100.15,60.09,0,100.15,60.09,Paid Social,Mobile
ORD0002622,CUST00476,PROD0036,Home & Living,2023-04-24,2023-04,2,74.59,0.05,141.72,49.6,0,141.72,49.6,Paid Social,Mobile
ORD0002623,CUST00476,PROD0147,Home & Living,2023-11-25,2023-11,2,133.32,0,266.64,122.65,1,0.0,0.0,Paid Social,Mobile
ORD0002624,CUST00476,PROD0014,Beauty,2022-12-08,2022-12,3,56.06,0.05,159.77,100.66,1,0.0,0.0,Paid Social,Mobile
ORD0002625,CUST00476,PROD0115,Accessories,2022-10-12,2022-10,3,74.34,0,223.02,129.35,0,223.02,129.35,Paid Social,Mobile
ORD0002626,CUST00476,PROD0171,Clothing,2022-10-29,2022-10,1,49.46,0.1,44.51,11.13,0,44.51,11.13,Paid Social,Mobile
ORD0002627,CUST00477,PROD0039,Beauty,2023-10-03,2023-10,1,69.16,0.1,62.24,34.85,0,62.24,34.85,Paid Social,Mobile
ORD0002628,CUST00477,PROD0091,Beauty,2023-09-10,2023-09,3,39.11,0,117.33,46.93,0,117.33,46.93,Paid Social,Mobile
ORD0002629,CUST00477,PROD0030,Beauty,2023-04-23,2023-04,1,30.52,0.1,27.47,9.89,0,27.47,9.89,Paid Social,Mobile
ORD0002630,CUST00477,PROD0111,Clothing,2023-07-04,2023-07,2,72.51,0.05,137.77,84.04,0,137.77,84.04,Paid Social,Mobile
ORD0002631,CUST00477,PROD0030,Beauty,2023-09-26,2023-09,1,30.52,0.1,27.47,9.89,0,27.47,9.89,Paid Social,Mobile
ORD0002632,CUST00477,PROD0049,Home & Living,2023-03-14,2023-03,1,60.55,0,60.55,23.61,0,60.55,23.61,Paid Social,Mobile
ORD0002633,CUST00477,PROD0021,Beauty,2023-09-19,2023-09,1,65.25,0,65.25,40.45,1,0.0,0.0,Paid Social,Mobile
ORD0002634,CUST00478,PROD0098,Home & Living,2024-01-13,2024-01,1,101.77,0,101.77,42.74,0,101.77,42.74,Organic Search,Mobile
ORD0002635,CUST00478,PROD0109,Sports,2024-03-13,2024-03,2,60.91,0,121.82,37.76,0,121.82,37.76,Organic Search,Mobile
ORD0002636,CUST00479,PROD0112,Home & Living,2023-09-23,2023-09,3,48.0,0,144.0,82.08,0,144.0,82.08,Influencer,Mobile
ORD0002637,CUST00479,PROD0046,Sports,2023-11-12,2023-11,3,44.39,0,133.17,70.58,0,133.17,70.58,Influencer,Mobile
ORD0002638,CUST00479,PROD0153,Accessories,2023-08-10,2023-08,2,85.5,0,171.0,95.76,0,171.0,95.76,Influencer,Mobile
ORD0002639,CUST00479,PROD0196,Sports,2023-07-08,2023-07,2,92.93,0,185.86,115.23,1,0.0,0.0,Influencer,Mobile
ORD0002640,CUST00479,PROD0114,Beauty,2023-06-26,2023-06,1,25.83,0,25.83,10.59,0,25.83,10.59,Influencer,Mobile
ORD0002641,CUST00479,PROD0183,Clothing,2023-08-30,2023-08,1,78.37,0,78.37,47.02,0,78.37,47.02,Influencer,Mobile
ORD0002642,CUST00479,PROD0062,Accessories,2023-11-26,2023-11,1,85.04,0,85.04,35.72,0,85.04,35.72,Influencer,Mobile
ORD0002643,CUST00479,PROD0103,Accessories,2023-10-01,2023-10,1,84.89,0,84.89,38.2,0,84.89,38.2,Influencer,Mobile
ORD0002644,CUST00479,PROD0100,Clothing,2023-10-12,2023-10,2,80.73,0,161.46,72.66,1,0.0,0.0,Influencer,Mobile
ORD0002645,CUST00479,PROD0147,Home & Living,2023-05-04,2023-05,1,133.32,0,133.32,61.33,1,0.0,0.0,Influencer,Mobile
ORD0002646,CUST00480,PROD0171,Clothing,2023-05-31,2023-05,1,49.46,0,49.46,12.37,0,49.46,12.37,Paid Social,Mobile
ORD0002647,CUST00480,PROD0154,Sports,2023-04-03,2023-04,3,137.38,0,412.14,111.28,0,412.14,111.28,Paid Social,Mobile
ORD0002648,CUST00480,PROD0020,Clothing,2023-12-13,2023-12,3,35.77,0.05,101.94,46.89,0,101.94,46.89,Paid Social,Mobile
ORD0002649,CUST00481,PROD0122,Home & Living,2023-02-13,2023-02,3,74.99,0,224.97,89.99,0,224.97,89.99,Organic Search,Desktop
ORD0002650,CUST00481,PROD0197,Clothing,2022-12-03,2022-12,3,92.45,0,277.35,99.85,1,0.0,0.0,Organic Search,Desktop
ORD0002651,CUST00481,PROD0005,Footwear,2023-06-14,2023-06,3,121.17,0,363.51,210.84,0,363.51,210.84,Organic Search,Desktop
ORD0002652,CUST00481,PROD0038,Accessories,2023-02-02,2023-02,3,85.41,0,256.23,140.93,1,0.0,0.0,Organic Search,Desktop
ORD0002653,CUST00481,PROD0024,Beauty,2023-11-24,2023-11,3,20.35,0,61.05,25.03,0,61.05,25.03,Organic Search,Desktop
ORD0002654,CUST00482,PROD0124,Beauty,2023-07-21,2023-07,1,20.18,0,20.18,9.48,0,20.18,9.48,Influencer,Desktop
ORD0002655,CUST00482,PROD0136,Accessories,2023-11-30,2023-11,2,78.97,0,157.94,58.44,0,157.94,58.44,Influencer,Desktop
ORD0002656,CUST00482,PROD0039,Beauty,2023-10-03,2023-10,2,69.16,0,138.32,77.46,1,0.0,0.0,Influencer,Desktop
ORD0002657,CUST00482,PROD0140,Home & Living,2023-09-29,2023-09,1,34.26,0,34.26,18.84,0,34.26,18.84,Influencer,Desktop
ORD0002658,CUST00482,PROD0138,Home & Living,2024-02-19,2024-02,1,126.57,0,126.57,56.96,1,0.0,0.0,Influencer,Desktop
ORD0002659,CUST00482,PROD0048,Home & Living,2024-01-22,2024-01,3,96.14,0,288.42,181.7,0,288.42,181.7,Influencer,Desktop
ORD0002660,CUST00483,PROD0102,Footwear,2023-06-24,2023-06,3,44.77,0,134.31,34.92,0,134.31,34.92,Organic Search,Mobile
ORD0002661,CUST00483,PROD0136,Accessories,2024-02-01,2024-02,1,78.97,0,78.97,29.22,0,78.97,29.22,Organic Search,Mobile
ORD0002662,CUST00483,PROD0029,Accessories,2024-03-10,2024-03,1,59.38,0,59.38,35.63,0,59.38,35.63,Organic Search,Mobile
ORD0002663,CUST00483,PROD0109,Sports,2023-08-17,2023-08,1,60.91,0,60.91,18.88,1,0.0,0.0,Organic Search,Mobile
ORD0002664,CUST00483,PROD0060,Footwear,2023-04-26,2023-04,2,104.31,0,208.62,60.5,1,0.0,0.0,Organic Search,Mobile
ORD0002665,CUST00483,PROD0187,Clothing,2024-03-12,2024-03,3,104.59,0,313.77,138.06,0,313.77,138.06,Organic Search,Mobile
ORD0002666,CUST00483,PROD0176,Home & Living,2023-12-25,2023-12,1,51.13,0,51.13,14.32,0,51.13,14.32,Organic Search,Mobile
ORD0002667,CUST00483,PROD0120,Home & Living,2023-10-27,2023-10,3,118.52,0,355.56,110.22,1,0.0,0.0,Organic Search,Mobile
ORD0002668,CUST00483,PROD0190,Beauty,2023-07-22,2023-07,2,23.73,0,47.46,20.88,0,47.46,20.88,Organic Search,Mobile
ORD0002669,CUST00483,PROD0020,Clothing,2023-10-08,2023-10,1,35.77,0,35.77,16.45,0,35.77,16.45,Organic Search,Mobile
ORD0002670,CUST00483,PROD0117,Accessories,2023-06-02,2023-06,2,65.2,0,130.4,37.82,0,130.4,37.82,Organic Search,Mobile
ORD0002671,CUST00484,PROD0009,Sports,2023-06-29,2023-06,1,39.16,0,39.16,23.1,0,39.16,23.1,Paid Social,Desktop
ORD0002672,CUST00484,PROD0102,Footwear,2023-07-10,2023-07,3,44.77,0.05,127.59,33.17,0,127.59,33.17,Paid Social,Desktop
ORD0002673,CUST00484,PROD0022,Sports,2022-12-10,2022-12,2,30.09,0,60.18,34.3,1,0.0,0.0,Paid Social,Desktop
ORD0002674,CUST00484,PROD0174,Clothing,2023-01-07,2023-01,2,69.83,0,139.66,36.31,1,0.0,0.0,Paid Social,Desktop
ORD0002675,CUST00484,PROD0200,Footwear,2023-09-02,2023-09,1,43.07,0,43.07,24.55,0,43.07,24.55,Paid Social,Desktop
ORD0002676,CUST00485,PROD0036,Home & Living,2023-11-19,2023-11,2,74.59,0,149.18,52.21,0,149.18,52.21,Paid Social,Desktop
ORD0002677,CUST00485,PROD0037,Clothing,2023-03-29,2023-03,2,99.72,0,199.44,75.79,0,199.44,75.79,Paid Social,Desktop
ORD0002678,CUST00485,PROD0124,Beauty,2023-11-15,2023-11,3,20.18,0,60.54,28.45,1,0.0,0.0,Paid Social,Desktop
ORD0002679,CUST00485,PROD0121,Clothing,2023-09-04,2023-09,3,86.37,0.05,246.15,120.61,0,246.15,120.61,Paid Social,Desktop
ORD0002680,CUST00485,PROD0083,Clothing,2023-12-30,2023-12,1,25.2,0,25.2,13.61,1,0.0,0.0,Paid Social,Desktop
ORD0002681,CUST00485,PROD0146,Accessories,2023-04-25,2023-04,3,80.98,0.05,230.79,80.78,1,0.0,0.0,Paid Social,Desktop
ORD0002682,CUST00485,PROD0145,Clothing,2023-04-08,2023-04,1,70.32,0.05,66.8,40.08,0,66.8,40.08,Paid Social,Desktop
ORD0002683,CUST00486,PROD0127,Accessories,2023-06-29,2023-06,1,49.21,0,49.21,15.26,0,49.21,15.26,Organic Search,Tablet
ORD0002684,CUST00486,PROD0071,Beauty,2023-11-05,2023-11,2,65.25,0,130.5,79.61,0,130.5,79.61,Organic Search,Tablet
ORD0002685,CUST00487,PROD0104,Sports,2023-06-21,2023-06,3,40.92,0,122.76,44.19,0,122.76,44.19,Influencer,Mobile
ORD0002686,CUST00487,PROD0181,Home & Living,2023-06-05,2023-06,2,68.65,0,137.3,78.26,0,137.3,78.26,Influencer,Mobile
ORD0002687,CUST00487,PROD0140,Home & Living,2023-04-03,2023-04,1,34.26,0,34.26,18.84,0,34.26,18.84,Influencer,Mobile
ORD0002688,CUST00487,PROD0154,Sports,2023-10-16,2023-10,1,137.38,0,137.38,37.09,0,137.38,37.09,Influencer,Mobile
ORD0002689,CUST00487,PROD0122,Home & Living,2023-03-12,2023-03,1,74.99,0,74.99,30.0,1,0.0,0.0,Influencer,Mobile
ORD0002690,CUST00487,PROD0055,Sports,2024-02-25,2024-02,3,136.99,0,410.97,119.18,0,410.97,119.18,Influencer,Mobile
ORD0002691,CUST00487,PROD0052,Clothing,2023-08-27,2023-08,3,61.19,0,183.57,53.24,0,183.57,53.24,Influencer,Mobile
ORD0002692,CUST00487,PROD0104,Sports,2023-01-24,2023-01,2,40.92,0,81.84,29.46,0,81.84,29.46,Influencer,Mobile
ORD0002693,CUST00487,PROD0025,Footwear,2023-05-26,2023-05,2,78.3,0,156.6,51.68,0,156.6,51.68,Influencer,Mobile
ORD0002694,CUST00487,PROD0158,Home & Living,2024-03-20,2024-03,2,50.83,0,101.66,47.78,0,101.66,47.78,Influencer,Mobile
ORD0002695,CUST00487,PROD0045,Home & Living,2023-01-13,2023-01,3,91.27,0,273.81,125.95,0,273.81,125.95,Influencer,Mobile
ORD0002696,CUST00488,PROD0042,Home & Living,2023-10-26,2023-10,1,61.51,0,61.51,17.22,0,61.51,17.22,Paid Social,Desktop
ORD0002697,CUST00488,PROD0067,Clothing,2024-03-02,2024-03,3,47.62,0.05,135.72,43.43,0,135.72,43.43,Paid Social,Desktop
ORD0002698,CUST00488,PROD0089,Sports,2024-03-25,2024-03,2,40.38,0.1,72.68,23.98,0,72.68,23.98,Paid Social,Desktop
ORD0002699,CUST00488,PROD0148,Beauty,2024-02-10,2024-02,3,56.54,0,169.62,93.29,1,0.0,0.0,Paid Social,Desktop
ORD0002700,CUST00488,PROD0088,Accessories,2023-12-25,2023-12,1,42.05,0,42.05,15.56,1,0.0,0.0,Paid Social,Desktop
ORD0002701,CUST00488,PROD0020,Clothing,2024-03-30,2024-03,3,35.77,0,107.31,49.36,0,107.31,49.36,Paid Social,Desktop
ORD0002702,CUST00488,PROD0100,Clothing,2024-03-21,2024-03,1,80.73,0.05,76.69,34.51,0,76.69,34.51,Paid Social,Desktop
ORD0002703,CUST00488,PROD0048,Home & Living,2023-09-28,2023-09,2,96.14,0.05,182.67,115.08,0,182.67,115.08,Paid Social,Desktop
ORD0002704,CUST00488,PROD0010,Home & Living,2024-02-25,2024-02,2,50.82,0.05,96.56,36.69,0,96.56,36.69,Paid Social,Desktop
ORD0002705,CUST00488,PROD0074,Beauty,2023-11-21,2023-11,3,52.12,0,156.36,40.65,0,156.36,40.65,Paid Social,Desktop
ORD0002706,CUST00489,PROD0054,Sports,2024-02-18,2024-02,1,142.4,0.1,128.16,64.08,0,128.16,64.08,Referral,Mobile
ORD0002707,CUST00489,PROD0186,Home & Living,2024-02-08,2024-02,2,126.59,0,253.18,73.42,0,253.18,73.42,Referral,Mobile
ORD0002708,CUST00490,PROD0004,Accessories,2023-03-04,2023-03,1,19.48,0,19.48,12.27,0,19.48,12.27,Organic Search,Mobile
ORD0002709,CUST00490,PROD0161,Home & Living,2023-09-04,2023-09,3,33.22,0,99.66,58.8,0,99.66,58.8,Organic Search,Mobile
ORD0002710,CUST00490,PROD0093,Footwear,2024-03-27,2024-03,2,85.42,0,170.84,97.38,1,0.0,0.0,Organic Search,Mobile
ORD0002711,CUST00490,PROD0033,Sports,2024-03-29,2024-03,1,54.48,0,54.48,15.25,0,54.48,15.25,Organic Search,Mobile
ORD0002712,CUST00490,PROD0089,Sports,2023-02-24,2023-02,2,40.38,0,80.76,26.65,0,80.76,26.65,Organic Search,Mobile
ORD0002713,CUST00490,PROD0019,Beauty,2023-03-08,2023-03,1,17.13,0,17.13,7.54,1,0.0,0.0,Organic Search,Mobile
ORD0002714,CUST00490,PROD0155,Beauty,2023-08-16,2023-08,1,35.29,0,35.29,14.47,0,35.29,14.47,Organic Search,Mobile
ORD0002715,CUST00490,PROD0158,Home & Living,2023-03-25,2023-03,3,50.83,0,152.49,71.67,1,0.0,0.0,Organic Search,Mobile
ORD0002716,CUST00490,PROD0144,Beauty,2023-11-13,2023-11,1,34.94,0,34.94,19.22,0,34.94,19.22,Organic Search,Mobile
ORD0002717,CUST00491,PROD0060,Footwear,2023-01-15,2023-01,1,104.31,0,104.31,30.25,1,0.0,0.0,Referral,Desktop
ORD0002718,CUST00491,PROD0014,Beauty,2023-01-09,2023-01,1,56.06,0,56.06,35.32,0,56.06,35.32,Referral,Desktop
ORD0002719,CUST00491,PROD0133,Clothing,2023-05-29,2023-05,3,70.11,0,210.33,119.89,1,0.0,0.0,Referral,Desktop
ORD0002720,CUST00491,PROD0190,Beauty,2023-01-22,2023-01,1,23.73,0.1,21.36,9.4,0,21.36,9.4,Referral,Desktop
ORD0002721,CUST00491,PROD0064,Footwear,2023-04-11,2023-04,1,190.18,0,190.18,74.17,0,190.18,74.17,Referral,Desktop
ORD0002722,CUST00491,PROD0152,Accessories,2023-12-08,2023-12,2,36.62,0,73.24,32.23,0,73.24,32.23,Referral,Desktop
ORD0002723,CUST00491,PROD0037,Clothing,2023-09-21,2023-09,3,99.72,0,299.16,113.68,1,0.0,0.0,Referral,Desktop
ORD0002724,CUST00491,PROD0035,Beauty,2023-06-19,2023-06,1,43.82,0,43.82,25.42,0,43.82,25.42,Referral,Desktop
ORD0002725,CUST00492,PROD0067,Clothing,2024-01-20,2024-01,3,47.62,0,142.86,45.72,0,142.86,45.72,Paid Social,Mobile
ORD0002726,CUST00492,PROD0054,Sports,2023-12-16,2023-12,3,142.4,0.1,384.48,192.24,0,384.48,192.24,Paid Social,Mobile
ORD0002727,CUST00492,PROD0106,Footwear,2024-02-05,2024-02,3,188.1,0,564.3,242.65,0,564.3,242.65,Paid Social,Mobile
ORD0002728,CUST00492,PROD0178,Clothing,2024-03-12,2024-03,3,60.67,0,182.01,72.8,1,0.0,0.0,Paid Social,Mobile
ORD0002729,CUST00493,PROD0134,Accessories,2023-05-20,2023-05,2,24.1,0.1,43.38,24.29,0,43.38,24.29,Referral,Tablet
ORD0002730,CUST00494,PROD0171,Clothing,2023-12-02,2023-12,2,49.46,0,98.92,24.73,0,98.92,24.73,Direct,Desktop
ORD0002731,CUST00494,PROD0130,Home & Living,2024-03-19,2024-03,1,126.57,0,126.57,73.41,0,126.57,73.41,Direct,Desktop
ORD0002732,CUST00494,PROD0095,Accessories,2023-12-31,2023-12,1,33.53,0,33.53,19.11,0,33.53,19.11,Direct,Desktop
ORD0002733,CUST00494,PROD0093,Footwear,2023-12-28,2023-12,3,85.42,0,256.26,146.07,0,256.26,146.07,Direct,Desktop
ORD0002734,CUST00494,PROD0027,Footwear,2023-09-07,2023-09,2,147.27,0,294.54,164.94,1,0.0,0.0,Direct,Desktop
ORD0002735,CUST00494,PROD0185,Footwear,2024-01-10,2024-01,1,196.58,0,196.58,100.26,0,196.58,100.26,Direct,Desktop
ORD0002736,CUST00495,PROD0098,Home & Living,2024-03-13,2024-03,2,101.77,0,203.54,85.49,0,203.54,85.49,Email,Mobile
ORD0002737,CUST00495,PROD0139,Home & Living,2024-03-26,2024-03,2,121.16,0,242.32,145.39,0,242.32,145.39,Email,Mobile
ORD0002738,CUST00495,PROD0005,Footwear,2023-09-22,2023-09,3,121.17,0.15,308.98,179.21,0,308.98,179.21,Email,Mobile
ORD0002739,CUST00495,PROD0040,Beauty,2024-02-03,2024-02,1,42.24,0.2,33.79,13.85,0,33.79,13.85,Email,Mobile
ORD0002740,CUST00495,PROD0026,Footwear,2023-06-01,2023-06,3,66.28,0.15,169.01,43.94,1,0.0,0.0,Email,Mobile
ORD0002741,CUST00495,PROD0167,Footwear,2023-06-26,2023-06,3,62.12,0.1,167.72,48.64,1,0.0,0.0,Email,Mobile
ORD0002742,CUST00496,PROD0183,Clothing,2023-03-11,2023-03,2,78.37,0,156.74,94.04,0,156.74,94.04,Email,Desktop
ORD0002743,CUST00496,PROD0136,Accessories,2024-02-06,2024-02,2,78.97,0,157.94,58.44,0,157.94,58.44,Email,Desktop
ORD0002744,CUST00496,PROD0200,Footwear,2023-09-09,2023-09,2,43.07,0.15,73.22,41.74,1,0.0,0.0,Email,Desktop
ORD0002745,CUST00496,PROD0042,Home & Living,2023-05-31,2023-05,1,61.51,0.15,52.28,14.64,0,52.28,14.64,Email,Desktop
ORD0002746,CUST00496,PROD0149,Beauty,2022-11-08,2022-11,1,65.53,0.15,55.7,28.96,0,55.7,28.96,Email,Desktop
ORD0002747,CUST00496,PROD0110,Footwear,2024-03-27,2024-03,3,106.03,0.1,286.28,154.59,1,0.0,0.0,Email,Desktop
ORD0002748,CUST00496,PROD0039,Beauty,2024-02-26,2024-02,3,69.16,0,207.48,116.19,0,207.48,116.19,Email,Desktop
ORD0002749,CUST00496,PROD0102,Footwear,2023-08-02,2023-08,3,44.77,0.15,114.16,29.68,0,114.16,29.68,Email,Desktop
ORD0002750,CUST00497,PROD0131,Beauty,2023-12-12,2023-12,2,36.76,0,73.52,25.73,1,0.0,0.0,Paid Social,Mobile
ORD0002751,CUST00497,PROD0104,Sports,2024-03-28,2024-03,3,40.92,0.1,110.48,39.77,0,110.48,39.77,Paid Social,Mobile
ORD0002752,CUST00497,PROD0039,Beauty,2023-07-10,2023-07,2,69.16,0,138.32,77.46,0,138.32,77.46,Paid Social,Mobile
ORD0002753,CUST00497,PROD0095,Accessories,2024-02-05,2024-02,2,33.53,0,67.06,38.22,0,67.06,38.22,Paid Social,Mobile
ORD0002754,CUST00497,PROD0131,Beauty,2024-03-22,2024-03,1,36.76,0.05,34.92,12.22,0,34.92,12.22,Paid Social,Mobile
ORD0002755,CUST00497,PROD0155,Beauty,2023-03-29,2023-03,3,35.29,0.05,100.58,41.24,0,100.58,41.24,Paid Social,Mobile
ORD0002756,CUST00497,PROD0053,Footwear,2023-12-26,2023-12,3,46.14,0,138.42,77.52,0,138.42,77.52,Paid Social,Mobile
ORD0002757,CUST00497,PROD0180,Sports,2023-12-09,2023-12,1,57.83,0,57.83,32.38,0,57.83,32.38,Paid Social,Mobile
ORD0002758,CUST00497,PROD0048,Home & Living,2023-06-25,2023-06,2,96.14,0.1,173.05,109.02,0,173.05,109.02,Paid Social,Mobile
ORD0002759,CUST00498,PROD0114,Beauty,2022-09-28,2022-09,1,25.83,0,25.83,10.59,0,25.83,10.59,Organic Search,Mobile
ORD0002760,CUST00498,PROD0197,Clothing,2023-06-08,2023-06,3,92.45,0,277.35,99.85,0,277.35,99.85,Organic Search,Mobile
ORD0002761,CUST00498,PROD0166,Clothing,2023-11-03,2023-11,1,87.15,0,87.15,54.03,0,87.15,54.03,Organic Search,Mobile
ORD0002762,CUST00498,PROD0125,Sports,2023-08-28,2023-08,3,126.04,0,378.12,147.47,1,0.0,0.0,Organic Search,Mobile
ORD0002763,CUST00498,PROD0142,Sports,2023-09-12,2023-09,3,114.73,0,344.19,165.21,0,344.19,165.21,Organic Search,Mobile
ORD0002764,CUST00498,PROD0151,Clothing,2022-07-04,2022-07,2,30.88,0,61.76,27.17,0,61.76,27.17,Organic Search,Mobile
ORD0002765,CUST00498,PROD0016,Beauty,2024-02-08,2024-02,3,14.72,0,44.16,28.26,0,44.16,28.26,Organic Search,Mobile
ORD0002766,CUST00498,PROD0144,Beauty,2024-03-14,2024-03,2,34.94,0,69.88,38.43,0,69.88,38.43,Organic Search,Mobile
ORD0002767,CUST00498,PROD0014,Beauty,2022-09-10,2022-09,2,56.06,0,112.12,70.64,0,112.12,70.64,Organic Search,Mobile
ORD0002768,CUST00498,PROD0132,Home & Living,2023-05-18,2023-05,3,31.95,0,95.85,55.59,1,0.0,0.0,Organic Search,Mobile
ORD0002769,CUST00498,PROD0126,Sports,2023-06-26,2023-06,3,92.2,0,276.6,177.02,1,0.0,0.0,Organic Search,Mobile
ORD0002770,CUST00499,PROD0184,Sports,2023-05-11,2023-05,2,135.08,0,270.16,72.94,0,270.16,72.94,Paid Social,Desktop
ORD0002771,CUST00499,PROD0101,Footwear,2023-07-06,2023-07,2,191.81,0.05,364.44,160.35,0,364.44,160.35,Paid Social,Desktop
ORD0002772,CUST00499,PROD0022,Sports,2023-05-02,2023-05,2,30.09,0.05,57.17,32.59,0,57.17,32.59,Paid Social,Desktop
ORD0002773,CUST00499,PROD0029,Accessories,2023-11-26,2023-11,3,59.38,0,178.14,106.88,0,178.14,106.88,Paid Social,Desktop
ORD0002774,CUST00499,PROD0007,Beauty,2023-09-09,2023-09,1,25.48,0.1,22.93,7.57,0,22.93,7.57,Paid Social,Desktop
ORD0002775,CUST00499,PROD0168,Clothing,2023-04-23,2023-04,3,45.57,0,136.71,57.42,0,136.71,57.42,Paid Social,Desktop
ORD0002776,CUST00500,PROD0099,Home & Living,2023-07-19,2023-07,2,113.39,0.1,204.1,75.52,0,204.1,75.52,Paid Social,Mobile
ORD0002777,CUST00500,PROD0009,Sports,2023-11-22,2023-11,1,39.16,0.1,35.24,20.79,0,35.24,20.79,Paid Social,Mobile
ORD0002778,CUST00500,PROD0165,Footwear,2023-04-30,2023-04,1,116.35,0.05,110.53,70.74,0,110.53,70.74,Paid Social,Mobile
ORD0002779,CUST00500,PROD0038,Accessories,2023-07-14,2023-07,1,85.41,0,85.41,46.98,0,85.41,46.98,Paid Social,Mobile
ORD0002780,CUST00500,PROD0155,Beauty,2023-05-26,2023-05,3,35.29,0,105.87,43.41,0,105.87,43.41,Paid Social,Mobile
ORD0002781,CUST00501,PROD0199,Sports,2024-02-26,2024-02,2,40.52,0,81.04,25.93,0,81.04,25.93,Direct,Mobile
ORD0002782,CUST00501,PROD0161,Home & Living,2024-02-27,2024-02,3,33.22,0,99.66,58.8,0,99.66,58.8,Direct,Mobile
ORD0002783,CUST00501,PROD0136,Accessories,2024-01-19,2024-01,3,78.97,0,236.91,87.66,0,236.91,87.66,Direct,Mobile
ORD0002784,CUST00501,PROD0146,Accessories,2024-01-05,2024-01,2,80.98,0,161.96,56.69,0,161.96,56.69,Direct,Mobile
ORD0002785,CUST00502,PROD0074,Beauty,2022-03-10,2022-03,1,52.12,0.15,44.3,11.52,1,0.0,0.0,Email,Desktop
ORD0002786,CUST00502,PROD0007,Beauty,2022-09-16,2022-09,1,25.48,0,25.48,8.41,0,25.48,8.41,Email,Desktop
ORD0002787,CUST00502,PROD0170,Beauty,2024-02-18,2024-02,3,69.97,0.1,188.92,120.91,0,188.92,120.91,Email,Desktop
ORD0002788,CUST00502,PROD0187,Clothing,2023-04-11,2023-04,2,104.59,0.1,188.26,82.83,1,0.0,0.0,Email,Desktop
ORD0002789,CUST00502,PROD0030,Beauty,2023-06-28,2023-06,3,30.52,0,91.56,32.96,0,91.56,32.96,Email,Desktop
ORD0002790,CUST00502,PROD0099,Home & Living,2022-11-01,2022-11,3,113.39,0.1,306.15,113.28,1,0.0,0.0,Email,Desktop
ORD0002791,CUST00502,PROD0110,Footwear,2022-05-30,2022-05,1,106.03,0,106.03,57.26,1,0.0,0.0,Email,Desktop
ORD0002792,CUST00503,PROD0100,Clothing,2023-09-06,2023-09,2,80.73,0,161.46,72.66,0,161.46,72.66,Direct,Desktop
ORD0002793,CUST00503,PROD0049,Home & Living,2023-10-04,2023-10,1,60.55,0,60.55,23.61,0,60.55,23.61,Direct,Desktop
ORD0002794,CUST00503,PROD0022,Sports,2023-11-30,2023-11,1,30.09,0,30.09,17.15,1,0.0,0.0,Direct,Desktop
ORD0002795,CUST00503,PROD0199,Sports,2024-02-12,2024-02,3,40.52,0,121.56,38.9,0,121.56,38.9,Direct,Desktop
ORD0002796,CUST00503,PROD0169,Accessories,2023-12-10,2023-12,1,66.47,0,66.47,33.9,1,0.0,0.0,Direct,Desktop
ORD0002797,CUST00503,PROD0194,Accessories,2024-03-12,2024-03,3,80.84,0,242.52,123.69,0,242.52,123.69,Direct,Desktop
ORD0002798,CUST00503,PROD0059,Sports,2024-01-09,2024-01,3,76.4,0,229.2,116.89,0,229.2,116.89,Direct,Desktop
ORD0002799,CUST00503,PROD0115,Accessories,2023-11-27,2023-11,1,74.34,0,74.34,43.12,0,74.34,43.12,Direct,Desktop
ORD0002800,CUST00503,PROD0129,Accessories,2023-12-10,2023-12,3,45.01,0,135.03,41.86,0,135.03,41.86,Direct,Desktop
ORD0002801,CUST00504,PROD0153,Accessories,2024-03-09,2024-03,2,85.5,0.1,153.9,86.18,0,153.9,86.18,Referral,Mobile
ORD0002802,CUST00504,PROD0002,Clothing,2023-07-21,2023-07,1,48.81,0.1,43.93,27.68,1,0.0,0.0,Referral,Mobile
ORD0002803,CUST00504,PROD0160,Accessories,2022-09-22,2022-09,2,31.12,0.1,56.02,31.37,0,56.02,31.37,Referral,Mobile
ORD0002804,CUST00504,PROD0088,Accessories,2023-07-02,2023-07,1,42.05,0,42.05,15.56,0,42.05,15.56,Referral,Mobile
ORD0002805,CUST00504,PROD0119,Beauty,2024-03-01,2024-03,2,20.14,0,40.28,14.5,0,40.28,14.5,Referral,Mobile
ORD0002806,CUST00504,PROD0100,Clothing,2023-01-06,2023-01,1,80.73,0,80.73,36.33,0,80.73,36.33,Referral,Mobile
ORD0002807,CUST00504,PROD0167,Footwear,2023-06-13,2023-06,2,62.12,0,124.24,36.03,0,124.24,36.03,Referral,Mobile
ORD0002808,CUST00504,PROD0103,Accessories,2023-07-16,2023-07,1,84.89,0,84.89,38.2,0,84.89,38.2,Referral,Mobile
ORD0002809,CUST00504,PROD0166,Clothing,2023-12-06,2023-12,2,87.15,0.1,156.87,97.26,0,156.87,97.26,Referral,Mobile
ORD0002810,CUST00504,PROD0110,Footwear,2024-02-18,2024-02,3,106.03,0.1,286.28,154.59,0,286.28,154.59,Referral,Mobile
ORD0002811,CUST00504,PROD0067,Clothing,2023-05-31,2023-05,3,47.62,0,142.86,45.72,0,142.86,45.72,Referral,Mobile
ORD0002812,CUST00504,PROD0026,Footwear,2022-08-20,2022-08,1,66.28,0,66.28,17.23,0,66.28,17.23,Referral,Mobile
ORD0002813,CUST00504,PROD0185,Footwear,2024-03-17,2024-03,2,196.58,0,393.16,200.51,0,393.16,200.51,Referral,Mobile
ORD0002814,CUST00504,PROD0059,Sports,2022-09-28,2022-09,2,76.4,0.1,137.52,70.14,1,0.0,0.0,Referral,Mobile
ORD0002815,CUST00504,PROD0061,Home & Living,2023-05-05,2023-05,1,136.85,0,136.85,50.63,0,136.85,50.63,Referral,Mobile
ORD0002816,CUST00504,PROD0166,Clothing,2023-08-25,2023-08,3,87.15,0,261.45,162.1,0,261.45,162.1,Referral,Mobile
ORD0002817,CUST00504,PROD0172,Beauty,2022-10-16,2022-10,2,19.11,0,38.22,16.43,0,38.22,16.43,Referral,Mobile
ORD0002818,CUST00505,PROD0095,Accessories,2022-05-19,2022-05,1,33.53,0,33.53,19.11,0,33.53,19.11,Influencer,Desktop
ORD0002819,CUST00505,PROD0007,Beauty,2024-02-20,2024-02,1,25.48,0,25.48,8.41,0,25.48,8.41,Influencer,Desktop
ORD0002820,CUST00505,PROD0195,Accessories,2022-02-17,2022-02,1,33.68,0,33.68,20.54,0,33.68,20.54,Influencer,Desktop
ORD0002821,CUST00506,PROD0166,Clothing,2023-03-20,2023-03,1,87.15,0,87.15,54.03,0,87.15,54.03,Influencer,Mobile
ORD0002822,CUST00506,PROD0169,Accessories,2023-11-27,2023-11,3,66.47,0,199.41,101.7,0,199.41,101.7,Influencer,Mobile
ORD0002823,CUST00506,PROD0200,Footwear,2024-03-28,2024-03,1,43.07,0,43.07,24.55,0,43.07,24.55,Influencer,Mobile
ORD0002824,CUST00507,PROD0125,Sports,2023-04-11,2023-04,1,126.04,0.1,113.44,44.24,1,0.0,0.0,Email,Mobile
ORD0002825,CUST00507,PROD0121,Clothing,2023-03-03,2023-03,1,86.37,0,86.37,42.32,1,0.0,0.0,Email,Mobile
ORD0002826,CUST00507,PROD0176,Home & Living,2024-01-05,2024-01,1,51.13,0.1,46.02,12.89,0,46.02,12.89,Email,Mobile
ORD0002827,CUST00507,PROD0101,Footwear,2023-04-09,2023-04,3,191.81,0.2,460.34,202.55,0,460.34,202.55,Email,Mobile
ORD0002828,CUST00507,PROD0009,Sports,2024-02-04,2024-02,1,39.16,0.15,33.29,19.64,1,0.0,0.0,Email,Mobile
ORD0002829,CUST00507,PROD0178,Clothing,2023-10-21,2023-10,3,60.67,0.1,163.81,65.52,0,163.81,65.52,Email,Mobile
ORD0002830,CUST00507,PROD0122,Home & Living,2023-11-26,2023-11,3,74.99,0.2,179.98,71.99,0,179.98,71.99,Email,Mobile
ORD0002831,CUST00507,PROD0139,Home & Living,2024-03-05,2024-03,1,121.16,0.15,102.99,61.79,1,0.0,0.0,Email,Mobile
ORD0002832,CUST00508,PROD0185,Footwear,2024-02-27,2024-02,2,196.58,0,393.16,200.51,0,393.16,200.51,Referral,Mobile
ORD0002833,CUST00508,PROD0030,Beauty,2022-12-16,2022-12,3,30.52,0,91.56,32.96,0,91.56,32.96,Referral,Mobile
ORD0002834,CUST00508,PROD0124,Beauty,2023-05-10,2023-05,1,20.18,0.1,18.16,8.54,0,18.16,8.54,Referral,Mobile
ORD0002835,CUST00508,PROD0156,Sports,2024-01-02,2024-01,2,96.17,0.1,173.11,100.4,0,173.11,100.4,Referral,Mobile
ORD0002836,CUST00508,PROD0047,Footwear,2023-12-24,2023-12,1,144.43,0.1,129.99,50.7,0,129.99,50.7,Referral,Mobile
ORD0002837,CUST00508,PROD0117,Accessories,2023-12-12,2023-12,1,65.2,0,65.2,18.91,0,65.2,18.91,Referral,Mobile
ORD0002838,CUST00509,PROD0186,Home & Living,2024-01-19,2024-01,3,126.59,0,379.77,110.13,0,379.77,110.13,Direct,Mobile
ORD0002839,CUST00509,PROD0046,Sports,2024-01-23,2024-01,1,44.39,0,44.39,23.53,0,44.39,23.53,Direct,Mobile
ORD0002840,CUST00509,PROD0157,Sports,2023-05-14,2023-05,2,101.12,0,202.24,84.94,0,202.24,84.94,Direct,Mobile
ORD0002841,CUST00510,PROD0141,Beauty,2023-10-15,2023-10,3,60.76,0.1,164.05,55.78,0,164.05,55.78,Email,Mobile
ORD0002842,CUST00510,PROD0173,Footwear,2023-09-12,2023-09,2,87.72,0.2,140.35,60.35,0,140.35,60.35,Email,Mobile
ORD0002843,CUST00510,PROD0179,Footwear,2023-08-18,2023-08,2,56.4,0.2,90.24,55.95,0,90.24,55.95,Email,Mobile
ORD0002844,CUST00510,PROD0050,Home & Living,2023-12-11,2023-12,2,120.87,0,241.74,65.27,0,241.74,65.27,Email,Mobile
ORD0002845,CUST00510,PROD0044,Footwear,2023-12-11,2023-12,1,185.76,0.2,148.61,72.82,0,148.61,72.82,Email,Mobile
ORD0002846,CUST00510,PROD0011,Sports,2023-05-15,2023-05,1,85.35,0,85.35,23.9,0,85.35,23.9,Email,Mobile
ORD0002847,CUST00510,PROD0130,Home & Living,2023-08-25,2023-08,3,126.57,0,379.71,220.23,0,379.71,220.23,Email,Mobile
ORD0002848,CUST00510,PROD0086,Clothing,2023-09-10,2023-09,3,82.15,0,246.45,140.48,1,0.0,0.0,Email,Mobile
ORD0002849,CUST00511,PROD0087,Home & Living,2023-08-31,2023-08,1,45.63,0,45.63,26.47,0,45.63,26.47,Paid Social,Mobile
ORD0002850,CUST00511,PROD0152,Accessories,2022-12-05,2022-12,2,36.62,0.05,69.58,30.62,0,69.58,30.62,Paid Social,Mobile
ORD0002851,CUST00511,PROD0168,Clothing,2023-05-10,2023-05,1,45.57,0,45.57,19.14,0,45.57,19.14,Paid Social,Mobile
ORD0002852,CUST00511,PROD0102,Footwear,2022-12-10,2022-12,3,44.77,0.1,120.88,31.43,1,0.0,0.0,Paid Social,Mobile
ORD0002853,CUST00511,PROD0021,Beauty,2023-04-16,2023-04,3,65.25,0,195.75,121.36,0,195.75,121.36,Paid Social,Mobile
ORD0002854,CUST00511,PROD0154,Sports,2023-08-14,2023-08,1,137.38,0.05,130.51,35.24,0,130.51,35.24,Paid Social,Mobile
ORD0002855,CUST00511,PROD0183,Clothing,2023-05-29,2023-05,3,78.37,0,235.11,141.07,0,235.11,141.07,Paid Social,Mobile
ORD0002856,CUST00512,PROD0164,Accessories,2024-02-07,2024-02,1,18.66,0,18.66,5.41,0,18.66,5.41,Direct,Tablet
ORD0002857,CUST00512,PROD0196,Sports,2022-11-20,2022-11,3,92.93,0,278.79,172.85,0,278.79,172.85,Direct,Tablet
ORD0002858,CUST00512,PROD0164,Accessories,2022-11-28,2022-11,2,18.66,0,37.32,10.82,0,37.32,10.82,Direct,Tablet
ORD0002859,CUST00512,PROD0045,Home & Living,2024-02-12,2024-02,2,91.27,0,182.54,83.97,1,0.0,0.0,Direct,Tablet
ORD0002860,CUST00512,PROD0057,Beauty,2023-01-22,2023-01,2,25.42,0,50.84,24.4,0,50.84,24.4,Direct,Tablet
ORD0002861,CUST00512,PROD0120,Home & Living,2023-01-15,2023-01,3,118.52,0,355.56,110.22,1,0.0,0.0,Direct,Tablet
ORD0002862,CUST00512,PROD0038,Accessories,2023-08-14,2023-08,2,85.41,0,170.82,93.95,0,170.82,93.95,Direct,Tablet
ORD0002863,CUST00512,PROD0175,Footwear,2023-10-16,2023-10,2,69.53,0,139.06,41.72,0,139.06,41.72,Direct,Tablet
ORD0002864,CUST00512,PROD0047,Footwear,2024-03-02,2024-03,1,144.43,0,144.43,56.33,0,144.43,56.33,Direct,Tablet
ORD0002865,CUST00512,PROD0118,Clothing,2022-11-24,2022-11,2,33.04,0,66.08,31.72,1,0.0,0.0,Direct,Tablet
ORD0002866,CUST00512,PROD0002,Clothing,2023-09-09,2023-09,3,48.81,0,146.43,92.25,0,146.43,92.25,Direct,Tablet
ORD0002867,CUST00513,PROD0050,Home & Living,2024-01-16,2024-01,1,120.87,0,120.87,32.63,1,0.0,0.0,Email,Mobile
ORD0002868,CUST00513,PROD0054,Sports,2024-02-08,2024-02,1,142.4,0.1,128.16,64.08,0,128.16,64.08,Email,Mobile
ORD0002869,CUST00513,PROD0010,Home & Living,2022-11-12,2022-11,3,50.82,0.15,129.59,49.24,0,129.59,49.24,Email,Mobile
ORD0002870,CUST00513,PROD0069,Beauty,2023-03-23,2023-03,3,52.71,0.15,134.41,80.65,0,134.41,80.65,Email,Mobile
ORD0002871,CUST00513,PROD0002,Clothing,2023-06-14,2023-06,2,48.81,0.2,78.1,49.2,0,78.1,49.2,Email,Mobile
ORD0002872,CUST00513,PROD0064,Footwear,2022-03-18,2022-03,2,190.18,0,380.36,148.34,0,380.36,148.34,Email,Mobile
ORD0002873,CUST00513,PROD0035,Beauty,2023-02-28,2023-02,3,43.82,0,131.46,76.25,0,131.46,76.25,Email,Mobile
ORD0002874,CUST00513,PROD0087,Home & Living,2023-05-12,2023-05,3,45.63,0,136.89,79.4,1,0.0,0.0,Email,Mobile
ORD0002875,CUST00513,PROD0141,Beauty,2024-01-15,2024-01,2,60.76,0,121.52,41.32,0,121.52,41.32,Email,Mobile
ORD0002876,CUST00514,PROD0165,Footwear,2022-07-05,2022-07,3,116.35,0,349.05,223.39,0,349.05,223.39,Direct,Mobile
ORD0002877,CUST00514,PROD0039,Beauty,2023-01-06,2023-01,2,69.16,0,138.32,77.46,0,138.32,77.46,Direct,Mobile
ORD0002878,CUST00515,PROD0092,Beauty,2023-03-07,2023-03,3,19.38,0.1,52.33,16.75,1,0.0,0.0,Referral,Mobile
ORD0002879,CUST00515,PROD0042,Home & Living,2023-08-12,2023-08,3,61.51,0,184.53,51.67,0,184.53,51.67,Referral,Mobile
ORD0002880,CUST00515,PROD0095,Accessories,2023-11-12,2023-11,1,33.53,0.1,30.18,17.2,0,30.18,17.2,Referral,Mobile
ORD0002881,CUST00515,PROD0136,Accessories,2023-03-02,2023-03,1,78.97,0.1,71.07,26.3,0,71.07,26.3,Referral,Mobile
ORD0002882,CUST00515,PROD0075,Accessories,2024-03-30,2024-03,2,80.95,0,161.9,64.76,0,161.9,64.76,Referral,Mobile
ORD0002883,CUST00515,PROD0199,Sports,2022-12-26,2022-12,2,40.52,0.1,72.94,23.34,0,72.94,23.34,Referral,Mobile
ORD0002884,CUST00515,PROD0137,Home & Living,2023-07-23,2023-07,2,99.54,0,199.08,77.64,0,199.08,77.64,Referral,Mobile
ORD0002885,CUST00516,PROD0167,Footwear,2023-11-27,2023-11,1,62.12,0.15,52.8,15.31,0,52.8,15.31,Email,Mobile
ORD0002886,CUST00516,PROD0181,Home & Living,2023-10-08,2023-10,1,68.65,0.1,61.79,35.22,0,61.79,35.22,Email,Mobile
ORD0002887,CUST00516,PROD0105,Sports,2022-05-26,2022-05,3,41.5,0.2,99.6,62.75,0,99.6,62.75,Email,Mobile
ORD0002888,CUST00516,PROD0097,Clothing,2022-05-02,2022-05,3,60.58,0.1,163.57,47.44,0,163.57,47.44,Email,Mobile
ORD0002889,CUST00516,PROD0161,Home & Living,2023-12-06,2023-12,1,33.22,0.15,28.24,16.66,1,0.0,0.0,Email,Mobile
ORD0002890,CUST00517,PROD0082,Beauty,2023-09-19,2023-09,3,20.0,0.1,54.0,35.1,0,54.0,35.1,Email,Mobile
ORD0002891,CUST00517,PROD0199,Sports,2022-05-14,2022-05,1,40.52,0.15,34.44,11.02,0,34.44,11.02,Email,Mobile
ORD0002892,CUST00517,PROD0047,Footwear,2024-01-31,2024-01,1,144.43,0,144.43,56.33,1,0.0,0.0,Email,Mobile
ORD0002893,CUST00517,PROD0110,Footwear,2022-06-29,2022-06,2,106.03,0.15,180.25,97.34,0,180.25,97.34,Email,Mobile
ORD0002894,CUST00517,PROD0061,Home & Living,2023-09-20,2023-09,2,136.85,0,273.7,101.27,1,0.0,0.0,Email,Mobile
ORD0002895,CUST00517,PROD0176,Home & Living,2022-10-20,2022-10,3,51.13,0,153.39,42.95,0,153.39,42.95,Email,Mobile
ORD0002896,CUST00517,PROD0019,Beauty,2022-09-25,2022-09,1,17.13,0,17.13,7.54,0,17.13,7.54,Email,Mobile
ORD0002897,CUST00517,PROD0126,Sports,2022-12-23,2022-12,3,92.2,0.15,235.11,150.47,0,235.11,150.47,Email,Mobile
ORD0002898,CUST00517,PROD0097,Clothing,2023-10-16,2023-10,3,60.58,0.1,163.57,47.44,0,163.57,47.44,Email,Mobile
ORD0002899,CUST00518,PROD0097,Clothing,2023-11-16,2023-11,2,60.58,0.05,115.1,33.38,1,0.0,0.0,Paid Social,Mobile
ORD0002900,CUST00518,PROD0146,Accessories,2022-12-20,2022-12,2,80.98,0.1,145.76,51.02,0,145.76,51.02,Paid Social,Mobile
ORD0002901,CUST00518,PROD0073,Sports,2023-04-01,2023-04,2,66.61,0,133.22,47.96,0,133.22,47.96,Paid Social,Mobile
ORD0002902,CUST00518,PROD0039,Beauty,2023-07-08,2023-07,2,69.16,0,138.32,77.46,0,138.32,77.46,Paid Social,Mobile
ORD0002903,CUST00518,PROD0161,Home & Living,2024-02-04,2024-02,3,33.22,0.05,94.68,55.86,1,0.0,0.0,Paid Social,Mobile
ORD0002904,CUST00518,PROD0149,Beauty,2023-09-30,2023-09,1,65.53,0.1,58.98,30.67,1,0.0,0.0,Paid Social,Mobile
ORD0002905,CUST00519,PROD0189,Home & Living,2024-01-18,2024-01,2,100.23,0,200.46,122.28,0,200.46,122.28,Paid Social,Mobile
ORD0002906,CUST00519,PROD0186,Home & Living,2023-12-21,2023-12,3,126.59,0.05,360.78,104.63,1,0.0,0.0,Paid Social,Mobile
ORD0002907,CUST00519,PROD0055,Sports,2023-12-23,2023-12,1,136.99,0,136.99,39.73,0,136.99,39.73,Paid Social,Mobile
ORD0002908,CUST00519,PROD0012,Sports,2023-09-19,2023-09,2,146.79,0,293.58,105.69,1,0.0,0.0,Paid Social,Mobile
ORD0002909,CUST00519,PROD0049,Home & Living,2024-01-19,2024-01,1,60.55,0.1,54.49,21.25,1,0.0,0.0,Paid Social,Mobile
ORD0002910,CUST00520,PROD0030,Beauty,2023-11-14,2023-11,1,30.52,0,30.52,10.99,0,30.52,10.99,Organic Search,Tablet
ORD0002911,CUST00520,PROD0178,Clothing,2022-10-06,2022-10,3,60.67,0,182.01,72.8,1,0.0,0.0,Organic Search,Tablet
ORD0002912,CUST00520,PROD0010,Home & Living,2024-01-27,2024-01,2,50.82,0,101.64,38.62,0,101.64,38.62,Organic Search,Tablet
ORD0002913,CUST00520,PROD0035,Beauty,2024-01-13,2024-01,1,43.82,0,43.82,25.42,1,0.0,0.0,Organic Search,Tablet
ORD0002914,CUST00520,PROD0196,Sports,2023-04-08,2023-04,3,92.93,0,278.79,172.85,0,278.79,172.85,Organic Search,Tablet
ORD0002915,CUST00521,PROD0060,Footwear,2023-08-02,2023-08,3,104.31,0.05,297.28,86.21,0,297.28,86.21,Paid Social,Desktop
ORD0002916,CUST00521,PROD0060,Footwear,2024-01-07,2024-01,2,104.31,0,208.62,60.5,0,208.62,60.5,Paid Social,Desktop
ORD0002917,CUST00521,PROD0061,Home & Living,2023-08-14,2023-08,1,136.85,0.05,130.01,48.1,1,0.0,0.0,Paid Social,Desktop
ORD0002918,CUST00521,PROD0123,Clothing,2023-04-10,2023-04,2,40.48,0,80.96,21.05,0,80.96,21.05,Paid Social,Desktop
ORD0002919,CUST00521,PROD0141,Beauty,2023-06-02,2023-06,2,60.76,0.1,109.37,37.19,1,0.0,0.0,Paid Social,Desktop
ORD0002920,CUST00522,PROD0054,Sports,2024-01-15,2024-01,1,142.4,0,142.4,71.2,1,0.0,0.0,Paid Social,Mobile
ORD0002921,CUST00522,PROD0106,Footwear,2024-03-28,2024-03,3,188.1,0,564.3,242.65,1,0.0,0.0,Paid Social,Mobile
ORD0002922,CUST00522,PROD0191,Accessories,2023-12-19,2023-12,1,42.93,0.1,38.64,18.93,0,38.64,18.93,Paid Social,Mobile
ORD0002923,CUST00523,PROD0090,Home & Living,2022-09-16,2022-09,2,99.94,0.1,179.89,113.33,1,0.0,0.0,Paid Social,Desktop
ORD0002924,CUST00523,PROD0013,Sports,2023-01-09,2023-01,3,147.02,0.05,419.01,163.41,1,0.0,0.0,Paid Social,Desktop
ORD0002925,CUST00523,PROD0159,Beauty,2024-01-26,2024-01,1,20.79,0.05,19.75,6.12,0,19.75,6.12,Paid Social,Desktop
ORD0002926,CUST00523,PROD0045,Home & Living,2024-03-17,2024-03,2,91.27,0,182.54,83.97,0,182.54,83.97,Paid Social,Desktop
ORD0002927,CUST00523,PROD0065,Accessories,2022-11-01,2022-11,1,54.38,0.1,48.94,21.04,0,48.94,21.04,Paid Social,Desktop
ORD0002928,CUST00523,PROD0002,Clothing,2022-12-18,2022-12,3,48.81,0,146.43,92.25,1,0.0,0.0,Paid Social,Desktop
ORD0002929,CUST00523,PROD0046,Sports,2022-12-10,2022-12,2,44.39,0.05,84.34,44.7,0,84.34,44.7,Paid Social,Desktop
ORD0002930,CUST00524,PROD0091,Beauty,2023-07-21,2023-07,3,39.11,0,117.33,46.93,0,117.33,46.93,Influencer,Desktop
ORD0002931,CUST00524,PROD0195,Accessories,2022-12-08,2022-12,2,33.68,0,67.36,41.09,0,67.36,41.09,Influencer,Desktop
ORD0002932,CUST00524,PROD0084,Accessories,2022-08-06,2022-08,3,45.9,0,137.7,38.56,0,137.7,38.56,Influencer,Desktop
ORD0002933,CUST00524,PROD0004,Accessories,2023-01-16,2023-01,2,19.48,0,38.96,24.54,0,38.96,24.54,Influencer,Desktop
ORD0002934,CUST00525,PROD0002,Clothing,2023-02-14,2023-02,2,48.81,0,97.62,61.5,1,0.0,0.0,Paid Social,Desktop
ORD0002935,CUST00526,PROD0157,Sports,2022-07-30,2022-07,3,101.12,0,303.36,127.41,0,303.36,127.41,Email,Mobile
ORD0002936,CUST00526,PROD0176,Home & Living,2023-01-10,2023-01,1,51.13,0.15,43.46,12.17,0,43.46,12.17,Email,Mobile
ORD0002937,CUST00527,PROD0001,Accessories,2023-04-03,2023-04,1,40.31,0,40.31,14.11,1,0.0,0.0,Organic Search,Desktop
ORD0002938,CUST00527,PROD0010,Home & Living,2023-06-07,2023-06,3,50.82,0,152.46,57.93,0,152.46,57.93,Organic Search,Desktop
ORD0002939,CUST00527,PROD0155,Beauty,2024-01-31,2024-01,1,35.29,0,35.29,14.47,0,35.29,14.47,Organic Search,Desktop
ORD0002940,CUST00527,PROD0080,Sports,2023-09-23,2023-09,2,42.1,0,84.2,42.1,1,0.0,0.0,Organic Search,Desktop
ORD0002941,CUST00527,PROD0029,Accessories,2023-07-26,2023-07,1,59.38,0,59.38,35.63,0,59.38,35.63,Organic Search,Desktop
ORD0002942,CUST00527,PROD0164,Accessories,2023-12-31,2023-12,1,18.66,0,18.66,5.41,0,18.66,5.41,Organic Search,Desktop
ORD0002943,CUST00527,PROD0173,Footwear,2023-11-04,2023-11,2,87.72,0,175.44,75.44,1,0.0,0.0,Organic Search,Desktop
ORD0002944,CUST00528,PROD0054,Sports,2023-09-23,2023-09,2,142.4,0,284.8,142.4,0,284.8,142.4,Direct,Desktop
ORD0002945,CUST00528,PROD0088,Accessories,2022-07-29,2022-07,1,42.05,0,42.05,15.56,1,0.0,0.0,Direct,Desktop
ORD0002946,CUST00528,PROD0147,Home & Living,2023-03-08,2023-03,3,133.32,0,399.96,183.98,1,0.0,0.0,Direct,Desktop
ORD0002947,CUST00528,PROD0188,Footwear,2023-11-06,2023-11,1,148.41,0,148.41,87.56,0,148.41,87.56,Direct,Desktop
ORD0002948,CUST00528,PROD0019,Beauty,2023-01-20,2023-01,3,17.13,0,51.39,22.61,1,0.0,0.0,Direct,Desktop
ORD0002949,CUST00529,PROD0093,Footwear,2023-11-26,2023-11,1,85.42,0,85.42,48.69,0,85.42,48.69,Paid Social,Desktop
ORD0002950,CUST00529,PROD0148,Beauty,2024-03-23,2024-03,3,56.54,0,169.62,93.29,0,169.62,93.29,Paid Social,Desktop
ORD0002951,CUST00530,PROD0013,Sports,2023-10-30,2023-10,3,147.02,0,441.06,172.01,0,441.06,172.01,Referral,Desktop
ORD0002952,CUST00530,PROD0125,Sports,2023-06-10,2023-06,1,126.04,0,126.04,49.16,0,126.04,49.16,Referral,Desktop
ORD0002953,CUST00530,PROD0172,Beauty,2023-10-02,2023-10,3,19.11,0,57.33,24.65,0,57.33,24.65,Referral,Desktop
ORD0002954,CUST00530,PROD0090,Home & Living,2023-11-14,2023-11,2,99.94,0.1,179.89,113.33,0,179.89,113.33,Referral,Desktop
ORD0002955,CUST00530,PROD0067,Clothing,2023-05-09,2023-05,3,47.62,0,142.86,45.72,0,142.86,45.72,Referral,Desktop
ORD0002956,CUST00530,PROD0149,Beauty,2024-03-06,2024-03,2,65.53,0,131.06,68.15,1,0.0,0.0,Referral,Desktop
ORD0002957,CUST00530,PROD0053,Footwear,2023-12-29,2023-12,3,46.14,0,138.42,77.52,0,138.42,77.52,Referral,Desktop
ORD0002958,CUST00531,PROD0110,Footwear,2023-05-02,2023-05,1,106.03,0,106.03,57.26,0,106.03,57.26,Direct,Desktop
ORD0002959,CUST00531,PROD0116,Footwear,2023-10-06,2023-10,3,141.52,0,424.56,186.81,0,424.56,186.81,Direct,Desktop
ORD0002960,CUST00532,PROD0024,Beauty,2023-09-27,2023-09,2,20.35,0,40.7,16.69,0,40.7,16.69,Paid Social,Mobile
ORD0002961,CUST00532,PROD0071,Beauty,2023-12-11,2023-12,2,65.25,0,130.5,79.61,0,130.5,79.61,Paid Social,Mobile
ORD0002962,CUST00532,PROD0088,Accessories,2023-10-25,2023-10,3,42.05,0,126.15,46.68,0,126.15,46.68,Paid Social,Mobile
ORD0002963,CUST00532,PROD0082,Beauty,2024-03-21,2024-03,2,20.0,0.05,38.0,24.7,0,38.0,24.7,Paid Social,Mobile
ORD0002964,CUST00532,PROD0105,Sports,2024-03-19,2024-03,2,41.5,0.1,74.7,47.06,1,0.0,0.0,Paid Social,Mobile
ORD0002965,CUST00532,PROD0118,Clothing,2024-03-12,2024-03,1,33.04,0.1,29.74,14.28,0,29.74,14.28,Paid Social,Mobile
ORD0002966,CUST00532,PROD0160,Accessories,2023-09-14,2023-09,3,31.12,0,93.36,52.28,0,93.36,52.28,Paid Social,Mobile
ORD0002967,CUST00532,PROD0191,Accessories,2023-10-25,2023-10,2,42.93,0.1,77.27,37.86,0,77.27,37.86,Paid Social,Mobile
ORD0002968,CUST00532,PROD0004,Accessories,2023-09-19,2023-09,1,19.48,0,19.48,12.27,0,19.48,12.27,Paid Social,Mobile
ORD0002969,CUST00532,PROD0062,Accessories,2024-02-24,2024-02,2,85.04,0.05,161.58,67.86,0,161.58,67.86,Paid Social,Mobile
ORD0002970,CUST00532,PROD0197,Clothing,2024-03-11,2024-03,3,92.45,0,277.35,99.85,0,277.35,99.85,Paid Social,Mobile
ORD0002971,CUST00532,PROD0010,Home & Living,2024-02-06,2024-02,3,50.82,0.1,137.21,52.14,0,137.21,52.14,Paid Social,Mobile
ORD0002972,CUST00533,PROD0186,Home & Living,2023-04-10,2023-04,1,126.59,0,126.59,36.71,0,126.59,36.71,Influencer,Desktop
ORD0002973,CUST00533,PROD0005,Footwear,2023-11-27,2023-11,1,121.17,0,121.17,70.28,0,121.17,70.28,Influencer,Desktop
ORD0002974,CUST00533,PROD0067,Clothing,2023-08-08,2023-08,3,47.62,0,142.86,45.72,0,142.86,45.72,Influencer,Desktop
ORD0002975,CUST00533,PROD0097,Clothing,2023-08-14,2023-08,2,60.58,0,121.16,35.14,0,121.16,35.14,Influencer,Desktop
ORD0002976,CUST00533,PROD0196,Sports,2023-12-16,2023-12,3,92.93,0,278.79,172.85,0,278.79,172.85,Influencer,Desktop
ORD0002977,CUST00534,PROD0096,Sports,2024-01-03,2024-01,3,59.98,0.1,161.95,103.65,0,161.95,103.65,Paid Social,Mobile
ORD0002978,CUST00534,PROD0009,Sports,2024-03-16,2024-03,3,39.16,0,117.48,69.31,0,117.48,69.31,Paid Social,Mobile
ORD0002979,CUST00534,PROD0038,Accessories,2022-07-27,2022-07,1,85.41,0.1,76.87,42.28,0,76.87,42.28,Paid Social,Mobile
ORD0002980,CUST00534,PROD0006,Accessories,2024-01-14,2024-01,3,25.71,0.1,69.42,32.63,0,69.42,32.63,Paid Social,Mobile
ORD0002981,CUST00534,PROD0009,Sports,2023-08-28,2023-08,2,39.16,0.05,74.4,43.9,1,0.0,0.0,Paid Social,Mobile
ORD0002982,CUST00534,PROD0067,Clothing,2022-09-12,2022-09,2,47.62,0,95.24,30.48,0,95.24,30.48,Paid Social,Mobile
ORD0002983,CUST00535,PROD0156,Sports,2022-11-27,2022-11,1,96.17,0,96.17,55.78,1,0.0,0.0,Influencer,Mobile
ORD0002984,CUST00535,PROD0086,Clothing,2023-03-28,2023-03,3,82.15,0,246.45,140.48,0,246.45,140.48,Influencer,Mobile
ORD0002985,CUST00535,PROD0065,Accessories,2022-12-13,2022-12,3,54.38,0,163.14,70.15,0,163.14,70.15,Influencer,Mobile
ORD0002986,CUST00535,PROD0105,Sports,2022-03-17,2022-03,3,41.5,0,124.5,78.44,0,124.5,78.44,Influencer,Mobile
ORD0002987,CUST00535,PROD0139,Home & Living,2023-12-10,2023-12,3,121.16,0,363.48,218.09,0,363.48,218.09,Influencer,Mobile
ORD0002988,CUST00535,PROD0149,Beauty,2022-07-13,2022-07,3,65.53,0,196.59,102.23,1,0.0,0.0,Influencer,Mobile
ORD0002989,CUST00535,PROD0111,Clothing,2023-11-14,2023-11,3,72.51,0,217.53,132.69,1,0.0,0.0,Influencer,Mobile
ORD0002990,CUST00535,PROD0072,Sports,2022-09-29,2022-09,3,81.55,0,244.65,134.56,0,244.65,134.56,Influencer,Mobile
ORD0002991,CUST00535,PROD0160,Accessories,2022-10-01,2022-10,3,31.12,0,93.36,52.28,0,93.36,52.28,Influencer,Mobile
ORD0002992,CUST00536,PROD0185,Footwear,2023-10-24,2023-10,2,196.58,0,393.16,200.51,1,0.0,0.0,Referral,Mobile
ORD0002993,CUST00536,PROD0155,Beauty,2023-11-16,2023-11,1,35.29,0.1,31.76,13.02,0,31.76,13.02,Referral,Mobile
ORD0002994,CUST00536,PROD0021,Beauty,2024-01-22,2024-01,2,65.25,0,130.5,80.91,0,130.5,80.91,Referral,Mobile
ORD0002995,CUST00536,PROD0043,Footwear,2023-11-09,2023-11,1,62.01,0.1,55.81,34.6,0,55.81,34.6,Referral,Mobile
ORD0002996,CUST00536,PROD0127,Accessories,2023-07-11,2023-07,3,49.21,0,147.63,45.77,0,147.63,45.77,Referral,Mobile
ORD0002997,CUST00536,PROD0103,Accessories,2023-09-25,2023-09,3,84.89,0.1,229.2,103.14,1,0.0,0.0,Referral,Mobile
ORD0002998,CUST00536,PROD0041,Beauty,2023-12-24,2023-12,1,68.34,0,68.34,41.0,0,68.34,41.0,Referral,Mobile
ORD0002999,CUST00536,PROD0195,Accessories,2023-10-21,2023-10,2,33.68,0.1,60.62,36.98,1,0.0,0.0,Referral,Mobile
ORD0003000,CUST00536,PROD0020,Clothing,2024-03-21,2024-03,1,35.77,0,35.77,16.45,0,35.77,16.45,Referral,Mobile
ORD0003001,CUST00536,PROD0055,Sports,2024-01-31,2024-01,2,136.99,0.1,246.58,71.51,1,0.0,0.0,Referral,Mobile
ORD0003002,CUST00536,PROD0078,Accessories,2023-08-26,2023-08,1,83.84,0,83.84,50.3,0,83.84,50.3,Referral,Mobile
ORD0003003,CUST00536,PROD0084,Accessories,2024-02-02,2024-02,1,45.9,0,45.9,12.85,0,45.9,12.85,Referral,Mobile
ORD0003004,CUST00536,PROD0125,Sports,2023-11-13,2023-11,2,126.04,0,252.08,98.31,0,252.08,98.31,Referral,Mobile
ORD0003005,CUST00537,PROD0186,Home & Living,2023-07-21,2023-07,3,126.59,0.15,322.8,93.61,0,322.8,93.61,Email,Mobile
ORD0003006,CUST00537,PROD0106,Footwear,2024-01-29,2024-01,2,188.1,0.15,319.77,137.5,0,319.77,137.5,Email,Mobile
ORD0003007,CUST00537,PROD0100,Clothing,2024-01-21,2024-01,3,80.73,0.15,205.86,92.64,1,0.0,0.0,Email,Mobile
ORD0003008,CUST00537,PROD0059,Sports,2023-11-08,2023-11,2,76.4,0.1,137.52,70.14,0,137.52,70.14,Email,Mobile
ORD0003009,CUST00537,PROD0099,Home & Living,2023-08-30,2023-08,3,113.39,0,340.17,125.86,1,0.0,0.0,Email,Mobile
ORD0003010,CUST00537,PROD0066,Footwear,2024-01-01,2024-01,2,151.36,0,302.72,87.79,1,0.0,0.0,Email,Mobile
ORD0003011,CUST00537,PROD0131,Beauty,2023-09-06,2023-09,1,36.76,0.2,29.41,10.29,0,29.41,10.29,Email,Mobile
ORD0003012,CUST00537,PROD0115,Accessories,2024-03-21,2024-03,1,74.34,0.1,66.91,38.81,0,66.91,38.81,Email,Mobile
ORD0003013,CUST00538,PROD0160,Accessories,2023-05-17,2023-05,3,31.12,0.05,88.69,49.67,0,88.69,49.67,Paid Social,Mobile
ORD0003014,CUST00538,PROD0085,Accessories,2023-08-06,2023-08,3,53.78,0.05,153.27,73.57,0,153.27,73.57,Paid Social,Mobile
ORD0003015,CUST00538,PROD0111,Clothing,2023-07-16,2023-07,3,72.51,0,217.53,132.69,1,0.0,0.0,Paid Social,Mobile
ORD0003016,CUST00538,PROD0113,Home & Living,2022-07-23,2022-07,2,30.82,0.1,55.48,29.4,0,55.48,29.4,Paid Social,Mobile
ORD0003017,CUST00538,PROD0108,Accessories,2022-06-16,2022-06,1,82.14,0.05,78.03,23.41,0,78.03,23.41,Paid Social,Mobile
ORD0003018,CUST00538,PROD0093,Footwear,2022-09-26,2022-09,2,85.42,0.05,162.3,92.51,0,162.3,92.51,Paid Social,Mobile
ORD0003019,CUST00538,PROD0037,Clothing,2022-05-12,2022-05,3,99.72,0.1,269.24,102.31,1,0.0,0.0,Paid Social,Mobile
ORD0003020,CUST00538,PROD0151,Clothing,2023-05-08,2023-05,3,30.88,0.05,88.01,38.72,0,88.01,38.72,Paid Social,Mobile
ORD0003021,CUST00539,PROD0032,Home & Living,2024-02-13,2024-02,3,43.05,0,129.15,37.45,0,129.15,37.45,Paid Social,Tablet
ORD0003022,CUST00539,PROD0061,Home & Living,2023-02-04,2023-02,1,136.85,0,136.85,50.63,0,136.85,50.63,Paid Social,Tablet
ORD0003023,CUST00539,PROD0107,Clothing,2023-02-26,2023-02,1,91.09,0,91.09,56.48,1,0.0,0.0,Paid Social,Tablet
ORD0003024,CUST00539,PROD0059,Sports,2022-10-10,2022-10,1,76.4,0.1,68.76,35.07,1,0.0,0.0,Paid Social,Tablet
ORD0003025,CUST00539,PROD0081,Home & Living,2023-10-14,2023-10,1,97.71,0,97.71,25.4,1,0.0,0.0,Paid Social,Tablet
ORD0003026,CUST00539,PROD0055,Sports,2022-11-11,2022-11,3,136.99,0.05,390.42,113.22,0,390.42,113.22,Paid Social,Tablet
ORD0003027,CUST00539,PROD0023,Clothing,2024-03-19,2024-03,3,85.59,0,256.77,89.87,0,256.77,89.87,Paid Social,Tablet
ORD0003028,CUST00539,PROD0026,Footwear,2023-03-27,2023-03,1,66.28,0.05,62.97,16.37,0,62.97,16.37,Paid Social,Tablet
ORD0003029,CUST00540,PROD0037,Clothing,2023-09-18,2023-09,2,99.72,0.1,179.5,68.21,1,0.0,0.0,Paid Social,Mobile
ORD0003030,CUST00540,PROD0161,Home & Living,2024-03-12,2024-03,3,33.22,0,99.66,58.8,0,99.66,58.8,Paid Social,Mobile
ORD0003031,CUST00541,PROD0136,Accessories,2024-03-16,2024-03,2,78.97,0,157.94,58.44,0,157.94,58.44,Direct,Desktop
ORD0003032,CUST00541,PROD0013,Sports,2022-06-12,2022-06,3,147.02,0,441.06,172.01,0,441.06,172.01,Direct,Desktop
ORD0003033,CUST00541,PROD0027,Footwear,2023-03-31,2023-03,3,147.27,0,441.81,247.41,0,441.81,247.41,Direct,Desktop
ORD0003034,CUST00541,PROD0187,Clothing,2023-01-20,2023-01,3,104.59,0,313.77,138.06,0,313.77,138.06,Direct,Desktop
ORD0003035,CUST00541,PROD0184,Sports,2023-03-24,2023-03,2,135.08,0,270.16,72.94,0,270.16,72.94,Direct,Desktop
ORD0003036,CUST00541,PROD0184,Sports,2022-09-06,2022-09,3,135.08,0,405.24,109.41,0,405.24,109.41,Direct,Desktop
ORD0003037,CUST00542,PROD0049,Home & Living,2022-05-25,2022-05,2,60.55,0.1,108.99,42.51,0,108.99,42.51,Referral,Mobile
ORD0003038,CUST00542,PROD0186,Home & Living,2023-01-16,2023-01,1,126.59,0,126.59,36.71,0,126.59,36.71,Referral,Mobile
ORD0003039,CUST00542,PROD0196,Sports,2022-03-10,2022-03,1,92.93,0,92.93,57.62,0,92.93,57.62,Referral,Mobile
ORD0003040,CUST00543,PROD0002,Clothing,2023-08-18,2023-08,2,48.81,0,97.62,61.5,0,97.62,61.5,Paid Social,Mobile
ORD0003041,CUST00543,PROD0171,Clothing,2024-01-19,2024-01,1,49.46,0,49.46,12.37,1,0.0,0.0,Paid Social,Mobile
ORD0003042,CUST00544,PROD0076,Clothing,2023-07-26,2023-07,2,54.02,0,108.04,33.49,0,108.04,33.49,Paid Social,Mobile
ORD0003043,CUST00544,PROD0182,Accessories,2023-08-24,2023-08,2,22.63,0,45.26,17.2,0,45.26,17.2,Paid Social,Mobile
ORD0003044,CUST00544,PROD0134,Accessories,2023-10-11,2023-10,1,24.1,0,24.1,13.5,1,0.0,0.0,Paid Social,Mobile
ORD0003045,CUST00544,PROD0077,Footwear,2023-10-28,2023-10,2,66.48,0.05,126.31,56.84,0,126.31,56.84,Paid Social,Mobile
ORD0003046,CUST00544,PROD0183,Clothing,2023-04-19,2023-04,3,78.37,0,235.11,141.07,0,235.11,141.07,Paid Social,Mobile
ORD0003047,CUST00545,PROD0022,Sports,2024-01-26,2024-01,3,30.09,0,90.27,51.45,0,90.27,51.45,Organic Search,Mobile
ORD0003048,CUST00545,PROD0114,Beauty,2023-07-14,2023-07,3,25.83,0,77.49,31.77,0,77.49,31.77,Organic Search,Mobile
ORD0003049,CUST00545,PROD0136,Accessories,2023-08-26,2023-08,2,78.97,0,157.94,58.44,0,157.94,58.44,Organic Search,Mobile
ORD0003050,CUST00546,PROD0149,Beauty,2024-02-18,2024-02,2,65.53,0,131.06,68.15,0,131.06,68.15,Organic Search,Desktop
ORD0003051,CUST00546,PROD0114,Beauty,2023-10-06,2023-10,1,25.83,0,25.83,10.59,0,25.83,10.59,Organic Search,Desktop
ORD0003052,CUST00546,PROD0139,Home & Living,2024-02-19,2024-02,2,121.16,0,242.32,145.39,1,0.0,0.0,Organic Search,Desktop
ORD0003053,CUST00546,PROD0025,Footwear,2023-04-29,2023-04,1,78.3,0,78.3,25.84,1,0.0,0.0,Organic Search,Desktop
ORD0003054,CUST00546,PROD0091,Beauty,2023-08-03,2023-08,2,39.11,0,78.22,31.29,0,78.22,31.29,Organic Search,Desktop
ORD0003055,CUST00546,PROD0161,Home & Living,2023-09-04,2023-09,2,33.22,0,66.44,39.2,0,66.44,39.2,Organic Search,Desktop
ORD0003056,CUST00546,PROD0020,Clothing,2024-03-03,2024-03,1,35.77,0,35.77,16.45,0,35.77,16.45,Organic Search,Desktop
ORD0003057,CUST00546,PROD0042,Home & Living,2023-05-09,2023-05,3,61.51,0,184.53,51.67,0,184.53,51.67,Organic Search,Desktop
ORD0003058,CUST00546,PROD0023,Clothing,2023-03-15,2023-03,1,85.59,0,85.59,29.96,0,85.59,29.96,Organic Search,Desktop
ORD0003059,CUST00546,PROD0031,Footwear,2024-02-10,2024-02,3,42.93,0,128.79,56.67,0,128.79,56.67,Organic Search,Desktop
ORD0003060,CUST00546,PROD0034,Clothing,2023-09-28,2023-09,3,108.12,0,324.36,129.74,0,324.36,129.74,Organic Search,Desktop
ORD0003061,CUST00547,PROD0012,Sports,2023-01-02,2023-01,3,146.79,0.1,396.33,142.68,0,396.33,142.68,Referral,Mobile
ORD0003062,CUST00547,PROD0163,Beauty,2023-10-07,2023-10,2,20.18,0.1,36.32,17.43,0,36.32,17.43,Referral,Mobile
ORD0003063,CUST00547,PROD0038,Accessories,2023-09-07,2023-09,3,85.41,0.1,230.61,126.84,0,230.61,126.84,Referral,Mobile
ORD0003064,CUST00548,PROD0064,Footwear,2023-08-28,2023-08,1,190.18,0.05,180.67,70.46,0,180.67,70.46,Paid Social,Tablet
ORD0003065,CUST00548,PROD0018,Clothing,2023-01-20,2023-01,3,45.54,0.05,129.79,58.41,0,129.79,58.41,Paid Social,Tablet
ORD0003066,CUST00548,PROD0151,Clothing,2022-10-16,2022-10,2,30.88,0,61.76,27.17,0,61.76,27.17,Paid Social,Tablet
ORD0003067,CUST00549,PROD0039,Beauty,2024-01-09,2024-01,3,69.16,0,207.48,116.19,0,207.48,116.19,Email,Mobile
ORD0003068,CUST00549,PROD0031,Footwear,2022-07-16,2022-07,3,42.93,0.1,115.91,51.0,0,115.91,51.0,Email,Mobile
ORD0003069,CUST00549,PROD0042,Home & Living,2023-05-31,2023-05,3,61.51,0.15,156.85,43.92,0,156.85,43.92,Email,Mobile
ORD0003070,CUST00549,PROD0016,Beauty,2024-02-21,2024-02,2,14.72,0.1,26.5,16.96,0,26.5,16.96,Email,Mobile
ORD0003071,CUST00550,PROD0075,Accessories,2023-03-20,2023-03,3,80.95,0.1,218.57,87.43,0,218.57,87.43,Paid Social,Desktop
ORD0003072,CUST00550,PROD0038,Accessories,2023-12-23,2023-12,1,85.41,0,85.41,46.98,0,85.41,46.98,Paid Social,Desktop
ORD0003073,CUST00550,PROD0167,Footwear,2023-02-23,2023-02,2,62.12,0,124.24,36.03,0,124.24,36.03,Paid Social,Desktop
ORD0003074,CUST00550,PROD0142,Sports,2023-02-10,2023-02,3,114.73,0,344.19,165.21,0,344.19,165.21,Paid Social,Desktop
ORD0003075,CUST00550,PROD0016,Beauty,2022-09-21,2022-09,1,14.72,0,14.72,9.42,0,14.72,9.42,Paid Social,Desktop
ORD0003076,CUST00550,PROD0072,Sports,2023-01-29,2023-01,3,81.55,0.05,232.42,127.83,0,232.42,127.83,Paid Social,Desktop
ORD0003077,CUST00550,PROD0142,Sports,2023-08-13,2023-08,3,114.73,0.05,326.98,156.95,0,326.98,156.95,Paid Social,Desktop
ORD0003078,CUST00550,PROD0085,Accessories,2024-02-07,2024-02,2,53.78,0.05,102.18,49.05,0,102.18,49.05,Paid Social,Desktop
ORD0003079,CUST00551,PROD0109,Sports,2022-07-13,2022-07,3,60.91,0,182.73,56.65,0,182.73,56.65,Referral,Mobile
ORD0003080,CUST00551,PROD0090,Home & Living,2022-04-29,2022-04,2,99.94,0,199.88,125.92,1,0.0,0.0,Referral,Mobile
ORD0003081,CUST00551,PROD0186,Home & Living,2023-03-16,2023-03,3,126.59,0.1,341.79,99.12,0,341.79,99.12,Referral,Mobile
ORD0003082,CUST00551,PROD0021,Beauty,2024-03-17,2024-03,3,65.25,0.1,176.18,109.23,0,176.18,109.23,Referral,Mobile
ORD0003083,CUST00551,PROD0163,Beauty,2023-10-02,2023-10,3,20.18,0,60.54,29.06,0,60.54,29.06,Referral,Mobile
ORD0003084,CUST00551,PROD0021,Beauty,2022-06-19,2022-06,3,65.25,0,195.75,121.36,0,195.75,121.36,Referral,Mobile
ORD0003085,CUST00552,PROD0019,Beauty,2023-05-31,2023-05,3,17.13,0,51.39,22.61,1,0.0,0.0,Paid Social,Mobile
ORD0003086,CUST00552,PROD0086,Clothing,2023-06-29,2023-06,2,82.15,0.05,156.09,88.97,0,156.09,88.97,Paid Social,Mobile
ORD0003087,CUST00552,PROD0095,Accessories,2023-03-08,2023-03,2,33.53,0.05,63.71,36.31,0,63.71,36.31,Paid Social,Mobile
ORD0003088,CUST00552,PROD0099,Home & Living,2023-07-13,2023-07,1,113.39,0.05,107.72,39.86,0,107.72,39.86,Paid Social,Mobile
ORD0003089,CUST00552,PROD0127,Accessories,2023-12-20,2023-12,2,49.21,0.05,93.5,28.98,0,93.5,28.98,Paid Social,Mobile
ORD0003090,CUST00552,PROD0181,Home & Living,2023-12-17,2023-12,1,68.65,0,68.65,39.13,0,68.65,39.13,Paid Social,Mobile
ORD0003091,CUST00552,PROD0028,Sports,2023-01-14,2023-01,1,115.45,0,115.45,56.57,1,0.0,0.0,Paid Social,Mobile
ORD0003092,CUST00552,PROD0125,Sports,2022-08-19,2022-08,2,126.04,0.05,239.48,93.4,0,239.48,93.4,Paid Social,Mobile
ORD0003093,CUST00552,PROD0075,Accessories,2023-05-22,2023-05,2,80.95,0.1,145.71,58.28,0,145.71,58.28,Paid Social,Mobile
ORD0003094,CUST00553,PROD0152,Accessories,2023-08-11,2023-08,1,36.62,0.05,34.79,15.31,1,0.0,0.0,Paid Social,Desktop
ORD0003095,CUST00553,PROD0179,Footwear,2024-01-04,2024-01,3,56.4,0.05,160.74,99.66,0,160.74,99.66,Paid Social,Desktop
ORD0003096,CUST00553,PROD0019,Beauty,2023-11-05,2023-11,1,17.13,0,17.13,7.54,0,17.13,7.54,Paid Social,Desktop
ORD0003097,CUST00553,PROD0065,Accessories,2023-10-08,2023-10,1,54.38,0,54.38,23.38,0,54.38,23.38,Paid Social,Desktop
ORD0003098,CUST00553,PROD0176,Home & Living,2024-02-09,2024-02,1,51.13,0,51.13,14.32,0,51.13,14.32,Paid Social,Desktop
ORD0003099,CUST00553,PROD0130,Home & Living,2023-08-22,2023-08,3,126.57,0.1,341.74,198.21,0,341.74,198.21,Paid Social,Desktop
ORD0003100,CUST00553,PROD0148,Beauty,2024-01-13,2024-01,1,56.54,0.1,50.89,27.99,0,50.89,27.99,Paid Social,Desktop
ORD0003101,CUST00554,PROD0011,Sports,2024-03-02,2024-03,3,85.35,0,256.05,71.69,1,0.0,0.0,Paid Social,Mobile
ORD0003102,CUST00554,PROD0001,Accessories,2022-08-16,2022-08,1,40.31,0,40.31,14.11,0,40.31,14.11,Paid Social,Mobile
ORD0003103,CUST00554,PROD0148,Beauty,2023-06-11,2023-06,3,56.54,0.1,152.66,83.96,0,152.66,83.96,Paid Social,Mobile
ORD0003104,CUST00554,PROD0013,Sports,2023-09-29,2023-09,3,147.02,0,441.06,172.01,1,0.0,0.0,Paid Social,Mobile
ORD0003105,CUST00555,PROD0080,Sports,2023-10-06,2023-10,3,42.1,0,126.3,63.15,0,126.3,63.15,Direct,Desktop
ORD0003106,CUST00555,PROD0020,Clothing,2023-04-27,2023-04,2,35.77,0,71.54,32.91,0,71.54,32.91,Direct,Desktop
ORD0003107,CUST00555,PROD0057,Beauty,2023-06-22,2023-06,1,25.42,0,25.42,12.2,1,0.0,0.0,Direct,Desktop
ORD0003108,CUST00555,PROD0156,Sports,2024-03-09,2024-03,1,96.17,0,96.17,55.78,0,96.17,55.78,Direct,Desktop
ORD0003109,CUST00555,PROD0062,Accessories,2023-05-21,2023-05,3,85.04,0,255.12,107.15,0,255.12,107.15,Direct,Desktop
ORD0003110,CUST00556,PROD0197,Clothing,2023-11-06,2023-11,2,92.45,0.05,175.66,63.24,0,175.66,63.24,Paid Social,Mobile
ORD0003111,CUST00556,PROD0082,Beauty,2023-10-09,2023-10,3,20.0,0.05,57.0,37.05,0,57.0,37.05,Paid Social,Mobile
ORD0003112,CUST00557,PROD0013,Sports,2023-12-10,2023-12,2,147.02,0.05,279.34,108.94,0,279.34,108.94,Paid Social,Mobile
ORD0003113,CUST00557,PROD0076,Clothing,2023-09-26,2023-09,3,54.02,0.1,145.85,45.21,0,145.85,45.21,Paid Social,Mobile
ORD0003114,CUST00557,PROD0006,Accessories,2023-08-18,2023-08,2,25.71,0.1,46.28,21.75,0,46.28,21.75,Paid Social,Mobile
ORD0003115,CUST00557,PROD0062,Accessories,2023-07-16,2023-07,3,85.04,0.05,242.36,101.79,0,242.36,101.79,Paid Social,Mobile
ORD0003116,CUST00557,PROD0055,Sports,2024-02-09,2024-02,1,136.99,0,136.99,39.73,0,136.99,39.73,Paid Social,Mobile
ORD0003117,CUST00558,PROD0068,Accessories,2023-02-07,2023-02,2,58.26,0,116.52,48.94,1,0.0,0.0,Referral,Desktop
ORD0003118,CUST00558,PROD0114,Beauty,2023-06-26,2023-06,2,25.83,0.1,46.49,19.06,0,46.49,19.06,Referral,Desktop
ORD0003119,CUST00558,PROD0195,Accessories,2023-09-13,2023-09,3,33.68,0,101.04,61.63,0,101.04,61.63,Referral,Desktop
ORD0003120,CUST00558,PROD0101,Footwear,2023-10-29,2023-10,1,191.81,0.1,172.63,75.96,0,172.63,75.96,Referral,Desktop
ORD0003121,CUST00558,PROD0164,Accessories,2023-11-12,2023-11,2,18.66,0,37.32,10.82,1,0.0,0.0,Referral,Desktop
ORD0003122,CUST00558,PROD0027,Footwear,2022-10-17,2022-10,3,147.27,0.1,397.63,222.67,1,0.0,0.0,Referral,Desktop
ORD0003123,CUST00558,PROD0072,Sports,2023-02-15,2023-02,1,81.55,0,81.55,44.85,0,81.55,44.85,Referral,Desktop
ORD0003124,CUST00558,PROD0060,Footwear,2022-12-14,2022-12,3,104.31,0,312.93,90.75,0,312.93,90.75,Referral,Desktop
ORD0003125,CUST00558,PROD0082,Beauty,2023-11-11,2023-11,2,20.0,0,40.0,26.0,0,40.0,26.0,Referral,Desktop
ORD0003126,CUST00558,PROD0002,Clothing,2023-01-02,2023-01,1,48.81,0,48.81,30.75,0,48.81,30.75,Referral,Desktop
ORD0003127,CUST00558,PROD0065,Accessories,2023-03-08,2023-03,3,54.38,0,163.14,70.15,0,163.14,70.15,Referral,Desktop
ORD0003128,CUST00558,PROD0015,Footwear,2023-09-20,2023-09,3,131.63,0,394.89,161.9,0,394.89,161.9,Referral,Desktop
ORD0003129,CUST00558,PROD0113,Home & Living,2023-04-29,2023-04,1,30.82,0,30.82,16.33,0,30.82,16.33,Referral,Desktop
ORD0003130,CUST00558,PROD0005,Footwear,2023-03-04,2023-03,1,121.17,0,121.17,70.28,0,121.17,70.28,Referral,Desktop
ORD0003131,CUST00558,PROD0078,Accessories,2023-01-05,2023-01,3,83.84,0.1,226.37,135.82,0,226.37,135.82,Referral,Desktop
ORD0003132,CUST00559,PROD0061,Home & Living,2023-06-05,2023-06,1,136.85,0.05,130.01,48.1,0,130.01,48.1,Paid Social,Desktop
ORD0003133,CUST00559,PROD0135,Beauty,2023-09-08,2023-09,3,31.76,0.05,90.52,56.12,0,90.52,56.12,Paid Social,Desktop
ORD0003134,CUST00559,PROD0144,Beauty,2023-09-18,2023-09,1,34.94,0,34.94,19.22,1,0.0,0.0,Paid Social,Desktop
ORD0003135,CUST00559,PROD0183,Clothing,2023-12-29,2023-12,3,78.37,0,235.11,141.07,1,0.0,0.0,Paid Social,Desktop
ORD0003136,CUST00559,PROD0196,Sports,2023-05-28,2023-05,2,92.93,0,185.86,115.23,0,185.86,115.23,Paid Social,Desktop
ORD0003137,CUST00560,PROD0195,Accessories,2023-03-13,2023-03,3,33.68,0,101.04,61.63,0,101.04,61.63,Direct,Mobile
ORD0003138,CUST00560,PROD0119,Beauty,2023-03-30,2023-03,1,20.14,0,20.14,7.25,0,20.14,7.25,Direct,Mobile
ORD0003139,CUST00560,PROD0172,Beauty,2023-05-12,2023-05,3,19.11,0,57.33,24.65,0,57.33,24.65,Direct,Mobile
ORD0003140,CUST00560,PROD0031,Footwear,2024-01-25,2024-01,3,42.93,0,128.79,56.67,1,0.0,0.0,Direct,Mobile
ORD0003141,CUST00560,PROD0146,Accessories,2023-02-12,2023-02,3,80.98,0,242.94,85.03,0,242.94,85.03,Direct,Mobile
ORD0003142,CUST00560,PROD0152,Accessories,2024-03-26,2024-03,3,36.62,0,109.86,48.34,0,109.86,48.34,Direct,Mobile
ORD0003143,CUST00560,PROD0093,Footwear,2023-02-13,2023-02,3,85.42,0,256.26,146.07,0,256.26,146.07,Direct,Mobile
ORD0003144,CUST00560,PROD0021,Beauty,2023-09-19,2023-09,2,65.25,0,130.5,80.91,0,130.5,80.91,Direct,Mobile
ORD0003145,CUST00561,PROD0184,Sports,2023-10-06,2023-10,2,135.08,0,270.16,72.94,0,270.16,72.94,Organic Search,Desktop
ORD0003146,CUST00561,PROD0113,Home & Living,2023-09-06,2023-09,3,30.82,0,92.46,49.0,1,0.0,0.0,Organic Search,Desktop
ORD0003147,CUST00562,PROD0174,Clothing,2023-12-15,2023-12,3,69.83,0,209.49,54.47,0,209.49,54.47,Organic Search,Desktop
ORD0003148,CUST00562,PROD0140,Home & Living,2023-07-21,2023-07,3,34.26,0,102.78,56.53,0,102.78,56.53,Organic Search,Desktop
ORD0003149,CUST00562,PROD0040,Beauty,2024-03-27,2024-03,2,42.24,0,84.48,34.64,1,0.0,0.0,Organic Search,Desktop
ORD0003150,CUST00562,PROD0158,Home & Living,2023-08-21,2023-08,3,50.83,0,152.49,71.67,0,152.49,71.67,Organic Search,Desktop
ORD0003151,CUST00562,PROD0065,Accessories,2024-02-03,2024-02,1,54.38,0,54.38,23.38,0,54.38,23.38,Organic Search,Desktop
ORD0003152,CUST00562,PROD0030,Beauty,2023-09-21,2023-09,3,30.52,0,91.56,32.96,1,0.0,0.0,Organic Search,Desktop
ORD0003153,CUST00562,PROD0136,Accessories,2023-08-17,2023-08,3,78.97,0,236.91,87.66,0,236.91,87.66,Organic Search,Desktop
ORD0003154,CUST00562,PROD0150,Beauty,2024-02-15,2024-02,2,24.66,0,49.32,24.17,0,49.32,24.17,Organic Search,Desktop
ORD0003155,CUST00562,PROD0169,Accessories,2023-12-28,2023-12,3,66.47,0,199.41,101.7,0,199.41,101.7,Organic Search,Desktop
ORD0003156,CUST00563,PROD0164,Accessories,2022-03-24,2022-03,2,18.66,0,37.32,10.82,0,37.32,10.82,Organic Search,Mobile
ORD0003157,CUST00563,PROD0120,Home & Living,2022-10-03,2022-10,1,118.52,0,118.52,36.74,0,118.52,36.74,Organic Search,Mobile
ORD0003158,CUST00564,PROD0021,Beauty,2022-11-14,2022-11,1,65.25,0,65.25,40.45,0,65.25,40.45,Paid Social,Mobile
ORD0003159,CUST00564,PROD0099,Home & Living,2023-10-05,2023-10,1,113.39,0.1,102.05,37.76,0,102.05,37.76,Paid Social,Mobile
ORD0003160,CUST00564,PROD0025,Footwear,2022-12-13,2022-12,1,78.3,0.05,74.38,24.55,0,74.38,24.55,Paid Social,Mobile
ORD0003161,CUST00564,PROD0194,Accessories,2024-01-07,2024-01,2,80.84,0.05,153.6,78.34,0,153.6,78.34,Paid Social,Mobile
ORD0003162,CUST00564,PROD0135,Beauty,2022-10-03,2022-10,1,31.76,0,31.76,19.69,1,0.0,0.0,Paid Social,Mobile
ORD0003163,CUST00564,PROD0099,Home & Living,2023-07-14,2023-07,3,113.39,0,340.17,125.86,0,340.17,125.86,Paid Social,Mobile
ORD0003164,CUST00564,PROD0180,Sports,2022-06-20,2022-06,3,57.83,0.05,164.82,92.3,0,164.82,92.3,Paid Social,Mobile
ORD0003165,CUST00564,PROD0083,Clothing,2023-04-12,2023-04,1,25.2,0.05,23.94,12.93,1,0.0,0.0,Paid Social,Mobile
ORD0003166,CUST00564,PROD0083,Clothing,2023-07-03,2023-07,1,25.2,0.05,23.94,12.93,0,23.94,12.93,Paid Social,Mobile
ORD0003167,CUST00565,PROD0147,Home & Living,2023-10-15,2023-10,3,133.32,0,399.96,183.98,0,399.96,183.98,Influencer,Desktop
ORD0003168,CUST00565,PROD0081,Home & Living,2024-03-31,2024-03,2,97.71,0,195.42,50.81,1,0.0,0.0,Influencer,Desktop
ORD0003169,CUST00565,PROD0107,Clothing,2023-11-01,2023-11,1,91.09,0,91.09,56.48,0,91.09,56.48,Influencer,Desktop
ORD0003170,CUST00565,PROD0174,Clothing,2023-12-17,2023-12,3,69.83,0,209.49,54.47,0,209.49,54.47,Influencer,Desktop
ORD0003171,CUST00566,PROD0006,Accessories,2023-02-28,2023-02,1,25.71,0,25.71,12.08,0,25.71,12.08,Organic Search,Mobile
ORD0003172,CUST00566,PROD0154,Sports,2023-12-03,2023-12,1,137.38,0,137.38,37.09,0,137.38,37.09,Organic Search,Mobile
ORD0003173,CUST00566,PROD0094,Home & Living,2023-04-19,2023-04,3,56.47,0,169.41,106.73,1,0.0,0.0,Organic Search,Mobile
ORD0003174,CUST00566,PROD0047,Footwear,2023-09-27,2023-09,1,144.43,0,144.43,56.33,0,144.43,56.33,Organic Search,Mobile
ORD0003175,CUST00566,PROD0155,Beauty,2024-01-08,2024-01,1,35.29,0,35.29,14.47,0,35.29,14.47,Organic Search,Mobile
ORD0003176,CUST00566,PROD0001,Accessories,2023-11-24,2023-11,3,40.31,0,120.93,42.33,1,0.0,0.0,Organic Search,Mobile
ORD0003177,CUST00566,PROD0106,Footwear,2023-06-18,2023-06,2,188.1,0,376.2,161.77,1,0.0,0.0,Organic Search,Mobile
ORD0003178,CUST00567,PROD0143,Beauty,2024-02-23,2024-02,1,15.9,0,15.9,10.18,0,15.9,10.18,Organic Search,Mobile
ORD0003179,CUST00567,PROD0051,Footwear,2023-12-30,2023-12,2,119.28,0,238.56,135.98,0,238.56,135.98,Organic Search,Mobile
ORD0003180,CUST00567,PROD0019,Beauty,2024-03-30,2024-03,3,17.13,0,51.39,22.61,1,0.0,0.0,Organic Search,Mobile
ORD0003181,CUST00567,PROD0093,Footwear,2024-02-15,2024-02,3,85.42,0,256.26,146.07,0,256.26,146.07,Organic Search,Mobile
ORD0003182,CUST00567,PROD0135,Beauty,2023-11-29,2023-11,3,31.76,0,95.28,59.07,0,95.28,59.07,Organic Search,Mobile
ORD0003183,CUST00567,PROD0144,Beauty,2024-02-16,2024-02,1,34.94,0,34.94,19.22,0,34.94,19.22,Organic Search,Mobile
ORD0003184,CUST00567,PROD0100,Clothing,2023-10-22,2023-10,2,80.73,0,161.46,72.66,0,161.46,72.66,Organic Search,Mobile
ORD0003185,CUST00567,PROD0085,Accessories,2023-11-23,2023-11,1,53.78,0,53.78,25.81,0,53.78,25.81,Organic Search,Mobile
ORD0003186,CUST00567,PROD0175,Footwear,2023-10-26,2023-10,2,69.53,0,139.06,41.72,1,0.0,0.0,Organic Search,Mobile
ORD0003187,CUST00567,PROD0165,Footwear,2023-10-23,2023-10,2,116.35,0,232.7,148.93,0,232.7,148.93,Organic Search,Mobile
ORD0003188,CUST00567,PROD0069,Beauty,2023-09-29,2023-09,2,52.71,0,105.42,63.25,0,105.42,63.25,Organic Search,Mobile
ORD0003189,CUST00568,PROD0167,Footwear,2023-06-17,2023-06,3,62.12,0.1,167.72,48.64,0,167.72,48.64,Email,Desktop
ORD0003190,CUST00568,PROD0049,Home & Living,2023-10-29,2023-10,1,60.55,0,60.55,23.61,1,0.0,0.0,Email,Desktop
ORD0003191,CUST00568,PROD0082,Beauty,2023-05-06,2023-05,2,20.0,0,40.0,26.0,0,40.0,26.0,Email,Desktop
ORD0003192,CUST00569,PROD0057,Beauty,2022-07-05,2022-07,1,25.42,0.1,22.88,10.98,1,0.0,0.0,Referral,Mobile
ORD0003193,CUST00570,PROD0020,Clothing,2023-12-09,2023-12,2,35.77,0,71.54,32.91,0,71.54,32.91,Organic Search,Tablet
ORD0003194,CUST00570,PROD0021,Beauty,2023-03-06,2023-03,2,65.25,0,130.5,80.91,1,0.0,0.0,Organic Search,Tablet
ORD0003195,CUST00570,PROD0022,Sports,2023-11-02,2023-11,1,30.09,0,30.09,17.15,0,30.09,17.15,Organic Search,Tablet
ORD0003196,CUST00570,PROD0163,Beauty,2023-06-19,2023-06,2,20.18,0,40.36,19.37,0,40.36,19.37,Organic Search,Tablet
ORD0003197,CUST00570,PROD0134,Accessories,2023-09-15,2023-09,3,24.1,0,72.3,40.49,0,72.3,40.49,Organic Search,Tablet
ORD0003198,CUST00570,PROD0014,Beauty,2023-07-19,2023-07,1,56.06,0,56.06,35.32,0,56.06,35.32,Organic Search,Tablet
ORD0003199,CUST00570,PROD0169,Accessories,2023-03-23,2023-03,3,66.47,0,199.41,101.7,0,199.41,101.7,Organic Search,Tablet
ORD0003200,CUST00571,PROD0037,Clothing,2023-06-12,2023-06,1,99.72,0,99.72,37.89,1,0.0,0.0,Organic Search,Mobile
ORD0003201,CUST00571,PROD0053,Footwear,2023-09-05,2023-09,1,46.14,0,46.14,25.84,0,46.14,25.84,Organic Search,Mobile
ORD0003202,CUST00571,PROD0144,Beauty,2023-05-19,2023-05,2,34.94,0,69.88,38.43,0,69.88,38.43,Organic Search,Mobile
ORD0003203,CUST00571,PROD0112,Home & Living,2023-06-13,2023-06,2,48.0,0,96.0,54.72,0,96.0,54.72,Organic Search,Mobile
ORD0003204,CUST00571,PROD0166,Clothing,2023-02-13,2023-02,3,87.15,0,261.45,162.1,0,261.45,162.1,Organic Search,Mobile
ORD0003205,CUST00571,PROD0075,Accessories,2023-05-22,2023-05,2,80.95,0,161.9,64.76,0,161.9,64.76,Organic Search,Mobile
ORD0003206,CUST00572,PROD0128,Clothing,2023-06-29,2023-06,1,28.95,0,28.95,12.16,0,28.95,12.16,Organic Search,Mobile
ORD0003207,CUST00572,PROD0071,Beauty,2023-07-29,2023-07,1,65.25,0,65.25,39.8,0,65.25,39.8,Organic Search,Mobile
ORD0003208,CUST00572,PROD0002,Clothing,2022-11-19,2022-11,1,48.81,0,48.81,30.75,0,48.81,30.75,Organic Search,Mobile
ORD0003209,CUST00573,PROD0118,Clothing,2024-02-11,2024-02,1,33.04,0.1,29.74,14.28,0,29.74,14.28,Email,Desktop
ORD0003210,CUST00573,PROD0002,Clothing,2024-03-12,2024-03,3,48.81,0,146.43,92.25,1,0.0,0.0,Email,Desktop
ORD0003211,CUST00573,PROD0155,Beauty,2024-01-22,2024-01,1,35.29,0,35.29,14.47,0,35.29,14.47,Email,Desktop
ORD0003212,CUST00573,PROD0071,Beauty,2023-06-27,2023-06,3,65.25,0.1,176.18,107.47,0,176.18,107.47,Email,Desktop
ORD0003213,CUST00574,PROD0043,Footwear,2024-03-18,2024-03,1,62.01,0.2,49.61,30.76,0,49.61,30.76,Email,Tablet
ORD0003214,CUST00574,PROD0032,Home & Living,2023-10-31,2023-10,1,43.05,0,43.05,12.48,0,43.05,12.48,Email,Tablet
ORD0003215,CUST00574,PROD0110,Footwear,2022-03-03,2022-03,1,106.03,0.1,95.43,51.53,0,95.43,51.53,Email,Tablet
ORD0003216,CUST00574,PROD0095,Accessories,2024-03-13,2024-03,3,33.53,0.15,85.5,48.73,0,85.5,48.73,Email,Tablet
ORD0003217,CUST00574,PROD0197,Clothing,2024-01-23,2024-01,1,92.45,0,92.45,33.28,0,92.45,33.28,Email,Tablet
ORD0003218,CUST00574,PROD0134,Accessories,2022-08-21,2022-08,3,24.1,0,72.3,40.49,0,72.3,40.49,Email,Tablet
ORD0003219,CUST00574,PROD0046,Sports,2023-11-11,2023-11,1,44.39,0.1,39.95,21.17,0,39.95,21.17,Email,Tablet
ORD0003220,CUST00574,PROD0047,Footwear,2022-04-29,2022-04,2,144.43,0.1,259.97,101.39,1,0.0,0.0,Email,Tablet
ORD0003221,CUST00575,PROD0106,Footwear,2023-03-09,2023-03,1,188.1,0,188.1,80.88,0,188.1,80.88,Referral,Desktop
ORD0003222,CUST00575,PROD0130,Home & Living,2023-06-29,2023-06,2,126.57,0,253.14,146.82,0,253.14,146.82,Referral,Desktop
ORD0003223,CUST00575,PROD0141,Beauty,2023-09-19,2023-09,3,60.76,0.1,164.05,55.78,0,164.05,55.78,Referral,Desktop
ORD0003224,CUST00575,PROD0047,Footwear,2024-03-04,2024-03,2,144.43,0.1,259.97,101.39,0,259.97,101.39,Referral,Desktop
ORD0003225,CUST00575,PROD0050,Home & Living,2023-06-15,2023-06,1,120.87,0,120.87,32.63,1,0.0,0.0,Referral,Desktop
ORD0003226,CUST00575,PROD0199,Sports,2023-11-25,2023-11,1,40.52,0,40.52,12.97,1,0.0,0.0,Referral,Desktop
ORD0003227,CUST00576,PROD0075,Accessories,2023-09-24,2023-09,3,80.95,0,242.85,97.14,0,242.85,97.14,Influencer,Mobile
ORD0003228,CUST00576,PROD0088,Accessories,2024-03-02,2024-03,3,42.05,0,126.15,46.68,0,126.15,46.68,Influencer,Mobile
ORD0003229,CUST00576,PROD0017,Home & Living,2024-01-21,2024-01,3,31.84,0,95.52,37.25,0,95.52,37.25,Influencer,Mobile
ORD0003230,CUST00576,PROD0022,Sports,2023-07-22,2023-07,1,30.09,0,30.09,17.15,0,30.09,17.15,Influencer,Mobile
ORD0003231,CUST00576,PROD0149,Beauty,2023-08-26,2023-08,3,65.53,0,196.59,102.23,0,196.59,102.23,Influencer,Mobile
ORD0003232,CUST00576,PROD0183,Clothing,2023-11-20,2023-11,1,78.37,0,78.37,47.02,0,78.37,47.02,Influencer,Mobile
ORD0003233,CUST00576,PROD0196,Sports,2023-11-23,2023-11,2,92.93,0,185.86,115.23,0,185.86,115.23,Influencer,Mobile
ORD0003234,CUST00576,PROD0127,Accessories,2024-01-08,2024-01,3,49.21,0,147.63,45.77,0,147.63,45.77,Influencer,Mobile
ORD0003235,CUST00576,PROD0091,Beauty,2023-11-05,2023-11,2,39.11,0,78.22,31.29,0,78.22,31.29,Influencer,Mobile
ORD0003236,CUST00576,PROD0145,Clothing,2023-09-27,2023-09,1,70.32,0,70.32,42.19,1,0.0,0.0,Influencer,Mobile
ORD0003237,CUST00576,PROD0183,Clothing,2023-08-27,2023-08,1,78.37,0,78.37,47.02,1,0.0,0.0,Influencer,Mobile
ORD0003238,CUST00576,PROD0014,Beauty,2023-09-20,2023-09,1,56.06,0,56.06,35.32,0,56.06,35.32,Influencer,Mobile
ORD0003239,CUST00576,PROD0200,Footwear,2024-01-15,2024-01,1,43.07,0,43.07,24.55,0,43.07,24.55,Influencer,Mobile
ORD0003240,CUST00576,PROD0134,Accessories,2023-10-21,2023-10,2,24.1,0,48.2,26.99,0,48.2,26.99,Influencer,Mobile
ORD0003241,CUST00577,PROD0163,Beauty,2024-03-08,2024-03,3,20.18,0.15,51.46,24.7,0,51.46,24.7,Email,Desktop
ORD0003242,CUST00577,PROD0162,Home & Living,2024-03-10,2024-03,1,81.32,0.15,69.12,30.41,1,0.0,0.0,Email,Desktop
ORD0003243,CUST00577,PROD0186,Home & Living,2023-09-01,2023-09,2,126.59,0.15,215.2,62.41,0,215.2,62.41,Email,Desktop
ORD0003244,CUST00577,PROD0150,Beauty,2024-02-21,2024-02,3,24.66,0.2,59.18,29.0,0,59.18,29.0,Email,Desktop
ORD0003245,CUST00577,PROD0108,Accessories,2023-09-09,2023-09,1,82.14,0,82.14,24.64,1,0.0,0.0,Email,Desktop
ORD0003246,CUST00577,PROD0172,Beauty,2023-06-14,2023-06,3,19.11,0.1,51.6,22.19,1,0.0,0.0,Email,Desktop
ORD0003247,CUST00578,PROD0117,Accessories,2023-07-30,2023-07,2,65.2,0.2,104.32,30.25,0,104.32,30.25,Email,Desktop
ORD0003248,CUST00578,PROD0136,Accessories,2023-04-28,2023-04,3,78.97,0.1,213.22,78.89,1,0.0,0.0,Email,Desktop
ORD0003249,CUST00578,PROD0130,Home & Living,2024-03-04,2024-03,1,126.57,0.2,101.26,58.73,0,101.26,58.73,Email,Desktop
ORD0003250,CUST00578,PROD0155,Beauty,2024-01-21,2024-01,3,35.29,0,105.87,43.41,0,105.87,43.41,Email,Desktop
ORD0003251,CUST00578,PROD0172,Beauty,2022-08-27,2022-08,2,19.11,0.15,32.49,13.97,1,0.0,0.0,Email,Desktop
ORD0003252,CUST00578,PROD0118,Clothing,2023-03-15,2023-03,1,33.04,0.15,28.08,13.48,0,28.08,13.48,Email,Desktop
ORD0003253,CUST00578,PROD0048,Home & Living,2023-03-13,2023-03,1,96.14,0,96.14,60.57,0,96.14,60.57,Email,Desktop
ORD0003254,CUST00578,PROD0136,Accessories,2023-01-29,2023-01,1,78.97,0.1,71.07,26.3,0,71.07,26.3,Email,Desktop
ORD0003255,CUST00578,PROD0153,Accessories,2024-01-18,2024-01,2,85.5,0,171.0,95.76,1,0.0,0.0,Email,Desktop
ORD0003256,CUST00578,PROD0196,Sports,2022-05-26,2022-05,3,92.93,0,278.79,172.85,0,278.79,172.85,Email,Desktop
ORD0003257,CUST00578,PROD0035,Beauty,2022-07-26,2022-07,3,43.82,0.2,105.17,61.0,1,0.0,0.0,Email,Desktop
ORD0003258,CUST00578,PROD0075,Accessories,2022-09-20,2022-09,3,80.95,0,242.85,97.14,0,242.85,97.14,Email,Desktop
ORD0003259,CUST00578,PROD0035,Beauty,2022-02-28,2022-02,2,43.82,0.1,78.88,45.75,0,78.88,45.75,Email,Desktop
ORD0003260,CUST00578,PROD0065,Accessories,2022-06-24,2022-06,3,54.38,0.1,146.83,63.14,1,0.0,0.0,Email,Desktop
ORD0003261,CUST00578,PROD0182,Accessories,2023-04-17,2023-04,1,22.63,0,22.63,8.6,0,22.63,8.6,Email,Desktop
ORD0003262,CUST00579,PROD0035,Beauty,2023-02-02,2023-02,3,43.82,0,131.46,76.25,0,131.46,76.25,Direct,Desktop
ORD0003263,CUST00579,PROD0065,Accessories,2023-08-07,2023-08,1,54.38,0,54.38,23.38,0,54.38,23.38,Direct,Desktop
ORD0003264,CUST00579,PROD0196,Sports,2023-11-27,2023-11,3,92.93,0,278.79,172.85,0,278.79,172.85,Direct,Desktop
ORD0003265,CUST00579,PROD0148,Beauty,2023-11-30,2023-11,3,56.54,0,169.62,93.29,0,169.62,93.29,Direct,Desktop
ORD0003266,CUST00579,PROD0150,Beauty,2023-10-25,2023-10,1,24.66,0,24.66,12.08,0,24.66,12.08,Direct,Desktop
ORD0003267,CUST00579,PROD0029,Accessories,2023-08-01,2023-08,2,59.38,0,118.76,71.26,0,118.76,71.26,Direct,Desktop
ORD0003268,CUST00580,PROD0159,Beauty,2024-03-14,2024-03,1,20.79,0,20.79,6.44,0,20.79,6.44,Paid Social,Desktop
ORD0003269,CUST00580,PROD0193,Sports,2024-03-14,2024-03,3,95.75,0.1,258.53,82.73,0,258.53,82.73,Paid Social,Desktop
ORD0003270,CUST00580,PROD0079,Footwear,2024-03-14,2024-03,1,67.68,0,67.68,28.43,0,67.68,28.43,Paid Social,Desktop
ORD0003271,CUST00580,PROD0080,Sports,2023-04-29,2023-04,2,42.1,0,84.2,42.1,0,84.2,42.1,Paid Social,Desktop
ORD0003272,CUST00580,PROD0005,Footwear,2022-10-16,2022-10,1,121.17,0,121.17,70.28,0,121.17,70.28,Paid Social,Desktop
ORD0003273,CUST00581,PROD0160,Accessories,2023-06-01,2023-06,2,31.12,0.1,56.02,31.37,0,56.02,31.37,Email,Mobile
ORD0003274,CUST00581,PROD0031,Footwear,2024-01-07,2024-01,3,42.93,0.15,109.47,48.17,0,109.47,48.17,Email,Mobile
ORD0003275,CUST00581,PROD0031,Footwear,2023-10-23,2023-10,2,42.93,0,85.86,37.78,0,85.86,37.78,Email,Mobile
ORD0003276,CUST00581,PROD0039,Beauty,2023-08-11,2023-08,1,69.16,0.2,55.33,30.98,1,0.0,0.0,Email,Mobile
ORD0003277,CUST00581,PROD0054,Sports,2024-03-20,2024-03,3,142.4,0,427.2,213.6,0,427.2,213.6,Email,Mobile
ORD0003278,CUST00581,PROD0182,Accessories,2023-10-28,2023-10,2,22.63,0,45.26,17.2,0,45.26,17.2,Email,Mobile
ORD0003279,CUST00581,PROD0161,Home & Living,2023-11-03,2023-11,1,33.22,0,33.22,19.6,0,33.22,19.6,Email,Mobile
ORD0003280,CUST00581,PROD0120,Home & Living,2023-08-20,2023-08,2,118.52,0.1,213.34,66.14,0,213.34,66.14,Email,Mobile
ORD0003281,CUST00582,PROD0004,Accessories,2022-11-12,2022-11,1,19.48,0,19.48,12.27,0,19.48,12.27,Organic Search,Mobile
ORD0003282,CUST00582,PROD0200,Footwear,2023-10-31,2023-10,2,43.07,0,86.14,49.1,0,86.14,49.1,Organic Search,Mobile
ORD0003283,CUST00582,PROD0116,Footwear,2023-10-01,2023-10,2,141.52,0,283.04,124.54,0,283.04,124.54,Organic Search,Mobile
ORD0003284,CUST00582,PROD0171,Clothing,2023-06-17,2023-06,1,49.46,0,49.46,12.37,0,49.46,12.37,Organic Search,Mobile
ORD0003285,CUST00582,PROD0145,Clothing,2022-09-10,2022-09,2,70.32,0,140.64,84.38,0,140.64,84.38,Organic Search,Mobile
ORD0003286,CUST00582,PROD0050,Home & Living,2023-08-10,2023-08,2,120.87,0,241.74,65.27,0,241.74,65.27,Organic Search,Mobile
ORD0003287,CUST00583,PROD0133,Clothing,2022-12-22,2022-12,2,70.11,0,140.22,79.93,0,140.22,79.93,Influencer,Tablet
ORD0003288,CUST00583,PROD0187,Clothing,2023-04-02,2023-04,2,104.59,0,209.18,92.04,0,209.18,92.04,Influencer,Tablet
ORD0003289,CUST00583,PROD0114,Beauty,2023-02-28,2023-02,2,25.83,0,51.66,21.18,0,51.66,21.18,Influencer,Tablet
ORD0003290,CUST00583,PROD0087,Home & Living,2024-02-05,2024-02,3,45.63,0,136.89,79.4,1,0.0,0.0,Influencer,Tablet
ORD0003291,CUST00584,PROD0183,Clothing,2023-06-15,2023-06,3,78.37,0.1,211.6,126.96,0,211.6,126.96,Email,Desktop
ORD0003292,CUST00584,PROD0095,Accessories,2023-05-01,2023-05,3,33.53,0.2,80.47,45.87,0,80.47,45.87,Email,Desktop
ORD0003293,CUST00584,PROD0130,Home & Living,2023-08-25,2023-08,2,126.57,0,253.14,146.82,0,253.14,146.82,Email,Desktop
ORD0003294,CUST00584,PROD0181,Home & Living,2023-07-29,2023-07,2,68.65,0,137.3,78.26,0,137.3,78.26,Email,Desktop
ORD0003295,CUST00584,PROD0153,Accessories,2023-08-21,2023-08,1,85.5,0,85.5,47.88,1,0.0,0.0,Email,Desktop
ORD0003296,CUST00585,PROD0044,Footwear,2023-01-10,2023-01,3,185.76,0,557.28,273.07,1,0.0,0.0,Referral,Desktop
ORD0003297,CUST00585,PROD0096,Sports,2023-07-31,2023-07,1,59.98,0.1,53.98,34.55,0,53.98,34.55,Referral,Desktop
ORD0003298,CUST00585,PROD0118,Clothing,2023-08-31,2023-08,2,33.04,0,66.08,31.72,0,66.08,31.72,Referral,Desktop
ORD0003299,CUST00585,PROD0152,Accessories,2022-10-23,2022-10,3,36.62,0,109.86,48.34,0,109.86,48.34,Referral,Desktop
ORD0003300,CUST00585,PROD0159,Beauty,2024-02-24,2024-02,3,20.79,0.1,56.13,17.4,0,56.13,17.4,Referral,Desktop
ORD0003301,CUST00586,PROD0082,Beauty,2023-08-15,2023-08,3,20.0,0,60.0,39.0,0,60.0,39.0,Paid Social,Desktop
ORD0003302,CUST00586,PROD0157,Sports,2023-07-11,2023-07,2,101.12,0,202.24,84.94,0,202.24,84.94,Paid Social,Desktop
ORD0003303,CUST00586,PROD0074,Beauty,2024-03-15,2024-03,1,52.12,0.1,46.91,12.2,0,46.91,12.2,Paid Social,Desktop
ORD0003304,CUST00586,PROD0168,Clothing,2024-01-23,2024-01,3,45.57,0.1,123.04,51.68,0,123.04,51.68,Paid Social,Desktop
ORD0003305,CUST00586,PROD0082,Beauty,2023-12-13,2023-12,1,20.0,0.1,18.0,11.7,1,0.0,0.0,Paid Social,Desktop
ORD0003306,CUST00587,PROD0119,Beauty,2023-08-04,2023-08,1,20.14,0,20.14,7.25,1,0.0,0.0,Organic Search,Desktop
ORD0003307,CUST00587,PROD0153,Accessories,2023-11-29,2023-11,1,85.5,0,85.5,47.88,0,85.5,47.88,Organic Search,Desktop
ORD0003308,CUST00587,PROD0186,Home & Living,2023-09-04,2023-09,3,126.59,0,379.77,110.13,0,379.77,110.13,Organic Search,Desktop
ORD0003309,CUST00587,PROD0171,Clothing,2023-11-23,2023-11,3,49.46,0,148.38,37.09,0,148.38,37.09,Organic Search,Desktop
ORD0003310,CUST00587,PROD0186,Home & Living,2023-04-13,2023-04,3,126.59,0,379.77,110.13,1,0.0,0.0,Organic Search,Desktop
ORD0003311,CUST00587,PROD0078,Accessories,2023-12-31,2023-12,1,83.84,0,83.84,50.3,1,0.0,0.0,Organic Search,Desktop
ORD0003312,CUST00587,PROD0143,Beauty,2023-12-22,2023-12,1,15.9,0,15.9,10.18,0,15.9,10.18,Organic Search,Desktop
ORD0003313,CUST00588,PROD0053,Footwear,2023-09-28,2023-09,3,46.14,0.1,124.58,69.76,0,124.58,69.76,Paid Social,Tablet
ORD0003314,CUST00588,PROD0130,Home & Living,2024-03-12,2024-03,3,126.57,0.1,341.74,198.21,0,341.74,198.21,Paid Social,Tablet
ORD0003315,CUST00588,PROD0192,Sports,2023-03-08,2023-03,3,82.92,0.05,236.32,122.89,1,0.0,0.0,Paid Social,Tablet
ORD0003316,CUST00588,PROD0026,Footwear,2022-09-10,2022-09,3,66.28,0,198.84,51.7,0,198.84,51.7,Paid Social,Tablet
ORD0003317,CUST00589,PROD0155,Beauty,2023-10-24,2023-10,3,35.29,0.05,100.58,41.24,0,100.58,41.24,Paid Social,Desktop
ORD0003318,CUST00589,PROD0162,Home & Living,2024-01-26,2024-01,1,81.32,0,81.32,35.78,0,81.32,35.78,Paid Social,Desktop
ORD0003319,CUST00589,PROD0031,Footwear,2024-01-09,2024-01,3,42.93,0.1,115.91,51.0,0,115.91,51.0,Paid Social,Desktop
ORD0003320,CUST00590,PROD0094,Home & Living,2024-03-23,2024-03,3,56.47,0.2,135.53,85.38,0,135.53,85.38,Email,Desktop
ORD0003321,CUST00590,PROD0170,Beauty,2023-10-24,2023-10,2,69.97,0.1,125.95,80.61,0,125.95,80.61,Email,Desktop
ORD0003322,CUST00591,PROD0171,Clothing,2024-02-15,2024-02,2,49.46,0,98.92,24.73,0,98.92,24.73,Email,Mobile
ORD0003323,CUST00591,PROD0016,Beauty,2023-04-27,2023-04,3,14.72,0.1,39.74,25.43,0,39.74,25.43,Email,Mobile
ORD0003324,CUST00591,PROD0035,Beauty,2023-05-17,2023-05,2,43.82,0.1,78.88,45.75,0,78.88,45.75,Email,Mobile
ORD0003325,CUST00591,PROD0014,Beauty,2022-02-20,2022-02,1,56.06,0.1,50.45,31.78,0,50.45,31.78,Email,Mobile
ORD0003326,CUST00591,PROD0077,Footwear,2024-01-31,2024-01,2,66.48,0.1,119.66,53.85,0,119.66,53.85,Email,Mobile
ORD0003327,CUST00591,PROD0020,Clothing,2022-08-17,2022-08,3,35.77,0.2,85.85,39.49,0,85.85,39.49,Email,Mobile
ORD0003328,CUST00591,PROD0033,Sports,2022-05-14,2022-05,3,54.48,0,163.44,45.76,1,0.0,0.0,Email,Mobile
ORD0003329,CUST00592,PROD0159,Beauty,2023-03-04,2023-03,1,20.79,0.05,19.75,6.12,0,19.75,6.12,Paid Social,Mobile
ORD0003330,CUST00592,PROD0106,Footwear,2023-07-27,2023-07,2,188.1,0.05,357.39,153.68,0,357.39,153.68,Paid Social,Mobile
ORD0003331,CUST00592,PROD0131,Beauty,2023-05-03,2023-05,2,36.76,0,73.52,25.73,0,73.52,25.73,Paid Social,Mobile
ORD0003332,CUST00593,PROD0198,Sports,2023-02-19,2023-02,2,59.63,0.1,107.33,45.08,1,0.0,0.0,Paid Social,Mobile
ORD0003333,CUST00593,PROD0066,Footwear,2023-05-27,2023-05,2,151.36,0.1,272.45,79.01,0,272.45,79.01,Paid Social,Mobile
ORD0003334,CUST00593,PROD0083,Clothing,2022-12-17,2022-12,3,25.2,0,75.6,40.82,1,0.0,0.0,Paid Social,Mobile
ORD0003335,CUST00593,PROD0152,Accessories,2023-04-12,2023-04,3,36.62,0,109.86,48.34,0,109.86,48.34,Paid Social,Mobile
ORD0003336,CUST00593,PROD0150,Beauty,2022-09-15,2022-09,2,24.66,0.1,44.39,21.75,0,44.39,21.75,Paid Social,Mobile
ORD0003337,CUST00593,PROD0053,Footwear,2023-11-28,2023-11,1,46.14,0,46.14,25.84,0,46.14,25.84,Paid Social,Mobile
ORD0003338,CUST00593,PROD0126,Sports,2022-10-21,2022-10,1,92.2,0,92.2,59.01,1,0.0,0.0,Paid Social,Mobile
ORD0003339,CUST00593,PROD0100,Clothing,2023-07-08,2023-07,3,80.73,0,242.19,108.99,0,242.19,108.99,Paid Social,Mobile
ORD0003340,CUST00593,PROD0126,Sports,2022-11-19,2022-11,3,92.2,0.05,262.77,168.17,0,262.77,168.17,Paid Social,Mobile
ORD0003341,CUST00593,PROD0036,Home & Living,2022-07-17,2022-07,3,74.59,0,223.77,78.32,0,223.77,78.32,Paid Social,Mobile
ORD0003342,CUST00593,PROD0075,Accessories,2023-09-12,2023-09,1,80.95,0,80.95,32.38,0,80.95,32.38,Paid Social,Mobile
ORD0003343,CUST00593,PROD0180,Sports,2023-09-21,2023-09,2,57.83,0.1,104.09,58.29,0,104.09,58.29,Paid Social,Mobile
ORD0003344,CUST00594,PROD0065,Accessories,2023-10-31,2023-10,3,54.38,0,163.14,70.15,0,163.14,70.15,Organic Search,Mobile
ORD0003345,CUST00594,PROD0167,Footwear,2023-11-19,2023-11,2,62.12,0,124.24,36.03,0,124.24,36.03,Organic Search,Mobile
ORD0003346,CUST00594,PROD0091,Beauty,2024-03-19,2024-03,2,39.11,0,78.22,31.29,0,78.22,31.29,Organic Search,Mobile
ORD0003347,CUST00594,PROD0115,Accessories,2023-11-23,2023-11,2,74.34,0,148.68,86.23,1,0.0,0.0,Organic Search,Mobile
ORD0003348,CUST00595,PROD0158,Home & Living,2024-03-26,2024-03,1,50.83,0,50.83,23.89,0,50.83,23.89,Direct,Desktop
ORD0003349,CUST00595,PROD0144,Beauty,2023-04-30,2023-04,1,34.94,0,34.94,19.22,0,34.94,19.22,Direct,Desktop
ORD0003350,CUST00595,PROD0072,Sports,2024-03-15,2024-03,2,81.55,0,163.1,89.7,0,163.1,89.7,Direct,Desktop
ORD0003351,CUST00595,PROD0010,Home & Living,2023-04-03,2023-04,3,50.82,0,152.46,57.93,0,152.46,57.93,Direct,Desktop
ORD0003352,CUST00596,PROD0175,Footwear,2022-11-23,2022-11,2,69.53,0.1,125.15,37.55,1,0.0,0.0,Email,Mobile
ORD0003353,CUST00596,PROD0146,Accessories,2022-08-15,2022-08,2,80.98,0.15,137.67,48.18,0,137.67,48.18,Email,Mobile
ORD0003354,CUST00596,PROD0075,Accessories,2022-09-26,2022-09,3,80.95,0.1,218.57,87.43,0,218.57,87.43,Email,Mobile
ORD0003355,CUST00597,PROD0018,Clothing,2023-10-29,2023-10,3,45.54,0,136.62,61.48,0,136.62,61.48,Paid Social,Desktop
ORD0003356,CUST00597,PROD0133,Clothing,2024-02-07,2024-02,1,70.11,0.05,66.6,37.96,0,66.6,37.96,Paid Social,Desktop
ORD0003357,CUST00597,PROD0103,Accessories,2023-12-25,2023-12,1,84.89,0.05,80.65,36.29,0,80.65,36.29,Paid Social,Desktop
ORD0003358,CUST00597,PROD0102,Footwear,2024-03-22,2024-03,3,44.77,0,134.31,34.92,1,0.0,0.0,Paid Social,Desktop
ORD0003359,CUST00597,PROD0002,Clothing,2023-06-09,2023-06,1,48.81,0.05,46.37,29.21,1,0.0,0.0,Paid Social,Desktop
ORD0003360,CUST00597,PROD0161,Home & Living,2023-12-09,2023-12,3,33.22,0.05,94.68,55.86,0,94.68,55.86,Paid Social,Desktop
ORD0003361,CUST00597,PROD0135,Beauty,2023-09-15,2023-09,3,31.76,0.1,85.75,53.16,0,85.75,53.16,Paid Social,Desktop
ORD0003362,CUST00598,PROD0182,Accessories,2023-06-14,2023-06,1,22.63,0,22.63,8.6,0,22.63,8.6,Influencer,Desktop
ORD0003363,CUST00598,PROD0045,Home & Living,2023-10-24,2023-10,3,91.27,0,273.81,125.95,1,0.0,0.0,Influencer,Desktop
ORD0003364,CUST00598,PROD0107,Clothing,2024-01-27,2024-01,3,91.09,0,273.27,169.43,0,273.27,169.43,Influencer,Desktop
ORD0003365,CUST00598,PROD0129,Accessories,2023-11-17,2023-11,3,45.01,0,135.03,41.86,1,0.0,0.0,Influencer,Desktop
ORD0003366,CUST00599,PROD0051,Footwear,2023-03-14,2023-03,1,119.28,0,119.28,67.99,1,0.0,0.0,Referral,Tablet
ORD0003367,CUST00599,PROD0073,Sports,2024-03-28,2024-03,1,66.61,0,66.61,23.98,0,66.61,23.98,Referral,Tablet
ORD0003368,CUST00599,PROD0192,Sports,2023-04-26,2023-04,3,82.92,0.1,223.88,116.42,0,223.88,116.42,Referral,Tablet
ORD0003369,CUST00599,PROD0051,Footwear,2023-01-29,2023-01,1,119.28,0,119.28,67.99,0,119.28,67.99,Referral,Tablet
ORD0003370,CUST00599,PROD0156,Sports,2023-01-24,2023-01,3,96.17,0.1,259.66,150.6,0,259.66,150.6,Referral,Tablet
ORD0003371,CUST00599,PROD0099,Home & Living,2023-12-26,2023-12,1,113.39,0,113.39,41.95,0,113.39,41.95,Referral,Tablet
ORD0003372,CUST00599,PROD0123,Clothing,2024-01-17,2024-01,3,40.48,0,121.44,31.57,0,121.44,31.57,Referral,Tablet
ORD0003373,CUST00600,PROD0152,Accessories,2024-02-15,2024-02,3,36.62,0.1,98.87,43.5,1,0.0,0.0,Email,Tablet
ORD0003374,CUST00600,PROD0171,Clothing,2024-01-20,2024-01,2,49.46,0,98.92,24.73,0,98.92,24.73,Email,Tablet
ORD0003375,CUST00600,PROD0086,Clothing,2022-01-30,2022-01,3,82.15,0.1,221.81,126.43,0,221.81,126.43,Email,Tablet
ORD0003376,CUST00600,PROD0177,Accessories,2022-12-11,2022-12,1,31.44,0,31.44,11.95,0,31.44,11.95,Email,Tablet
ORD0003377,CUST00600,PROD0050,Home & Living,2023-03-17,2023-03,1,120.87,0.1,108.78,29.37,1,0.0,0.0,Email,Tablet
ORD0003378,CUST00601,PROD0134,Accessories,2022-07-09,2022-07,3,24.1,0,72.3,40.49,0,72.3,40.49,Paid Social,Mobile
ORD0003379,CUST00601,PROD0026,Footwear,2023-09-20,2023-09,3,66.28,0,198.84,51.7,1,0.0,0.0,Paid Social,Mobile
ORD0003380,CUST00601,PROD0119,Beauty,2023-01-12,2023-01,2,20.14,0.05,38.27,13.78,0,38.27,13.78,Paid Social,Mobile
ORD0003381,CUST00601,PROD0128,Clothing,2023-11-17,2023-11,1,28.95,0.05,27.5,11.55,0,27.5,11.55,Paid Social,Mobile
ORD0003382,CUST00602,PROD0133,Clothing,2023-08-16,2023-08,2,70.11,0,140.22,79.93,1,0.0,0.0,Paid Social,Mobile
ORD0003383,CUST00602,PROD0033,Sports,2024-02-11,2024-02,3,54.48,0,163.44,45.76,0,163.44,45.76,Paid Social,Mobile
ORD0003384,CUST00603,PROD0024,Beauty,2024-02-24,2024-02,2,20.35,0.2,32.56,13.35,1,0.0,0.0,Email,Desktop
ORD0003385,CUST00603,PROD0037,Clothing,2022-12-02,2022-12,2,99.72,0.2,159.55,60.63,0,159.55,60.63,Email,Desktop
ORD0003386,CUST00603,PROD0098,Home & Living,2023-11-14,2023-11,2,101.77,0,203.54,85.49,1,0.0,0.0,Email,Desktop
ORD0003387,CUST00603,PROD0077,Footwear,2024-02-18,2024-02,2,66.48,0.15,113.02,50.86,0,113.02,50.86,Email,Desktop
ORD0003388,CUST00603,PROD0129,Accessories,2023-12-22,2023-12,3,45.01,0,135.03,41.86,0,135.03,41.86,Email,Desktop
ORD0003389,CUST00604,PROD0083,Clothing,2022-09-04,2022-09,3,25.2,0,75.6,40.82,1,0.0,0.0,Direct,Mobile
ORD0003390,CUST00604,PROD0036,Home & Living,2022-09-23,2022-09,1,74.59,0,74.59,26.11,0,74.59,26.11,Direct,Mobile
ORD0003391,CUST00604,PROD0044,Footwear,2022-12-23,2022-12,3,185.76,0,557.28,273.07,0,557.28,273.07,Direct,Mobile
ORD0003392,CUST00604,PROD0182,Accessories,2023-09-30,2023-09,2,22.63,0,45.26,17.2,0,45.26,17.2,Direct,Mobile
ORD0003393,CUST00604,PROD0010,Home & Living,2024-01-27,2024-01,1,50.82,0,50.82,19.31,0,50.82,19.31,Direct,Mobile
ORD0003394,CUST00604,PROD0170,Beauty,2022-10-08,2022-10,3,69.97,0,209.91,134.34,0,209.91,134.34,Direct,Mobile
ORD0003395,CUST00604,PROD0092,Beauty,2022-10-14,2022-10,2,19.38,0,38.76,12.4,0,38.76,12.4,Direct,Mobile
ORD0003396,CUST00605,PROD0103,Accessories,2022-05-27,2022-05,1,84.89,0.05,80.65,36.29,0,80.65,36.29,Paid Social,Tablet
ORD0003397,CUST00605,PROD0142,Sports,2022-06-29,2022-06,3,114.73,0,344.19,165.21,0,344.19,165.21,Paid Social,Tablet
ORD0003398,CUST00605,PROD0152,Accessories,2024-02-24,2024-02,3,36.62,0,109.86,48.34,0,109.86,48.34,Paid Social,Tablet
ORD0003399,CUST00605,PROD0093,Footwear,2023-10-15,2023-10,1,85.42,0,85.42,48.69,1,0.0,0.0,Paid Social,Tablet
ORD0003400,CUST00606,PROD0021,Beauty,2024-02-13,2024-02,3,65.25,0,195.75,121.36,0,195.75,121.36,Organic Search,Mobile
ORD0003401,CUST00606,PROD0197,Clothing,2023-05-08,2023-05,1,92.45,0,92.45,33.28,0,92.45,33.28,Organic Search,Mobile
ORD0003402,CUST00606,PROD0118,Clothing,2023-12-02,2023-12,3,33.04,0,99.12,47.58,0,99.12,47.58,Organic Search,Mobile
ORD0003403,CUST00606,PROD0131,Beauty,2023-12-25,2023-12,2,36.76,0,73.52,25.73,0,73.52,25.73,Organic Search,Mobile
ORD0003404,CUST00606,PROD0024,Beauty,2023-02-02,2023-02,2,20.35,0,40.7,16.69,0,40.7,16.69,Organic Search,Mobile
ORD0003405,CUST00606,PROD0009,Sports,2023-03-16,2023-03,3,39.16,0,117.48,69.31,0,117.48,69.31,Organic Search,Mobile
ORD0003406,CUST00606,PROD0062,Accessories,2022-08-24,2022-08,1,85.04,0,85.04,35.72,1,0.0,0.0,Organic Search,Mobile
ORD0003407,CUST00606,PROD0183,Clothing,2023-12-17,2023-12,1,78.37,0,78.37,47.02,0,78.37,47.02,Organic Search,Mobile
ORD0003408,CUST00606,PROD0083,Clothing,2023-04-07,2023-04,1,25.2,0,25.2,13.61,0,25.2,13.61,Organic Search,Mobile
ORD0003409,CUST00607,PROD0003,Footwear,2024-01-13,2024-01,2,63.28,0,126.56,63.28,0,126.56,63.28,Paid Social,Tablet
ORD0003410,CUST00607,PROD0165,Footwear,2023-05-22,2023-05,1,116.35,0,116.35,74.46,0,116.35,74.46,Paid Social,Tablet
ORD0003411,CUST00607,PROD0121,Clothing,2023-02-15,2023-02,3,86.37,0.05,246.15,120.61,0,246.15,120.61,Paid Social,Tablet
ORD0003412,CUST00607,PROD0127,Accessories,2023-09-10,2023-09,2,49.21,0,98.42,30.51,1,0.0,0.0,Paid Social,Tablet
ORD0003413,CUST00607,PROD0080,Sports,2023-04-08,2023-04,3,42.1,0.05,119.98,59.99,0,119.98,59.99,Paid Social,Tablet
ORD0003414,CUST00607,PROD0171,Clothing,2024-02-16,2024-02,2,49.46,0,98.92,24.73,0,98.92,24.73,Paid Social,Tablet
ORD0003415,CUST00607,PROD0089,Sports,2023-05-30,2023-05,2,40.38,0.1,72.68,23.98,0,72.68,23.98,Paid Social,Tablet
ORD0003416,CUST00607,PROD0114,Beauty,2023-05-26,2023-05,3,25.83,0,77.49,31.77,0,77.49,31.77,Paid Social,Tablet
ORD0003417,CUST00607,PROD0123,Clothing,2023-06-16,2023-06,1,40.48,0.05,38.46,10.0,0,38.46,10.0,Paid Social,Tablet
ORD0003418,CUST00607,PROD0026,Footwear,2023-03-27,2023-03,2,66.28,0,132.56,34.47,0,132.56,34.47,Paid Social,Tablet
ORD0003419,CUST00607,PROD0187,Clothing,2023-06-10,2023-06,1,104.59,0.05,99.36,43.72,1,0.0,0.0,Paid Social,Tablet
ORD0003420,CUST00608,PROD0074,Beauty,2022-07-21,2022-07,1,52.12,0.1,46.91,12.2,0,46.91,12.2,Email,Mobile
ORD0003421,CUST00608,PROD0084,Accessories,2022-08-31,2022-08,1,45.9,0.2,36.72,10.28,0,36.72,10.28,Email,Mobile
ORD0003422,CUST00608,PROD0153,Accessories,2022-03-21,2022-03,3,85.5,0.1,230.85,129.28,0,230.85,129.28,Email,Mobile
ORD0003423,CUST00608,PROD0129,Accessories,2023-06-16,2023-06,3,45.01,0.2,108.02,33.49,1,0.0,0.0,Email,Mobile
ORD0003424,CUST00608,PROD0106,Footwear,2023-08-14,2023-08,3,188.1,0.15,479.65,206.25,0,479.65,206.25,Email,Mobile
ORD0003425,CUST00608,PROD0120,Home & Living,2023-10-03,2023-10,3,118.52,0.1,320.0,99.2,0,320.0,99.2,Email,Mobile
ORD0003426,CUST00609,PROD0045,Home & Living,2023-04-16,2023-04,1,91.27,0,91.27,41.98,1,0.0,0.0,Organic Search,Desktop
ORD0003427,CUST00609,PROD0065,Accessories,2023-01-17,2023-01,2,54.38,0,108.76,46.77,0,108.76,46.77,Organic Search,Desktop
ORD0003428,CUST00609,PROD0200,Footwear,2023-08-07,2023-08,3,43.07,0,129.21,73.65,0,129.21,73.65,Organic Search,Desktop
ORD0003429,CUST00609,PROD0115,Accessories,2023-02-12,2023-02,3,74.34,0,223.02,129.35,0,223.02,129.35,Organic Search,Desktop
ORD0003430,CUST00609,PROD0125,Sports,2023-07-10,2023-07,2,126.04,0,252.08,98.31,0,252.08,98.31,Organic Search,Desktop
ORD0003431,CUST00609,PROD0119,Beauty,2022-08-26,2022-08,2,20.14,0,40.28,14.5,0,40.28,14.5,Organic Search,Desktop
ORD0003432,CUST00610,PROD0007,Beauty,2023-06-11,2023-06,2,25.48,0,50.96,16.82,0,50.96,16.82,Paid Social,Desktop
ORD0003433,CUST00610,PROD0172,Beauty,2023-08-06,2023-08,2,19.11,0.05,36.31,15.61,0,36.31,15.61,Paid Social,Desktop
ORD0003434,CUST00610,PROD0102,Footwear,2023-07-04,2023-07,3,44.77,0,134.31,34.92,0,134.31,34.92,Paid Social,Desktop
ORD0003435,CUST00610,PROD0042,Home & Living,2024-01-07,2024-01,1,61.51,0.05,58.43,16.36,0,58.43,16.36,Paid Social,Desktop
ORD0003436,CUST00611,PROD0067,Clothing,2024-03-21,2024-03,1,47.62,0.05,45.24,14.48,0,45.24,14.48,Paid Social,Mobile
ORD0003437,CUST00611,PROD0015,Footwear,2023-01-18,2023-01,2,131.63,0.05,250.1,102.54,0,250.1,102.54,Paid Social,Mobile
ORD0003438,CUST00611,PROD0072,Sports,2024-02-28,2024-02,2,81.55,0,163.1,89.7,0,163.1,89.7,Paid Social,Mobile
ORD0003439,CUST00611,PROD0033,Sports,2024-03-01,2024-03,3,54.48,0.05,155.27,43.48,0,155.27,43.48,Paid Social,Mobile
ORD0003440,CUST00611,PROD0127,Accessories,2023-04-15,2023-04,2,49.21,0,98.42,30.51,0,98.42,30.51,Paid Social,Mobile
ORD0003441,CUST00611,PROD0007,Beauty,2023-12-01,2023-12,2,25.48,0.05,48.41,15.98,0,48.41,15.98,Paid Social,Mobile
ORD0003442,CUST00612,PROD0033,Sports,2023-09-11,2023-09,3,54.48,0,163.44,45.76,0,163.44,45.76,Paid Social,Tablet
ORD0003443,CUST00612,PROD0040,Beauty,2023-06-11,2023-06,2,42.24,0.05,80.26,32.91,0,80.26,32.91,Paid Social,Tablet
ORD0003444,CUST00613,PROD0023,Clothing,2023-05-24,2023-05,3,85.59,0,256.77,89.87,0,256.77,89.87,Paid Social,Mobile
ORD0003445,CUST00613,PROD0131,Beauty,2023-09-05,2023-09,2,36.76,0.05,69.84,24.44,0,69.84,24.44,Paid Social,Mobile
ORD0003446,CUST00613,PROD0138,Home & Living,2024-03-18,2024-03,1,126.57,0.1,113.91,51.26,0,113.91,51.26,Paid Social,Mobile
ORD0003447,CUST00613,PROD0159,Beauty,2023-06-27,2023-06,3,20.79,0.1,56.13,17.4,1,0.0,0.0,Paid Social,Mobile
ORD0003448,CUST00613,PROD0043,Footwear,2023-09-07,2023-09,1,62.01,0,62.01,38.45,0,62.01,38.45,Paid Social,Mobile
ORD0003449,CUST00614,PROD0099,Home & Living,2023-08-12,2023-08,3,113.39,0.05,323.16,119.57,0,323.16,119.57,Paid Social,Mobile
ORD0003450,CUST00614,PROD0125,Sports,2023-10-23,2023-10,3,126.04,0.1,340.31,132.72,0,340.31,132.72,Paid Social,Mobile
ORD0003451,CUST00614,PROD0169,Accessories,2023-03-16,2023-03,1,66.47,0.05,63.15,32.21,0,63.15,32.21,Paid Social,Mobile
ORD0003452,CUST00614,PROD0047,Footwear,2023-11-14,2023-11,3,144.43,0.1,389.96,152.08,1,0.0,0.0,Paid Social,Mobile
ORD0003453,CUST00614,PROD0126,Sports,2023-10-31,2023-10,1,92.2,0.05,87.59,56.06,0,87.59,56.06,Paid Social,Mobile
ORD0003454,CUST00614,PROD0057,Beauty,2023-03-05,2023-03,3,25.42,0.05,72.45,34.78,1,0.0,0.0,Paid Social,Mobile
ORD0003455,CUST00615,PROD0062,Accessories,2023-05-19,2023-05,3,85.04,0,255.12,107.15,0,255.12,107.15,Direct,Mobile
ORD0003456,CUST00615,PROD0091,Beauty,2023-02-26,2023-02,3,39.11,0,117.33,46.93,0,117.33,46.93,Direct,Mobile
ORD0003457,CUST00615,PROD0130,Home & Living,2024-02-18,2024-02,2,126.57,0,253.14,146.82,0,253.14,146.82,Direct,Mobile
ORD0003458,CUST00615,PROD0047,Footwear,2024-01-30,2024-01,2,144.43,0,288.86,112.66,1,0.0,0.0,Direct,Mobile
ORD0003459,CUST00615,PROD0029,Accessories,2024-01-01,2024-01,2,59.38,0,118.76,71.26,0,118.76,71.26,Direct,Mobile
ORD0003460,CUST00615,PROD0178,Clothing,2022-12-06,2022-12,3,60.67,0,182.01,72.8,0,182.01,72.8,Direct,Mobile
ORD0003461,CUST00616,PROD0049,Home & Living,2024-02-13,2024-02,2,60.55,0.1,108.99,42.51,0,108.99,42.51,Referral,Mobile
ORD0003462,CUST00616,PROD0149,Beauty,2023-06-03,2023-06,1,65.53,0,65.53,34.08,0,65.53,34.08,Referral,Mobile
ORD0003463,CUST00616,PROD0044,Footwear,2023-08-16,2023-08,3,185.76,0,557.28,273.07,0,557.28,273.07,Referral,Mobile
ORD0003464,CUST00616,PROD0197,Clothing,2023-06-08,2023-06,3,92.45,0,277.35,99.85,0,277.35,99.85,Referral,Mobile
ORD0003465,CUST00616,PROD0020,Clothing,2023-06-21,2023-06,3,35.77,0,107.31,49.36,0,107.31,49.36,Referral,Mobile
ORD0003466,CUST00616,PROD0168,Clothing,2024-01-02,2024-01,3,45.57,0,136.71,57.42,0,136.71,57.42,Referral,Mobile
ORD0003467,CUST00616,PROD0081,Home & Living,2023-11-25,2023-11,2,97.71,0.1,175.88,45.73,0,175.88,45.73,Referral,Mobile
ORD0003468,CUST00616,PROD0199,Sports,2023-11-16,2023-11,3,40.52,0.1,109.4,35.01,0,109.4,35.01,Referral,Mobile
ORD0003469,CUST00616,PROD0021,Beauty,2023-07-22,2023-07,2,65.25,0.1,117.45,72.82,0,117.45,72.82,Referral,Mobile
ORD0003470,CUST00617,PROD0104,Sports,2023-07-25,2023-07,1,40.92,0,40.92,14.73,0,40.92,14.73,Organic Search,Desktop
ORD0003471,CUST00618,PROD0152,Accessories,2023-12-05,2023-12,2,36.62,0,73.24,32.23,0,73.24,32.23,Influencer,Desktop
ORD0003472,CUST00618,PROD0002,Clothing,2024-01-15,2024-01,2,48.81,0,97.62,61.5,1,0.0,0.0,Influencer,Desktop
ORD0003473,CUST00618,PROD0136,Accessories,2023-08-16,2023-08,1,78.97,0,78.97,29.22,0,78.97,29.22,Influencer,Desktop
ORD0003474,CUST00618,PROD0117,Accessories,2023-11-07,2023-11,2,65.2,0,130.4,37.82,0,130.4,37.82,Influencer,Desktop
ORD0003475,CUST00619,PROD0052,Clothing,2023-01-21,2023-01,1,61.19,0,61.19,17.75,0,61.19,17.75,Organic Search,Mobile
ORD0003476,CUST00620,PROD0099,Home & Living,2023-10-10,2023-10,2,113.39,0,226.78,83.91,0,226.78,83.91,Paid Social,Mobile
ORD0003477,CUST00620,PROD0081,Home & Living,2023-01-18,2023-01,3,97.71,0,293.13,76.21,0,293.13,76.21,Paid Social,Mobile
ORD0003478,CUST00620,PROD0119,Beauty,2022-09-28,2022-09,2,20.14,0,40.28,14.5,0,40.28,14.5,Paid Social,Mobile
ORD0003479,CUST00620,PROD0184,Sports,2023-05-13,2023-05,3,135.08,0,405.24,109.41,0,405.24,109.41,Paid Social,Mobile
ORD0003480,CUST00620,PROD0129,Accessories,2022-06-06,2022-06,1,45.01,0,45.01,13.95,0,45.01,13.95,Paid Social,Mobile
ORD0003481,CUST00620,PROD0002,Clothing,2022-08-22,2022-08,2,48.81,0,97.62,61.5,1,0.0,0.0,Paid Social,Mobile
ORD0003482,CUST00620,PROD0105,Sports,2022-10-03,2022-10,1,41.5,0.1,37.35,23.53,0,37.35,23.53,Paid Social,Mobile
ORD0003483,CUST00621,PROD0161,Home & Living,2022-12-24,2022-12,2,33.22,0,66.44,39.2,0,66.44,39.2,Email,Mobile
ORD0003484,CUST00621,PROD0181,Home & Living,2024-01-26,2024-01,2,68.65,0,137.3,78.26,1,0.0,0.0,Email,Mobile
ORD0003485,CUST00621,PROD0069,Beauty,2023-02-19,2023-02,2,52.71,0.1,94.88,56.93,1,0.0,0.0,Email,Mobile
ORD0003486,CUST00621,PROD0124,Beauty,2022-12-16,2022-12,2,20.18,0.1,36.32,17.07,0,36.32,17.07,Email,Mobile
ORD0003487,CUST00621,PROD0036,Home & Living,2022-09-10,2022-09,1,74.59,0.15,63.4,22.19,1,0.0,0.0,Email,Mobile
ORD0003488,CUST00621,PROD0139,Home & Living,2023-12-25,2023-12,2,121.16,0.1,218.09,130.85,1,0.0,0.0,Email,Mobile
ORD0003489,CUST00621,PROD0138,Home & Living,2023-10-26,2023-10,1,126.57,0,126.57,56.96,0,126.57,56.96,Email,Mobile
ORD0003490,CUST00621,PROD0153,Accessories,2023-09-07,2023-09,1,85.5,0,85.5,47.88,0,85.5,47.88,Email,Mobile
ORD0003491,CUST00621,PROD0139,Home & Living,2023-03-06,2023-03,1,121.16,0.15,102.99,61.79,0,102.99,61.79,Email,Mobile
ORD0003492,CUST00621,PROD0179,Footwear,2023-09-02,2023-09,2,56.4,0,112.8,69.94,0,112.8,69.94,Email,Mobile
ORD0003493,CUST00621,PROD0154,Sports,2023-06-21,2023-06,3,137.38,0.15,350.32,94.59,0,350.32,94.59,Email,Mobile
ORD0003494,CUST00621,PROD0053,Footwear,2022-09-21,2022-09,2,46.14,0.1,83.05,46.51,0,83.05,46.51,Email,Mobile
ORD0003495,CUST00622,PROD0119,Beauty,2023-04-08,2023-04,3,20.14,0,60.42,21.75,1,0.0,0.0,Direct,Mobile
ORD0003496,CUST00622,PROD0105,Sports,2023-05-23,2023-05,3,41.5,0,124.5,78.44,0,124.5,78.44,Direct,Mobile
ORD0003497,CUST00622,PROD0185,Footwear,2023-09-28,2023-09,1,196.58,0,196.58,100.26,0,196.58,100.26,Direct,Mobile
ORD0003498,CUST00622,PROD0051,Footwear,2023-06-21,2023-06,2,119.28,0,238.56,135.98,0,238.56,135.98,Direct,Mobile
ORD0003499,CUST00622,PROD0032,Home & Living,2023-06-24,2023-06,1,43.05,0,43.05,12.48,0,43.05,12.48,Direct,Mobile
ORD0003500,CUST00622,PROD0092,Beauty,2024-02-24,2024-02,1,19.38,0,19.38,6.2,0,19.38,6.2,Direct,Mobile
ORD0003501,CUST00622,PROD0128,Clothing,2023-07-06,2023-07,2,28.95,0,57.9,24.32,0,57.9,24.32,Direct,Mobile
ORD0003502,CUST00623,PROD0179,Footwear,2023-03-11,2023-03,1,56.4,0,56.4,34.97,0,56.4,34.97,Direct,Desktop
ORD0003503,CUST00623,PROD0112,Home & Living,2024-01-02,2024-01,1,48.0,0,48.0,27.36,0,48.0,27.36,Direct,Desktop
ORD0003504,CUST00623,PROD0130,Home & Living,2023-07-02,2023-07,2,126.57,0,253.14,146.82,0,253.14,146.82,Direct,Desktop
ORD0003505,CUST00623,PROD0025,Footwear,2024-01-15,2024-01,1,78.3,0,78.3,25.84,0,78.3,25.84,Direct,Desktop
ORD0003506,CUST00623,PROD0047,Footwear,2024-03-04,2024-03,3,144.43,0,433.29,168.98,0,433.29,168.98,Direct,Desktop
ORD0003507,CUST00624,PROD0153,Accessories,2023-11-13,2023-11,2,85.5,0,171.0,95.76,0,171.0,95.76,Organic Search,Desktop
ORD0003508,CUST00624,PROD0038,Accessories,2024-02-15,2024-02,3,85.41,0,256.23,140.93,0,256.23,140.93,Organic Search,Desktop
ORD0003509,CUST00624,PROD0127,Accessories,2023-12-21,2023-12,3,49.21,0,147.63,45.77,0,147.63,45.77,Organic Search,Desktop
ORD0003510,CUST00624,PROD0096,Sports,2023-10-03,2023-10,1,59.98,0,59.98,38.39,0,59.98,38.39,Organic Search,Desktop
ORD0003511,CUST00624,PROD0120,Home & Living,2023-07-31,2023-07,3,118.52,0,355.56,110.22,1,0.0,0.0,Organic Search,Desktop
ORD0003512,CUST00624,PROD0145,Clothing,2023-12-03,2023-12,2,70.32,0,140.64,84.38,1,0.0,0.0,Organic Search,Desktop
ORD0003513,CUST00625,PROD0158,Home & Living,2023-12-25,2023-12,3,50.83,0,152.49,71.67,0,152.49,71.67,Paid Social,Mobile
ORD0003514,CUST00625,PROD0027,Footwear,2023-06-19,2023-06,3,147.27,0,441.81,247.41,1,0.0,0.0,Paid Social,Mobile
ORD0003515,CUST00625,PROD0120,Home & Living,2023-10-11,2023-10,1,118.52,0,118.52,36.74,0,118.52,36.74,Paid Social,Mobile
ORD0003516,CUST00626,PROD0029,Accessories,2023-11-08,2023-11,2,59.38,0,118.76,71.26,0,118.76,71.26,Organic Search,Mobile
ORD0003517,CUST00626,PROD0053,Footwear,2022-09-27,2022-09,2,46.14,0,92.28,51.68,0,92.28,51.68,Organic Search,Mobile
ORD0003518,CUST00626,PROD0109,Sports,2023-11-02,2023-11,2,60.91,0,121.82,37.76,0,121.82,37.76,Organic Search,Mobile
ORD0003519,CUST00626,PROD0125,Sports,2024-01-16,2024-01,3,126.04,0,378.12,147.47,0,378.12,147.47,Organic Search,Mobile
ORD0003520,CUST00626,PROD0135,Beauty,2023-04-10,2023-04,3,31.76,0,95.28,59.07,0,95.28,59.07,Organic Search,Mobile
ORD0003521,CUST00626,PROD0134,Accessories,2023-04-14,2023-04,3,24.1,0,72.3,40.49,0,72.3,40.49,Organic Search,Mobile
ORD0003522,CUST00626,PROD0003,Footwear,2023-06-02,2023-06,3,63.28,0,189.84,94.92,1,0.0,0.0,Organic Search,Mobile
ORD0003523,CUST00626,PROD0119,Beauty,2023-04-14,2023-04,1,20.14,0,20.14,7.25,0,20.14,7.25,Organic Search,Mobile
ORD0003524,CUST00626,PROD0195,Accessories,2023-01-29,2023-01,3,33.68,0,101.04,61.63,0,101.04,61.63,Organic Search,Mobile
ORD0003525,CUST00627,PROD0061,Home & Living,2023-08-14,2023-08,3,136.85,0.2,328.44,121.52,1,0.0,0.0,Email,Tablet
ORD0003526,CUST00627,PROD0155,Beauty,2023-09-21,2023-09,2,35.29,0,70.58,28.94,1,0.0,0.0,Email,Tablet
ORD0003527,CUST00627,PROD0162,Home & Living,2023-09-14,2023-09,2,81.32,0.15,138.24,60.83,0,138.24,60.83,Email,Tablet
ORD0003528,CUST00627,PROD0090,Home & Living,2023-11-18,2023-11,2,99.94,0.1,179.89,113.33,0,179.89,113.33,Email,Tablet
ORD0003529,CUST00627,PROD0193,Sports,2023-06-20,2023-06,2,95.75,0,191.5,61.28,0,191.5,61.28,Email,Tablet
ORD0003530,CUST00627,PROD0194,Accessories,2024-03-14,2024-03,3,80.84,0,242.52,123.69,0,242.52,123.69,Email,Tablet
ORD0003531,CUST00627,PROD0158,Home & Living,2023-06-25,2023-06,1,50.83,0.1,45.75,21.5,0,45.75,21.5,Email,Tablet
ORD0003532,CUST00627,PROD0194,Accessories,2023-07-27,2023-07,2,80.84,0,161.68,82.46,0,161.68,82.46,Email,Tablet
ORD0003533,CUST00627,PROD0072,Sports,2024-02-15,2024-02,2,81.55,0.1,146.79,80.73,0,146.79,80.73,Email,Tablet
ORD0003534,CUST00627,PROD0149,Beauty,2024-03-28,2024-03,2,65.53,0.2,104.85,54.52,0,104.85,54.52,Email,Tablet
ORD0003535,CUST00627,PROD0171,Clothing,2023-09-11,2023-09,3,49.46,0.2,118.7,29.68,0,118.7,29.68,Email,Tablet
ORD0003536,CUST00627,PROD0110,Footwear,2023-11-29,2023-11,3,106.03,0.1,286.28,154.59,0,286.28,154.59,Email,Tablet
ORD0003537,CUST00627,PROD0130,Home & Living,2023-11-07,2023-11,3,126.57,0.1,341.74,198.21,0,341.74,198.21,Email,Tablet
ORD0003538,CUST00627,PROD0010,Home & Living,2024-02-11,2024-02,1,50.82,0.1,45.74,17.38,0,45.74,17.38,Email,Tablet
ORD0003539,CUST00627,PROD0103,Accessories,2024-01-17,2024-01,3,84.89,0.2,203.74,91.68,0,203.74,91.68,Email,Tablet
ORD0003540,CUST00628,PROD0162,Home & Living,2024-01-23,2024-01,1,81.32,0,81.32,35.78,1,0.0,0.0,Direct,Mobile
ORD0003541,CUST00628,PROD0147,Home & Living,2023-05-27,2023-05,1,133.32,0,133.32,61.33,1,0.0,0.0,Direct,Mobile
ORD0003542,CUST00629,PROD0001,Accessories,2023-05-28,2023-05,3,40.31,0,120.93,42.33,1,0.0,0.0,Direct,Desktop
ORD0003543,CUST00629,PROD0187,Clothing,2023-07-09,2023-07,2,104.59,0,209.18,92.04,0,209.18,92.04,Direct,Desktop
ORD0003544,CUST00629,PROD0077,Footwear,2022-09-10,2022-09,2,66.48,0,132.96,59.83,1,0.0,0.0,Direct,Desktop
ORD0003545,CUST00629,PROD0199,Sports,2023-06-19,2023-06,3,40.52,0,121.56,38.9,0,121.56,38.9,Direct,Desktop
ORD0003546,CUST00629,PROD0137,Home & Living,2023-01-10,2023-01,1,99.54,0,99.54,38.82,0,99.54,38.82,Direct,Desktop
ORD0003547,CUST00629,PROD0088,Accessories,2023-02-22,2023-02,1,42.05,0,42.05,15.56,0,42.05,15.56,Direct,Desktop
ORD0003548,CUST00629,PROD0050,Home & Living,2023-03-31,2023-03,1,120.87,0,120.87,32.63,0,120.87,32.63,Direct,Desktop
ORD0003549,CUST00629,PROD0151,Clothing,2023-02-04,2023-02,3,30.88,0,92.64,40.76,0,92.64,40.76,Direct,Desktop
ORD0003550,CUST00630,PROD0145,Clothing,2023-02-06,2023-02,2,70.32,0,140.64,84.38,0,140.64,84.38,Paid Social,Tablet
ORD0003551,CUST00630,PROD0033,Sports,2024-03-07,2024-03,1,54.48,0,54.48,15.25,0,54.48,15.25,Paid Social,Tablet
ORD0003552,CUST00630,PROD0093,Footwear,2023-03-31,2023-03,3,85.42,0.05,243.45,138.77,0,243.45,138.77,Paid Social,Tablet
ORD0003553,CUST00630,PROD0079,Footwear,2023-07-11,2023-07,2,67.68,0.05,128.59,54.01,0,128.59,54.01,Paid Social,Tablet
ORD0003554,CUST00630,PROD0178,Clothing,2023-09-26,2023-09,3,60.67,0,182.01,72.8,0,182.01,72.8,Paid Social,Tablet
ORD0003555,CUST00630,PROD0156,Sports,2022-12-01,2022-12,2,96.17,0.05,182.72,105.98,0,182.72,105.98,Paid Social,Tablet
ORD0003556,CUST00630,PROD0050,Home & Living,2024-01-08,2024-01,1,120.87,0.05,114.83,31.0,0,114.83,31.0,Paid Social,Tablet
ORD0003557,CUST00630,PROD0022,Sports,2024-03-05,2024-03,1,30.09,0.05,28.59,16.3,0,28.59,16.3,Paid Social,Tablet
ORD0003558,CUST00630,PROD0162,Home & Living,2024-02-26,2024-02,2,81.32,0.05,154.51,67.98,0,154.51,67.98,Paid Social,Tablet
ORD0003559,CUST00631,PROD0022,Sports,2023-12-16,2023-12,1,30.09,0,30.09,17.15,0,30.09,17.15,Paid Social,Desktop
ORD0003560,CUST00631,PROD0061,Home & Living,2023-07-12,2023-07,3,136.85,0.1,369.49,136.71,0,369.49,136.71,Paid Social,Desktop
ORD0003561,CUST00631,PROD0200,Footwear,2023-08-11,2023-08,3,43.07,0.05,122.75,69.97,0,122.75,69.97,Paid Social,Desktop
ORD0003562,CUST00632,PROD0011,Sports,2023-04-22,2023-04,1,85.35,0,85.35,23.9,0,85.35,23.9,Paid Social,Mobile
ORD0003563,CUST00632,PROD0086,Clothing,2024-01-29,2024-01,2,82.15,0,164.3,93.65,0,164.3,93.65,Paid Social,Mobile
ORD0003564,CUST00632,PROD0145,Clothing,2023-12-04,2023-12,1,70.32,0.1,63.29,37.97,0,63.29,37.97,Paid Social,Mobile
ORD0003565,CUST00632,PROD0091,Beauty,2023-08-19,2023-08,2,39.11,0.05,74.31,29.72,0,74.31,29.72,Paid Social,Mobile
ORD0003566,CUST00632,PROD0195,Accessories,2023-07-21,2023-07,1,33.68,0,33.68,20.54,0,33.68,20.54,Paid Social,Mobile
ORD0003567,CUST00632,PROD0053,Footwear,2023-07-03,2023-07,3,46.14,0,138.42,77.52,0,138.42,77.52,Paid Social,Mobile
ORD0003568,CUST00632,PROD0003,Footwear,2024-02-24,2024-02,3,63.28,0.05,180.35,90.17,0,180.35,90.17,Paid Social,Mobile
ORD0003569,CUST00632,PROD0199,Sports,2023-03-02,2023-03,3,40.52,0.05,115.48,36.95,0,115.48,36.95,Paid Social,Mobile
ORD0003570,CUST00632,PROD0132,Home & Living,2023-06-24,2023-06,2,31.95,0,63.9,37.06,0,63.9,37.06,Paid Social,Mobile
ORD0003571,CUST00633,PROD0156,Sports,2023-12-06,2023-12,2,96.17,0,192.34,111.56,0,192.34,111.56,Influencer,Mobile
ORD0003572,CUST00633,PROD0197,Clothing,2024-02-19,2024-02,2,92.45,0,184.9,66.56,0,184.9,66.56,Influencer,Mobile
ORD0003573,CUST00633,PROD0020,Clothing,2023-09-19,2023-09,1,35.77,0,35.77,16.45,1,0.0,0.0,Influencer,Mobile
ORD0003574,CUST00633,PROD0188,Footwear,2023-12-07,2023-12,1,148.41,0,148.41,87.56,0,148.41,87.56,Influencer,Mobile
ORD0003575,CUST00633,PROD0102,Footwear,2023-10-29,2023-10,2,44.77,0,89.54,23.28,1,0.0,0.0,Influencer,Mobile
ORD0003576,CUST00633,PROD0197,Clothing,2023-11-13,2023-11,3,92.45,0,277.35,99.85,1,0.0,0.0,Influencer,Mobile
ORD0003577,CUST00634,PROD0027,Footwear,2024-01-27,2024-01,3,147.27,0,441.81,247.41,0,441.81,247.41,Direct,Mobile
ORD0003578,CUST00635,PROD0139,Home & Living,2022-11-15,2022-11,1,121.16,0,121.16,72.7,0,121.16,72.7,Referral,Mobile
ORD0003579,CUST00635,PROD0136,Accessories,2023-08-19,2023-08,1,78.97,0,78.97,29.22,0,78.97,29.22,Referral,Mobile
ORD0003580,CUST00635,PROD0093,Footwear,2022-12-17,2022-12,2,85.42,0.1,153.76,87.64,1,0.0,0.0,Referral,Mobile
ORD0003581,CUST00635,PROD0042,Home & Living,2022-12-24,2022-12,2,61.51,0,123.02,34.45,0,123.02,34.45,Referral,Mobile
ORD0003582,CUST00635,PROD0109,Sports,2022-10-19,2022-10,1,60.91,0.1,54.82,16.99,0,54.82,16.99,Referral,Mobile
ORD0003583,CUST00635,PROD0031,Footwear,2023-04-11,2023-04,2,42.93,0,85.86,37.78,0,85.86,37.78,Referral,Mobile
ORD0003584,CUST00635,PROD0186,Home & Living,2023-01-25,2023-01,1,126.59,0,126.59,36.71,0,126.59,36.71,Referral,Mobile
ORD0003585,CUST00635,PROD0026,Footwear,2022-09-25,2022-09,2,66.28,0,132.56,34.47,0,132.56,34.47,Referral,Mobile
ORD0003586,CUST00635,PROD0121,Clothing,2023-01-28,2023-01,1,86.37,0.1,77.73,38.09,0,77.73,38.09,Referral,Mobile
ORD0003587,CUST00635,PROD0158,Home & Living,2022-05-25,2022-05,3,50.83,0.1,137.24,64.5,0,137.24,64.5,Referral,Mobile
ORD0003588,CUST00635,PROD0082,Beauty,2022-06-15,2022-06,3,20.0,0,60.0,39.0,1,0.0,0.0,Referral,Mobile
ORD0003589,CUST00636,PROD0198,Sports,2023-12-31,2023-12,3,59.63,0,178.89,75.13,0,178.89,75.13,Organic Search,Mobile
ORD0003590,CUST00636,PROD0046,Sports,2024-01-01,2024-01,3,44.39,0,133.17,70.58,0,133.17,70.58,Organic Search,Mobile
ORD0003591,CUST00636,PROD0152,Accessories,2024-03-22,2024-03,2,36.62,0,73.24,32.23,0,73.24,32.23,Organic Search,Mobile
ORD0003592,CUST00636,PROD0002,Clothing,2024-01-30,2024-01,3,48.81,0,146.43,92.25,1,0.0,0.0,Organic Search,Mobile
ORD0003593,CUST00636,PROD0152,Accessories,2024-03-25,2024-03,3,36.62,0,109.86,48.34,0,109.86,48.34,Organic Search,Mobile
ORD0003594,CUST00636,PROD0172,Beauty,2023-12-30,2023-12,1,19.11,0,19.11,8.22,0,19.11,8.22,Organic Search,Mobile
ORD0003595,CUST00636,PROD0197,Clothing,2023-08-24,2023-08,3,92.45,0,277.35,99.85,0,277.35,99.85,Organic Search,Mobile
ORD0003596,CUST00636,PROD0155,Beauty,2024-02-21,2024-02,3,35.29,0,105.87,43.41,0,105.87,43.41,Organic Search,Mobile
ORD0003597,CUST00636,PROD0060,Footwear,2023-09-18,2023-09,1,104.31,0,104.31,30.25,0,104.31,30.25,Organic Search,Mobile
ORD0003598,CUST00636,PROD0048,Home & Living,2023-11-16,2023-11,3,96.14,0,288.42,181.7,0,288.42,181.7,Organic Search,Mobile
ORD0003599,CUST00637,PROD0200,Footwear,2024-01-08,2024-01,1,43.07,0,43.07,24.55,0,43.07,24.55,Email,Mobile
ORD0003600,CUST00637,PROD0114,Beauty,2023-12-17,2023-12,3,25.83,0.15,65.87,27.01,0,65.87,27.01,Email,Mobile
ORD0003601,CUST00637,PROD0140,Home & Living,2023-06-09,2023-06,2,34.26,0.2,54.82,30.15,0,54.82,30.15,Email,Mobile
ORD0003602,CUST00637,PROD0002,Clothing,2023-12-06,2023-12,2,48.81,0.2,78.1,49.2,0,78.1,49.2,Email,Mobile
ORD0003603,CUST00637,PROD0024,Beauty,2023-11-08,2023-11,1,20.35,0,20.35,8.34,1,0.0,0.0,Email,Mobile
ORD0003604,CUST00638,PROD0092,Beauty,2023-06-30,2023-06,2,19.38,0,38.76,12.4,0,38.76,12.4,Influencer,Mobile
ORD0003605,CUST00638,PROD0122,Home & Living,2023-03-29,2023-03,2,74.99,0,149.98,59.99,0,149.98,59.99,Influencer,Mobile
ORD0003606,CUST00638,PROD0101,Footwear,2022-10-14,2022-10,3,191.81,0,575.43,253.19,0,575.43,253.19,Influencer,Mobile
ORD0003607,CUST00638,PROD0156,Sports,2023-06-20,2023-06,3,96.17,0,288.51,167.34,0,288.51,167.34,Influencer,Mobile
ORD0003608,CUST00638,PROD0046,Sports,2023-03-24,2023-03,1,44.39,0,44.39,23.53,1,0.0,0.0,Influencer,Mobile
ORD0003609,CUST00638,PROD0181,Home & Living,2022-04-25,2022-04,3,68.65,0,205.95,117.39,0,205.95,117.39,Influencer,Mobile
ORD0003610,CUST00638,PROD0162,Home & Living,2022-09-16,2022-09,1,81.32,0,81.32,35.78,1,0.0,0.0,Influencer,Mobile
ORD0003611,CUST00638,PROD0033,Sports,2024-02-19,2024-02,3,54.48,0,163.44,45.76,0,163.44,45.76,Influencer,Mobile
ORD0003612,CUST00639,PROD0039,Beauty,2022-07-24,2022-07,1,69.16,0,69.16,38.73,1,0.0,0.0,Organic Search,Mobile
ORD0003613,CUST00639,PROD0042,Home & Living,2023-09-13,2023-09,3,61.51,0,184.53,51.67,0,184.53,51.67,Organic Search,Mobile
ORD0003614,CUST00639,PROD0076,Clothing,2022-10-01,2022-10,2,54.02,0,108.04,33.49,0,108.04,33.49,Organic Search,Mobile
ORD0003615,CUST00639,PROD0105,Sports,2023-01-11,2023-01,1,41.5,0,41.5,26.14,0,41.5,26.14,Organic Search,Mobile
ORD0003616,CUST00639,PROD0103,Accessories,2023-10-16,2023-10,1,84.89,0,84.89,38.2,1,0.0,0.0,Organic Search,Mobile
ORD0003617,CUST00640,PROD0048,Home & Living,2023-02-25,2023-02,2,96.14,0,192.28,121.14,0,192.28,121.14,Organic Search,Desktop
ORD0003618,CUST00640,PROD0083,Clothing,2022-12-23,2022-12,3,25.2,0,75.6,40.82,0,75.6,40.82,Organic Search,Desktop
ORD0003619,CUST00640,PROD0151,Clothing,2023-09-27,2023-09,1,30.88,0,30.88,13.59,0,30.88,13.59,Organic Search,Desktop
ORD0003620,CUST00640,PROD0156,Sports,2023-01-21,2023-01,1,96.17,0,96.17,55.78,1,0.0,0.0,Organic Search,Desktop
ORD0003621,CUST00640,PROD0187,Clothing,2024-03-22,2024-03,1,104.59,0,104.59,46.02,0,104.59,46.02,Organic Search,Desktop
ORD0003622,CUST00640,PROD0103,Accessories,2023-07-16,2023-07,2,84.89,0,169.78,76.4,0,169.78,76.4,Organic Search,Desktop
ORD0003623,CUST00640,PROD0061,Home & Living,2023-10-31,2023-10,3,136.85,0,410.55,151.9,0,410.55,151.9,Organic Search,Desktop
ORD0003624,CUST00640,PROD0105,Sports,2023-08-14,2023-08,1,41.5,0,41.5,26.14,0,41.5,26.14,Organic Search,Desktop
ORD0003625,CUST00640,PROD0121,Clothing,2023-11-23,2023-11,2,86.37,0,172.74,84.64,0,172.74,84.64,Organic Search,Desktop
ORD0003626,CUST00641,PROD0198,Sports,2023-05-08,2023-05,2,59.63,0,119.26,50.09,0,119.26,50.09,Email,Desktop
ORD0003627,CUST00641,PROD0135,Beauty,2024-02-04,2024-02,2,31.76,0.1,57.17,35.45,0,57.17,35.45,Email,Desktop
ORD0003628,CUST00641,PROD0057,Beauty,2024-01-06,2024-01,1,25.42,0,25.42,12.2,0,25.42,12.2,Email,Desktop
ORD0003629,CUST00641,PROD0183,Clothing,2022-11-01,2022-11,3,78.37,0,235.11,141.07,0,235.11,141.07,Email,Desktop
ORD0003630,CUST00641,PROD0008,Footwear,2024-01-25,2024-01,1,151.56,0.1,136.4,83.2,1,0.0,0.0,Email,Desktop
ORD0003631,CUST00641,PROD0184,Sports,2022-09-13,2022-09,3,135.08,0.1,364.72,98.47,1,0.0,0.0,Email,Desktop
ORD0003632,CUST00641,PROD0030,Beauty,2023-03-18,2023-03,3,30.52,0.15,77.83,28.02,1,0.0,0.0,Email,Desktop
ORD0003633,CUST00642,PROD0012,Sports,2023-01-15,2023-01,1,146.79,0,146.79,52.84,0,146.79,52.84,Email,Mobile
ORD0003634,CUST00642,PROD0126,Sports,2023-04-25,2023-04,3,92.2,0.2,221.28,141.62,0,221.28,141.62,Email,Mobile
ORD0003635,CUST00642,PROD0038,Accessories,2023-10-17,2023-10,1,85.41,0,85.41,46.98,1,0.0,0.0,Email,Mobile
ORD0003636,CUST00642,PROD0094,Home & Living,2023-11-10,2023-11,1,56.47,0,56.47,35.58,0,56.47,35.58,Email,Mobile
ORD0003637,CUST00643,PROD0101,Footwear,2023-12-29,2023-12,1,191.81,0,191.81,84.4,0,191.81,84.4,Referral,Desktop
ORD0003638,CUST00643,PROD0160,Accessories,2022-11-17,2022-11,3,31.12,0.1,84.02,47.05,0,84.02,47.05,Referral,Desktop
ORD0003639,CUST00643,PROD0071,Beauty,2023-06-15,2023-06,3,65.25,0.1,176.18,107.47,0,176.18,107.47,Referral,Desktop
ORD0003640,CUST00643,PROD0073,Sports,2023-10-12,2023-10,2,66.61,0.1,119.9,43.16,0,119.9,43.16,Referral,Desktop
ORD0003641,CUST00643,PROD0134,Accessories,2023-05-22,2023-05,1,24.1,0,24.1,13.5,0,24.1,13.5,Referral,Desktop
ORD0003642,CUST00643,PROD0181,Home & Living,2023-12-20,2023-12,3,68.65,0,205.95,117.39,0,205.95,117.39,Referral,Desktop
ORD0003643,CUST00643,PROD0079,Footwear,2023-05-15,2023-05,3,67.68,0.1,182.74,76.75,0,182.74,76.75,Referral,Desktop
ORD0003644,CUST00643,PROD0092,Beauty,2023-05-05,2023-05,3,19.38,0.1,52.33,16.75,0,52.33,16.75,Referral,Desktop
ORD0003645,CUST00644,PROD0076,Clothing,2023-06-23,2023-06,2,54.02,0,108.04,33.49,0,108.04,33.49,Influencer,Desktop
ORD0003646,CUST00644,PROD0064,Footwear,2022-12-07,2022-12,3,190.18,0,570.54,222.51,1,0.0,0.0,Influencer,Desktop
ORD0003647,CUST00644,PROD0187,Clothing,2023-06-22,2023-06,3,104.59,0,313.77,138.06,1,0.0,0.0,Influencer,Desktop
ORD0003648,CUST00644,PROD0130,Home & Living,2023-12-19,2023-12,1,126.57,0,126.57,73.41,1,0.0,0.0,Influencer,Desktop
ORD0003649,CUST00644,PROD0082,Beauty,2023-01-28,2023-01,3,20.0,0,60.0,39.0,1,0.0,0.0,Influencer,Desktop
ORD0003650,CUST00644,PROD0198,Sports,2024-01-24,2024-01,3,59.63,0,178.89,75.13,0,178.89,75.13,Influencer,Desktop
ORD0003651,CUST00644,PROD0127,Accessories,2023-07-07,2023-07,3,49.21,0,147.63,45.77,0,147.63,45.77,Influencer,Desktop
ORD0003652,CUST00644,PROD0168,Clothing,2023-05-23,2023-05,2,45.57,0,91.14,38.28,0,91.14,38.28,Influencer,Desktop
ORD0003653,CUST00644,PROD0178,Clothing,2022-09-08,2022-09,3,60.67,0,182.01,72.8,0,182.01,72.8,Influencer,Desktop
ORD0003654,CUST00644,PROD0157,Sports,2023-01-17,2023-01,3,101.12,0,303.36,127.41,0,303.36,127.41,Influencer,Desktop
ORD0003655,CUST00645,PROD0180,Sports,2023-06-22,2023-06,1,57.83,0,57.83,32.38,0,57.83,32.38,Influencer,Mobile
ORD0003656,CUST00645,PROD0197,Clothing,2023-10-06,2023-10,2,92.45,0,184.9,66.56,0,184.9,66.56,Influencer,Mobile
ORD0003657,CUST00645,PROD0024,Beauty,2023-09-04,2023-09,2,20.35,0,40.7,16.69,0,40.7,16.69,Influencer,Mobile
ORD0003658,CUST00645,PROD0170,Beauty,2024-02-26,2024-02,1,69.97,0,69.97,44.78,0,69.97,44.78,Influencer,Mobile
ORD0003659,CUST00646,PROD0136,Accessories,2023-10-01,2023-10,1,78.97,0.1,71.07,26.3,0,71.07,26.3,Referral,Mobile
ORD0003660,CUST00646,PROD0033,Sports,2023-04-28,2023-04,3,54.48,0,163.44,45.76,0,163.44,45.76,Referral,Mobile
ORD0003661,CUST00646,PROD0158,Home & Living,2023-03-24,2023-03,3,50.83,0.1,137.24,64.5,0,137.24,64.5,Referral,Mobile
ORD0003662,CUST00646,PROD0137,Home & Living,2023-05-31,2023-05,2,99.54,0.1,179.17,69.88,1,0.0,0.0,Referral,Mobile
ORD0003663,CUST00646,PROD0029,Accessories,2024-03-21,2024-03,3,59.38,0,178.14,106.88,0,178.14,106.88,Referral,Mobile
ORD0003664,CUST00647,PROD0136,Accessories,2023-12-01,2023-12,3,78.97,0,236.91,87.66,0,236.91,87.66,Direct,Mobile
ORD0003665,CUST00647,PROD0067,Clothing,2023-08-08,2023-08,3,47.62,0,142.86,45.72,0,142.86,45.72,Direct,Mobile
ORD0003666,CUST00647,PROD0136,Accessories,2023-12-08,2023-12,2,78.97,0,157.94,58.44,0,157.94,58.44,Direct,Mobile
ORD0003667,CUST00647,PROD0061,Home & Living,2024-01-23,2024-01,2,136.85,0,273.7,101.27,0,273.7,101.27,Direct,Mobile
ORD0003668,CUST00647,PROD0111,Clothing,2023-05-27,2023-05,3,72.51,0,217.53,132.69,0,217.53,132.69,Direct,Mobile
ORD0003669,CUST00647,PROD0030,Beauty,2024-02-08,2024-02,2,30.52,0,61.04,21.97,0,61.04,21.97,Direct,Mobile
ORD0003670,CUST00647,PROD0192,Sports,2023-08-26,2023-08,1,82.92,0,82.92,43.12,0,82.92,43.12,Direct,Mobile
ORD0003671,CUST00648,PROD0139,Home & Living,2023-12-09,2023-12,1,121.16,0,121.16,72.7,0,121.16,72.7,Paid Social,Mobile
ORD0003672,CUST00648,PROD0038,Accessories,2022-07-17,2022-07,3,85.41,0.1,230.61,126.84,0,230.61,126.84,Paid Social,Mobile
ORD0003673,CUST00649,PROD0187,Clothing,2023-02-22,2023-02,1,104.59,0,104.59,46.02,0,104.59,46.02,Referral,Desktop
ORD0003674,CUST00649,PROD0064,Footwear,2023-05-04,2023-05,1,190.18,0.1,171.16,66.75,0,171.16,66.75,Referral,Desktop
ORD0003675,CUST00649,PROD0162,Home & Living,2022-10-21,2022-10,2,81.32,0,162.64,71.56,0,162.64,71.56,Referral,Desktop
ORD0003676,CUST00649,PROD0140,Home & Living,2022-11-02,2022-11,1,34.26,0.1,30.83,16.96,0,30.83,16.96,Referral,Desktop
ORD0003677,CUST00649,PROD0003,Footwear,2022-02-18,2022-02,2,63.28,0.1,113.9,56.95,0,113.9,56.95,Referral,Desktop
ORD0003678,CUST00649,PROD0024,Beauty,2024-02-21,2024-02,2,20.35,0.1,36.63,15.02,0,36.63,15.02,Referral,Desktop
ORD0003679,CUST00649,PROD0073,Sports,2022-01-18,2022-01,1,66.61,0.1,59.95,21.58,0,59.95,21.58,Referral,Desktop
ORD0003680,CUST00650,PROD0001,Accessories,2023-04-13,2023-04,1,40.31,0,40.31,14.11,0,40.31,14.11,Direct,Tablet
ORD0003681,CUST00650,PROD0089,Sports,2023-04-20,2023-04,1,40.38,0,40.38,13.33,0,40.38,13.33,Direct,Tablet
ORD0003682,CUST00651,PROD0198,Sports,2023-09-25,2023-09,3,59.63,0,178.89,75.13,1,0.0,0.0,Paid Social,Mobile
ORD0003683,CUST00651,PROD0070,Home & Living,2024-03-25,2024-03,1,75.93,0.1,68.34,40.32,0,68.34,40.32,Paid Social,Mobile
ORD0003684,CUST00651,PROD0096,Sports,2023-10-27,2023-10,3,59.98,0,179.94,115.16,0,179.94,115.16,Paid Social,Mobile
ORD0003685,CUST00651,PROD0047,Footwear,2024-02-16,2024-02,2,144.43,0.05,274.42,107.02,0,274.42,107.02,Paid Social,Mobile
ORD0003686,CUST00651,PROD0001,Accessories,2023-12-19,2023-12,3,40.31,0.05,114.88,40.21,0,114.88,40.21,Paid Social,Mobile
ORD0003687,CUST00651,PROD0177,Accessories,2024-03-12,2024-03,1,31.44,0.05,29.87,11.35,0,29.87,11.35,Paid Social,Mobile
ORD0003688,CUST00652,PROD0098,Home & Living,2023-02-05,2023-02,3,101.77,0.15,259.51,108.99,0,259.51,108.99,Email,Mobile
ORD0003689,CUST00652,PROD0162,Home & Living,2023-08-11,2023-08,1,81.32,0,81.32,35.78,1,0.0,0.0,Email,Mobile
ORD0003690,CUST00652,PROD0087,Home & Living,2023-06-13,2023-06,1,45.63,0,45.63,26.47,1,0.0,0.0,Email,Mobile
ORD0003691,CUST00652,PROD0174,Clothing,2022-12-20,2022-12,3,69.83,0.15,178.07,46.3,1,0.0,0.0,Email,Mobile
ORD0003692,CUST00652,PROD0087,Home & Living,2023-11-20,2023-11,3,45.63,0.1,123.2,71.46,0,123.2,71.46,Email,Mobile
ORD0003693,CUST00653,PROD0046,Sports,2024-01-28,2024-01,1,44.39,0,44.39,23.53,0,44.39,23.53,Direct,Mobile
ORD0003694,CUST00653,PROD0021,Beauty,2023-06-25,2023-06,1,65.25,0,65.25,40.45,0,65.25,40.45,Direct,Mobile
ORD0003695,CUST00653,PROD0030,Beauty,2024-03-05,2024-03,1,30.52,0,30.52,10.99,0,30.52,10.99,Direct,Mobile
ORD0003696,CUST00653,PROD0129,Accessories,2023-10-31,2023-10,1,45.01,0,45.01,13.95,0,45.01,13.95,Direct,Mobile
ORD0003697,CUST00653,PROD0083,Clothing,2023-11-10,2023-11,2,25.2,0,50.4,27.22,0,50.4,27.22,Direct,Mobile
ORD0003698,CUST00653,PROD0084,Accessories,2024-03-04,2024-03,3,45.9,0,137.7,38.56,0,137.7,38.56,Direct,Mobile
ORD0003699,CUST00653,PROD0056,Home & Living,2023-07-31,2023-07,2,70.19,0,140.38,75.81,1,0.0,0.0,Direct,Mobile
ORD0003700,CUST00653,PROD0078,Accessories,2023-07-31,2023-07,3,83.84,0,251.52,150.91,0,251.52,150.91,Direct,Mobile
ORD0003701,CUST00653,PROD0093,Footwear,2023-11-24,2023-11,1,85.42,0,85.42,48.69,1,0.0,0.0,Direct,Mobile
ORD0003702,CUST00653,PROD0144,Beauty,2024-01-20,2024-01,2,34.94,0,69.88,38.43,0,69.88,38.43,Direct,Mobile
ORD0003703,CUST00653,PROD0119,Beauty,2023-09-12,2023-09,1,20.14,0,20.14,7.25,0,20.14,7.25,Direct,Mobile
ORD0003704,CUST00653,PROD0051,Footwear,2023-06-06,2023-06,3,119.28,0,357.84,203.97,0,357.84,203.97,Direct,Mobile
ORD0003705,CUST00653,PROD0081,Home & Living,2023-11-25,2023-11,2,97.71,0,195.42,50.81,0,195.42,50.81,Direct,Mobile
ORD0003706,CUST00654,PROD0029,Accessories,2022-09-24,2022-09,2,59.38,0,118.76,71.26,0,118.76,71.26,Email,Mobile
ORD0003707,CUST00654,PROD0011,Sports,2023-04-18,2023-04,3,85.35,0,256.05,71.69,0,256.05,71.69,Email,Mobile
ORD0003708,CUST00654,PROD0032,Home & Living,2023-07-07,2023-07,1,43.05,0.1,38.74,11.23,0,38.74,11.23,Email,Mobile
ORD0003709,CUST00654,PROD0129,Accessories,2023-08-12,2023-08,1,45.01,0.1,40.51,12.56,0,40.51,12.56,Email,Mobile
ORD0003710,CUST00654,PROD0162,Home & Living,2023-07-19,2023-07,1,81.32,0,81.32,35.78,0,81.32,35.78,Email,Mobile
ORD0003711,CUST00654,PROD0104,Sports,2023-10-02,2023-10,1,40.92,0.15,34.78,12.52,0,34.78,12.52,Email,Mobile
ORD0003712,CUST00655,PROD0147,Home & Living,2023-06-14,2023-06,3,133.32,0,399.96,183.98,0,399.96,183.98,Referral,Mobile
ORD0003713,CUST00655,PROD0132,Home & Living,2023-09-09,2023-09,1,31.95,0,31.95,18.53,1,0.0,0.0,Referral,Mobile
ORD0003714,CUST00655,PROD0179,Footwear,2023-10-04,2023-10,3,56.4,0,169.2,104.9,0,169.2,104.9,Referral,Mobile
ORD0003715,CUST00655,PROD0078,Accessories,2023-05-05,2023-05,3,83.84,0,251.52,150.91,0,251.52,150.91,Referral,Mobile
ORD0003716,CUST00655,PROD0190,Beauty,2023-11-09,2023-11,2,23.73,0,47.46,20.88,0,47.46,20.88,Referral,Mobile
ORD0003717,CUST00655,PROD0005,Footwear,2024-01-20,2024-01,2,121.17,0,242.34,140.56,0,242.34,140.56,Referral,Mobile
ORD0003718,CUST00655,PROD0002,Clothing,2023-09-14,2023-09,2,48.81,0.1,87.86,55.35,0,87.86,55.35,Referral,Mobile
ORD0003719,CUST00655,PROD0057,Beauty,2023-12-30,2023-12,1,25.42,0.1,22.88,10.98,0,22.88,10.98,Referral,Mobile
ORD0003720,CUST00655,PROD0089,Sports,2023-09-08,2023-09,1,40.38,0.1,36.34,11.99,0,36.34,11.99,Referral,Mobile
ORD0003721,CUST00655,PROD0066,Footwear,2023-11-17,2023-11,1,151.36,0,151.36,43.89,0,151.36,43.89,Referral,Mobile
ORD0003722,CUST00655,PROD0037,Clothing,2023-02-14,2023-02,1,99.72,0,99.72,37.89,0,99.72,37.89,Referral,Mobile
ORD0003723,CUST00655,PROD0191,Accessories,2023-09-12,2023-09,3,42.93,0,128.79,63.11,0,128.79,63.11,Referral,Mobile
ORD0003724,CUST00656,PROD0177,Accessories,2023-11-21,2023-11,1,31.44,0.05,29.87,11.35,0,29.87,11.35,Paid Social,Desktop
ORD0003725,CUST00657,PROD0158,Home & Living,2023-05-09,2023-05,2,50.83,0.1,91.49,43.0,0,91.49,43.0,Paid Social,Desktop
ORD0003726,CUST00657,PROD0016,Beauty,2023-11-25,2023-11,2,14.72,0,29.44,18.84,0,29.44,18.84,Paid Social,Desktop
ORD0003727,CUST00657,PROD0069,Beauty,2023-06-02,2023-06,1,52.71,0,52.71,31.63,0,52.71,31.63,Paid Social,Desktop
ORD0003728,CUST00658,PROD0096,Sports,2023-11-17,2023-11,2,59.98,0,119.96,76.77,0,119.96,76.77,Organic Search,Desktop
ORD0003729,CUST00658,PROD0014,Beauty,2023-08-10,2023-08,1,56.06,0,56.06,35.32,1,0.0,0.0,Organic Search,Desktop
ORD0003730,CUST00658,PROD0106,Footwear,2023-12-11,2023-12,1,188.1,0,188.1,80.88,1,0.0,0.0,Organic Search,Desktop
ORD0003731,CUST00658,PROD0012,Sports,2023-11-10,2023-11,1,146.79,0,146.79,52.84,0,146.79,52.84,Organic Search,Desktop
ORD0003732,CUST00658,PROD0065,Accessories,2023-11-18,2023-11,3,54.38,0,163.14,70.15,0,163.14,70.15,Organic Search,Desktop
ORD0003733,CUST00659,PROD0124,Beauty,2023-12-11,2023-12,1,20.18,0.1,18.16,8.54,0,18.16,8.54,Paid Social,Mobile
ORD0003734,CUST00659,PROD0106,Footwear,2023-01-09,2023-01,1,188.1,0,188.1,80.88,0,188.1,80.88,Paid Social,Mobile
ORD0003735,CUST00659,PROD0076,Clothing,2023-12-27,2023-12,2,54.02,0.05,102.64,31.82,1,0.0,0.0,Paid Social,Mobile
ORD0003736,CUST00659,PROD0130,Home & Living,2024-01-21,2024-01,3,126.57,0.1,341.74,198.21,0,341.74,198.21,Paid Social,Mobile
ORD0003737,CUST00659,PROD0004,Accessories,2023-10-26,2023-10,1,19.48,0,19.48,12.27,1,0.0,0.0,Paid Social,Mobile
ORD0003738,CUST00660,PROD0138,Home & Living,2023-12-11,2023-12,3,126.57,0,379.71,170.87,1,0.0,0.0,Email,Desktop
ORD0003739,CUST00660,PROD0076,Clothing,2023-05-19,2023-05,3,54.02,0.1,145.85,45.21,0,145.85,45.21,Email,Desktop
ORD0003740,CUST00661,PROD0177,Accessories,2023-09-20,2023-09,3,31.44,0,94.32,35.84,0,94.32,35.84,Direct,Desktop
ORD0003741,CUST00661,PROD0039,Beauty,2024-03-11,2024-03,3,69.16,0,207.48,116.19,0,207.48,116.19,Direct,Desktop
ORD0003742,CUST00662,PROD0094,Home & Living,2023-09-11,2023-09,3,56.47,0,169.41,106.73,1,0.0,0.0,Referral,Mobile
ORD0003743,CUST00662,PROD0009,Sports,2024-01-19,2024-01,1,39.16,0,39.16,23.1,0,39.16,23.1,Referral,Mobile
ORD0003744,CUST00662,PROD0023,Clothing,2023-03-12,2023-03,2,85.59,0,171.18,59.91,0,171.18,59.91,Referral,Mobile
ORD0003745,CUST00663,PROD0196,Sports,2024-02-28,2024-02,1,92.93,0,92.93,57.62,0,92.93,57.62,Direct,Desktop
ORD0003746,CUST00663,PROD0121,Clothing,2023-12-29,2023-12,1,86.37,0,86.37,42.32,0,86.37,42.32,Direct,Desktop
ORD0003747,CUST00664,PROD0106,Footwear,2024-02-03,2024-02,1,188.1,0,188.1,80.88,0,188.1,80.88,Organic Search,Mobile
ORD0003748,CUST00664,PROD0107,Clothing,2023-09-17,2023-09,3,91.09,0,273.27,169.43,1,0.0,0.0,Organic Search,Mobile
ORD0003749,CUST00664,PROD0163,Beauty,2023-10-27,2023-10,3,20.18,0,60.54,29.06,1,0.0,0.0,Organic Search,Mobile
ORD0003750,CUST00664,PROD0017,Home & Living,2023-08-25,2023-08,2,31.84,0,63.68,24.84,1,0.0,0.0,Organic Search,Mobile
ORD0003751,CUST00664,PROD0126,Sports,2024-01-28,2024-01,3,92.2,0,276.6,177.02,0,276.6,177.02,Organic Search,Mobile
ORD0003752,CUST00664,PROD0002,Clothing,2022-07-12,2022-07,3,48.81,0,146.43,92.25,0,146.43,92.25,Organic Search,Mobile
ORD0003753,CUST00664,PROD0199,Sports,2022-10-17,2022-10,3,40.52,0,121.56,38.9,0,121.56,38.9,Organic Search,Mobile
ORD0003754,CUST00665,PROD0098,Home & Living,2023-05-06,2023-05,3,101.77,0.1,274.78,115.41,0,274.78,115.41,Referral,Desktop
ORD0003755,CUST00665,PROD0051,Footwear,2024-03-05,2024-03,3,119.28,0.1,322.06,183.57,0,322.06,183.57,Referral,Desktop
ORD0003756,CUST00665,PROD0087,Home & Living,2023-04-28,2023-04,2,45.63,0.1,82.13,47.64,1,0.0,0.0,Referral,Desktop
ORD0003757,CUST00665,PROD0064,Footwear,2023-08-27,2023-08,3,190.18,0,570.54,222.51,0,570.54,222.51,Referral,Desktop
ORD0003758,CUST00665,PROD0166,Clothing,2024-03-18,2024-03,2,87.15,0.1,156.87,97.26,0,156.87,97.26,Referral,Desktop
ORD0003759,CUST00665,PROD0174,Clothing,2023-09-13,2023-09,2,69.83,0,139.66,36.31,0,139.66,36.31,Referral,Desktop
ORD0003760,CUST00665,PROD0103,Accessories,2023-12-24,2023-12,1,84.89,0.1,76.4,34.38,0,76.4,34.38,Referral,Desktop
ORD0003761,CUST00666,PROD0181,Home & Living,2023-09-05,2023-09,2,68.65,0.05,130.44,74.35,1,0.0,0.0,Paid Social,Desktop
ORD0003762,CUST00666,PROD0005,Footwear,2022-11-11,2022-11,2,121.17,0.1,218.11,126.5,1,0.0,0.0,Paid Social,Desktop
ORD0003763,CUST00666,PROD0002,Clothing,2023-02-19,2023-02,3,48.81,0.1,131.79,83.03,0,131.79,83.03,Paid Social,Desktop
ORD0003764,CUST00667,PROD0168,Clothing,2023-12-26,2023-12,1,45.57,0,45.57,19.14,0,45.57,19.14,Influencer,Desktop
ORD0003765,CUST00667,PROD0013,Sports,2023-12-05,2023-12,3,147.02,0,441.06,172.01,1,0.0,0.0,Influencer,Desktop
ORD0003766,CUST00667,PROD0059,Sports,2024-01-02,2024-01,2,76.4,0,152.8,77.93,0,152.8,77.93,Influencer,Desktop
ORD0003767,CUST00667,PROD0009,Sports,2023-11-18,2023-11,2,39.16,0,78.32,46.21,0,78.32,46.21,Influencer,Desktop
ORD0003768,CUST00667,PROD0066,Footwear,2023-12-31,2023-12,2,151.36,0,302.72,87.79,0,302.72,87.79,Influencer,Desktop
ORD0003769,CUST00668,PROD0052,Clothing,2023-11-30,2023-11,3,61.19,0.1,165.21,47.91,0,165.21,47.91,Email,Mobile
ORD0003770,CUST00668,PROD0077,Footwear,2022-08-27,2022-08,1,66.48,0.1,59.83,26.92,1,0.0,0.0,Email,Mobile
ORD0003771,CUST00668,PROD0080,Sports,2023-03-10,2023-03,2,42.1,0.15,71.57,35.78,1,0.0,0.0,Email,Mobile
ORD0003772,CUST00668,PROD0163,Beauty,2024-01-13,2024-01,1,20.18,0.15,17.15,8.23,0,17.15,8.23,Email,Mobile
ORD0003773,CUST00668,PROD0032,Home & Living,2023-05-28,2023-05,2,43.05,0.2,68.88,19.98,0,68.88,19.98,Email,Mobile
ORD0003774,CUST00668,PROD0002,Clothing,2023-04-09,2023-04,2,48.81,0,97.62,61.5,1,0.0,0.0,Email,Mobile
ORD0003775,CUST00668,PROD0043,Footwear,2023-03-13,2023-03,1,62.01,0.2,49.61,30.76,1,0.0,0.0,Email,Mobile
ORD0003776,CUST00668,PROD0007,Beauty,2023-05-23,2023-05,3,25.48,0.1,68.8,22.7,0,68.8,22.7,Email,Mobile
ORD0003777,CUST00668,PROD0152,Accessories,2023-03-05,2023-03,2,36.62,0.15,62.25,27.39,1,0.0,0.0,Email,Mobile
ORD0003778,CUST00668,PROD0006,Accessories,2023-09-21,2023-09,2,25.71,0,51.42,24.17,1,0.0,0.0,Email,Mobile
ORD0003779,CUST00668,PROD0127,Accessories,2023-10-24,2023-10,2,49.21,0,98.42,30.51,0,98.42,30.51,Email,Mobile
ORD0003780,CUST00669,PROD0113,Home & Living,2023-11-10,2023-11,1,30.82,0.05,29.28,15.52,0,29.28,15.52,Paid Social,Mobile
ORD0003781,CUST00669,PROD0028,Sports,2024-01-15,2024-01,3,115.45,0.05,329.03,161.22,0,329.03,161.22,Paid Social,Mobile
ORD0003782,CUST00669,PROD0014,Beauty,2023-02-21,2023-02,3,56.06,0.05,159.77,100.66,0,159.77,100.66,Paid Social,Mobile
ORD0003783,CUST00669,PROD0069,Beauty,2023-01-16,2023-01,1,52.71,0.1,47.44,28.46,0,47.44,28.46,Paid Social,Mobile
ORD0003784,CUST00670,PROD0173,Footwear,2023-10-30,2023-10,3,87.72,0.1,236.84,101.84,1,0.0,0.0,Paid Social,Desktop
ORD0003785,CUST00670,PROD0040,Beauty,2023-12-20,2023-12,2,42.24,0.05,80.26,32.91,1,0.0,0.0,Paid Social,Desktop
ORD0003786,CUST00670,PROD0070,Home & Living,2023-11-02,2023-11,2,75.93,0,151.86,89.6,1,0.0,0.0,Paid Social,Desktop
ORD0003787,CUST00670,PROD0047,Footwear,2023-09-06,2023-09,3,144.43,0,433.29,168.98,1,0.0,0.0,Paid Social,Desktop
ORD0003788,CUST00671,PROD0133,Clothing,2023-08-26,2023-08,2,70.11,0,140.22,79.93,1,0.0,0.0,Organic Search,Desktop
ORD0003789,CUST00671,PROD0045,Home & Living,2023-12-17,2023-12,1,91.27,0,91.27,41.98,1,0.0,0.0,Organic Search,Desktop
ORD0003790,CUST00671,PROD0113,Home & Living,2024-03-19,2024-03,2,30.82,0,61.64,32.67,0,61.64,32.67,Organic Search,Desktop
ORD0003791,CUST00671,PROD0121,Clothing,2024-03-02,2024-03,1,86.37,0,86.37,42.32,0,86.37,42.32,Organic Search,Desktop
ORD0003792,CUST00671,PROD0077,Footwear,2024-02-05,2024-02,2,66.48,0,132.96,59.83,0,132.96,59.83,Organic Search,Desktop
ORD0003793,CUST00671,PROD0029,Accessories,2024-02-05,2024-02,2,59.38,0,118.76,71.26,0,118.76,71.26,Organic Search,Desktop
ORD0003794,CUST00671,PROD0068,Accessories,2023-10-11,2023-10,2,58.26,0,116.52,48.94,0,116.52,48.94,Organic Search,Desktop
ORD0003795,CUST00672,PROD0015,Footwear,2023-09-10,2023-09,3,131.63,0,394.89,161.9,0,394.89,161.9,Direct,Mobile
ORD0003796,CUST00672,PROD0033,Sports,2023-09-16,2023-09,3,54.48,0,163.44,45.76,0,163.44,45.76,Direct,Mobile
ORD0003797,CUST00672,PROD0079,Footwear,2024-03-18,2024-03,1,67.68,0,67.68,28.43,0,67.68,28.43,Direct,Mobile
ORD0003798,CUST00672,PROD0129,Accessories,2023-10-20,2023-10,1,45.01,0,45.01,13.95,0,45.01,13.95,Direct,Mobile
ORD0003799,CUST00672,PROD0148,Beauty,2023-10-26,2023-10,2,56.54,0,113.08,62.19,0,113.08,62.19,Direct,Mobile
ORD0003800,CUST00673,PROD0077,Footwear,2022-11-22,2022-11,2,66.48,0,132.96,59.83,0,132.96,59.83,Referral,Desktop
ORD0003801,CUST00673,PROD0119,Beauty,2023-08-07,2023-08,2,20.14,0.1,36.25,13.05,0,36.25,13.05,Referral,Desktop
ORD0003802,CUST00673,PROD0049,Home & Living,2022-08-30,2022-08,2,60.55,0.1,108.99,42.51,1,0.0,0.0,Referral,Desktop
ORD0003803,CUST00673,PROD0085,Accessories,2024-01-19,2024-01,1,53.78,0.1,48.4,23.23,1,0.0,0.0,Referral,Desktop
ORD0003804,CUST00673,PROD0060,Footwear,2023-03-09,2023-03,2,104.31,0.1,187.76,54.45,1,0.0,0.0,Referral,Desktop
ORD0003805,CUST00673,PROD0086,Clothing,2023-02-24,2023-02,2,82.15,0.1,147.87,84.29,0,147.87,84.29,Referral,Desktop
ORD0003806,CUST00674,PROD0198,Sports,2022-07-15,2022-07,1,59.63,0.2,47.7,20.03,0,47.7,20.03,Email,Mobile
ORD0003807,CUST00674,PROD0133,Clothing,2022-10-04,2022-10,1,70.11,0.1,63.1,35.97,0,63.1,35.97,Email,Mobile
ORD0003808,CUST00674,PROD0045,Home & Living,2023-03-16,2023-03,1,91.27,0.1,82.14,37.78,1,0.0,0.0,Email,Mobile
ORD0003809,CUST00674,PROD0080,Sports,2022-11-01,2022-11,1,42.1,0.1,37.89,18.95,0,37.89,18.95,Email,Mobile
ORD0003810,CUST00674,PROD0167,Footwear,2024-01-31,2024-01,3,62.12,0.15,158.41,45.94,0,158.41,45.94,Email,Mobile
ORD0003811,CUST00674,PROD0166,Clothing,2023-08-03,2023-08,1,87.15,0,87.15,54.03,0,87.15,54.03,Email,Mobile
ORD0003812,CUST00674,PROD0107,Clothing,2023-01-28,2023-01,3,91.09,0,273.27,169.43,0,273.27,169.43,Email,Mobile
ORD0003813,CUST00674,PROD0163,Beauty,2022-03-24,2022-03,2,20.18,0.1,36.32,17.43,0,36.32,17.43,Email,Mobile
ORD0003814,CUST00674,PROD0108,Accessories,2022-12-23,2022-12,1,82.14,0,82.14,24.64,1,0.0,0.0,Email,Mobile
ORD0003815,CUST00674,PROD0168,Clothing,2023-06-03,2023-06,1,45.57,0.1,41.01,17.22,1,0.0,0.0,Email,Mobile
ORD0003816,CUST00674,PROD0075,Accessories,2024-02-08,2024-02,1,80.95,0,80.95,32.38,1,0.0,0.0,Email,Mobile
ORD0003817,CUST00674,PROD0112,Home & Living,2024-02-14,2024-02,3,48.0,0,144.0,82.08,1,0.0,0.0,Email,Mobile
ORD0003818,CUST00675,PROD0049,Home & Living,2023-04-09,2023-04,1,60.55,0,60.55,23.61,1,0.0,0.0,Organic Search,Mobile
ORD0003819,CUST00675,PROD0195,Accessories,2022-12-15,2022-12,3,33.68,0,101.04,61.63,0,101.04,61.63,Organic Search,Mobile
ORD0003820,CUST00675,PROD0198,Sports,2022-06-02,2022-06,3,59.63,0,178.89,75.13,0,178.89,75.13,Organic Search,Mobile
ORD0003821,CUST00675,PROD0083,Clothing,2022-09-13,2022-09,3,25.2,0,75.6,40.82,0,75.6,40.82,Organic Search,Mobile
ORD0003822,CUST00675,PROD0034,Clothing,2022-07-04,2022-07,1,108.12,0,108.12,43.25,0,108.12,43.25,Organic Search,Mobile
ORD0003823,CUST00676,PROD0047,Footwear,2023-03-09,2023-03,2,144.43,0,288.86,112.66,0,288.86,112.66,Paid Social,Mobile
ORD0003824,CUST00676,PROD0152,Accessories,2023-12-30,2023-12,3,36.62,0,109.86,48.34,0,109.86,48.34,Paid Social,Mobile
ORD0003825,CUST00676,PROD0092,Beauty,2023-10-23,2023-10,3,19.38,0.1,52.33,16.75,0,52.33,16.75,Paid Social,Mobile
ORD0003826,CUST00676,PROD0091,Beauty,2023-03-06,2023-03,2,39.11,0,78.22,31.29,0,78.22,31.29,Paid Social,Mobile
ORD0003827,CUST00677,PROD0149,Beauty,2024-01-30,2024-01,1,65.53,0,65.53,34.08,0,65.53,34.08,Organic Search,Tablet
ORD0003828,CUST00677,PROD0082,Beauty,2024-02-21,2024-02,3,20.0,0,60.0,39.0,1,0.0,0.0,Organic Search,Tablet
ORD0003829,CUST00677,PROD0087,Home & Living,2024-01-03,2024-01,2,45.63,0,91.26,52.93,0,91.26,52.93,Organic Search,Tablet
ORD0003830,CUST00677,PROD0199,Sports,2024-01-16,2024-01,1,40.52,0,40.52,12.97,0,40.52,12.97,Organic Search,Tablet
ORD0003831,CUST00677,PROD0148,Beauty,2023-12-22,2023-12,1,56.54,0,56.54,31.1,0,56.54,31.1,Organic Search,Tablet
ORD0003832,CUST00677,PROD0111,Clothing,2023-09-15,2023-09,3,72.51,0,217.53,132.69,0,217.53,132.69,Organic Search,Tablet
ORD0003833,CUST00678,PROD0063,Accessories,2024-01-14,2024-01,2,72.45,0,144.9,49.27,0,144.9,49.27,Email,Desktop
ORD0003834,CUST00678,PROD0002,Clothing,2022-10-18,2022-10,3,48.81,0.2,117.14,73.8,0,117.14,73.8,Email,Desktop
ORD0003835,CUST00679,PROD0196,Sports,2023-12-28,2023-12,3,92.93,0,278.79,172.85,0,278.79,172.85,Direct,Mobile
ORD0003836,CUST00679,PROD0114,Beauty,2024-02-21,2024-02,1,25.83,0,25.83,10.59,0,25.83,10.59,Direct,Mobile
ORD0003837,CUST00679,PROD0080,Sports,2024-03-28,2024-03,3,42.1,0,126.3,63.15,1,0.0,0.0,Direct,Mobile
ORD0003838,CUST00679,PROD0076,Clothing,2024-02-04,2024-02,1,54.02,0,54.02,16.75,0,54.02,16.75,Direct,Mobile
ORD0003839,CUST00679,PROD0075,Accessories,2023-08-21,2023-08,2,80.95,0,161.9,64.76,0,161.9,64.76,Direct,Mobile
ORD0003840,CUST00679,PROD0108,Accessories,2024-02-14,2024-02,1,82.14,0,82.14,24.64,0,82.14,24.64,Direct,Mobile
ORD0003841,CUST00680,PROD0165,Footwear,2024-02-22,2024-02,3,116.35,0.1,314.14,201.05,1,0.0,0.0,Paid Social,Desktop
ORD0003842,CUST00681,PROD0011,Sports,2023-01-06,2023-01,3,85.35,0,256.05,71.69,0,256.05,71.69,Direct,Mobile
ORD0003843,CUST00681,PROD0078,Accessories,2024-02-08,2024-02,3,83.84,0,251.52,150.91,0,251.52,150.91,Direct,Mobile
ORD0003844,CUST00681,PROD0155,Beauty,2022-11-14,2022-11,3,35.29,0,105.87,43.41,0,105.87,43.41,Direct,Mobile
ORD0003845,CUST00681,PROD0084,Accessories,2023-01-18,2023-01,3,45.9,0,137.7,38.56,0,137.7,38.56,Direct,Mobile
ORD0003846,CUST00681,PROD0009,Sports,2023-10-06,2023-10,3,39.16,0,117.48,69.31,0,117.48,69.31,Direct,Mobile
ORD0003847,CUST00682,PROD0192,Sports,2023-11-12,2023-11,1,82.92,0,82.92,43.12,0,82.92,43.12,Organic Search,Mobile
ORD0003848,CUST00682,PROD0036,Home & Living,2024-01-11,2024-01,3,74.59,0,223.77,78.32,0,223.77,78.32,Organic Search,Mobile
ORD0003849,CUST00682,PROD0137,Home & Living,2022-07-31,2022-07,3,99.54,0,298.62,116.46,0,298.62,116.46,Organic Search,Mobile
ORD0003850,CUST00682,PROD0019,Beauty,2024-02-28,2024-02,2,17.13,0,34.26,15.07,0,34.26,15.07,Organic Search,Mobile
ORD0003851,CUST00682,PROD0155,Beauty,2022-08-23,2022-08,3,35.29,0,105.87,43.41,0,105.87,43.41,Organic Search,Mobile
ORD0003852,CUST00682,PROD0115,Accessories,2023-05-28,2023-05,3,74.34,0,223.02,129.35,1,0.0,0.0,Organic Search,Mobile
ORD0003853,CUST00682,PROD0065,Accessories,2023-04-16,2023-04,2,54.38,0,108.76,46.77,0,108.76,46.77,Organic Search,Mobile
ORD0003854,CUST00683,PROD0170,Beauty,2022-11-13,2022-11,2,69.97,0,139.94,89.56,0,139.94,89.56,Referral,Tablet
ORD0003855,CUST00683,PROD0030,Beauty,2023-03-02,2023-03,2,30.52,0,61.04,21.97,0,61.04,21.97,Referral,Tablet
ORD0003856,CUST00683,PROD0148,Beauty,2024-02-11,2024-02,2,56.54,0.1,101.77,55.97,0,101.77,55.97,Referral,Tablet
ORD0003857,CUST00683,PROD0083,Clothing,2023-08-21,2023-08,2,25.2,0,50.4,27.22,0,50.4,27.22,Referral,Tablet
ORD0003858,CUST00683,PROD0115,Accessories,2022-12-21,2022-12,3,74.34,0.1,200.72,116.42,0,200.72,116.42,Referral,Tablet
ORD0003859,CUST00683,PROD0150,Beauty,2023-07-11,2023-07,3,24.66,0.1,66.58,32.62,0,66.58,32.62,Referral,Tablet
ORD0003860,CUST00683,PROD0036,Home & Living,2022-06-24,2022-06,3,74.59,0.1,201.39,70.49,0,201.39,70.49,Referral,Tablet
ORD0003861,CUST00683,PROD0092,Beauty,2022-12-12,2022-12,3,19.38,0,58.14,18.6,0,58.14,18.6,Referral,Tablet
ORD0003862,CUST00683,PROD0057,Beauty,2023-01-20,2023-01,1,25.42,0,25.42,12.2,0,25.42,12.2,Referral,Tablet
ORD0003863,CUST00683,PROD0049,Home & Living,2024-02-06,2024-02,1,60.55,0.1,54.49,21.25,0,54.49,21.25,Referral,Tablet
ORD0003864,CUST00683,PROD0107,Clothing,2023-04-06,2023-04,2,91.09,0,182.18,112.95,0,182.18,112.95,Referral,Tablet
ORD0003865,CUST00683,PROD0064,Footwear,2023-08-03,2023-08,3,190.18,0.1,513.49,200.26,0,513.49,200.26,Referral,Tablet
ORD0003866,CUST00683,PROD0095,Accessories,2023-02-28,2023-02,3,33.53,0,100.59,57.34,0,100.59,57.34,Referral,Tablet
ORD0003867,CUST00684,PROD0191,Accessories,2022-09-28,2022-09,2,42.93,0,85.86,42.07,0,85.86,42.07,Paid Social,Tablet
ORD0003868,CUST00684,PROD0115,Accessories,2023-04-11,2023-04,2,74.34,0,148.68,86.23,0,148.68,86.23,Paid Social,Tablet
ORD0003869,CUST00684,PROD0042,Home & Living,2022-10-19,2022-10,3,61.51,0.1,166.08,46.5,0,166.08,46.5,Paid Social,Tablet
ORD0003870,CUST00684,PROD0058,Accessories,2023-12-18,2023-12,3,50.31,0.05,143.38,47.32,0,143.38,47.32,Paid Social,Tablet
ORD0003871,CUST00684,PROD0003,Footwear,2022-12-16,2022-12,2,63.28,0.1,113.9,56.95,0,113.9,56.95,Paid Social,Tablet
ORD0003872,CUST00685,PROD0011,Sports,2023-11-15,2023-11,2,85.35,0,170.7,47.8,0,170.7,47.8,Influencer,Desktop
ORD0003873,CUST00685,PROD0049,Home & Living,2022-09-06,2022-09,3,60.55,0,181.65,70.84,0,181.65,70.84,Influencer,Desktop
ORD0003874,CUST00685,PROD0182,Accessories,2022-03-18,2022-03,3,22.63,0,67.89,25.8,0,67.89,25.8,Influencer,Desktop
ORD0003875,CUST00686,PROD0186,Home & Living,2023-10-09,2023-10,1,126.59,0.05,120.26,34.88,0,120.26,34.88,Paid Social,Mobile
ORD0003876,CUST00686,PROD0182,Accessories,2024-01-16,2024-01,2,22.63,0.05,43.0,16.34,1,0.0,0.0,Paid Social,Mobile
ORD0003877,CUST00686,PROD0109,Sports,2024-03-03,2024-03,3,60.91,0,182.73,56.65,0,182.73,56.65,Paid Social,Mobile
ORD0003878,CUST00686,PROD0051,Footwear,2023-12-26,2023-12,3,119.28,0,357.84,203.97,1,0.0,0.0,Paid Social,Mobile
ORD0003879,CUST00686,PROD0077,Footwear,2023-10-08,2023-10,1,66.48,0,66.48,29.92,0,66.48,29.92,Paid Social,Mobile
ORD0003880,CUST00686,PROD0105,Sports,2023-11-22,2023-11,2,41.5,0.05,78.85,49.68,0,78.85,49.68,Paid Social,Mobile
ORD0003881,CUST00687,PROD0131,Beauty,2022-06-10,2022-06,1,36.76,0,36.76,12.87,0,36.76,12.87,Organic Search,Mobile
ORD0003882,CUST00687,PROD0132,Home & Living,2022-08-05,2022-08,3,31.95,0,95.85,55.59,1,0.0,0.0,Organic Search,Mobile
ORD0003883,CUST00687,PROD0085,Accessories,2022-10-21,2022-10,2,53.78,0,107.56,51.63,0,107.56,51.63,Organic Search,Mobile
ORD0003884,CUST00687,PROD0067,Clothing,2023-11-29,2023-11,3,47.62,0,142.86,45.72,0,142.86,45.72,Organic Search,Mobile
ORD0003885,CUST00687,PROD0003,Footwear,2023-02-13,2023-02,2,63.28,0,126.56,63.28,0,126.56,63.28,Organic Search,Mobile
ORD0003886,CUST00688,PROD0055,Sports,2023-11-10,2023-11,2,136.99,0,273.98,79.45,0,273.98,79.45,Referral,Desktop
ORD0003887,CUST00688,PROD0086,Clothing,2023-10-12,2023-10,2,82.15,0,164.3,93.65,0,164.3,93.65,Referral,Desktop
ORD0003888,CUST00688,PROD0186,Home & Living,2024-01-16,2024-01,2,126.59,0,253.18,73.42,0,253.18,73.42,Referral,Desktop
ORD0003889,CUST00688,PROD0159,Beauty,2023-09-01,2023-09,1,20.79,0.1,18.71,5.8,0,18.71,5.8,Referral,Desktop
ORD0003890,CUST00689,PROD0169,Accessories,2024-03-01,2024-03,3,66.47,0.1,179.47,91.53,0,179.47,91.53,Referral,Desktop
ORD0003891,CUST00689,PROD0168,Clothing,2023-10-24,2023-10,3,45.57,0,136.71,57.42,0,136.71,57.42,Referral,Desktop
ORD0003892,CUST00690,PROD0141,Beauty,2023-04-28,2023-04,1,60.76,0.1,54.68,18.59,1,0.0,0.0,Email,Mobile
ORD0003893,CUST00690,PROD0123,Clothing,2023-08-09,2023-08,2,40.48,0,80.96,21.05,0,80.96,21.05,Email,Mobile
ORD0003894,CUST00690,PROD0084,Accessories,2024-03-19,2024-03,1,45.9,0.2,36.72,10.28,0,36.72,10.28,Email,Mobile
ORD0003895,CUST00690,PROD0193,Sports,2022-06-30,2022-06,3,95.75,0.2,229.8,73.54,0,229.8,73.54,Email,Mobile
ORD0003896,CUST00691,PROD0071,Beauty,2023-07-11,2023-07,2,65.25,0.1,117.45,71.64,1,0.0,0.0,Email,Desktop
ORD0003897,CUST00691,PROD0141,Beauty,2023-06-25,2023-06,2,60.76,0.2,97.22,33.05,0,97.22,33.05,Email,Desktop
ORD0003898,CUST00691,PROD0105,Sports,2023-08-15,2023-08,3,41.5,0,124.5,78.44,0,124.5,78.44,Email,Desktop
ORD0003899,CUST00691,PROD0063,Accessories,2023-05-31,2023-05,2,72.45,0.15,123.17,41.88,0,123.17,41.88,Email,Desktop
ORD0003900,CUST00691,PROD0087,Home & Living,2024-02-27,2024-02,1,45.63,0,45.63,26.47,0,45.63,26.47,Email,Desktop
ORD0003901,CUST00691,PROD0053,Footwear,2023-05-28,2023-05,2,46.14,0.15,78.44,43.93,0,78.44,43.93,Email,Desktop
ORD0003902,CUST00692,PROD0087,Home & Living,2024-03-24,2024-03,2,45.63,0,91.26,52.93,1,0.0,0.0,Organic Search,Mobile
ORD0003903,CUST00692,PROD0025,Footwear,2023-10-12,2023-10,3,78.3,0,234.9,77.52,0,234.9,77.52,Organic Search,Mobile
ORD0003904,CUST00692,PROD0005,Footwear,2024-02-28,2024-02,2,121.17,0,242.34,140.56,0,242.34,140.56,Organic Search,Mobile
ORD0003905,CUST00693,PROD0176,Home & Living,2022-11-21,2022-11,1,51.13,0,51.13,14.32,0,51.13,14.32,Email,Mobile
ORD0003906,CUST00693,PROD0034,Clothing,2022-08-13,2022-08,2,108.12,0.2,172.99,69.2,0,172.99,69.2,Email,Mobile
ORD0003907,CUST00693,PROD0131,Beauty,2024-01-08,2024-01,3,36.76,0.1,99.25,34.74,0,99.25,34.74,Email,Mobile
ORD0003908,CUST00693,PROD0102,Footwear,2024-02-11,2024-02,3,44.77,0.2,107.45,27.94,0,107.45,27.94,Email,Mobile
ORD0003909,CUST00694,PROD0080,Sports,2022-09-13,2022-09,1,42.1,0,42.1,21.05,0,42.1,21.05,Organic Search,Mobile
ORD0003910,CUST00694,PROD0032,Home & Living,2023-12-25,2023-12,2,43.05,0,86.1,24.97,0,86.1,24.97,Organic Search,Mobile
ORD0003911,CUST00694,PROD0126,Sports,2023-03-19,2023-03,1,92.2,0,92.2,59.01,0,92.2,59.01,Organic Search,Mobile
ORD0003912,CUST00694,PROD0031,Footwear,2022-08-01,2022-08,3,42.93,0,128.79,56.67,0,128.79,56.67,Organic Search,Mobile
ORD0003913,CUST00695,PROD0006,Accessories,2023-06-25,2023-06,3,25.71,0,77.13,36.25,0,77.13,36.25,Referral,Desktop
ORD0003914,CUST00695,PROD0062,Accessories,2023-10-15,2023-10,3,85.04,0,255.12,107.15,0,255.12,107.15,Referral,Desktop
ORD0003915,CUST00695,PROD0071,Beauty,2024-01-04,2024-01,2,65.25,0.1,117.45,71.64,0,117.45,71.64,Referral,Desktop
ORD0003916,CUST00695,PROD0050,Home & Living,2023-08-04,2023-08,3,120.87,0,362.61,97.9,0,362.61,97.9,Referral,Desktop
ORD0003917,CUST00695,PROD0034,Clothing,2023-12-21,2023-12,2,108.12,0,216.24,86.5,0,216.24,86.5,Referral,Desktop
ORD0003918,CUST00695,PROD0067,Clothing,2024-01-27,2024-01,1,47.62,0,47.62,15.24,0,47.62,15.24,Referral,Desktop
ORD0003919,CUST00696,PROD0140,Home & Living,2023-12-18,2023-12,3,34.26,0.1,92.5,50.88,0,92.5,50.88,Email,Tablet
ORD0003920,CUST00696,PROD0114,Beauty,2023-10-10,2023-10,3,25.83,0.15,65.87,27.01,0,65.87,27.01,Email,Tablet
ORD0003921,CUST00696,PROD0149,Beauty,2023-09-22,2023-09,2,65.53,0.1,117.95,61.33,1,0.0,0.0,Email,Tablet
ORD0003922,CUST00696,PROD0121,Clothing,2023-12-03,2023-12,1,86.37,0.15,73.41,35.97,0,73.41,35.97,Email,Tablet
ORD0003923,CUST00696,PROD0148,Beauty,2023-06-29,2023-06,1,56.54,0,56.54,31.1,0,56.54,31.1,Email,Tablet
ORD0003924,CUST00696,PROD0091,Beauty,2024-02-04,2024-02,1,39.11,0.1,35.2,14.08,0,35.2,14.08,Email,Tablet
ORD0003925,CUST00696,PROD0098,Home & Living,2023-10-28,2023-10,3,101.77,0.2,244.25,102.58,0,244.25,102.58,Email,Tablet
ORD0003926,CUST00697,PROD0007,Beauty,2023-06-24,2023-06,3,25.48,0,76.44,25.23,1,0.0,0.0,Referral,Mobile
ORD0003927,CUST00697,PROD0142,Sports,2022-03-17,2022-03,1,114.73,0.1,103.26,49.56,0,103.26,49.56,Referral,Mobile
ORD0003928,CUST00697,PROD0081,Home & Living,2023-01-05,2023-01,2,97.71,0,195.42,50.81,0,195.42,50.81,Referral,Mobile
ORD0003929,CUST00697,PROD0012,Sports,2023-02-09,2023-02,1,146.79,0,146.79,52.84,0,146.79,52.84,Referral,Mobile
ORD0003930,CUST00697,PROD0069,Beauty,2022-06-23,2022-06,3,52.71,0,158.13,94.88,0,158.13,94.88,Referral,Mobile
ORD0003931,CUST00697,PROD0047,Footwear,2023-06-28,2023-06,2,144.43,0,288.86,112.66,0,288.86,112.66,Referral,Mobile
ORD0003932,CUST00698,PROD0058,Accessories,2023-09-16,2023-09,2,50.31,0,100.62,33.2,0,100.62,33.2,Direct,Desktop
ORD0003933,CUST00698,PROD0088,Accessories,2023-04-01,2023-04,3,42.05,0,126.15,46.68,1,0.0,0.0,Direct,Desktop
ORD0003934,CUST00698,PROD0183,Clothing,2023-04-09,2023-04,2,78.37,0,156.74,94.04,0,156.74,94.04,Direct,Desktop
ORD0003935,CUST00698,PROD0118,Clothing,2023-09-06,2023-09,1,33.04,0,33.04,15.86,0,33.04,15.86,Direct,Desktop
ORD0003936,CUST00698,PROD0042,Home & Living,2023-03-21,2023-03,2,61.51,0,123.02,34.45,1,0.0,0.0,Direct,Desktop
ORD0003937,CUST00698,PROD0050,Home & Living,2023-09-13,2023-09,3,120.87,0,362.61,97.9,0,362.61,97.9,Direct,Desktop
ORD0003938,CUST00699,PROD0166,Clothing,2023-08-12,2023-08,1,87.15,0,87.15,54.03,0,87.15,54.03,Paid Social,Tablet
ORD0003939,CUST00699,PROD0068,Accessories,2024-02-15,2024-02,3,58.26,0.1,157.3,66.07,0,157.3,66.07,Paid Social,Tablet
ORD0003940,CUST00699,PROD0193,Sports,2024-01-09,2024-01,3,95.75,0.05,272.89,87.32,0,272.89,87.32,Paid Social,Tablet
ORD0003941,CUST00699,PROD0056,Home & Living,2024-03-07,2024-03,2,70.19,0.05,133.36,72.01,0,133.36,72.01,Paid Social,Tablet
ORD0003942,CUST00699,PROD0023,Clothing,2023-07-03,2023-07,2,85.59,0.1,154.06,53.92,0,154.06,53.92,Paid Social,Tablet
ORD0003943,CUST00699,PROD0122,Home & Living,2024-02-07,2024-02,1,74.99,0,74.99,30.0,0,74.99,30.0,Paid Social,Tablet
ORD0003944,CUST00699,PROD0038,Accessories,2023-10-21,2023-10,2,85.41,0.1,153.74,84.56,0,153.74,84.56,Paid Social,Tablet
ORD0003945,CUST00699,PROD0111,Clothing,2023-07-27,2023-07,2,72.51,0.05,137.77,84.04,0,137.77,84.04,Paid Social,Tablet
ORD0003946,CUST00700,PROD0059,Sports,2023-05-21,2023-05,1,76.4,0,76.4,38.96,0,76.4,38.96,Organic Search,Mobile
ORD0003947,CUST00700,PROD0106,Footwear,2024-03-14,2024-03,2,188.1,0,376.2,161.77,0,376.2,161.77,Organic Search,Mobile
ORD0003948,CUST00700,PROD0058,Accessories,2023-05-23,2023-05,3,50.31,0,150.93,49.81,0,150.93,49.81,Organic Search,Mobile
ORD0003949,CUST00700,PROD0158,Home & Living,2023-11-30,2023-11,3,50.83,0,152.49,71.67,0,152.49,71.67,Organic Search,Mobile
ORD0003950,CUST00701,PROD0078,Accessories,2024-01-12,2024-01,1,83.84,0,83.84,50.3,0,83.84,50.3,Organic Search,Mobile
ORD0003951,CUST00701,PROD0114,Beauty,2023-03-23,2023-03,3,25.83,0,77.49,31.77,0,77.49,31.77,Organic Search,Mobile
ORD0003952,CUST00701,PROD0044,Footwear,2023-01-30,2023-01,1,185.76,0,185.76,91.02,0,185.76,91.02,Organic Search,Mobile
ORD0003953,CUST00701,PROD0029,Accessories,2023-06-18,2023-06,3,59.38,0,178.14,106.88,0,178.14,106.88,Organic Search,Mobile
ORD0003954,CUST00701,PROD0076,Clothing,2023-06-14,2023-06,2,54.02,0,108.04,33.49,0,108.04,33.49,Organic Search,Mobile
ORD0003955,CUST00701,PROD0015,Footwear,2023-10-08,2023-10,1,131.63,0,131.63,53.97,0,131.63,53.97,Organic Search,Mobile
ORD0003956,CUST00701,PROD0154,Sports,2022-12-12,2022-12,3,137.38,0,412.14,111.28,0,412.14,111.28,Organic Search,Mobile
ORD0003957,CUST00701,PROD0165,Footwear,2023-11-08,2023-11,3,116.35,0,349.05,223.39,0,349.05,223.39,Organic Search,Mobile
ORD0003958,CUST00701,PROD0017,Home & Living,2023-03-27,2023-03,3,31.84,0,95.52,37.25,0,95.52,37.25,Organic Search,Mobile
ORD0003959,CUST00701,PROD0160,Accessories,2023-05-01,2023-05,3,31.12,0,93.36,52.28,0,93.36,52.28,Organic Search,Mobile
ORD0003960,CUST00701,PROD0069,Beauty,2023-06-23,2023-06,3,52.71,0,158.13,94.88,0,158.13,94.88,Organic Search,Mobile
ORD0003961,CUST00701,PROD0112,Home & Living,2023-03-30,2023-03,3,48.0,0,144.0,82.08,0,144.0,82.08,Organic Search,Mobile
ORD0003962,CUST00702,PROD0123,Clothing,2023-08-22,2023-08,1,40.48,0.1,36.43,9.47,0,36.43,9.47,Paid Social,Desktop
ORD0003963,CUST00702,PROD0141,Beauty,2023-04-02,2023-04,1,60.76,0,60.76,20.66,0,60.76,20.66,Paid Social,Desktop
ORD0003964,CUST00703,PROD0019,Beauty,2024-01-31,2024-01,2,17.13,0.15,29.12,12.81,1,0.0,0.0,Email,Tablet
ORD0003965,CUST00703,PROD0069,Beauty,2023-03-28,2023-03,2,52.71,0.1,94.88,56.93,0,94.88,56.93,Email,Tablet
ORD0003966,CUST00703,PROD0005,Footwear,2024-02-27,2024-02,2,121.17,0.15,205.99,119.47,1,0.0,0.0,Email,Tablet
ORD0003967,CUST00703,PROD0074,Beauty,2023-07-25,2023-07,3,52.12,0,156.36,40.65,0,156.36,40.65,Email,Tablet
ORD0003968,CUST00703,PROD0168,Clothing,2023-07-27,2023-07,2,45.57,0.15,77.47,32.54,1,0.0,0.0,Email,Tablet
ORD0003969,CUST00704,PROD0023,Clothing,2023-03-18,2023-03,2,85.59,0.05,162.62,56.92,1,0.0,0.0,Paid Social,Desktop
ORD0003970,CUST00704,PROD0162,Home & Living,2023-07-07,2023-07,3,81.32,0,243.96,107.34,0,243.96,107.34,Paid Social,Desktop
ORD0003971,CUST00704,PROD0033,Sports,2024-03-06,2024-03,3,54.48,0,163.44,45.76,0,163.44,45.76,Paid Social,Desktop
ORD0003972,CUST00704,PROD0106,Footwear,2023-06-28,2023-06,3,188.1,0.05,536.08,230.51,0,536.08,230.51,Paid Social,Desktop
ORD0003973,CUST00704,PROD0136,Accessories,2023-10-24,2023-10,1,78.97,0.05,75.02,27.76,0,75.02,27.76,Paid Social,Desktop
ORD0003974,CUST00705,PROD0088,Accessories,2023-08-17,2023-08,2,42.05,0.15,71.48,26.45,1,0.0,0.0,Email,Desktop
ORD0003975,CUST00705,PROD0112,Home & Living,2023-11-04,2023-11,1,48.0,0.15,40.8,23.26,0,40.8,23.26,Email,Desktop
ORD0003976,CUST00706,PROD0034,Clothing,2023-12-11,2023-12,1,108.12,0,108.12,43.25,0,108.12,43.25,Paid Social,Mobile
ORD0003977,CUST00706,PROD0050,Home & Living,2022-06-01,2022-06,2,120.87,0,241.74,65.27,1,0.0,0.0,Paid Social,Mobile
ORD0003978,CUST00706,PROD0176,Home & Living,2023-09-11,2023-09,1,51.13,0,51.13,14.32,0,51.13,14.32,Paid Social,Mobile
ORD0003979,CUST00706,PROD0193,Sports,2024-03-19,2024-03,2,95.75,0,191.5,61.28,0,191.5,61.28,Paid Social,Mobile
ORD0003980,CUST00706,PROD0166,Clothing,2022-01-18,2022-01,3,87.15,0,261.45,162.1,0,261.45,162.1,Paid Social,Mobile
ORD0003981,CUST00706,PROD0020,Clothing,2023-09-13,2023-09,1,35.77,0,35.77,16.45,0,35.77,16.45,Paid Social,Mobile
ORD0003982,CUST00707,PROD0132,Home & Living,2023-05-13,2023-05,1,31.95,0,31.95,18.53,0,31.95,18.53,Organic Search,Mobile
ORD0003983,CUST00707,PROD0036,Home & Living,2023-04-05,2023-04,1,74.59,0,74.59,26.11,0,74.59,26.11,Organic Search,Mobile
ORD0003984,CUST00707,PROD0009,Sports,2023-01-16,2023-01,1,39.16,0,39.16,23.1,0,39.16,23.1,Organic Search,Mobile
ORD0003985,CUST00707,PROD0180,Sports,2023-09-25,2023-09,3,57.83,0,173.49,97.15,0,173.49,97.15,Organic Search,Mobile
ORD0003986,CUST00707,PROD0029,Accessories,2023-02-04,2023-02,1,59.38,0,59.38,35.63,1,0.0,0.0,Organic Search,Mobile
ORD0003987,CUST00707,PROD0125,Sports,2023-12-20,2023-12,3,126.04,0,378.12,147.47,0,378.12,147.47,Organic Search,Mobile
ORD0003988,CUST00707,PROD0032,Home & Living,2023-06-11,2023-06,3,43.05,0,129.15,37.45,0,129.15,37.45,Organic Search,Mobile
ORD0003989,CUST00708,PROD0143,Beauty,2024-02-23,2024-02,2,15.9,0,31.8,20.35,0,31.8,20.35,Direct,Desktop
ORD0003990,CUST00709,PROD0034,Clothing,2023-08-12,2023-08,2,108.12,0.05,205.43,82.17,1,0.0,0.0,Paid Social,Mobile
ORD0003991,CUST00709,PROD0196,Sports,2023-04-03,2023-04,2,92.93,0,185.86,115.23,1,0.0,0.0,Paid Social,Mobile
ORD0003992,CUST00709,PROD0108,Accessories,2023-12-24,2023-12,1,82.14,0,82.14,24.64,0,82.14,24.64,Paid Social,Mobile
ORD0003993,CUST00710,PROD0142,Sports,2022-07-12,2022-07,3,114.73,0,344.19,165.21,0,344.19,165.21,Email,Desktop
ORD0003994,CUST00710,PROD0007,Beauty,2023-06-07,2023-06,3,25.48,0,76.44,25.23,0,76.44,25.23,Email,Desktop
ORD0003995,CUST00710,PROD0190,Beauty,2023-05-07,2023-05,3,23.73,0,71.19,31.32,1,0.0,0.0,Email,Desktop
ORD0003996,CUST00710,PROD0128,Clothing,2023-12-13,2023-12,1,28.95,0,28.95,12.16,0,28.95,12.16,Email,Desktop
ORD0003997,CUST00710,PROD0102,Footwear,2023-09-04,2023-09,1,44.77,0,44.77,11.64,0,44.77,11.64,Email,Desktop
ORD0003998,CUST00710,PROD0146,Accessories,2024-03-05,2024-03,2,80.98,0.15,137.67,48.18,0,137.67,48.18,Email,Desktop
ORD0003999,CUST00710,PROD0070,Home & Living,2022-07-25,2022-07,2,75.93,0.15,129.08,76.16,0,129.08,76.16,Email,Desktop
ORD0004000,CUST00711,PROD0063,Accessories,2024-03-14,2024-03,1,72.45,0,72.45,24.63,0,72.45,24.63,Email,Mobile
ORD0004001,CUST00711,PROD0176,Home & Living,2023-12-02,2023-12,1,51.13,0.15,43.46,12.17,0,43.46,12.17,Email,Mobile
ORD0004002,CUST00711,PROD0193,Sports,2023-10-10,2023-10,3,95.75,0.1,258.53,82.73,1,0.0,0.0,Email,Mobile
ORD0004003,CUST00712,PROD0158,Home & Living,2023-02-23,2023-02,2,50.83,0,101.66,47.78,0,101.66,47.78,Influencer,Mobile
ORD0004004,CUST00712,PROD0189,Home & Living,2023-06-03,2023-06,2,100.23,0,200.46,122.28,1,0.0,0.0,Influencer,Mobile
ORD0004005,CUST00713,PROD0115,Accessories,2023-02-09,2023-02,2,74.34,0.1,133.81,77.61,0,133.81,77.61,Email,Desktop
ORD0004006,CUST00713,PROD0040,Beauty,2022-12-29,2022-12,3,42.24,0.15,107.71,44.16,1,0.0,0.0,Email,Desktop
ORD0004007,CUST00713,PROD0025,Footwear,2022-05-23,2022-05,1,78.3,0,78.3,25.84,1,0.0,0.0,Email,Desktop
ORD0004008,CUST00713,PROD0184,Sports,2024-03-07,2024-03,2,135.08,0.15,229.64,62.0,0,229.64,62.0,Email,Desktop
ORD0004009,CUST00713,PROD0182,Accessories,2024-01-26,2024-01,2,22.63,0.15,38.47,14.62,1,0.0,0.0,Email,Desktop
ORD0004010,CUST00713,PROD0001,Accessories,2023-02-07,2023-02,3,40.31,0.1,108.84,38.09,1,0.0,0.0,Email,Desktop
ORD0004011,CUST00713,PROD0154,Sports,2022-07-03,2022-07,2,137.38,0.1,247.28,66.77,1,0.0,0.0,Email,Desktop
ORD0004012,CUST00713,PROD0188,Footwear,2024-01-13,2024-01,1,148.41,0.1,133.57,78.81,0,133.57,78.81,Email,Desktop
ORD0004013,CUST00713,PROD0094,Home & Living,2023-04-05,2023-04,1,56.47,0.1,50.82,32.02,0,50.82,32.02,Email,Desktop
ORD0004014,CUST00713,PROD0008,Footwear,2022-12-27,2022-12,3,151.56,0.15,386.48,235.75,0,386.48,235.75,Email,Desktop
ORD0004015,CUST00714,PROD0033,Sports,2022-03-28,2022-03,2,54.48,0,108.96,30.51,0,108.96,30.51,Organic Search,Mobile
ORD0004016,CUST00714,PROD0018,Clothing,2023-12-31,2023-12,3,45.54,0,136.62,61.48,0,136.62,61.48,Organic Search,Mobile
ORD0004017,CUST00714,PROD0126,Sports,2023-11-13,2023-11,3,92.2,0,276.6,177.02,0,276.6,177.02,Organic Search,Mobile
ORD0004018,CUST00714,PROD0180,Sports,2024-02-06,2024-02,1,57.83,0,57.83,32.38,0,57.83,32.38,Organic Search,Mobile
ORD0004019,CUST00714,PROD0145,Clothing,2022-03-15,2022-03,3,70.32,0,210.96,126.58,0,210.96,126.58,Organic Search,Mobile
ORD0004020,CUST00714,PROD0134,Accessories,2022-11-20,2022-11,3,24.1,0,72.3,40.49,0,72.3,40.49,Organic Search,Mobile
ORD0004021,CUST00714,PROD0093,Footwear,2023-04-10,2023-04,3,85.42,0,256.26,146.07,0,256.26,146.07,Organic Search,Mobile
ORD0004022,CUST00714,PROD0061,Home & Living,2022-10-06,2022-10,1,136.85,0,136.85,50.63,0,136.85,50.63,Organic Search,Mobile
ORD0004023,CUST00715,PROD0106,Footwear,2022-05-13,2022-05,3,188.1,0.05,536.08,230.51,0,536.08,230.51,Paid Social,Desktop
ORD0004024,CUST00715,PROD0187,Clothing,2023-10-11,2023-10,3,104.59,0.1,282.39,124.25,0,282.39,124.25,Paid Social,Desktop
ORD0004025,CUST00715,PROD0070,Home & Living,2022-11-14,2022-11,2,75.93,0.05,144.27,85.12,0,144.27,85.12,Paid Social,Desktop
ORD0004026,CUST00715,PROD0060,Footwear,2022-06-26,2022-06,3,104.31,0.1,281.64,81.68,0,281.64,81.68,Paid Social,Desktop
ORD0004027,CUST00715,PROD0097,Clothing,2024-01-27,2024-01,1,60.58,0.05,57.55,16.69,0,57.55,16.69,Paid Social,Desktop
ORD0004028,CUST00715,PROD0158,Home & Living,2023-01-11,2023-01,3,50.83,0,152.49,71.67,0,152.49,71.67,Paid Social,Desktop
ORD0004029,CUST00715,PROD0089,Sports,2022-12-30,2022-12,1,40.38,0.1,36.34,11.99,1,0.0,0.0,Paid Social,Desktop
ORD0004030,CUST00715,PROD0152,Accessories,2023-01-12,2023-01,2,36.62,0.05,69.58,30.62,0,69.58,30.62,Paid Social,Desktop
ORD0004031,CUST00716,PROD0194,Accessories,2023-08-25,2023-08,2,80.84,0,161.68,82.46,0,161.68,82.46,Organic Search,Desktop
ORD0004032,CUST00716,PROD0114,Beauty,2023-11-05,2023-11,3,25.83,0,77.49,31.77,0,77.49,31.77,Organic Search,Desktop
ORD0004033,CUST00716,PROD0183,Clothing,2023-12-29,2023-12,2,78.37,0,156.74,94.04,0,156.74,94.04,Organic Search,Desktop
ORD0004034,CUST00717,PROD0049,Home & Living,2023-04-20,2023-04,3,60.55,0.1,163.48,63.76,0,163.48,63.76,Email,Mobile
ORD0004035,CUST00717,PROD0098,Home & Living,2023-02-04,2023-02,3,101.77,0.1,274.78,115.41,0,274.78,115.41,Email,Mobile
ORD0004036,CUST00717,PROD0062,Accessories,2023-10-17,2023-10,2,85.04,0,170.08,71.43,0,170.08,71.43,Email,Mobile
ORD0004037,CUST00717,PROD0121,Clothing,2022-10-19,2022-10,2,86.37,0.1,155.47,76.18,0,155.47,76.18,Email,Mobile
ORD0004038,CUST00717,PROD0091,Beauty,2022-12-20,2022-12,3,39.11,0.15,99.73,39.89,0,99.73,39.89,Email,Mobile
ORD0004039,CUST00717,PROD0072,Sports,2022-09-17,2022-09,3,81.55,0.2,195.72,107.65,0,195.72,107.65,Email,Mobile
ORD0004040,CUST00717,PROD0109,Sports,2024-01-10,2024-01,1,60.91,0,60.91,18.88,1,0.0,0.0,Email,Mobile
ORD0004041,CUST00717,PROD0165,Footwear,2023-07-10,2023-07,2,116.35,0,232.7,148.93,0,232.7,148.93,Email,Mobile
ORD0004042,CUST00717,PROD0059,Sports,2022-08-10,2022-08,2,76.4,0,152.8,77.93,0,152.8,77.93,Email,Mobile
ORD0004043,CUST00718,PROD0050,Home & Living,2023-09-15,2023-09,2,120.87,0.05,229.65,62.01,1,0.0,0.0,Paid Social,Tablet
ORD0004044,CUST00718,PROD0173,Footwear,2024-02-13,2024-02,2,87.72,0,175.44,75.44,0,175.44,75.44,Paid Social,Tablet
ORD0004045,CUST00718,PROD0138,Home & Living,2023-11-19,2023-11,2,126.57,0.05,240.48,108.22,0,240.48,108.22,Paid Social,Tablet
ORD0004046,CUST00718,PROD0054,Sports,2023-04-15,2023-04,3,142.4,0.05,405.84,202.92,0,405.84,202.92,Paid Social,Tablet
ORD0004047,CUST00718,PROD0102,Footwear,2023-05-07,2023-05,1,44.77,0.1,40.29,10.48,0,40.29,10.48,Paid Social,Tablet
ORD0004048,CUST00719,PROD0037,Clothing,2022-08-13,2022-08,3,99.72,0.1,269.24,102.31,0,269.24,102.31,Paid Social,Mobile
ORD0004049,CUST00719,PROD0064,Footwear,2023-05-27,2023-05,1,190.18,0.05,180.67,70.46,0,180.67,70.46,Paid Social,Mobile
ORD0004050,CUST00719,PROD0166,Clothing,2024-01-24,2024-01,1,87.15,0,87.15,54.03,1,0.0,0.0,Paid Social,Mobile
ORD0004051,CUST00719,PROD0041,Beauty,2022-11-23,2022-11,3,68.34,0,205.02,123.01,0,205.02,123.01,Paid Social,Mobile
ORD0004052,CUST00720,PROD0036,Home & Living,2023-04-01,2023-04,3,74.59,0,223.77,78.32,0,223.77,78.32,Organic Search,Desktop
ORD0004053,CUST00720,PROD0043,Footwear,2023-04-02,2023-04,1,62.01,0,62.01,38.45,1,0.0,0.0,Organic Search,Desktop
ORD0004054,CUST00720,PROD0145,Clothing,2022-12-12,2022-12,1,70.32,0,70.32,42.19,1,0.0,0.0,Organic Search,Desktop
ORD0004055,CUST00720,PROD0056,Home & Living,2023-12-12,2023-12,1,70.19,0,70.19,37.9,0,70.19,37.9,Organic Search,Desktop
ORD0004056,CUST00721,PROD0082,Beauty,2023-05-15,2023-05,2,20.0,0,40.0,26.0,0,40.0,26.0,Organic Search,Mobile
ORD0004057,CUST00721,PROD0043,Footwear,2023-12-17,2023-12,3,62.01,0,186.03,115.34,0,186.03,115.34,Organic Search,Mobile
ORD0004058,CUST00721,PROD0068,Accessories,2024-01-13,2024-01,2,58.26,0,116.52,48.94,0,116.52,48.94,Organic Search,Mobile
ORD0004059,CUST00721,PROD0114,Beauty,2023-10-30,2023-10,2,25.83,0,51.66,21.18,0,51.66,21.18,Organic Search,Mobile
ORD0004060,CUST00722,PROD0140,Home & Living,2023-09-30,2023-09,3,34.26,0.05,97.64,53.7,0,97.64,53.7,Paid Social,Mobile
ORD0004061,CUST00722,PROD0074,Beauty,2024-01-10,2024-01,2,52.12,0.1,93.82,24.39,0,93.82,24.39,Paid Social,Mobile
ORD0004062,CUST00722,PROD0162,Home & Living,2024-03-09,2024-03,1,81.32,0,81.32,35.78,1,0.0,0.0,Paid Social,Mobile
ORD0004063,CUST00722,PROD0192,Sports,2023-09-24,2023-09,3,82.92,0.1,223.88,116.42,0,223.88,116.42,Paid Social,Mobile
ORD0004064,CUST00722,PROD0130,Home & Living,2023-04-19,2023-04,3,126.57,0.05,360.72,209.22,0,360.72,209.22,Paid Social,Mobile
ORD0004065,CUST00722,PROD0149,Beauty,2024-02-09,2024-02,2,65.53,0,131.06,68.15,0,131.06,68.15,Paid Social,Mobile
ORD0004066,CUST00722,PROD0034,Clothing,2023-07-27,2023-07,3,108.12,0.05,308.14,123.26,0,308.14,123.26,Paid Social,Mobile
ORD0004067,CUST00723,PROD0149,Beauty,2023-11-03,2023-11,3,65.53,0,196.59,102.23,0,196.59,102.23,Organic Search,Desktop
ORD0004068,CUST00723,PROD0040,Beauty,2023-02-01,2023-02,3,42.24,0,126.72,51.96,0,126.72,51.96,Organic Search,Desktop
ORD0004069,CUST00723,PROD0144,Beauty,2023-05-30,2023-05,2,34.94,0,69.88,38.43,0,69.88,38.43,Organic Search,Desktop
ORD0004070,CUST00724,PROD0111,Clothing,2023-05-19,2023-05,3,72.51,0,217.53,132.69,0,217.53,132.69,Referral,Desktop
ORD0004071,CUST00724,PROD0071,Beauty,2023-07-24,2023-07,3,65.25,0.1,176.18,107.47,0,176.18,107.47,Referral,Desktop
ORD0004072,CUST00724,PROD0156,Sports,2022-12-22,2022-12,2,96.17,0.1,173.11,100.4,0,173.11,100.4,Referral,Desktop
ORD0004073,CUST00724,PROD0074,Beauty,2023-09-06,2023-09,2,52.12,0,104.24,27.1,0,104.24,27.1,Referral,Desktop
ORD0004074,CUST00724,PROD0140,Home & Living,2024-01-02,2024-01,1,34.26,0.1,30.83,16.96,1,0.0,0.0,Referral,Desktop
ORD0004075,CUST00724,PROD0137,Home & Living,2023-05-03,2023-05,3,99.54,0.1,268.76,104.82,0,268.76,104.82,Referral,Desktop
ORD0004076,CUST00724,PROD0174,Clothing,2023-09-05,2023-09,3,69.83,0,209.49,54.47,0,209.49,54.47,Referral,Desktop
ORD0004077,CUST00724,PROD0083,Clothing,2023-11-16,2023-11,2,25.2,0,50.4,27.22,0,50.4,27.22,Referral,Desktop
ORD0004078,CUST00724,PROD0089,Sports,2023-04-10,2023-04,2,40.38,0.1,72.68,23.98,1,0.0,0.0,Referral,Desktop
ORD0004079,CUST00724,PROD0180,Sports,2023-12-27,2023-12,2,57.83,0,115.66,64.77,0,115.66,64.77,Referral,Desktop
ORD0004080,CUST00724,PROD0072,Sports,2023-04-21,2023-04,3,81.55,0,244.65,134.56,1,0.0,0.0,Referral,Desktop
ORD0004081,CUST00724,PROD0184,Sports,2024-02-22,2024-02,1,135.08,0,135.08,36.47,1,0.0,0.0,Referral,Desktop
ORD0004082,CUST00724,PROD0156,Sports,2024-01-08,2024-01,1,96.17,0.1,86.55,50.2,0,86.55,50.2,Referral,Desktop
ORD0004083,CUST00725,PROD0100,Clothing,2024-03-23,2024-03,3,80.73,0.05,230.08,103.54,1,0.0,0.0,Paid Social,Desktop
ORD0004084,CUST00725,PROD0067,Clothing,2023-07-02,2023-07,2,47.62,0.05,90.48,28.95,0,90.48,28.95,Paid Social,Desktop
ORD0004085,CUST00725,PROD0164,Accessories,2024-03-17,2024-03,3,18.66,0,55.98,16.23,0,55.98,16.23,Paid Social,Desktop
ORD0004086,CUST00725,PROD0167,Footwear,2022-10-19,2022-10,3,62.12,0.05,177.04,51.34,0,177.04,51.34,Paid Social,Desktop
ORD0004087,CUST00725,PROD0178,Clothing,2023-12-21,2023-12,2,60.67,0,121.34,48.54,0,121.34,48.54,Paid Social,Desktop
ORD0004088,CUST00725,PROD0174,Clothing,2023-01-19,2023-01,2,69.83,0.05,132.68,34.5,0,132.68,34.5,Paid Social,Desktop
ORD0004089,CUST00725,PROD0099,Home & Living,2023-07-13,2023-07,1,113.39,0,113.39,41.95,0,113.39,41.95,Paid Social,Desktop
ORD0004090,CUST00726,PROD0161,Home & Living,2023-07-20,2023-07,1,33.22,0.15,28.24,16.66,0,28.24,16.66,Email,Mobile
ORD0004091,CUST00726,PROD0100,Clothing,2023-07-17,2023-07,1,80.73,0,80.73,36.33,1,0.0,0.0,Email,Mobile
ORD0004092,CUST00726,PROD0099,Home & Living,2023-08-16,2023-08,3,113.39,0,340.17,125.86,0,340.17,125.86,Email,Mobile
ORD0004093,CUST00727,PROD0126,Sports,2023-06-19,2023-06,2,92.2,0,184.4,118.02,0,184.4,118.02,Organic Search,Mobile
ORD0004094,CUST00727,PROD0057,Beauty,2022-11-30,2022-11,3,25.42,0,76.26,36.6,0,76.26,36.6,Organic Search,Mobile
ORD0004095,CUST00727,PROD0085,Accessories,2023-11-08,2023-11,2,53.78,0,107.56,51.63,0,107.56,51.63,Organic Search,Mobile
ORD0004096,CUST00727,PROD0035,Beauty,2024-02-13,2024-02,2,43.82,0,87.64,50.83,0,87.64,50.83,Organic Search,Mobile
ORD0004097,CUST00727,PROD0156,Sports,2023-11-29,2023-11,2,96.17,0,192.34,111.56,1,0.0,0.0,Organic Search,Mobile
ORD0004098,CUST00727,PROD0030,Beauty,2023-01-03,2023-01,2,30.52,0,61.04,21.97,0,61.04,21.97,Organic Search,Mobile
ORD0004099,CUST00727,PROD0117,Accessories,2024-02-11,2024-02,1,65.2,0,65.2,18.91,0,65.2,18.91,Organic Search,Mobile
ORD0004100,CUST00727,PROD0083,Clothing,2024-03-13,2024-03,3,25.2,0,75.6,40.82,0,75.6,40.82,Organic Search,Mobile
ORD0004101,CUST00728,PROD0098,Home & Living,2023-03-29,2023-03,1,101.77,0,101.77,42.74,1,0.0,0.0,Referral,Desktop
ORD0004102,CUST00728,PROD0119,Beauty,2023-02-21,2023-02,3,20.14,0,60.42,21.75,0,60.42,21.75,Referral,Desktop
ORD0004103,CUST00728,PROD0080,Sports,2023-11-22,2023-11,3,42.1,0.1,113.67,56.84,0,113.67,56.84,Referral,Desktop
ORD0004104,CUST00728,PROD0083,Clothing,2024-03-31,2024-03,3,25.2,0,75.6,40.82,0,75.6,40.82,Referral,Desktop
ORD0004105,CUST00728,PROD0075,Accessories,2023-06-19,2023-06,2,80.95,0,161.9,64.76,0,161.9,64.76,Referral,Desktop
ORD0004106,CUST00728,PROD0094,Home & Living,2023-04-12,2023-04,3,56.47,0,169.41,106.73,0,169.41,106.73,Referral,Desktop
ORD0004107,CUST00728,PROD0173,Footwear,2024-01-22,2024-01,2,87.72,0.1,157.9,67.9,0,157.9,67.9,Referral,Desktop
ORD0004108,CUST00728,PROD0131,Beauty,2023-03-01,2023-03,1,36.76,0,36.76,12.87,0,36.76,12.87,Referral,Desktop
ORD0004109,CUST00728,PROD0189,Home & Living,2023-10-30,2023-10,1,100.23,0.1,90.21,55.03,0,90.21,55.03,Referral,Desktop
ORD0004110,CUST00729,PROD0092,Beauty,2024-01-25,2024-01,1,19.38,0,19.38,6.2,1,0.0,0.0,Organic Search,Mobile
ORD0004111,CUST00729,PROD0010,Home & Living,2023-10-10,2023-10,2,50.82,0,101.64,38.62,1,0.0,0.0,Organic Search,Mobile
ORD0004112,CUST00729,PROD0072,Sports,2024-02-14,2024-02,3,81.55,0,244.65,134.56,0,244.65,134.56,Organic Search,Mobile
ORD0004113,CUST00729,PROD0133,Clothing,2023-08-28,2023-08,3,70.11,0,210.33,119.89,0,210.33,119.89,Organic Search,Mobile
ORD0004114,CUST00729,PROD0037,Clothing,2024-01-14,2024-01,3,99.72,0,299.16,113.68,0,299.16,113.68,Organic Search,Mobile
ORD0004115,CUST00729,PROD0163,Beauty,2023-12-01,2023-12,2,20.18,0,40.36,19.37,0,40.36,19.37,Organic Search,Mobile
ORD0004116,CUST00729,PROD0098,Home & Living,2024-02-28,2024-02,3,101.77,0,305.31,128.23,0,305.31,128.23,Organic Search,Mobile
ORD0004117,CUST00729,PROD0153,Accessories,2023-07-12,2023-07,1,85.5,0,85.5,47.88,0,85.5,47.88,Organic Search,Mobile
ORD0004118,CUST00729,PROD0059,Sports,2023-08-16,2023-08,3,76.4,0,229.2,116.89,0,229.2,116.89,Organic Search,Mobile
ORD0004119,CUST00729,PROD0083,Clothing,2023-09-03,2023-09,2,25.2,0,50.4,27.22,0,50.4,27.22,Organic Search,Mobile
ORD0004120,CUST00729,PROD0162,Home & Living,2023-08-02,2023-08,1,81.32,0,81.32,35.78,0,81.32,35.78,Organic Search,Mobile
ORD0004121,CUST00729,PROD0149,Beauty,2023-08-27,2023-08,2,65.53,0,131.06,68.15,0,131.06,68.15,Organic Search,Mobile
ORD0004122,CUST00729,PROD0171,Clothing,2023-12-09,2023-12,1,49.46,0,49.46,12.37,0,49.46,12.37,Organic Search,Mobile
ORD0004123,CUST00730,PROD0101,Footwear,2023-01-17,2023-01,2,191.81,0.05,364.44,160.35,0,364.44,160.35,Paid Social,Mobile
ORD0004124,CUST00730,PROD0133,Clothing,2023-11-09,2023-11,1,70.11,0,70.11,39.96,0,70.11,39.96,Paid Social,Mobile
ORD0004125,CUST00730,PROD0099,Home & Living,2023-09-13,2023-09,1,113.39,0.1,102.05,37.76,0,102.05,37.76,Paid Social,Mobile
ORD0004126,CUST00731,PROD0159,Beauty,2023-07-07,2023-07,2,20.79,0,41.58,12.89,0,41.58,12.89,Paid Social,Mobile
ORD0004127,CUST00731,PROD0088,Accessories,2024-01-19,2024-01,3,42.05,0,126.15,46.68,0,126.15,46.68,Paid Social,Mobile
ORD0004128,CUST00731,PROD0017,Home & Living,2023-08-03,2023-08,1,31.84,0.05,30.25,11.8,0,30.25,11.8,Paid Social,Mobile
ORD0004129,CUST00731,PROD0198,Sports,2023-11-24,2023-11,1,59.63,0,59.63,25.04,0,59.63,25.04,Paid Social,Mobile
ORD0004130,CUST00731,PROD0194,Accessories,2023-09-05,2023-09,1,80.84,0.05,76.8,39.17,0,76.8,39.17,Paid Social,Mobile
ORD0004131,CUST00731,PROD0047,Footwear,2023-10-14,2023-10,2,144.43,0.05,274.42,107.02,0,274.42,107.02,Paid Social,Mobile
ORD0004132,CUST00731,PROD0191,Accessories,2024-02-29,2024-02,1,42.93,0,42.93,21.04,0,42.93,21.04,Paid Social,Mobile
ORD0004133,CUST00732,PROD0149,Beauty,2023-11-28,2023-11,2,65.53,0,131.06,68.15,1,0.0,0.0,Organic Search,Mobile
ORD0004134,CUST00732,PROD0191,Accessories,2023-12-16,2023-12,2,42.93,0,85.86,42.07,0,85.86,42.07,Organic Search,Mobile
ORD0004135,CUST00732,PROD0081,Home & Living,2023-12-22,2023-12,3,97.71,0,293.13,76.21,1,0.0,0.0,Organic Search,Mobile
ORD0004136,CUST00732,PROD0019,Beauty,2023-07-12,2023-07,2,17.13,0,34.26,15.07,0,34.26,15.07,Organic Search,Mobile
ORD0004137,CUST00732,PROD0051,Footwear,2023-08-31,2023-08,2,119.28,0,238.56,135.98,0,238.56,135.98,Organic Search,Mobile
ORD0004138,CUST00732,PROD0098,Home & Living,2024-02-27,2024-02,3,101.77,0,305.31,128.23,0,305.31,128.23,Organic Search,Mobile
ORD0004139,CUST00732,PROD0183,Clothing,2023-10-09,2023-10,1,78.37,0,78.37,47.02,1,0.0,0.0,Organic Search,Mobile
ORD0004140,CUST00733,PROD0004,Accessories,2023-12-02,2023-12,2,19.48,0,38.96,24.54,0,38.96,24.54,Influencer,Tablet
ORD0004141,CUST00733,PROD0178,Clothing,2023-11-29,2023-11,2,60.67,0,121.34,48.54,0,121.34,48.54,Influencer,Tablet
ORD0004142,CUST00733,PROD0156,Sports,2023-03-29,2023-03,2,96.17,0,192.34,111.56,0,192.34,111.56,Influencer,Tablet
ORD0004143,CUST00733,PROD0158,Home & Living,2023-10-29,2023-10,3,50.83,0,152.49,71.67,0,152.49,71.67,Influencer,Tablet
ORD0004144,CUST00733,PROD0076,Clothing,2023-01-11,2023-01,2,54.02,0,108.04,33.49,0,108.04,33.49,Influencer,Tablet
ORD0004145,CUST00733,PROD0116,Footwear,2023-06-16,2023-06,3,141.52,0,424.56,186.81,1,0.0,0.0,Influencer,Tablet
ORD0004146,CUST00733,PROD0087,Home & Living,2023-12-03,2023-12,3,45.63,0,136.89,79.4,1,0.0,0.0,Influencer,Tablet
ORD0004147,CUST00733,PROD0041,Beauty,2024-02-19,2024-02,3,68.34,0,205.02,123.01,1,0.0,0.0,Influencer,Tablet
ORD0004148,CUST00734,PROD0134,Accessories,2023-08-19,2023-08,3,24.1,0.1,65.07,36.44,0,65.07,36.44,Paid Social,Mobile
ORD0004149,CUST00734,PROD0126,Sports,2022-10-06,2022-10,2,92.2,0,184.4,118.02,1,0.0,0.0,Paid Social,Mobile
ORD0004150,CUST00734,PROD0022,Sports,2023-10-27,2023-10,1,30.09,0,30.09,17.15,0,30.09,17.15,Paid Social,Mobile
ORD0004151,CUST00734,PROD0143,Beauty,2023-09-11,2023-09,3,15.9,0,47.7,30.53,1,0.0,0.0,Paid Social,Mobile
ORD0004152,CUST00735,PROD0192,Sports,2023-07-04,2023-07,1,82.92,0,82.92,43.12,0,82.92,43.12,Organic Search,Desktop
ORD0004153,CUST00735,PROD0003,Footwear,2023-01-10,2023-01,2,63.28,0,126.56,63.28,1,0.0,0.0,Organic Search,Desktop
ORD0004154,CUST00735,PROD0088,Accessories,2023-01-26,2023-01,2,42.05,0,84.1,31.12,0,84.1,31.12,Organic Search,Desktop
ORD0004155,CUST00735,PROD0074,Beauty,2024-01-27,2024-01,1,52.12,0,52.12,13.55,0,52.12,13.55,Organic Search,Desktop
ORD0004156,CUST00735,PROD0064,Footwear,2023-06-24,2023-06,3,190.18,0,570.54,222.51,0,570.54,222.51,Organic Search,Desktop
ORD0004157,CUST00736,PROD0114,Beauty,2023-09-23,2023-09,1,25.83,0,25.83,10.59,0,25.83,10.59,Direct,Mobile
ORD0004158,CUST00736,PROD0069,Beauty,2022-07-26,2022-07,2,52.71,0,105.42,63.25,1,0.0,0.0,Direct,Mobile
ORD0004159,CUST00736,PROD0026,Footwear,2022-06-29,2022-06,3,66.28,0,198.84,51.7,0,198.84,51.7,Direct,Mobile
ORD0004160,CUST00737,PROD0037,Clothing,2023-08-07,2023-08,1,99.72,0,99.72,37.89,0,99.72,37.89,Email,Desktop
ORD0004161,CUST00737,PROD0181,Home & Living,2023-09-26,2023-09,2,68.65,0.1,123.57,70.43,0,123.57,70.43,Email,Desktop
ORD0004162,CUST00738,PROD0124,Beauty,2022-05-06,2022-05,3,20.18,0.05,57.51,27.03,1,0.0,0.0,Paid Social,Mobile
ORD0004163,CUST00738,PROD0022,Sports,2023-02-14,2023-02,3,30.09,0.05,85.76,48.88,0,85.76,48.88,Paid Social,Mobile
ORD0004164,CUST00738,PROD0190,Beauty,2023-07-19,2023-07,3,23.73,0.05,67.63,29.76,0,67.63,29.76,Paid Social,Mobile
ORD0004165,CUST00739,PROD0173,Footwear,2023-11-25,2023-11,3,87.72,0,263.16,113.16,1,0.0,0.0,Paid Social,Mobile
ORD0004166,CUST00739,PROD0120,Home & Living,2023-10-09,2023-10,3,118.52,0.05,337.78,104.71,0,337.78,104.71,Paid Social,Mobile
ORD0004167,CUST00739,PROD0092,Beauty,2024-03-19,2024-03,3,19.38,0,58.14,18.6,0,58.14,18.6,Paid Social,Mobile
ORD0004168,CUST00739,PROD0057,Beauty,2023-03-06,2023-03,3,25.42,0.05,72.45,34.78,0,72.45,34.78,Paid Social,Mobile
ORD0004169,CUST00739,PROD0024,Beauty,2022-05-14,2022-05,1,20.35,0.05,19.33,7.93,0,19.33,7.93,Paid Social,Mobile
ORD0004170,CUST00739,PROD0106,Footwear,2022-06-13,2022-06,2,188.1,0.05,357.39,153.68,0,357.39,153.68,Paid Social,Mobile
ORD0004171,CUST00740,PROD0086,Clothing,2023-09-11,2023-09,1,82.15,0.2,65.72,37.46,1,0.0,0.0,Email,Mobile
ORD0004172,CUST00740,PROD0043,Footwear,2023-08-17,2023-08,3,62.01,0.15,158.13,98.04,0,158.13,98.04,Email,Mobile
ORD0004173,CUST00740,PROD0105,Sports,2022-11-26,2022-11,1,41.5,0,41.5,26.14,0,41.5,26.14,Email,Mobile
ORD0004174,CUST00740,PROD0092,Beauty,2023-09-22,2023-09,1,19.38,0,19.38,6.2,0,19.38,6.2,Email,Mobile
ORD0004175,CUST00740,PROD0064,Footwear,2023-07-20,2023-07,2,190.18,0,380.36,148.34,0,380.36,148.34,Email,Mobile
ORD0004176,CUST00740,PROD0187,Clothing,2023-01-14,2023-01,2,104.59,0.1,188.26,82.83,0,188.26,82.83,Email,Mobile
ORD0004177,CUST00740,PROD0141,Beauty,2023-03-28,2023-03,1,60.76,0.2,48.61,16.53,0,48.61,16.53,Email,Mobile
ORD0004178,CUST00741,PROD0187,Clothing,2022-07-16,2022-07,1,104.59,0.1,94.13,41.42,0,94.13,41.42,Paid Social,Mobile
ORD0004179,CUST00741,PROD0152,Accessories,2022-06-16,2022-06,3,36.62,0,109.86,48.34,0,109.86,48.34,Paid Social,Mobile
ORD0004180,CUST00741,PROD0121,Clothing,2022-07-02,2022-07,2,86.37,0,172.74,84.64,1,0.0,0.0,Paid Social,Mobile
ORD0004181,CUST00741,PROD0047,Footwear,2022-03-16,2022-03,2,144.43,0.1,259.97,101.39,1,0.0,0.0,Paid Social,Mobile
ORD0004182,CUST00741,PROD0007,Beauty,2022-09-08,2022-09,3,25.48,0.1,68.8,22.7,0,68.8,22.7,Paid Social,Mobile
ORD0004183,CUST00742,PROD0105,Sports,2022-10-19,2022-10,2,41.5,0,83.0,52.29,0,83.0,52.29,Paid Social,Mobile
ORD0004184,CUST00742,PROD0159,Beauty,2023-04-07,2023-04,2,20.79,0,41.58,12.89,0,41.58,12.89,Paid Social,Mobile
ORD0004185,CUST00742,PROD0179,Footwear,2022-08-04,2022-08,2,56.4,0,112.8,69.94,1,0.0,0.0,Paid Social,Mobile
ORD0004186,CUST00742,PROD0143,Beauty,2023-09-10,2023-09,3,15.9,0,47.7,30.53,0,47.7,30.53,Paid Social,Mobile
ORD0004187,CUST00742,PROD0081,Home & Living,2024-02-17,2024-02,1,97.71,0,97.71,25.4,1,0.0,0.0,Paid Social,Mobile
ORD0004188,CUST00742,PROD0197,Clothing,2023-08-21,2023-08,3,92.45,0.1,249.62,89.86,0,249.62,89.86,Paid Social,Mobile
ORD0004189,CUST00742,PROD0045,Home & Living,2024-03-08,2024-03,2,91.27,0,182.54,83.97,0,182.54,83.97,Paid Social,Mobile
ORD0004190,CUST00742,PROD0059,Sports,2023-04-30,2023-04,1,76.4,0,76.4,38.96,0,76.4,38.96,Paid Social,Mobile
ORD0004191,CUST00743,PROD0019,Beauty,2023-03-28,2023-03,3,17.13,0,51.39,22.61,0,51.39,22.61,Paid Social,Desktop
ORD0004192,CUST00743,PROD0120,Home & Living,2024-03-08,2024-03,3,118.52,0.05,337.78,104.71,0,337.78,104.71,Paid Social,Desktop
ORD0004193,CUST00743,PROD0113,Home & Living,2024-03-03,2024-03,2,30.82,0,61.64,32.67,0,61.64,32.67,Paid Social,Desktop
ORD0004194,CUST00744,PROD0084,Accessories,2022-08-14,2022-08,2,45.9,0,91.8,25.7,0,91.8,25.7,Referral,Mobile
ORD0004195,CUST00744,PROD0135,Beauty,2024-01-05,2024-01,1,31.76,0,31.76,19.69,0,31.76,19.69,Referral,Mobile
ORD0004196,CUST00744,PROD0187,Clothing,2023-07-07,2023-07,2,104.59,0,209.18,92.04,0,209.18,92.04,Referral,Mobile
ORD0004197,CUST00744,PROD0197,Clothing,2024-01-04,2024-01,3,92.45,0,277.35,99.85,0,277.35,99.85,Referral,Mobile
ORD0004198,CUST00744,PROD0147,Home & Living,2024-03-22,2024-03,2,133.32,0,266.64,122.65,0,266.64,122.65,Referral,Mobile
ORD0004199,CUST00744,PROD0199,Sports,2023-12-07,2023-12,1,40.52,0,40.52,12.97,0,40.52,12.97,Referral,Mobile
ORD0004200,CUST00745,PROD0008,Footwear,2023-07-25,2023-07,3,151.56,0,454.68,277.35,1,0.0,0.0,Paid Social,Mobile
ORD0004201,CUST00745,PROD0172,Beauty,2023-03-18,2023-03,1,19.11,0,19.11,8.22,0,19.11,8.22,Paid Social,Mobile
ORD0004202,CUST00746,PROD0010,Home & Living,2022-06-25,2022-06,1,50.82,0,50.82,19.31,0,50.82,19.31,Direct,Mobile
ORD0004203,CUST00746,PROD0185,Footwear,2023-04-11,2023-04,2,196.58,0,393.16,200.51,1,0.0,0.0,Direct,Mobile
ORD0004204,CUST00746,PROD0138,Home & Living,2023-09-25,2023-09,1,126.57,0,126.57,56.96,0,126.57,56.96,Direct,Mobile
ORD0004205,CUST00746,PROD0099,Home & Living,2023-10-24,2023-10,3,113.39,0,340.17,125.86,0,340.17,125.86,Direct,Mobile
ORD0004206,CUST00746,PROD0036,Home & Living,2022-03-31,2022-03,1,74.59,0,74.59,26.11,1,0.0,0.0,Direct,Mobile
ORD0004207,CUST00747,PROD0160,Accessories,2022-09-28,2022-09,1,31.12,0.1,28.01,15.69,0,28.01,15.69,Email,Desktop
ORD0004208,CUST00747,PROD0151,Clothing,2022-10-04,2022-10,3,30.88,0.2,74.11,32.61,0,74.11,32.61,Email,Desktop
ORD0004209,CUST00747,PROD0071,Beauty,2023-03-05,2023-03,2,65.25,0,130.5,79.61,0,130.5,79.61,Email,Desktop
ORD0004210,CUST00747,PROD0031,Footwear,2022-06-29,2022-06,1,42.93,0.15,36.49,16.06,0,36.49,16.06,Email,Desktop
ORD0004211,CUST00748,PROD0006,Accessories,2024-02-26,2024-02,1,25.71,0.1,23.14,10.88,1,0.0,0.0,Referral,Desktop
ORD0004212,CUST00748,PROD0182,Accessories,2023-08-25,2023-08,1,22.63,0,22.63,8.6,0,22.63,8.6,Referral,Desktop
ORD0004213,CUST00748,PROD0028,Sports,2023-12-25,2023-12,1,115.45,0.1,103.91,50.92,0,103.91,50.92,Referral,Desktop
ORD0004214,CUST00748,PROD0133,Clothing,2024-03-23,2024-03,3,70.11,0.1,189.3,107.9,0,189.3,107.9,Referral,Desktop
ORD0004215,CUST00748,PROD0193,Sports,2023-11-17,2023-11,2,95.75,0,191.5,61.28,1,0.0,0.0,Referral,Desktop
ORD0004216,CUST00749,PROD0110,Footwear,2023-12-02,2023-12,2,106.03,0,212.06,114.51,0,212.06,114.51,Paid Social,Desktop
ORD0004217,CUST00749,PROD0048,Home & Living,2023-06-07,2023-06,1,96.14,0,96.14,60.57,0,96.14,60.57,Paid Social,Desktop
ORD0004218,CUST00750,PROD0023,Clothing,2024-03-15,2024-03,1,85.59,0.1,77.03,26.96,0,77.03,26.96,Referral,Mobile
ORD0004219,CUST00750,PROD0126,Sports,2023-01-29,2023-01,3,92.2,0.1,248.94,159.32,0,248.94,159.32,Referral,Mobile
ORD0004220,CUST00750,PROD0190,Beauty,2023-01-23,2023-01,3,23.73,0,71.19,31.32,0,71.19,31.32,Referral,Mobile
ORD0004221,CUST00751,PROD0001,Accessories,2024-01-11,2024-01,1,40.31,0,40.31,14.11,0,40.31,14.11,Paid Social,Mobile
ORD0004222,CUST00751,PROD0146,Accessories,2024-02-14,2024-02,1,80.98,0,80.98,28.34,0,80.98,28.34,Paid Social,Mobile
ORD0004223,CUST00751,PROD0028,Sports,2023-11-28,2023-11,3,115.45,0.05,329.03,161.22,1,0.0,0.0,Paid Social,Mobile
ORD0004224,CUST00751,PROD0185,Footwear,2024-01-12,2024-01,3,196.58,0,589.74,300.77,0,589.74,300.77,Paid Social,Mobile
ORD0004225,CUST00751,PROD0103,Accessories,2024-01-19,2024-01,2,84.89,0.05,161.29,72.58,0,161.29,72.58,Paid Social,Mobile
ORD0004226,CUST00751,PROD0093,Footwear,2024-03-15,2024-03,1,85.42,0,85.42,48.69,0,85.42,48.69,Paid Social,Mobile
ORD0004227,CUST00751,PROD0149,Beauty,2023-10-27,2023-10,2,65.53,0.05,124.51,64.75,0,124.51,64.75,Paid Social,Mobile
ORD0004228,CUST00751,PROD0190,Beauty,2023-10-07,2023-10,3,23.73,0,71.19,31.32,1,0.0,0.0,Paid Social,Mobile
ORD0004229,CUST00751,PROD0103,Accessories,2023-08-29,2023-08,2,84.89,0.1,152.8,68.76,0,152.8,68.76,Paid Social,Mobile
ORD0004230,CUST00752,PROD0009,Sports,2023-10-31,2023-10,1,39.16,0,39.16,23.1,0,39.16,23.1,Influencer,Desktop
ORD0004231,CUST00752,PROD0151,Clothing,2024-02-09,2024-02,1,30.88,0,30.88,13.59,0,30.88,13.59,Influencer,Desktop
ORD0004232,CUST00752,PROD0163,Beauty,2023-07-07,2023-07,2,20.18,0,40.36,19.37,0,40.36,19.37,Influencer,Desktop
ORD0004233,CUST00752,PROD0060,Footwear,2023-06-28,2023-06,1,104.31,0,104.31,30.25,0,104.31,30.25,Influencer,Desktop
ORD0004234,CUST00752,PROD0029,Accessories,2023-12-08,2023-12,3,59.38,0,178.14,106.88,0,178.14,106.88,Influencer,Desktop
ORD0004235,CUST00753,PROD0126,Sports,2023-11-18,2023-11,3,92.2,0,276.6,177.02,0,276.6,177.02,Organic Search,Mobile
ORD0004236,CUST00753,PROD0145,Clothing,2023-05-24,2023-05,2,70.32,0,140.64,84.38,0,140.64,84.38,Organic Search,Mobile
ORD0004237,CUST00753,PROD0065,Accessories,2023-10-07,2023-10,1,54.38,0,54.38,23.38,0,54.38,23.38,Organic Search,Mobile
ORD0004238,CUST00753,PROD0052,Clothing,2023-12-26,2023-12,3,61.19,0,183.57,53.24,0,183.57,53.24,Organic Search,Mobile
ORD0004239,CUST00753,PROD0169,Accessories,2023-12-16,2023-12,3,66.47,0,199.41,101.7,0,199.41,101.7,Organic Search,Mobile
ORD0004240,CUST00754,PROD0076,Clothing,2023-10-10,2023-10,2,54.02,0,108.04,33.49,0,108.04,33.49,Paid Social,Mobile
ORD0004241,CUST00754,PROD0063,Accessories,2022-05-10,2022-05,3,72.45,0.05,206.48,70.2,0,206.48,70.2,Paid Social,Mobile
ORD0004242,CUST00754,PROD0081,Home & Living,2022-12-02,2022-12,2,97.71,0.1,175.88,45.73,0,175.88,45.73,Paid Social,Mobile
ORD0004243,CUST00754,PROD0074,Beauty,2022-07-12,2022-07,2,52.12,0.1,93.82,24.39,0,93.82,24.39,Paid Social,Mobile
ORD0004244,CUST00754,PROD0073,Sports,2023-05-22,2023-05,1,66.61,0,66.61,23.98,0,66.61,23.98,Paid Social,Mobile
ORD0004245,CUST00755,PROD0136,Accessories,2023-05-04,2023-05,2,78.97,0.15,134.25,49.67,0,134.25,49.67,Email,Mobile
ORD0004246,CUST00755,PROD0038,Accessories,2023-10-26,2023-10,3,85.41,0.15,217.8,119.79,0,217.8,119.79,Email,Mobile
ORD0004247,CUST00755,PROD0086,Clothing,2023-04-28,2023-04,3,82.15,0.15,209.48,119.4,0,209.48,119.4,Email,Mobile
ORD0004248,CUST00755,PROD0031,Footwear,2023-05-15,2023-05,3,42.93,0,128.79,56.67,0,128.79,56.67,Email,Mobile
ORD0004249,CUST00756,PROD0156,Sports,2023-11-24,2023-11,3,96.17,0,288.51,167.34,0,288.51,167.34,Paid Social,Desktop
ORD0004250,CUST00756,PROD0133,Clothing,2023-02-26,2023-02,1,70.11,0.05,66.6,37.96,1,0.0,0.0,Paid Social,Desktop
ORD0004251,CUST00757,PROD0018,Clothing,2023-09-15,2023-09,1,45.54,0,45.54,20.49,0,45.54,20.49,Paid Social,Desktop
ORD0004252,CUST00757,PROD0058,Accessories,2024-03-09,2024-03,1,50.31,0.1,45.28,14.94,0,45.28,14.94,Paid Social,Desktop
ORD0004253,CUST00757,PROD0063,Accessories,2023-10-24,2023-10,1,72.45,0.05,68.83,23.4,0,68.83,23.4,Paid Social,Desktop
ORD0004254,CUST00757,PROD0124,Beauty,2023-08-15,2023-08,2,20.18,0,40.36,18.97,1,0.0,0.0,Paid Social,Desktop
ORD0004255,CUST00757,PROD0137,Home & Living,2024-01-11,2024-01,3,99.54,0.05,283.69,110.64,0,283.69,110.64,Paid Social,Desktop
ORD0004256,CUST00757,PROD0086,Clothing,2024-03-06,2024-03,3,82.15,0,246.45,140.48,0,246.45,140.48,Paid Social,Desktop
ORD0004257,CUST00757,PROD0015,Footwear,2023-10-06,2023-10,1,131.63,0.1,118.47,48.57,0,118.47,48.57,Paid Social,Desktop
ORD0004258,CUST00757,PROD0173,Footwear,2023-08-19,2023-08,1,87.72,0.05,83.33,35.83,1,0.0,0.0,Paid Social,Desktop
ORD0004259,CUST00758,PROD0130,Home & Living,2023-08-25,2023-08,3,126.57,0,379.71,220.23,0,379.71,220.23,Email,Mobile
ORD0004260,CUST00758,PROD0088,Accessories,2023-03-03,2023-03,2,42.05,0.2,67.28,24.89,0,67.28,24.89,Email,Mobile
ORD0004261,CUST00758,PROD0150,Beauty,2023-10-25,2023-10,1,24.66,0.1,22.19,10.87,1,0.0,0.0,Email,Mobile
ORD0004262,CUST00759,PROD0191,Accessories,2024-03-17,2024-03,2,42.93,0,85.86,42.07,1,0.0,0.0,Direct,Mobile
ORD0004263,CUST00759,PROD0084,Accessories,2024-03-05,2024-03,2,45.9,0,91.8,25.7,1,0.0,0.0,Direct,Mobile
ORD0004264,CUST00759,PROD0115,Accessories,2024-01-31,2024-01,3,74.34,0,223.02,129.35,0,223.02,129.35,Direct,Mobile
ORD0004265,CUST00759,PROD0184,Sports,2023-05-15,2023-05,1,135.08,0,135.08,36.47,1,0.0,0.0,Direct,Mobile
ORD0004266,CUST00759,PROD0026,Footwear,2024-03-07,2024-03,3,66.28,0,198.84,51.7,0,198.84,51.7,Direct,Mobile
ORD0004267,CUST00759,PROD0082,Beauty,2023-06-17,2023-06,2,20.0,0,40.0,26.0,0,40.0,26.0,Direct,Mobile
ORD0004268,CUST00760,PROD0174,Clothing,2023-08-16,2023-08,2,69.83,0.05,132.68,34.5,0,132.68,34.5,Paid Social,Mobile
ORD0004269,CUST00760,PROD0086,Clothing,2024-03-02,2024-03,3,82.15,0,246.45,140.48,0,246.45,140.48,Paid Social,Mobile
ORD0004270,CUST00760,PROD0064,Footwear,2023-11-15,2023-11,1,190.18,0.1,171.16,66.75,0,171.16,66.75,Paid Social,Mobile
ORD0004271,CUST00760,PROD0021,Beauty,2023-10-16,2023-10,2,65.25,0.05,123.97,76.86,0,123.97,76.86,Paid Social,Mobile
ORD0004272,CUST00760,PROD0079,Footwear,2024-01-12,2024-01,1,67.68,0,67.68,28.43,0,67.68,28.43,Paid Social,Mobile
ORD0004273,CUST00760,PROD0103,Accessories,2023-10-02,2023-10,1,84.89,0.05,80.65,36.29,0,80.65,36.29,Paid Social,Mobile
ORD0004274,CUST00760,PROD0084,Accessories,2023-11-29,2023-11,2,45.9,0.05,87.21,24.42,0,87.21,24.42,Paid Social,Mobile
ORD0004275,CUST00761,PROD0172,Beauty,2023-02-04,2023-02,3,19.11,0,57.33,24.65,0,57.33,24.65,Email,Desktop
ORD0004276,CUST00761,PROD0039,Beauty,2023-12-12,2023-12,1,69.16,0.2,55.33,30.98,0,55.33,30.98,Email,Desktop
ORD0004277,CUST00761,PROD0027,Footwear,2023-06-09,2023-06,3,147.27,0,441.81,247.41,0,441.81,247.41,Email,Desktop
ORD0004278,CUST00761,PROD0194,Accessories,2023-11-20,2023-11,1,80.84,0.2,64.67,32.98,0,64.67,32.98,Email,Desktop
ORD0004279,CUST00761,PROD0120,Home & Living,2023-03-24,2023-03,2,118.52,0,237.04,73.48,0,237.04,73.48,Email,Desktop
ORD0004280,CUST00762,PROD0119,Beauty,2022-10-22,2022-10,2,20.14,0,40.28,14.5,1,0.0,0.0,Referral,Mobile
ORD0004281,CUST00762,PROD0010,Home & Living,2022-01-28,2022-01,1,50.82,0,50.82,19.31,0,50.82,19.31,Referral,Mobile
ORD0004282,CUST00762,PROD0095,Accessories,2022-02-24,2022-02,1,33.53,0,33.53,19.11,0,33.53,19.11,Referral,Mobile
ORD0004283,CUST00762,PROD0001,Accessories,2024-03-03,2024-03,1,40.31,0.1,36.28,12.7,0,36.28,12.7,Referral,Mobile
ORD0004284,CUST00763,PROD0001,Accessories,2024-01-13,2024-01,3,40.31,0,120.93,42.33,0,120.93,42.33,Influencer,Desktop
ORD0004285,CUST00763,PROD0063,Accessories,2023-11-09,2023-11,2,72.45,0,144.9,49.27,0,144.9,49.27,Influencer,Desktop
ORD0004286,CUST00763,PROD0007,Beauty,2024-03-05,2024-03,3,25.48,0,76.44,25.23,0,76.44,25.23,Influencer,Desktop
ORD0004287,CUST00763,PROD0151,Clothing,2023-10-01,2023-10,2,30.88,0,61.76,27.17,0,61.76,27.17,Influencer,Desktop
ORD0004288,CUST00763,PROD0039,Beauty,2024-01-16,2024-01,3,69.16,0,207.48,116.19,0,207.48,116.19,Influencer,Desktop
ORD0004289,CUST00763,PROD0067,Clothing,2024-02-09,2024-02,3,47.62,0,142.86,45.72,0,142.86,45.72,Influencer,Desktop
ORD0004290,CUST00764,PROD0049,Home & Living,2022-12-20,2022-12,3,60.55,0,181.65,70.84,0,181.65,70.84,Referral,Desktop
ORD0004291,CUST00764,PROD0169,Accessories,2023-11-29,2023-11,1,66.47,0,66.47,33.9,0,66.47,33.9,Referral,Desktop
ORD0004292,CUST00764,PROD0129,Accessories,2023-06-27,2023-06,3,45.01,0.1,121.53,37.67,0,121.53,37.67,Referral,Desktop
ORD0004293,CUST00764,PROD0002,Clothing,2023-08-23,2023-08,1,48.81,0,48.81,30.75,0,48.81,30.75,Referral,Desktop
ORD0004294,CUST00764,PROD0087,Home & Living,2023-10-05,2023-10,2,45.63,0,91.26,52.93,0,91.26,52.93,Referral,Desktop
ORD0004295,CUST00765,PROD0076,Clothing,2024-01-13,2024-01,3,54.02,0,162.06,50.24,1,0.0,0.0,Email,Mobile
ORD0004296,CUST00765,PROD0129,Accessories,2023-12-04,2023-12,1,45.01,0.15,38.26,11.86,1,0.0,0.0,Email,Mobile
ORD0004297,CUST00765,PROD0023,Clothing,2023-08-12,2023-08,3,85.59,0,256.77,89.87,0,256.77,89.87,Email,Mobile
ORD0004298,CUST00765,PROD0108,Accessories,2024-03-28,2024-03,3,82.14,0.1,221.78,66.53,0,221.78,66.53,Email,Mobile
ORD0004299,CUST00765,PROD0002,Clothing,2022-09-22,2022-09,2,48.81,0.1,87.86,55.35,1,0.0,0.0,Email,Mobile
ORD0004300,CUST00765,PROD0200,Footwear,2023-04-26,2023-04,3,43.07,0.2,103.37,58.92,0,103.37,58.92,Email,Mobile
ORD0004301,CUST00766,PROD0061,Home & Living,2023-11-06,2023-11,3,136.85,0.15,348.97,129.12,0,348.97,129.12,Email,Desktop
ORD0004302,CUST00766,PROD0079,Footwear,2024-03-10,2024-03,3,67.68,0.1,182.74,76.75,1,0.0,0.0,Email,Desktop
ORD0004303,CUST00766,PROD0136,Accessories,2022-09-22,2022-09,3,78.97,0.15,201.37,74.51,0,201.37,74.51,Email,Desktop
ORD0004304,CUST00766,PROD0132,Home & Living,2022-11-06,2022-11,3,31.95,0.1,86.27,50.04,1,0.0,0.0,Email,Desktop
ORD0004305,CUST00766,PROD0035,Beauty,2023-02-07,2023-02,3,43.82,0.2,105.17,61.0,0,105.17,61.0,Email,Desktop
ORD0004306,CUST00766,PROD0155,Beauty,2023-09-06,2023-09,3,35.29,0.2,84.7,34.73,0,84.7,34.73,Email,Desktop
ORD0004307,CUST00767,PROD0020,Clothing,2023-03-18,2023-03,3,35.77,0.1,96.58,44.43,0,96.58,44.43,Referral,Desktop
ORD0004308,CUST00767,PROD0073,Sports,2024-01-21,2024-01,1,66.61,0.1,59.95,21.58,0,59.95,21.58,Referral,Desktop
ORD0004309,CUST00767,PROD0116,Footwear,2023-02-06,2023-02,2,141.52,0,283.04,124.54,0,283.04,124.54,Referral,Desktop
ORD0004310,CUST00767,PROD0125,Sports,2024-01-03,2024-01,3,126.04,0.1,340.31,132.72,1,0.0,0.0,Referral,Desktop
ORD0004311,CUST00768,PROD0069,Beauty,2023-06-29,2023-06,2,52.71,0.15,89.61,53.77,0,89.61,53.77,Email,Mobile
ORD0004312,CUST00768,PROD0189,Home & Living,2024-01-21,2024-01,1,100.23,0,100.23,61.14,0,100.23,61.14,Email,Mobile
ORD0004313,CUST00768,PROD0117,Accessories,2024-02-28,2024-02,1,65.2,0.15,55.42,16.07,0,55.42,16.07,Email,Mobile
ORD0004314,CUST00768,PROD0040,Beauty,2023-10-13,2023-10,1,42.24,0.2,33.79,13.85,1,0.0,0.0,Email,Mobile
ORD0004315,CUST00768,PROD0161,Home & Living,2023-06-20,2023-06,3,33.22,0.15,84.71,49.98,0,84.71,49.98,Email,Mobile
ORD0004316,CUST00768,PROD0069,Beauty,2023-11-07,2023-11,2,52.71,0,105.42,63.25,0,105.42,63.25,Email,Mobile
ORD0004317,CUST00768,PROD0140,Home & Living,2023-04-06,2023-04,3,34.26,0,102.78,56.53,1,0.0,0.0,Email,Mobile
ORD0004318,CUST00768,PROD0117,Accessories,2024-02-21,2024-02,3,65.2,0,195.6,56.72,1,0.0,0.0,Email,Mobile
ORD0004319,CUST00769,PROD0194,Accessories,2023-05-19,2023-05,2,80.84,0,161.68,82.46,1,0.0,0.0,Email,Mobile
ORD0004320,CUST00769,PROD0088,Accessories,2023-05-20,2023-05,2,42.05,0,84.1,31.12,1,0.0,0.0,Email,Mobile
ORD0004321,CUST00769,PROD0129,Accessories,2023-10-24,2023-10,3,45.01,0.15,114.78,35.58,1,0.0,0.0,Email,Mobile
ORD0004322,CUST00769,PROD0141,Beauty,2023-08-31,2023-08,3,60.76,0,182.28,61.98,1,0.0,0.0,Email,Mobile
ORD0004323,CUST00769,PROD0089,Sports,2023-06-20,2023-06,3,40.38,0.15,102.97,33.98,1,0.0,0.0,Email,Mobile
ORD0004324,CUST00769,PROD0141,Beauty,2022-06-23,2022-06,1,60.76,0,60.76,20.66,0,60.76,20.66,Email,Mobile
ORD0004325,CUST00769,PROD0008,Footwear,2022-11-16,2022-11,1,151.56,0.15,128.83,78.59,0,128.83,78.59,Email,Mobile
ORD0004326,CUST00769,PROD0004,Accessories,2024-03-06,2024-03,3,19.48,0,58.44,36.82,1,0.0,0.0,Email,Mobile
ORD0004327,CUST00770,PROD0164,Accessories,2024-01-31,2024-01,1,18.66,0,18.66,5.41,1,0.0,0.0,Paid Social,Mobile
ORD0004328,CUST00770,PROD0102,Footwear,2023-08-29,2023-08,3,44.77,0,134.31,34.92,0,134.31,34.92,Paid Social,Mobile
ORD0004329,CUST00770,PROD0069,Beauty,2023-10-25,2023-10,3,52.71,0.1,142.32,85.39,1,0.0,0.0,Paid Social,Mobile
ORD0004330,CUST00770,PROD0054,Sports,2023-09-07,2023-09,2,142.4,0,284.8,142.4,1,0.0,0.0,Paid Social,Mobile
ORD0004331,CUST00771,PROD0150,Beauty,2024-01-14,2024-01,3,24.66,0,73.98,36.25,0,73.98,36.25,Organic Search,Tablet
ORD0004332,CUST00771,PROD0121,Clothing,2023-08-29,2023-08,3,86.37,0,259.11,126.96,1,0.0,0.0,Organic Search,Tablet
ORD0004333,CUST00771,PROD0012,Sports,2023-06-14,2023-06,1,146.79,0,146.79,52.84,0,146.79,52.84,Organic Search,Tablet
ORD0004334,CUST00771,PROD0107,Clothing,2023-05-01,2023-05,3,91.09,0,273.27,169.43,1,0.0,0.0,Organic Search,Tablet
ORD0004335,CUST00771,PROD0151,Clothing,2024-01-12,2024-01,1,30.88,0,30.88,13.59,0,30.88,13.59,Organic Search,Tablet
ORD0004336,CUST00771,PROD0146,Accessories,2023-07-29,2023-07,1,80.98,0,80.98,28.34,0,80.98,28.34,Organic Search,Tablet
ORD0004337,CUST00772,PROD0019,Beauty,2024-02-01,2024-02,1,17.13,0,17.13,7.54,0,17.13,7.54,Influencer,Desktop
ORD0004338,CUST00772,PROD0161,Home & Living,2023-04-15,2023-04,3,33.22,0,99.66,58.8,0,99.66,58.8,Influencer,Desktop
ORD0004339,CUST00772,PROD0104,Sports,2023-08-13,2023-08,2,40.92,0,81.84,29.46,0,81.84,29.46,Influencer,Desktop
ORD0004340,CUST00772,PROD0175,Footwear,2022-05-21,2022-05,3,69.53,0,208.59,62.58,1,0.0,0.0,Influencer,Desktop
ORD0004341,CUST00772,PROD0193,Sports,2024-02-18,2024-02,2,95.75,0,191.5,61.28,0,191.5,61.28,Influencer,Desktop
ORD0004342,CUST00772,PROD0044,Footwear,2023-06-26,2023-06,1,185.76,0,185.76,91.02,1,0.0,0.0,Influencer,Desktop
ORD0004343,CUST00772,PROD0171,Clothing,2022-08-25,2022-08,2,49.46,0,98.92,24.73,0,98.92,24.73,Influencer,Desktop
ORD0004344,CUST00772,PROD0105,Sports,2023-04-12,2023-04,1,41.5,0,41.5,26.14,0,41.5,26.14,Influencer,Desktop
ORD0004345,CUST00773,PROD0027,Footwear,2023-03-11,2023-03,2,147.27,0.2,235.63,131.95,1,0.0,0.0,Email,Mobile
ORD0004346,CUST00773,PROD0153,Accessories,2023-07-07,2023-07,3,85.5,0.1,230.85,129.28,0,230.85,129.28,Email,Mobile
ORD0004347,CUST00774,PROD0180,Sports,2023-05-18,2023-05,2,57.83,0,115.66,64.77,0,115.66,64.77,Referral,Mobile
ORD0004348,CUST00774,PROD0004,Accessories,2024-01-31,2024-01,2,19.48,0.1,35.06,22.09,0,35.06,22.09,Referral,Mobile
ORD0004349,CUST00774,PROD0125,Sports,2023-10-02,2023-10,1,126.04,0.1,113.44,44.24,0,113.44,44.24,Referral,Mobile
ORD0004350,CUST00774,PROD0125,Sports,2023-09-07,2023-09,2,126.04,0.1,226.87,88.48,0,226.87,88.48,Referral,Mobile
ORD0004351,CUST00774,PROD0120,Home & Living,2023-12-08,2023-12,2,118.52,0.1,213.34,66.14,1,0.0,0.0,Referral,Mobile
ORD0004352,CUST00774,PROD0096,Sports,2023-12-21,2023-12,2,59.98,0,119.96,76.77,0,119.96,76.77,Referral,Mobile
ORD0004353,CUST00775,PROD0058,Accessories,2023-11-12,2023-11,3,50.31,0,150.93,49.81,1,0.0,0.0,Paid Social,Mobile
ORD0004354,CUST00775,PROD0037,Clothing,2023-12-12,2023-12,1,99.72,0.05,94.73,36.0,1,0.0,0.0,Paid Social,Mobile
ORD0004355,CUST00775,PROD0026,Footwear,2022-12-22,2022-12,2,66.28,0,132.56,34.47,0,132.56,34.47,Paid Social,Mobile
ORD0004356,CUST00775,PROD0198,Sports,2022-12-18,2022-12,2,59.63,0,119.26,50.09,1,0.0,0.0,Paid Social,Mobile
ORD0004357,CUST00776,PROD0036,Home & Living,2023-10-16,2023-10,1,74.59,0,74.59,26.11,1,0.0,0.0,Paid Social,Desktop
ORD0004358,CUST00776,PROD0198,Sports,2024-01-27,2024-01,3,59.63,0.05,169.95,71.38,0,169.95,71.38,Paid Social,Desktop
ORD0004359,CUST00776,PROD0126,Sports,2023-11-05,2023-11,3,92.2,0.1,248.94,159.32,0,248.94,159.32,Paid Social,Desktop
ORD0004360,CUST00776,PROD0023,Clothing,2024-02-01,2024-02,2,85.59,0.1,154.06,53.92,0,154.06,53.92,Paid Social,Desktop
ORD0004361,CUST00776,PROD0174,Clothing,2024-03-19,2024-03,2,69.83,0.05,132.68,34.5,0,132.68,34.5,Paid Social,Desktop
ORD0004362,CUST00776,PROD0002,Clothing,2023-11-29,2023-11,2,48.81,0,97.62,61.5,1,0.0,0.0,Paid Social,Desktop
ORD0004363,CUST00776,PROD0111,Clothing,2024-02-03,2024-02,3,72.51,0.05,206.65,126.06,1,0.0,0.0,Paid Social,Desktop
ORD0004364,CUST00776,PROD0079,Footwear,2023-09-19,2023-09,2,67.68,0,135.36,56.85,0,135.36,56.85,Paid Social,Desktop
ORD0004365,CUST00776,PROD0190,Beauty,2024-03-22,2024-03,2,23.73,0.1,42.71,18.79,0,42.71,18.79,Paid Social,Desktop
ORD0004366,CUST00777,PROD0078,Accessories,2023-05-24,2023-05,1,83.84,0,83.84,50.3,0,83.84,50.3,Paid Social,Desktop
ORD0004367,CUST00778,PROD0183,Clothing,2023-04-19,2023-04,2,78.37,0,156.74,94.04,0,156.74,94.04,Email,Mobile
ORD0004368,CUST00778,PROD0002,Clothing,2024-01-26,2024-01,3,48.81,0.1,131.79,83.03,0,131.79,83.03,Email,Mobile
ORD0004369,CUST00779,PROD0088,Accessories,2023-10-20,2023-10,3,42.05,0,126.15,46.68,0,126.15,46.68,Organic Search,Tablet
ORD0004370,CUST00779,PROD0167,Footwear,2024-01-24,2024-01,3,62.12,0,186.36,54.04,0,186.36,54.04,Organic Search,Tablet
ORD0004371,CUST00779,PROD0155,Beauty,2024-02-11,2024-02,1,35.29,0,35.29,14.47,0,35.29,14.47,Organic Search,Tablet
ORD0004372,CUST00780,PROD0108,Accessories,2023-09-14,2023-09,3,82.14,0.05,234.1,70.23,1,0.0,0.0,Paid Social,Desktop
ORD0004373,CUST00781,PROD0049,Home & Living,2023-11-26,2023-11,2,60.55,0,121.1,47.23,0,121.1,47.23,Influencer,Tablet
ORD0004374,CUST00781,PROD0078,Accessories,2023-11-07,2023-11,2,83.84,0,167.68,100.61,0,167.68,100.61,Influencer,Tablet
ORD0004375,CUST00781,PROD0082,Beauty,2023-10-25,2023-10,1,20.0,0,20.0,13.0,0,20.0,13.0,Influencer,Tablet
ORD0004376,CUST00781,PROD0063,Accessories,2023-07-28,2023-07,3,72.45,0,217.35,73.9,0,217.35,73.9,Influencer,Tablet
ORD0004377,CUST00781,PROD0040,Beauty,2024-01-14,2024-01,2,42.24,0,84.48,34.64,0,84.48,34.64,Influencer,Tablet
ORD0004378,CUST00781,PROD0050,Home & Living,2023-07-18,2023-07,2,120.87,0,241.74,65.27,0,241.74,65.27,Influencer,Tablet
ORD0004379,CUST00781,PROD0078,Accessories,2023-09-24,2023-09,1,83.84,0,83.84,50.3,1,0.0,0.0,Influencer,Tablet
ORD0004380,CUST00781,PROD0063,Accessories,2023-07-10,2023-07,3,72.45,0,217.35,73.9,0,217.35,73.9,Influencer,Tablet
ORD0004381,CUST00782,PROD0086,Clothing,2023-08-28,2023-08,1,82.15,0,82.15,46.83,0,82.15,46.83,Referral,Mobile
ORD0004382,CUST00782,PROD0123,Clothing,2022-07-24,2022-07,1,40.48,0,40.48,10.52,1,0.0,0.0,Referral,Mobile
ORD0004383,CUST00782,PROD0051,Footwear,2024-01-12,2024-01,3,119.28,0,357.84,203.97,0,357.84,203.97,Referral,Mobile
ORD0004384,CUST00782,PROD0133,Clothing,2022-06-12,2022-06,3,70.11,0,210.33,119.89,1,0.0,0.0,Referral,Mobile
ORD0004385,CUST00782,PROD0184,Sports,2023-01-02,2023-01,3,135.08,0,405.24,109.41,0,405.24,109.41,Referral,Mobile
ORD0004386,CUST00782,PROD0056,Home & Living,2022-09-20,2022-09,1,70.19,0,70.19,37.9,0,70.19,37.9,Referral,Mobile
ORD0004387,CUST00782,PROD0059,Sports,2022-11-07,2022-11,2,76.4,0,152.8,77.93,0,152.8,77.93,Referral,Mobile
ORD0004388,CUST00782,PROD0164,Accessories,2022-05-06,2022-05,1,18.66,0,18.66,5.41,0,18.66,5.41,Referral,Mobile
ORD0004389,CUST00782,PROD0034,Clothing,2024-03-23,2024-03,2,108.12,0.1,194.62,77.85,0,194.62,77.85,Referral,Mobile
ORD0004390,CUST00782,PROD0162,Home & Living,2023-03-21,2023-03,3,81.32,0,243.96,107.34,1,0.0,0.0,Referral,Mobile
ORD0004391,CUST00783,PROD0049,Home & Living,2022-09-14,2022-09,3,60.55,0,181.65,70.84,0,181.65,70.84,Organic Search,Mobile
ORD0004392,CUST00783,PROD0150,Beauty,2023-07-05,2023-07,2,24.66,0,49.32,24.17,0,49.32,24.17,Organic Search,Mobile
ORD0004393,CUST00784,PROD0104,Sports,2024-03-23,2024-03,3,40.92,0,122.76,44.19,1,0.0,0.0,Referral,Mobile
ORD0004394,CUST00784,PROD0138,Home & Living,2023-08-26,2023-08,1,126.57,0,126.57,56.96,0,126.57,56.96,Referral,Mobile
ORD0004395,CUST00784,PROD0193,Sports,2022-10-22,2022-10,3,95.75,0.1,258.53,82.73,0,258.53,82.73,Referral,Mobile
ORD0004396,CUST00785,PROD0136,Accessories,2024-03-21,2024-03,1,78.97,0,78.97,29.22,1,0.0,0.0,Paid Social,Mobile
ORD0004397,CUST00785,PROD0036,Home & Living,2023-12-25,2023-12,1,74.59,0,74.59,26.11,0,74.59,26.11,Paid Social,Mobile
ORD0004398,CUST00785,PROD0120,Home & Living,2024-03-18,2024-03,3,118.52,0.1,320.0,99.2,0,320.0,99.2,Paid Social,Mobile
ORD0004399,CUST00785,PROD0025,Footwear,2023-03-15,2023-03,2,78.3,0.05,148.77,49.09,0,148.77,49.09,Paid Social,Mobile
ORD0004400,CUST00785,PROD0187,Clothing,2023-10-25,2023-10,1,104.59,0.05,99.36,43.72,0,99.36,43.72,Paid Social,Mobile
ORD0004401,CUST00785,PROD0066,Footwear,2023-05-21,2023-05,2,151.36,0.1,272.45,79.01,0,272.45,79.01,Paid Social,Mobile
ORD0004402,CUST00785,PROD0060,Footwear,2023-03-17,2023-03,3,104.31,0.1,281.64,81.68,0,281.64,81.68,Paid Social,Mobile
ORD0004403,CUST00786,PROD0132,Home & Living,2023-11-19,2023-11,1,31.95,0,31.95,18.53,1,0.0,0.0,Email,Tablet
ORD0004404,CUST00786,PROD0133,Clothing,2024-02-21,2024-02,1,70.11,0.15,59.59,33.97,0,59.59,33.97,Email,Tablet
ORD0004405,CUST00786,PROD0085,Accessories,2024-03-20,2024-03,3,53.78,0.2,129.07,61.95,1,0.0,0.0,Email,Tablet
ORD0004406,CUST00786,PROD0091,Beauty,2024-01-07,2024-01,1,39.11,0,39.11,15.64,1,0.0,0.0,Email,Tablet
ORD0004407,CUST00786,PROD0133,Clothing,2024-01-28,2024-01,1,70.11,0.2,56.09,31.97,1,0.0,0.0,Email,Tablet
ORD0004408,CUST00786,PROD0095,Accessories,2024-01-02,2024-01,1,33.53,0,33.53,19.11,0,33.53,19.11,Email,Tablet
ORD0004409,CUST00786,PROD0081,Home & Living,2023-11-05,2023-11,2,97.71,0.1,175.88,45.73,0,175.88,45.73,Email,Tablet
ORD0004410,CUST00786,PROD0108,Accessories,2023-09-13,2023-09,1,82.14,0,82.14,24.64,1,0.0,0.0,Email,Tablet
ORD0004411,CUST00786,PROD0046,Sports,2024-03-28,2024-03,3,44.39,0.1,119.85,63.52,0,119.85,63.52,Email,Tablet
ORD0004412,CUST00786,PROD0136,Accessories,2023-08-17,2023-08,2,78.97,0.15,134.25,49.67,0,134.25,49.67,Email,Tablet
ORD0004413,CUST00786,PROD0084,Accessories,2023-12-13,2023-12,2,45.9,0,91.8,25.7,0,91.8,25.7,Email,Tablet
ORD0004414,CUST00786,PROD0199,Sports,2024-01-31,2024-01,2,40.52,0,81.04,25.93,1,0.0,0.0,Email,Tablet
ORD0004415,CUST00786,PROD0175,Footwear,2024-01-03,2024-01,2,69.53,0.2,111.25,33.38,1,0.0,0.0,Email,Tablet
ORD0004416,CUST00786,PROD0123,Clothing,2024-02-01,2024-02,1,40.48,0,40.48,10.52,0,40.48,10.52,Email,Tablet
ORD0004417,CUST00786,PROD0127,Accessories,2023-11-07,2023-11,3,49.21,0.1,132.87,41.19,0,132.87,41.19,Email,Tablet
ORD0004418,CUST00787,PROD0133,Clothing,2022-10-14,2022-10,1,70.11,0.05,66.6,37.96,0,66.6,37.96,Paid Social,Tablet
ORD0004419,CUST00787,PROD0132,Home & Living,2023-06-23,2023-06,1,31.95,0,31.95,18.53,0,31.95,18.53,Paid Social,Tablet
ORD0004420,CUST00787,PROD0151,Clothing,2023-11-02,2023-11,1,30.88,0.1,27.79,12.23,0,27.79,12.23,Paid Social,Tablet
ORD0004421,CUST00787,PROD0094,Home & Living,2023-09-25,2023-09,3,56.47,0.05,160.94,101.39,0,160.94,101.39,Paid Social,Tablet
ORD0004422,CUST00787,PROD0184,Sports,2023-10-06,2023-10,1,135.08,0,135.08,36.47,1,0.0,0.0,Paid Social,Tablet
ORD0004423,CUST00787,PROD0091,Beauty,2024-01-26,2024-01,1,39.11,0.05,37.15,14.86,0,37.15,14.86,Paid Social,Tablet
ORD0004424,CUST00787,PROD0188,Footwear,2024-01-29,2024-01,1,148.41,0,148.41,87.56,0,148.41,87.56,Paid Social,Tablet
ORD0004425,CUST00788,PROD0020,Clothing,2023-04-22,2023-04,3,35.77,0.2,85.85,39.49,0,85.85,39.49,Email,Desktop
ORD0004426,CUST00788,PROD0061,Home & Living,2022-11-11,2022-11,1,136.85,0,136.85,50.63,1,0.0,0.0,Email,Desktop
ORD0004427,CUST00788,PROD0017,Home & Living,2023-08-01,2023-08,2,31.84,0,63.68,24.84,1,0.0,0.0,Email,Desktop
ORD0004428,CUST00788,PROD0030,Beauty,2023-10-19,2023-10,3,30.52,0.2,73.25,26.37,1,0.0,0.0,Email,Desktop
ORD0004429,CUST00789,PROD0178,Clothing,2023-06-24,2023-06,3,60.67,0,182.01,72.8,0,182.01,72.8,Paid Social,Mobile
ORD0004430,CUST00789,PROD0170,Beauty,2023-05-20,2023-05,3,69.97,0,209.91,134.34,0,209.91,134.34,Paid Social,Mobile
ORD0004431,CUST00789,PROD0188,Footwear,2024-01-15,2024-01,3,148.41,0.05,422.97,249.55,0,422.97,249.55,Paid Social,Mobile
ORD0004432,CUST00789,PROD0118,Clothing,2023-05-08,2023-05,3,33.04,0,99.12,47.58,0,99.12,47.58,Paid Social,Mobile
ORD0004433,CUST00789,PROD0149,Beauty,2024-03-18,2024-03,1,65.53,0,65.53,34.08,1,0.0,0.0,Paid Social,Mobile
ORD0004434,CUST00790,PROD0012,Sports,2023-11-29,2023-11,1,146.79,0,146.79,52.84,0,146.79,52.84,Organic Search,Mobile
ORD0004435,CUST00791,PROD0111,Clothing,2023-06-26,2023-06,1,72.51,0,72.51,44.23,0,72.51,44.23,Influencer,Mobile
ORD0004436,CUST00792,PROD0142,Sports,2022-01-24,2022-01,3,114.73,0.1,309.77,148.69,0,309.77,148.69,Referral,Mobile
ORD0004437,CUST00792,PROD0033,Sports,2022-12-09,2022-12,3,54.48,0.1,147.1,41.19,0,147.1,41.19,Referral,Mobile
ORD0004438,CUST00792,PROD0067,Clothing,2022-09-24,2022-09,3,47.62,0,142.86,45.72,0,142.86,45.72,Referral,Mobile
ORD0004439,CUST00793,PROD0154,Sports,2024-02-06,2024-02,1,137.38,0.15,116.77,31.53,0,116.77,31.53,Email,Mobile
ORD0004440,CUST00793,PROD0182,Accessories,2024-03-13,2024-03,3,22.63,0.1,61.1,23.22,0,61.1,23.22,Email,Mobile
ORD0004441,CUST00793,PROD0093,Footwear,2023-07-31,2023-07,3,85.42,0.15,217.82,124.16,1,0.0,0.0,Email,Mobile
ORD0004442,CUST00793,PROD0123,Clothing,2023-12-18,2023-12,1,40.48,0,40.48,10.52,0,40.48,10.52,Email,Mobile
ORD0004443,CUST00793,PROD0153,Accessories,2024-01-06,2024-01,3,85.5,0.1,230.85,129.28,0,230.85,129.28,Email,Mobile
ORD0004444,CUST00793,PROD0048,Home & Living,2023-07-09,2023-07,3,96.14,0.1,259.58,163.54,0,259.58,163.54,Email,Mobile
ORD0004445,CUST00793,PROD0103,Accessories,2023-08-12,2023-08,2,84.89,0.2,135.82,61.12,1,0.0,0.0,Email,Mobile
ORD0004446,CUST00793,PROD0002,Clothing,2024-02-19,2024-02,3,48.81,0,146.43,92.25,0,146.43,92.25,Email,Mobile
ORD0004447,CUST00793,PROD0036,Home & Living,2023-10-01,2023-10,3,74.59,0,223.77,78.32,0,223.77,78.32,Email,Mobile
ORD0004448,CUST00794,PROD0079,Footwear,2023-12-13,2023-12,2,67.68,0,135.36,56.85,0,135.36,56.85,Organic Search,Desktop
ORD0004449,CUST00794,PROD0098,Home & Living,2024-01-13,2024-01,1,101.77,0,101.77,42.74,0,101.77,42.74,Organic Search,Desktop
ORD0004450,CUST00794,PROD0053,Footwear,2023-07-19,2023-07,1,46.14,0,46.14,25.84,1,0.0,0.0,Organic Search,Desktop
ORD0004451,CUST00795,PROD0018,Clothing,2023-11-04,2023-11,3,45.54,0.05,129.79,58.41,0,129.79,58.41,Paid Social,Mobile
ORD0004452,CUST00796,PROD0153,Accessories,2023-11-04,2023-11,2,85.5,0,171.0,95.76,0,171.0,95.76,Referral,Desktop
ORD0004453,CUST00796,PROD0148,Beauty,2024-03-15,2024-03,1,56.54,0.1,50.89,27.99,0,50.89,27.99,Referral,Desktop
ORD0004454,CUST00796,PROD0152,Accessories,2023-12-27,2023-12,1,36.62,0,36.62,16.11,0,36.62,16.11,Referral,Desktop
ORD0004455,CUST00796,PROD0047,Footwear,2022-12-03,2022-12,3,144.43,0,433.29,168.98,0,433.29,168.98,Referral,Desktop
ORD0004456,CUST00796,PROD0026,Footwear,2023-12-04,2023-12,1,66.28,0.1,59.65,15.51,0,59.65,15.51,Referral,Desktop
ORD0004457,CUST00796,PROD0140,Home & Living,2023-03-02,2023-03,3,34.26,0.1,92.5,50.88,1,0.0,0.0,Referral,Desktop
ORD0004458,CUST00796,PROD0180,Sports,2022-08-26,2022-08,3,57.83,0.1,156.14,87.44,0,156.14,87.44,Referral,Desktop
ORD0004459,CUST00797,PROD0133,Clothing,2023-10-03,2023-10,2,70.11,0,140.22,79.93,1,0.0,0.0,Paid Social,Mobile
ORD0004460,CUST00797,PROD0199,Sports,2023-08-27,2023-08,1,40.52,0.05,38.49,12.32,1,0.0,0.0,Paid Social,Mobile
ORD0004461,CUST00797,PROD0047,Footwear,2023-10-13,2023-10,2,144.43,0,288.86,112.66,1,0.0,0.0,Paid Social,Mobile
ORD0004462,CUST00797,PROD0035,Beauty,2024-01-29,2024-01,3,43.82,0.1,118.31,68.62,0,118.31,68.62,Paid Social,Mobile
ORD0004463,CUST00797,PROD0199,Sports,2024-02-04,2024-02,3,40.52,0.1,109.4,35.01,0,109.4,35.01,Paid Social,Mobile
ORD0004464,CUST00797,PROD0100,Clothing,2023-10-16,2023-10,3,80.73,0.1,217.97,98.09,0,217.97,98.09,Paid Social,Mobile
ORD0004465,CUST00797,PROD0126,Sports,2023-12-20,2023-12,3,92.2,0,276.6,177.02,0,276.6,177.02,Paid Social,Mobile
ORD0004466,CUST00798,PROD0038,Accessories,2023-01-16,2023-01,2,85.41,0.15,145.2,79.86,0,145.2,79.86,Email,Mobile
ORD0004467,CUST00798,PROD0198,Sports,2023-04-06,2023-04,1,59.63,0.1,53.67,22.54,0,53.67,22.54,Email,Mobile
ORD0004468,CUST00798,PROD0058,Accessories,2022-12-23,2022-12,2,50.31,0.15,85.53,28.22,0,85.53,28.22,Email,Mobile
ORD0004469,CUST00798,PROD0063,Accessories,2024-02-04,2024-02,1,72.45,0,72.45,24.63,0,72.45,24.63,Email,Mobile
ORD0004470,CUST00798,PROD0069,Beauty,2022-12-10,2022-12,1,52.71,0,52.71,31.63,0,52.71,31.63,Email,Mobile
ORD0004471,CUST00798,PROD0148,Beauty,2023-05-16,2023-05,3,56.54,0.1,152.66,83.96,1,0.0,0.0,Email,Mobile
ORD0004472,CUST00798,PROD0064,Footwear,2022-12-17,2022-12,1,190.18,0,190.18,74.17,0,190.18,74.17,Email,Mobile
ORD0004473,CUST00799,PROD0070,Home & Living,2023-04-13,2023-04,3,75.93,0,227.79,134.4,0,227.79,134.4,Direct,Mobile
ORD0004474,CUST00799,PROD0052,Clothing,2023-08-15,2023-08,2,61.19,0,122.38,35.49,0,122.38,35.49,Direct,Mobile
ORD0004475,CUST00799,PROD0180,Sports,2023-05-11,2023-05,2,57.83,0,115.66,64.77,0,115.66,64.77,Direct,Mobile
ORD0004476,CUST00799,PROD0171,Clothing,2023-07-19,2023-07,3,49.46,0,148.38,37.09,1,0.0,0.0,Direct,Mobile
ORD0004477,CUST00799,PROD0094,Home & Living,2023-10-24,2023-10,3,56.47,0,169.41,106.73,0,169.41,106.73,Direct,Mobile
ORD0004478,CUST00800,PROD0037,Clothing,2022-09-13,2022-09,3,99.72,0,299.16,113.68,1,0.0,0.0,Paid Social,Desktop
ORD0004479,CUST00800,PROD0092,Beauty,2023-07-25,2023-07,2,19.38,0.05,36.82,11.78,1,0.0,0.0,Paid Social,Desktop
ORD0004480,CUST00800,PROD0108,Accessories,2022-09-04,2022-09,3,82.14,0,246.42,73.93,0,246.42,73.93,Paid Social,Desktop
ORD0004481,CUST00800,PROD0138,Home & Living,2023-12-15,2023-12,1,126.57,0,126.57,56.96,0,126.57,56.96,Paid Social,Desktop
ORD0004482,CUST00800,PROD0067,Clothing,2022-05-25,2022-05,3,47.62,0,142.86,45.72,0,142.86,45.72,Paid Social,Desktop
ORD0004483,CUST00800,PROD0100,Clothing,2022-08-14,2022-08,2,80.73,0.05,153.39,69.03,0,153.39,69.03,Paid Social,Desktop
ORD0004484,CUST00801,PROD0198,Sports,2023-03-16,2023-03,3,59.63,0,178.89,75.13,0,178.89,75.13,Email,Desktop
ORD0004485,CUST00801,PROD0133,Clothing,2023-08-09,2023-08,3,70.11,0,210.33,119.89,0,210.33,119.89,Email,Desktop
ORD0004486,CUST00801,PROD0023,Clothing,2024-01-10,2024-01,3,85.59,0.15,218.25,76.39,1,0.0,0.0,Email,Desktop
ORD0004487,CUST00801,PROD0038,Accessories,2023-03-26,2023-03,1,85.41,0,85.41,46.98,1,0.0,0.0,Email,Desktop
ORD0004488,CUST00802,PROD0063,Accessories,2023-10-04,2023-10,1,72.45,0,72.45,24.63,0,72.45,24.63,Organic Search,Desktop
ORD0004489,CUST00802,PROD0105,Sports,2024-02-03,2024-02,3,41.5,0,124.5,78.44,0,124.5,78.44,Organic Search,Desktop
ORD0004490,CUST00802,PROD0091,Beauty,2024-03-16,2024-03,1,39.11,0,39.11,15.64,0,39.11,15.64,Organic Search,Desktop
ORD0004491,CUST00802,PROD0024,Beauty,2023-12-17,2023-12,1,20.35,0,20.35,8.34,1,0.0,0.0,Organic Search,Desktop
ORD0004492,CUST00802,PROD0075,Accessories,2023-08-05,2023-08,3,80.95,0,242.85,97.14,0,242.85,97.14,Organic Search,Desktop
ORD0004493,CUST00802,PROD0171,Clothing,2023-10-27,2023-10,2,49.46,0,98.92,24.73,0,98.92,24.73,Organic Search,Desktop
ORD0004494,CUST00802,PROD0131,Beauty,2023-11-29,2023-11,3,36.76,0,110.28,38.6,0,110.28,38.6,Organic Search,Desktop
ORD0004495,CUST00802,PROD0122,Home & Living,2023-12-17,2023-12,2,74.99,0,149.98,59.99,0,149.98,59.99,Organic Search,Desktop
ORD0004496,CUST00803,PROD0181,Home & Living,2023-05-29,2023-05,1,68.65,0,68.65,39.13,1,0.0,0.0,Direct,Desktop
ORD0004497,CUST00803,PROD0180,Sports,2024-01-30,2024-01,1,57.83,0,57.83,32.38,0,57.83,32.38,Direct,Desktop
ORD0004498,CUST00803,PROD0153,Accessories,2023-09-11,2023-09,1,85.5,0,85.5,47.88,0,85.5,47.88,Direct,Desktop
ORD0004499,CUST00803,PROD0072,Sports,2024-03-24,2024-03,1,81.55,0,81.55,44.85,0,81.55,44.85,Direct,Desktop
ORD0004500,CUST00804,PROD0053,Footwear,2024-02-05,2024-02,2,46.14,0,92.28,51.68,0,92.28,51.68,Organic Search,Desktop
ORD0004501,CUST00804,PROD0171,Clothing,2023-09-05,2023-09,3,49.46,0,148.38,37.09,0,148.38,37.09,Organic Search,Desktop
ORD0004502,CUST00804,PROD0188,Footwear,2024-02-15,2024-02,2,148.41,0,296.82,175.12,0,296.82,175.12,Organic Search,Desktop
ORD0004503,CUST00804,PROD0083,Clothing,2023-11-17,2023-11,2,25.2,0,50.4,27.22,0,50.4,27.22,Organic Search,Desktop
ORD0004504,CUST00804,PROD0162,Home & Living,2023-10-24,2023-10,3,81.32,0,243.96,107.34,0,243.96,107.34,Organic Search,Desktop
ORD0004505,CUST00805,PROD0145,Clothing,2024-01-14,2024-01,3,70.32,0,210.96,126.58,1,0.0,0.0,Organic Search,Desktop
ORD0004506,CUST00805,PROD0087,Home & Living,2023-11-28,2023-11,1,45.63,0,45.63,26.47,1,0.0,0.0,Organic Search,Desktop
ORD0004507,CUST00805,PROD0137,Home & Living,2023-09-25,2023-09,1,99.54,0,99.54,38.82,0,99.54,38.82,Organic Search,Desktop
ORD0004508,CUST00805,PROD0181,Home & Living,2023-10-11,2023-10,1,68.65,0,68.65,39.13,1,0.0,0.0,Organic Search,Desktop
ORD0004509,CUST00805,PROD0138,Home & Living,2023-12-25,2023-12,2,126.57,0,253.14,113.91,0,253.14,113.91,Organic Search,Desktop
ORD0004510,CUST00805,PROD0117,Accessories,2023-05-14,2023-05,2,65.2,0,130.4,37.82,0,130.4,37.82,Organic Search,Desktop
ORD0004511,CUST00805,PROD0106,Footwear,2023-10-13,2023-10,2,188.1,0,376.2,161.77,0,376.2,161.77,Organic Search,Desktop
ORD0004512,CUST00805,PROD0028,Sports,2023-06-14,2023-06,2,115.45,0,230.9,113.14,1,0.0,0.0,Organic Search,Desktop
ORD0004513,CUST00806,PROD0088,Accessories,2023-04-04,2023-04,3,42.05,0,126.15,46.68,1,0.0,0.0,Email,Mobile
ORD0004514,CUST00806,PROD0175,Footwear,2023-09-11,2023-09,3,69.53,0,208.59,62.58,1,0.0,0.0,Email,Mobile
ORD0004515,CUST00806,PROD0093,Footwear,2023-02-02,2023-02,3,85.42,0.1,230.63,131.46,0,230.63,131.46,Email,Mobile
ORD0004516,CUST00806,PROD0002,Clothing,2023-02-15,2023-02,3,48.81,0.2,117.14,73.8,0,117.14,73.8,Email,Mobile
ORD0004517,CUST00806,PROD0164,Accessories,2024-03-04,2024-03,3,18.66,0.1,50.38,14.61,0,50.38,14.61,Email,Mobile
ORD0004518,CUST00806,PROD0117,Accessories,2023-03-14,2023-03,2,65.2,0,130.4,37.82,0,130.4,37.82,Email,Mobile
ORD0004519,CUST00807,PROD0145,Clothing,2023-05-02,2023-05,2,70.32,0.2,112.51,67.51,0,112.51,67.51,Email,Mobile
ORD0004520,CUST00807,PROD0176,Home & Living,2023-02-22,2023-02,1,51.13,0.2,40.9,11.45,0,40.9,11.45,Email,Mobile
ORD0004521,CUST00807,PROD0196,Sports,2023-11-15,2023-11,1,92.93,0.15,78.99,48.97,1,0.0,0.0,Email,Mobile
ORD0004522,CUST00807,PROD0089,Sports,2023-05-26,2023-05,1,40.38,0,40.38,13.33,0,40.38,13.33,Email,Mobile
ORD0004523,CUST00807,PROD0157,Sports,2023-04-29,2023-04,3,101.12,0,303.36,127.41,0,303.36,127.41,Email,Mobile
ORD0004524,CUST00807,PROD0065,Accessories,2023-02-02,2023-02,2,54.38,0.15,92.45,39.75,0,92.45,39.75,Email,Mobile
ORD0004525,CUST00807,PROD0077,Footwear,2023-02-04,2023-02,1,66.48,0.15,56.51,25.43,0,56.51,25.43,Email,Mobile
ORD0004526,CUST00807,PROD0044,Footwear,2022-12-16,2022-12,1,185.76,0.15,157.9,77.37,1,0.0,0.0,Email,Mobile
ORD0004527,CUST00807,PROD0134,Accessories,2023-01-11,2023-01,1,24.1,0.15,20.48,11.47,0,20.48,11.47,Email,Mobile
ORD0004528,CUST00807,PROD0003,Footwear,2024-01-17,2024-01,2,63.28,0.1,113.9,56.95,0,113.9,56.95,Email,Mobile
ORD0004529,CUST00807,PROD0187,Clothing,2024-03-03,2024-03,2,104.59,0.1,188.26,82.83,0,188.26,82.83,Email,Mobile
ORD0004530,CUST00807,PROD0188,Footwear,2022-12-12,2022-12,1,148.41,0.15,126.15,74.43,0,126.15,74.43,Email,Mobile
ORD0004531,CUST00807,PROD0089,Sports,2023-05-20,2023-05,3,40.38,0.15,102.97,33.98,0,102.97,33.98,Email,Mobile
ORD0004532,CUST00808,PROD0009,Sports,2024-03-24,2024-03,1,39.16,0.05,37.2,21.95,0,37.2,21.95,Paid Social,Desktop
ORD0004533,CUST00808,PROD0049,Home & Living,2024-01-20,2024-01,1,60.55,0,60.55,23.61,0,60.55,23.61,Paid Social,Desktop
ORD0004534,CUST00808,PROD0107,Clothing,2024-03-24,2024-03,1,91.09,0.05,86.54,53.65,0,86.54,53.65,Paid Social,Desktop
ORD0004535,CUST00808,PROD0124,Beauty,2023-12-24,2023-12,3,20.18,0.1,54.49,25.61,1,0.0,0.0,Paid Social,Desktop
ORD0004536,CUST00808,PROD0014,Beauty,2023-10-30,2023-10,2,56.06,0.05,106.51,67.1,0,106.51,67.1,Paid Social,Desktop
ORD0004537,CUST00808,PROD0070,Home & Living,2023-11-20,2023-11,3,75.93,0,227.79,134.4,0,227.79,134.4,Paid Social,Desktop
ORD0004538,CUST00809,PROD0106,Footwear,2023-10-29,2023-10,1,188.1,0,188.1,80.88,0,188.1,80.88,Email,Desktop
ORD0004539,CUST00809,PROD0074,Beauty,2024-01-08,2024-01,3,52.12,0.1,140.72,36.59,0,140.72,36.59,Email,Desktop
ORD0004540,CUST00809,PROD0018,Clothing,2023-10-15,2023-10,3,45.54,0,136.62,61.48,0,136.62,61.48,Email,Desktop
ORD0004541,CUST00809,PROD0134,Accessories,2023-12-12,2023-12,3,24.1,0,72.3,40.49,0,72.3,40.49,Email,Desktop
ORD0004542,CUST00809,PROD0166,Clothing,2023-12-04,2023-12,3,87.15,0.2,209.16,129.68,1,0.0,0.0,Email,Desktop
ORD0004543,CUST00809,PROD0163,Beauty,2023-09-15,2023-09,2,20.18,0.1,36.32,17.43,0,36.32,17.43,Email,Desktop
ORD0004544,CUST00810,PROD0082,Beauty,2023-01-25,2023-01,1,20.0,0,20.0,13.0,0,20.0,13.0,Organic Search,Mobile
ORD0004545,CUST00810,PROD0115,Accessories,2023-07-18,2023-07,3,74.34,0,223.02,129.35,0,223.02,129.35,Organic Search,Mobile
ORD0004546,CUST00810,PROD0148,Beauty,2023-11-01,2023-11,1,56.54,0,56.54,31.1,0,56.54,31.1,Organic Search,Mobile
ORD0004547,CUST00810,PROD0081,Home & Living,2023-05-13,2023-05,2,97.71,0,195.42,50.81,0,195.42,50.81,Organic Search,Mobile
ORD0004548,CUST00811,PROD0135,Beauty,2024-03-27,2024-03,1,31.76,0,31.76,19.69,0,31.76,19.69,Organic Search,Desktop
ORD0004549,CUST00811,PROD0149,Beauty,2023-07-14,2023-07,2,65.53,0,131.06,68.15,1,0.0,0.0,Organic Search,Desktop
ORD0004550,CUST00811,PROD0192,Sports,2024-03-22,2024-03,2,82.92,0,165.84,86.24,1,0.0,0.0,Organic Search,Desktop
ORD0004551,CUST00811,PROD0068,Accessories,2023-08-16,2023-08,1,58.26,0,58.26,24.47,0,58.26,24.47,Organic Search,Desktop
ORD0004552,CUST00811,PROD0087,Home & Living,2022-08-31,2022-08,2,45.63,0,91.26,52.93,0,91.26,52.93,Organic Search,Desktop
ORD0004553,CUST00811,PROD0133,Clothing,2023-08-28,2023-08,1,70.11,0,70.11,39.96,1,0.0,0.0,Organic Search,Desktop
ORD0004554,CUST00811,PROD0085,Accessories,2024-02-08,2024-02,1,53.78,0,53.78,25.81,0,53.78,25.81,Organic Search,Desktop
ORD0004555,CUST00811,PROD0123,Clothing,2023-03-27,2023-03,1,40.48,0,40.48,10.52,0,40.48,10.52,Organic Search,Desktop
ORD0004556,CUST00811,PROD0146,Accessories,2023-04-01,2023-04,1,80.98,0,80.98,28.34,1,0.0,0.0,Organic Search,Desktop
ORD0004557,CUST00811,PROD0105,Sports,2024-03-29,2024-03,1,41.5,0,41.5,26.14,0,41.5,26.14,Organic Search,Desktop
ORD0004558,CUST00811,PROD0077,Footwear,2023-05-29,2023-05,1,66.48,0,66.48,29.92,0,66.48,29.92,Organic Search,Desktop
ORD0004559,CUST00811,PROD0076,Clothing,2022-09-16,2022-09,1,54.02,0,54.02,16.75,0,54.02,16.75,Organic Search,Desktop
ORD0004560,CUST00811,PROD0128,Clothing,2022-08-29,2022-08,2,28.95,0,57.9,24.32,0,57.9,24.32,Organic Search,Desktop
ORD0004561,CUST00812,PROD0179,Footwear,2024-01-14,2024-01,3,56.4,0.1,152.28,94.41,0,152.28,94.41,Email,Desktop
ORD0004562,CUST00812,PROD0106,Footwear,2023-09-01,2023-09,2,188.1,0.1,338.58,145.59,1,0.0,0.0,Email,Desktop
ORD0004563,CUST00812,PROD0015,Footwear,2023-07-23,2023-07,2,131.63,0.15,223.77,91.75,0,223.77,91.75,Email,Desktop
ORD0004564,CUST00812,PROD0148,Beauty,2023-06-21,2023-06,1,56.54,0,56.54,31.1,1,0.0,0.0,Email,Desktop
ORD0004565,CUST00812,PROD0021,Beauty,2023-09-10,2023-09,3,65.25,0.2,156.6,97.09,1,0.0,0.0,Email,Desktop
ORD0004566,CUST00812,PROD0051,Footwear,2023-08-01,2023-08,1,119.28,0.2,95.42,54.39,1,0.0,0.0,Email,Desktop
ORD0004567,CUST00812,PROD0167,Footwear,2023-11-18,2023-11,2,62.12,0,124.24,36.03,0,124.24,36.03,Email,Desktop
ORD0004568,CUST00812,PROD0074,Beauty,2023-10-11,2023-10,2,52.12,0.1,93.82,24.39,0,93.82,24.39,Email,Desktop
ORD0004569,CUST00812,PROD0050,Home & Living,2023-06-15,2023-06,2,120.87,0.15,205.48,55.48,1,0.0,0.0,Email,Desktop
ORD0004570,CUST00812,PROD0025,Footwear,2023-07-23,2023-07,2,78.3,0.2,125.28,41.34,1,0.0,0.0,Email,Desktop
ORD0004571,CUST00813,PROD0134,Accessories,2023-10-19,2023-10,2,24.1,0,48.2,26.99,0,48.2,26.99,Organic Search,Desktop
ORD0004572,CUST00813,PROD0004,Accessories,2024-02-01,2024-02,3,19.48,0,58.44,36.82,0,58.44,36.82,Organic Search,Desktop
ORD0004573,CUST00813,PROD0159,Beauty,2023-09-03,2023-09,1,20.79,0,20.79,6.44,0,20.79,6.44,Organic Search,Desktop
ORD0004574,CUST00813,PROD0156,Sports,2023-08-06,2023-08,3,96.17,0,288.51,167.34,0,288.51,167.34,Organic Search,Desktop
ORD0004575,CUST00813,PROD0129,Accessories,2023-11-04,2023-11,1,45.01,0,45.01,13.95,0,45.01,13.95,Organic Search,Desktop
ORD0004576,CUST00814,PROD0176,Home & Living,2022-07-29,2022-07,3,51.13,0,153.39,42.95,0,153.39,42.95,Direct,Desktop
ORD0004577,CUST00814,PROD0151,Clothing,2023-07-04,2023-07,1,30.88,0,30.88,13.59,0,30.88,13.59,Direct,Desktop
ORD0004578,CUST00814,PROD0095,Accessories,2022-12-11,2022-12,2,33.53,0,67.06,38.22,0,67.06,38.22,Direct,Desktop
ORD0004579,CUST00814,PROD0144,Beauty,2022-08-31,2022-08,1,34.94,0,34.94,19.22,0,34.94,19.22,Direct,Desktop
ORD0004580,CUST00814,PROD0123,Clothing,2023-01-05,2023-01,2,40.48,0,80.96,21.05,0,80.96,21.05,Direct,Desktop
ORD0004581,CUST00814,PROD0153,Accessories,2023-07-21,2023-07,2,85.5,0,171.0,95.76,0,171.0,95.76,Direct,Desktop
ORD0004582,CUST00815,PROD0077,Footwear,2023-07-12,2023-07,2,66.48,0.05,126.31,56.84,0,126.31,56.84,Paid Social,Mobile
ORD0004583,CUST00815,PROD0160,Accessories,2023-09-21,2023-09,1,31.12,0,31.12,17.43,0,31.12,17.43,Paid Social,Mobile
ORD0004584,CUST00815,PROD0095,Accessories,2023-09-29,2023-09,3,33.53,0.05,95.56,54.47,1,0.0,0.0,Paid Social,Mobile
ORD0004585,CUST00816,PROD0034,Clothing,2023-10-22,2023-10,1,108.12,0.1,97.31,38.92,1,0.0,0.0,Referral,Desktop
ORD0004586,CUST00816,PROD0190,Beauty,2024-03-19,2024-03,3,23.73,0.1,64.07,28.19,0,64.07,28.19,Referral,Desktop
ORD0004587,CUST00816,PROD0073,Sports,2023-08-23,2023-08,2,66.61,0.1,119.9,43.16,0,119.9,43.16,Referral,Desktop
ORD0004588,CUST00816,PROD0157,Sports,2024-03-09,2024-03,3,101.12,0,303.36,127.41,0,303.36,127.41,Referral,Desktop
ORD0004589,CUST00816,PROD0097,Clothing,2023-08-24,2023-08,2,60.58,0,121.16,35.14,0,121.16,35.14,Referral,Desktop
ORD0004590,CUST00816,PROD0139,Home & Living,2023-07-11,2023-07,3,121.16,0.1,327.13,196.28,0,327.13,196.28,Referral,Desktop
ORD0004591,CUST00816,PROD0041,Beauty,2022-12-27,2022-12,1,68.34,0,68.34,41.0,0,68.34,41.0,Referral,Desktop
ORD0004592,CUST00816,PROD0119,Beauty,2023-04-12,2023-04,1,20.14,0,20.14,7.25,0,20.14,7.25,Referral,Desktop
ORD0004593,CUST00816,PROD0037,Clothing,2022-12-21,2022-12,2,99.72,0.1,179.5,68.21,1,0.0,0.0,Referral,Desktop
ORD0004594,CUST00816,PROD0151,Clothing,2023-07-13,2023-07,2,30.88,0,61.76,27.17,1,0.0,0.0,Referral,Desktop
ORD0004595,CUST00816,PROD0127,Accessories,2024-03-27,2024-03,3,49.21,0,147.63,45.77,0,147.63,45.77,Referral,Desktop
ORD0004596,CUST00816,PROD0055,Sports,2023-08-22,2023-08,1,136.99,0.1,123.29,35.75,0,123.29,35.75,Referral,Desktop
ORD0004597,CUST00816,PROD0194,Accessories,2024-02-28,2024-02,3,80.84,0,242.52,123.69,0,242.52,123.69,Referral,Desktop
ORD0004598,CUST00816,PROD0150,Beauty,2024-02-14,2024-02,2,24.66,0.1,44.39,21.75,0,44.39,21.75,Referral,Desktop
ORD0004599,CUST00816,PROD0180,Sports,2024-03-30,2024-03,2,57.83,0,115.66,64.77,0,115.66,64.77,Referral,Desktop
ORD0004600,CUST00816,PROD0044,Footwear,2022-12-31,2022-12,3,185.76,0,557.28,273.07,0,557.28,273.07,Referral,Desktop
ORD0004601,CUST00816,PROD0080,Sports,2023-02-06,2023-02,1,42.1,0,42.1,21.05,0,42.1,21.05,Referral,Desktop
ORD0004602,CUST00816,PROD0001,Accessories,2023-05-25,2023-05,1,40.31,0,40.31,14.11,0,40.31,14.11,Referral,Desktop
ORD0004603,CUST00817,PROD0060,Footwear,2024-02-18,2024-02,2,104.31,0.1,187.76,54.45,0,187.76,54.45,Referral,Desktop
ORD0004604,CUST00817,PROD0066,Footwear,2023-10-11,2023-10,3,151.36,0.1,408.67,118.51,0,408.67,118.51,Referral,Desktop
ORD0004605,CUST00817,PROD0088,Accessories,2023-11-09,2023-11,2,42.05,0.1,75.69,28.01,0,75.69,28.01,Referral,Desktop
ORD0004606,CUST00817,PROD0168,Clothing,2023-07-16,2023-07,1,45.57,0,45.57,19.14,0,45.57,19.14,Referral,Desktop
ORD0004607,CUST00817,PROD0104,Sports,2023-10-09,2023-10,1,40.92,0,40.92,14.73,0,40.92,14.73,Referral,Desktop
ORD0004608,CUST00817,PROD0116,Footwear,2023-09-05,2023-09,2,141.52,0,283.04,124.54,1,0.0,0.0,Referral,Desktop
ORD0004609,CUST00817,PROD0165,Footwear,2023-08-01,2023-08,1,116.35,0,116.35,74.46,0,116.35,74.46,Referral,Desktop
ORD0004610,CUST00818,PROD0184,Sports,2023-01-20,2023-01,3,135.08,0.1,364.72,98.47,0,364.72,98.47,Email,Mobile
ORD0004611,CUST00818,PROD0047,Footwear,2023-08-03,2023-08,3,144.43,0.15,368.3,143.64,1,0.0,0.0,Email,Mobile
ORD0004612,CUST00818,PROD0049,Home & Living,2023-02-05,2023-02,3,60.55,0.1,163.48,63.76,0,163.48,63.76,Email,Mobile
ORD0004613,CUST00818,PROD0063,Accessories,2024-03-22,2024-03,1,72.45,0,72.45,24.63,0,72.45,24.63,Email,Mobile
ORD0004614,CUST00818,PROD0085,Accessories,2023-07-10,2023-07,3,53.78,0,161.34,77.44,0,161.34,77.44,Email,Mobile
ORD0004615,CUST00818,PROD0080,Sports,2024-03-18,2024-03,1,42.1,0,42.1,21.05,1,0.0,0.0,Email,Mobile
ORD0004616,CUST00818,PROD0120,Home & Living,2022-12-19,2022-12,1,118.52,0.2,94.82,29.39,0,94.82,29.39,Email,Mobile
ORD0004617,CUST00818,PROD0104,Sports,2022-12-23,2022-12,2,40.92,0,81.84,29.46,1,0.0,0.0,Email,Mobile
ORD0004618,CUST00818,PROD0172,Beauty,2023-04-24,2023-04,1,19.11,0,19.11,8.22,0,19.11,8.22,Email,Mobile
ORD0004619,CUST00818,PROD0017,Home & Living,2023-09-13,2023-09,3,31.84,0,95.52,37.25,1,0.0,0.0,Email,Mobile
ORD0004620,CUST00818,PROD0018,Clothing,2023-12-02,2023-12,3,45.54,0,136.62,61.48,1,0.0,0.0,Email,Mobile
ORD0004621,CUST00818,PROD0090,Home & Living,2023-05-29,2023-05,3,99.94,0.1,269.84,170.0,1,0.0,0.0,Email,Mobile
ORD0004622,CUST00819,PROD0196,Sports,2023-09-30,2023-09,2,92.93,0,185.86,115.23,0,185.86,115.23,Organic Search,Tablet
ORD0004623,CUST00819,PROD0163,Beauty,2024-02-20,2024-02,1,20.18,0,20.18,9.69,0,20.18,9.69,Organic Search,Tablet
ORD0004624,CUST00819,PROD0145,Clothing,2023-05-26,2023-05,2,70.32,0,140.64,84.38,0,140.64,84.38,Organic Search,Tablet
ORD0004625,CUST00819,PROD0159,Beauty,2024-02-27,2024-02,2,20.79,0,41.58,12.89,0,41.58,12.89,Organic Search,Tablet
ORD0004626,CUST00819,PROD0115,Accessories,2024-03-12,2024-03,3,74.34,0,223.02,129.35,0,223.02,129.35,Organic Search,Tablet
ORD0004627,CUST00820,PROD0107,Clothing,2023-08-16,2023-08,3,91.09,0,273.27,169.43,0,273.27,169.43,Influencer,Mobile
ORD0004628,CUST00820,PROD0080,Sports,2024-03-15,2024-03,2,42.1,0,84.2,42.1,0,84.2,42.1,Influencer,Mobile
ORD0004629,CUST00820,PROD0044,Footwear,2023-08-24,2023-08,1,185.76,0,185.76,91.02,0,185.76,91.02,Influencer,Mobile
ORD0004630,CUST00820,PROD0058,Accessories,2023-07-29,2023-07,2,50.31,0,100.62,33.2,0,100.62,33.2,Influencer,Mobile
ORD0004631,CUST00820,PROD0195,Accessories,2023-10-27,2023-10,3,33.68,0,101.04,61.63,0,101.04,61.63,Influencer,Mobile
ORD0004632,CUST00820,PROD0072,Sports,2023-11-12,2023-11,3,81.55,0,244.65,134.56,0,244.65,134.56,Influencer,Mobile
ORD0004633,CUST00820,PROD0180,Sports,2023-10-11,2023-10,3,57.83,0,173.49,97.15,0,173.49,97.15,Influencer,Mobile
ORD0004634,CUST00820,PROD0182,Accessories,2023-08-12,2023-08,2,22.63,0,45.26,17.2,0,45.26,17.2,Influencer,Mobile
ORD0004635,CUST00820,PROD0027,Footwear,2024-02-08,2024-02,2,147.27,0,294.54,164.94,0,294.54,164.94,Influencer,Mobile
ORD0004636,CUST00821,PROD0039,Beauty,2023-07-14,2023-07,1,69.16,0,69.16,38.73,1,0.0,0.0,Direct,Mobile
ORD0004637,CUST00821,PROD0195,Accessories,2022-09-06,2022-09,2,33.68,0,67.36,41.09,0,67.36,41.09,Direct,Mobile
ORD0004638,CUST00821,PROD0060,Footwear,2023-02-06,2023-02,2,104.31,0,208.62,60.5,1,0.0,0.0,Direct,Mobile
ORD0004639,CUST00822,PROD0153,Accessories,2023-08-07,2023-08,1,85.5,0.1,76.95,43.09,0,76.95,43.09,Paid Social,Desktop
ORD0004640,CUST00822,PROD0072,Sports,2023-03-09,2023-03,3,81.55,0,244.65,134.56,0,244.65,134.56,Paid Social,Desktop
ORD0004641,CUST00822,PROD0062,Accessories,2023-09-30,2023-09,3,85.04,0.05,242.36,101.79,0,242.36,101.79,Paid Social,Desktop
ORD0004642,CUST00822,PROD0082,Beauty,2023-01-16,2023-01,2,20.0,0.05,38.0,24.7,0,38.0,24.7,Paid Social,Desktop
ORD0004643,CUST00822,PROD0087,Home & Living,2023-09-05,2023-09,2,45.63,0.05,86.7,50.29,0,86.7,50.29,Paid Social,Desktop
ORD0004644,CUST00822,PROD0007,Beauty,2023-01-25,2023-01,2,25.48,0.05,48.41,15.98,0,48.41,15.98,Paid Social,Desktop
ORD0004645,CUST00822,PROD0193,Sports,2023-12-17,2023-12,2,95.75,0.05,181.92,58.21,0,181.92,58.21,Paid Social,Desktop
ORD0004646,CUST00822,PROD0110,Footwear,2023-08-07,2023-08,2,106.03,0.05,201.46,108.79,0,201.46,108.79,Paid Social,Desktop
ORD0004647,CUST00822,PROD0115,Accessories,2023-04-25,2023-04,1,74.34,0,74.34,43.12,1,0.0,0.0,Paid Social,Desktop
ORD0004648,CUST00822,PROD0022,Sports,2023-08-26,2023-08,2,30.09,0.05,57.17,32.59,0,57.17,32.59,Paid Social,Desktop
ORD0004649,CUST00822,PROD0140,Home & Living,2023-09-21,2023-09,1,34.26,0.05,32.55,17.9,0,32.55,17.9,Paid Social,Desktop
ORD0004650,CUST00823,PROD0032,Home & Living,2023-11-02,2023-11,3,43.05,0,129.15,37.45,1,0.0,0.0,Direct,Desktop
ORD0004651,CUST00823,PROD0176,Home & Living,2023-11-22,2023-11,1,51.13,0,51.13,14.32,1,0.0,0.0,Direct,Desktop
ORD0004652,CUST00823,PROD0098,Home & Living,2023-12-04,2023-12,3,101.77,0,305.31,128.23,0,305.31,128.23,Direct,Desktop
ORD0004653,CUST00823,PROD0064,Footwear,2024-01-12,2024-01,3,190.18,0,570.54,222.51,0,570.54,222.51,Direct,Desktop
ORD0004654,CUST00823,PROD0061,Home & Living,2023-08-26,2023-08,2,136.85,0,273.7,101.27,0,273.7,101.27,Direct,Desktop
ORD0004655,CUST00823,PROD0047,Footwear,2024-02-06,2024-02,3,144.43,0,433.29,168.98,0,433.29,168.98,Direct,Desktop
ORD0004656,CUST00823,PROD0017,Home & Living,2023-07-16,2023-07,2,31.84,0,63.68,24.84,1,0.0,0.0,Direct,Desktop
ORD0004657,CUST00823,PROD0058,Accessories,2023-12-30,2023-12,1,50.31,0,50.31,16.6,0,50.31,16.6,Direct,Desktop
ORD0004658,CUST00823,PROD0100,Clothing,2024-01-15,2024-01,2,80.73,0,161.46,72.66,0,161.46,72.66,Direct,Desktop
ORD0004659,CUST00824,PROD0029,Accessories,2022-12-17,2022-12,3,59.38,0,178.14,106.88,0,178.14,106.88,Paid Social,Mobile
ORD0004660,CUST00824,PROD0180,Sports,2022-10-08,2022-10,1,57.83,0.1,52.05,29.15,0,52.05,29.15,Paid Social,Mobile
ORD0004661,CUST00824,PROD0069,Beauty,2022-04-30,2022-04,1,52.71,0.05,50.07,30.04,0,50.07,30.04,Paid Social,Mobile
ORD0004662,CUST00824,PROD0160,Accessories,2022-07-04,2022-07,1,31.12,0.05,29.56,16.55,0,29.56,16.55,Paid Social,Mobile
ORD0004663,CUST00825,PROD0116,Footwear,2023-02-27,2023-02,3,141.52,0,424.56,186.81,1,0.0,0.0,Direct,Desktop
ORD0004664,CUST00825,PROD0038,Accessories,2023-05-07,2023-05,3,85.41,0,256.23,140.93,0,256.23,140.93,Direct,Desktop
ORD0004665,CUST00825,PROD0042,Home & Living,2023-01-02,2023-01,1,61.51,0,61.51,17.22,0,61.51,17.22,Direct,Desktop
ORD0004666,CUST00825,PROD0014,Beauty,2023-04-24,2023-04,1,56.06,0,56.06,35.32,0,56.06,35.32,Direct,Desktop
ORD0004667,CUST00825,PROD0114,Beauty,2023-01-06,2023-01,2,25.83,0,51.66,21.18,0,51.66,21.18,Direct,Desktop
ORD0004668,CUST00826,PROD0173,Footwear,2024-01-02,2024-01,3,87.72,0,263.16,113.16,0,263.16,113.16,Organic Search,Mobile
ORD0004669,CUST00826,PROD0128,Clothing,2024-01-17,2024-01,2,28.95,0,57.9,24.32,0,57.9,24.32,Organic Search,Mobile
ORD0004670,CUST00826,PROD0168,Clothing,2023-08-31,2023-08,2,45.57,0,91.14,38.28,0,91.14,38.28,Organic Search,Mobile
ORD0004671,CUST00826,PROD0122,Home & Living,2023-06-17,2023-06,3,74.99,0,224.97,89.99,0,224.97,89.99,Organic Search,Mobile
ORD0004672,CUST00826,PROD0106,Footwear,2022-10-15,2022-10,3,188.1,0,564.3,242.65,0,564.3,242.65,Organic Search,Mobile
ORD0004673,CUST00826,PROD0179,Footwear,2024-01-04,2024-01,3,56.4,0,169.2,104.9,1,0.0,0.0,Organic Search,Mobile
ORD0004674,CUST00826,PROD0084,Accessories,2023-02-08,2023-02,1,45.9,0,45.9,12.85,0,45.9,12.85,Organic Search,Mobile
ORD0004675,CUST00826,PROD0145,Clothing,2023-01-24,2023-01,1,70.32,0,70.32,42.19,0,70.32,42.19,Organic Search,Mobile
ORD0004676,CUST00827,PROD0095,Accessories,2023-06-10,2023-06,3,33.53,0,100.59,57.34,0,100.59,57.34,Direct,Mobile
ORD0004677,CUST00827,PROD0096,Sports,2023-10-03,2023-10,2,59.98,0,119.96,76.77,1,0.0,0.0,Direct,Mobile
ORD0004678,CUST00827,PROD0060,Footwear,2024-02-22,2024-02,2,104.31,0,208.62,60.5,1,0.0,0.0,Direct,Mobile
ORD0004679,CUST00827,PROD0175,Footwear,2023-07-10,2023-07,3,69.53,0,208.59,62.58,0,208.59,62.58,Direct,Mobile
ORD0004680,CUST00827,PROD0088,Accessories,2023-12-18,2023-12,3,42.05,0,126.15,46.68,0,126.15,46.68,Direct,Mobile
ORD0004681,CUST00827,PROD0145,Clothing,2023-06-18,2023-06,1,70.32,0,70.32,42.19,0,70.32,42.19,Direct,Mobile
ORD0004682,CUST00827,PROD0172,Beauty,2023-12-17,2023-12,2,19.11,0,38.22,16.43,1,0.0,0.0,Direct,Mobile
ORD0004683,CUST00827,PROD0135,Beauty,2024-01-28,2024-01,2,31.76,0,63.52,39.38,0,63.52,39.38,Direct,Mobile
ORD0004684,CUST00827,PROD0189,Home & Living,2023-08-19,2023-08,3,100.23,0,300.69,183.42,0,300.69,183.42,Direct,Mobile
ORD0004685,CUST00827,PROD0199,Sports,2023-11-09,2023-11,2,40.52,0,81.04,25.93,0,81.04,25.93,Direct,Mobile
ORD0004686,CUST00827,PROD0056,Home & Living,2024-01-10,2024-01,2,70.19,0,140.38,75.81,0,140.38,75.81,Direct,Mobile
ORD0004687,CUST00827,PROD0155,Beauty,2023-08-10,2023-08,1,35.29,0,35.29,14.47,0,35.29,14.47,Direct,Mobile
ORD0004688,CUST00827,PROD0011,Sports,2023-10-30,2023-10,1,85.35,0,85.35,23.9,0,85.35,23.9,Direct,Mobile
ORD0004689,CUST00828,PROD0023,Clothing,2024-03-26,2024-03,2,85.59,0,171.18,59.91,0,171.18,59.91,Paid Social,Mobile
ORD0004690,CUST00828,PROD0047,Footwear,2023-11-27,2023-11,1,144.43,0,144.43,56.33,0,144.43,56.33,Paid Social,Mobile
ORD0004691,CUST00829,PROD0097,Clothing,2022-12-05,2022-12,2,60.58,0,121.16,35.14,0,121.16,35.14,Organic Search,Desktop
ORD0004692,CUST00829,PROD0152,Accessories,2023-11-18,2023-11,1,36.62,0,36.62,16.11,1,0.0,0.0,Organic Search,Desktop
ORD0004693,CUST00829,PROD0006,Accessories,2024-03-25,2024-03,3,25.71,0,77.13,36.25,0,77.13,36.25,Organic Search,Desktop
ORD0004694,CUST00829,PROD0012,Sports,2022-12-09,2022-12,1,146.79,0,146.79,52.84,0,146.79,52.84,Organic Search,Desktop
ORD0004695,CUST00829,PROD0198,Sports,2023-09-13,2023-09,1,59.63,0,59.63,25.04,0,59.63,25.04,Organic Search,Desktop
ORD0004696,CUST00830,PROD0046,Sports,2023-04-18,2023-04,1,44.39,0,44.39,23.53,0,44.39,23.53,Organic Search,Mobile
ORD0004697,CUST00830,PROD0142,Sports,2023-12-23,2023-12,1,114.73,0,114.73,55.07,0,114.73,55.07,Organic Search,Mobile
ORD0004698,CUST00830,PROD0144,Beauty,2023-09-30,2023-09,2,34.94,0,69.88,38.43,1,0.0,0.0,Organic Search,Mobile
ORD0004699,CUST00830,PROD0153,Accessories,2023-10-12,2023-10,3,85.5,0,256.5,143.64,0,256.5,143.64,Organic Search,Mobile
ORD0004700,CUST00830,PROD0021,Beauty,2023-06-06,2023-06,1,65.25,0,65.25,40.45,1,0.0,0.0,Organic Search,Mobile
ORD0004701,CUST00830,PROD0138,Home & Living,2024-02-19,2024-02,3,126.57,0,379.71,170.87,0,379.71,170.87,Organic Search,Mobile
ORD0004702,CUST00830,PROD0140,Home & Living,2023-05-28,2023-05,2,34.26,0,68.52,37.69,0,68.52,37.69,Organic Search,Mobile
ORD0004703,CUST00831,PROD0105,Sports,2023-08-23,2023-08,1,41.5,0,41.5,26.14,0,41.5,26.14,Organic Search,Mobile
ORD0004704,CUST00831,PROD0145,Clothing,2023-03-01,2023-03,2,70.32,0,140.64,84.38,0,140.64,84.38,Organic Search,Mobile
ORD0004705,CUST00831,PROD0132,Home & Living,2023-02-17,2023-02,2,31.95,0,63.9,37.06,0,63.9,37.06,Organic Search,Mobile
ORD0004706,CUST00831,PROD0199,Sports,2023-05-07,2023-05,3,40.52,0,121.56,38.9,1,0.0,0.0,Organic Search,Mobile
ORD0004707,CUST00831,PROD0030,Beauty,2023-07-05,2023-07,1,30.52,0,30.52,10.99,0,30.52,10.99,Organic Search,Mobile
ORD0004708,CUST00831,PROD0074,Beauty,2023-10-26,2023-10,2,52.12,0,104.24,27.1,0,104.24,27.1,Organic Search,Mobile
ORD0004709,CUST00831,PROD0191,Accessories,2023-12-05,2023-12,1,42.93,0,42.93,21.04,0,42.93,21.04,Organic Search,Mobile
ORD0004710,CUST00831,PROD0138,Home & Living,2022-12-16,2022-12,3,126.57,0,379.71,170.87,0,379.71,170.87,Organic Search,Mobile
ORD0004711,CUST00832,PROD0100,Clothing,2024-03-19,2024-03,2,80.73,0.2,129.17,58.13,0,129.17,58.13,Email,Mobile
ORD0004712,CUST00832,PROD0157,Sports,2023-07-19,2023-07,3,101.12,0.2,242.69,101.93,0,242.69,101.93,Email,Mobile
ORD0004713,CUST00832,PROD0010,Home & Living,2023-07-09,2023-07,1,50.82,0.2,40.66,15.45,0,40.66,15.45,Email,Mobile
ORD0004714,CUST00832,PROD0131,Beauty,2024-03-15,2024-03,1,36.76,0,36.76,12.87,0,36.76,12.87,Email,Mobile
ORD0004715,CUST00832,PROD0046,Sports,2023-12-13,2023-12,3,44.39,0.15,113.19,59.99,1,0.0,0.0,Email,Mobile
ORD0004716,CUST00832,PROD0064,Footwear,2023-10-03,2023-10,1,190.18,0,190.18,74.17,1,0.0,0.0,Email,Mobile
ORD0004717,CUST00832,PROD0102,Footwear,2023-10-18,2023-10,2,44.77,0,89.54,23.28,0,89.54,23.28,Email,Mobile
ORD0004718,CUST00832,PROD0002,Clothing,2023-12-22,2023-12,3,48.81,0.2,117.14,73.8,1,0.0,0.0,Email,Mobile
ORD0004719,CUST00832,PROD0129,Accessories,2023-07-28,2023-07,2,45.01,0.2,72.02,22.33,0,72.02,22.33,Email,Mobile
ORD0004720,CUST00832,PROD0138,Home & Living,2023-10-10,2023-10,3,126.57,0.15,322.75,145.24,1,0.0,0.0,Email,Mobile
ORD0004721,CUST00832,PROD0068,Accessories,2023-08-24,2023-08,2,58.26,0.2,93.22,39.15,0,93.22,39.15,Email,Mobile
ORD0004722,CUST00832,PROD0163,Beauty,2023-10-09,2023-10,3,20.18,0.15,51.46,24.7,1,0.0,0.0,Email,Mobile
ORD0004723,CUST00832,PROD0113,Home & Living,2023-09-25,2023-09,1,30.82,0,30.82,16.33,0,30.82,16.33,Email,Mobile
ORD0004724,CUST00832,PROD0056,Home & Living,2023-07-21,2023-07,3,70.19,0,210.57,113.71,0,210.57,113.71,Email,Mobile
ORD0004725,CUST00832,PROD0189,Home & Living,2023-07-10,2023-07,3,100.23,0,300.69,183.42,0,300.69,183.42,Email,Mobile
ORD0004726,CUST00832,PROD0145,Clothing,2024-01-16,2024-01,2,70.32,0,140.64,84.38,0,140.64,84.38,Email,Mobile
ORD0004727,CUST00833,PROD0090,Home & Living,2023-05-09,2023-05,2,99.94,0.05,189.89,119.63,0,189.89,119.63,Paid Social,Mobile
ORD0004728,CUST00833,PROD0033,Sports,2022-12-13,2022-12,3,54.48,0,163.44,45.76,0,163.44,45.76,Paid Social,Mobile
ORD0004729,CUST00833,PROD0195,Accessories,2023-04-13,2023-04,1,33.68,0.1,30.31,18.49,0,30.31,18.49,Paid Social,Mobile
ORD0004730,CUST00833,PROD0038,Accessories,2023-08-23,2023-08,2,85.41,0,170.82,93.95,1,0.0,0.0,Paid Social,Mobile
ORD0004731,CUST00833,PROD0070,Home & Living,2023-02-14,2023-02,2,75.93,0,151.86,89.6,0,151.86,89.6,Paid Social,Mobile
ORD0004732,CUST00833,PROD0124,Beauty,2023-03-19,2023-03,1,20.18,0.05,19.17,9.01,0,19.17,9.01,Paid Social,Mobile
ORD0004733,CUST00833,PROD0082,Beauty,2024-01-29,2024-01,3,20.0,0,60.0,39.0,0,60.0,39.0,Paid Social,Mobile
ORD0004734,CUST00833,PROD0086,Clothing,2023-11-27,2023-11,3,82.15,0.1,221.81,126.43,0,221.81,126.43,Paid Social,Mobile
ORD0004735,CUST00833,PROD0186,Home & Living,2023-01-22,2023-01,2,126.59,0,253.18,73.42,0,253.18,73.42,Paid Social,Mobile
ORD0004736,CUST00833,PROD0053,Footwear,2024-02-11,2024-02,2,46.14,0,92.28,51.68,1,0.0,0.0,Paid Social,Mobile
ORD0004737,CUST00834,PROD0023,Clothing,2023-11-12,2023-11,2,85.59,0.1,154.06,53.92,0,154.06,53.92,Referral,Desktop
ORD0004738,CUST00834,PROD0073,Sports,2023-08-09,2023-08,1,66.61,0,66.61,23.98,0,66.61,23.98,Referral,Desktop
ORD0004739,CUST00834,PROD0037,Clothing,2022-12-31,2022-12,2,99.72,0.1,179.5,68.21,1,0.0,0.0,Referral,Desktop
ORD0004740,CUST00835,PROD0118,Clothing,2022-11-07,2022-11,2,33.04,0,66.08,31.72,0,66.08,31.72,Paid Social,Mobile
ORD0004741,CUST00836,PROD0104,Sports,2023-08-29,2023-08,3,40.92,0,122.76,44.19,1,0.0,0.0,Paid Social,Desktop
ORD0004742,CUST00836,PROD0097,Clothing,2023-06-08,2023-06,1,60.58,0.05,57.55,16.69,0,57.55,16.69,Paid Social,Desktop
ORD0004743,CUST00836,PROD0003,Footwear,2023-05-27,2023-05,1,63.28,0.1,56.95,28.48,0,56.95,28.48,Paid Social,Desktop
ORD0004744,CUST00837,PROD0153,Accessories,2023-07-29,2023-07,2,85.5,0.1,153.9,86.18,1,0.0,0.0,Referral,Mobile
ORD0004745,CUST00838,PROD0059,Sports,2023-12-18,2023-12,1,76.4,0,76.4,38.96,0,76.4,38.96,Organic Search,Mobile
ORD0004746,CUST00838,PROD0123,Clothing,2024-01-01,2024-01,1,40.48,0,40.48,10.52,0,40.48,10.52,Organic Search,Mobile
ORD0004747,CUST00839,PROD0192,Sports,2023-10-01,2023-10,2,82.92,0,165.84,86.24,1,0.0,0.0,Influencer,Mobile
ORD0004748,CUST00839,PROD0050,Home & Living,2023-10-01,2023-10,1,120.87,0,120.87,32.63,0,120.87,32.63,Influencer,Mobile
ORD0004749,CUST00840,PROD0036,Home & Living,2023-09-12,2023-09,2,74.59,0,149.18,52.21,0,149.18,52.21,Referral,Mobile
ORD0004750,CUST00840,PROD0004,Accessories,2023-11-13,2023-11,3,19.48,0.1,52.6,33.14,0,52.6,33.14,Referral,Mobile
ORD0004751,CUST00840,PROD0010,Home & Living,2023-09-20,2023-09,1,50.82,0.1,45.74,17.38,0,45.74,17.38,Referral,Mobile
ORD0004752,CUST00840,PROD0085,Accessories,2023-07-12,2023-07,2,53.78,0.1,96.8,46.46,1,0.0,0.0,Referral,Mobile
ORD0004753,CUST00840,PROD0180,Sports,2023-12-12,2023-12,3,57.83,0,173.49,97.15,0,173.49,97.15,Referral,Mobile
ORD0004754,CUST00840,PROD0056,Home & Living,2024-02-29,2024-02,1,70.19,0,70.19,37.9,0,70.19,37.9,Referral,Mobile
ORD0004755,CUST00840,PROD0148,Beauty,2023-11-19,2023-11,3,56.54,0.1,152.66,83.96,0,152.66,83.96,Referral,Mobile
ORD0004756,CUST00840,PROD0084,Accessories,2023-08-28,2023-08,3,45.9,0,137.7,38.56,0,137.7,38.56,Referral,Mobile
ORD0004757,CUST00840,PROD0070,Home & Living,2023-03-20,2023-03,2,75.93,0,151.86,89.6,0,151.86,89.6,Referral,Mobile
ORD0004758,CUST00840,PROD0178,Clothing,2022-10-10,2022-10,3,60.67,0,182.01,72.8,0,182.01,72.8,Referral,Mobile
ORD0004759,CUST00840,PROD0164,Accessories,2022-11-21,2022-11,1,18.66,0.1,16.79,4.87,0,16.79,4.87,Referral,Mobile
ORD0004760,CUST00840,PROD0104,Sports,2022-07-23,2022-07,1,40.92,0,40.92,14.73,0,40.92,14.73,Referral,Mobile
ORD0004761,CUST00841,PROD0072,Sports,2023-03-25,2023-03,1,81.55,0.05,77.47,42.61,1,0.0,0.0,Paid Social,Desktop
ORD0004762,CUST00841,PROD0011,Sports,2023-12-07,2023-12,3,85.35,0,256.05,71.69,0,256.05,71.69,Paid Social,Desktop
ORD0004763,CUST00841,PROD0135,Beauty,2023-10-10,2023-10,2,31.76,0.05,60.34,37.41,0,60.34,37.41,Paid Social,Desktop
ORD0004764,CUST00842,PROD0194,Accessories,2023-04-13,2023-04,1,80.84,0,80.84,41.23,1,0.0,0.0,Email,Desktop
ORD0004765,CUST00842,PROD0034,Clothing,2023-04-18,2023-04,2,108.12,0.2,172.99,69.2,0,172.99,69.2,Email,Desktop
ORD0004766,CUST00842,PROD0102,Footwear,2023-04-13,2023-04,2,44.77,0.1,80.59,20.95,0,80.59,20.95,Email,Desktop
ORD0004767,CUST00842,PROD0135,Beauty,2022-11-03,2022-11,1,31.76,0,31.76,19.69,1,0.0,0.0,Email,Desktop
ORD0004768,CUST00843,PROD0037,Clothing,2023-08-26,2023-08,3,99.72,0.1,269.24,102.31,0,269.24,102.31,Referral,Desktop
ORD0004769,CUST00843,PROD0054,Sports,2023-06-03,2023-06,3,142.4,0,427.2,213.6,0,427.2,213.6,Referral,Desktop
ORD0004770,CUST00844,PROD0194,Accessories,2023-04-14,2023-04,1,80.84,0,80.84,41.23,0,80.84,41.23,Direct,Tablet
ORD0004771,CUST00844,PROD0180,Sports,2023-07-10,2023-07,2,57.83,0,115.66,64.77,0,115.66,64.77,Direct,Tablet
ORD0004772,CUST00844,PROD0024,Beauty,2024-01-25,2024-01,1,20.35,0,20.35,8.34,0,20.35,8.34,Direct,Tablet
ORD0004773,CUST00844,PROD0088,Accessories,2023-05-14,2023-05,3,42.05,0,126.15,46.68,0,126.15,46.68,Direct,Tablet
ORD0004774,CUST00844,PROD0039,Beauty,2024-01-01,2024-01,2,69.16,0,138.32,77.46,0,138.32,77.46,Direct,Tablet
ORD0004775,CUST00844,PROD0085,Accessories,2023-07-23,2023-07,1,53.78,0,53.78,25.81,0,53.78,25.81,Direct,Tablet
ORD0004776,CUST00845,PROD0153,Accessories,2023-01-11,2023-01,1,85.5,0.15,72.67,40.7,0,72.67,40.7,Email,Mobile
ORD0004777,CUST00845,PROD0010,Home & Living,2023-06-03,2023-06,2,50.82,0,101.64,38.62,0,101.64,38.62,Email,Mobile
ORD0004778,CUST00845,PROD0062,Accessories,2023-12-05,2023-12,2,85.04,0.1,153.07,64.29,1,0.0,0.0,Email,Mobile
ORD0004779,CUST00845,PROD0051,Footwear,2022-08-27,2022-08,2,119.28,0.1,214.7,122.38,1,0.0,0.0,Email,Mobile
ORD0004780,CUST00845,PROD0105,Sports,2022-09-28,2022-09,2,41.5,0.1,74.7,47.06,1,0.0,0.0,Email,Mobile
ORD0004781,CUST00846,PROD0123,Clothing,2023-08-29,2023-08,3,40.48,0.15,103.22,26.84,0,103.22,26.84,Email,Mobile
ORD0004782,CUST00846,PROD0106,Footwear,2023-09-21,2023-09,3,188.1,0.1,507.87,218.38,0,507.87,218.38,Email,Mobile
ORD0004783,CUST00846,PROD0080,Sports,2023-11-27,2023-11,2,42.1,0.15,71.57,35.78,0,71.57,35.78,Email,Mobile
ORD0004784,CUST00846,PROD0137,Home & Living,2023-03-21,2023-03,3,99.54,0,298.62,116.46,0,298.62,116.46,Email,Mobile
ORD0004785,CUST00846,PROD0191,Accessories,2023-07-14,2023-07,1,42.93,0.1,38.64,18.93,0,38.64,18.93,Email,Mobile
ORD0004786,CUST00846,PROD0038,Accessories,2024-01-07,2024-01,2,85.41,0.2,136.66,75.16,1,0.0,0.0,Email,Mobile
ORD0004787,CUST00847,PROD0185,Footwear,2023-11-25,2023-11,2,196.58,0,393.16,200.51,0,393.16,200.51,Influencer,Tablet
ORD0004788,CUST00847,PROD0182,Accessories,2023-09-04,2023-09,1,22.63,0,22.63,8.6,1,0.0,0.0,Influencer,Tablet
ORD0004789,CUST00847,PROD0177,Accessories,2023-03-13,2023-03,2,31.44,0,62.88,23.89,1,0.0,0.0,Influencer,Tablet
ORD0004790,CUST00847,PROD0158,Home & Living,2023-03-06,2023-03,3,50.83,0,152.49,71.67,0,152.49,71.67,Influencer,Tablet
ORD0004791,CUST00847,PROD0145,Clothing,2024-03-14,2024-03,2,70.32,0,140.64,84.38,0,140.64,84.38,Influencer,Tablet
ORD0004792,CUST00848,PROD0045,Home & Living,2024-02-18,2024-02,2,91.27,0.1,164.29,75.57,1,0.0,0.0,Paid Social,Mobile
ORD0004793,CUST00848,PROD0052,Clothing,2024-03-18,2024-03,3,61.19,0.1,165.21,47.91,1,0.0,0.0,Paid Social,Mobile
ORD0004794,CUST00848,PROD0191,Accessories,2023-04-04,2023-04,3,42.93,0,128.79,63.11,0,128.79,63.11,Paid Social,Mobile
ORD0004795,CUST00848,PROD0071,Beauty,2023-03-25,2023-03,1,65.25,0.05,61.99,37.81,0,61.99,37.81,Paid Social,Mobile
ORD0004796,CUST00848,PROD0012,Sports,2023-01-07,2023-01,2,146.79,0.05,278.9,100.4,0,278.9,100.4,Paid Social,Mobile
ORD0004797,CUST00849,PROD0135,Beauty,2022-08-01,2022-08,2,31.76,0,63.52,39.38,0,63.52,39.38,Organic Search,Tablet
ORD0004798,CUST00849,PROD0111,Clothing,2022-09-04,2022-09,2,72.51,0,145.02,88.46,1,0.0,0.0,Organic Search,Tablet
ORD0004799,CUST00849,PROD0174,Clothing,2023-01-14,2023-01,2,69.83,0,139.66,36.31,0,139.66,36.31,Organic Search,Tablet
ORD0004800,CUST00849,PROD0172,Beauty,2023-08-23,2023-08,3,19.11,0,57.33,24.65,0,57.33,24.65,Organic Search,Tablet
ORD0004801,CUST00849,PROD0057,Beauty,2024-03-03,2024-03,3,25.42,0,76.26,36.6,1,0.0,0.0,Organic Search,Tablet
ORD0004802,CUST00849,PROD0055,Sports,2024-01-30,2024-01,1,136.99,0,136.99,39.73,0,136.99,39.73,Organic Search,Tablet
ORD0004803,CUST00849,PROD0056,Home & Living,2022-06-16,2022-06,2,70.19,0,140.38,75.81,0,140.38,75.81,Organic Search,Tablet
ORD0004804,CUST00849,PROD0190,Beauty,2023-01-17,2023-01,3,23.73,0,71.19,31.32,0,71.19,31.32,Organic Search,Tablet
ORD0004805,CUST00849,PROD0196,Sports,2022-08-05,2022-08,2,92.93,0,185.86,115.23,0,185.86,115.23,Organic Search,Tablet
ORD0004806,CUST00849,PROD0156,Sports,2023-02-10,2023-02,3,96.17,0,288.51,167.34,0,288.51,167.34,Organic Search,Tablet
ORD0004807,CUST00849,PROD0058,Accessories,2022-09-13,2022-09,3,50.31,0,150.93,49.81,1,0.0,0.0,Organic Search,Tablet
ORD0004808,CUST00849,PROD0131,Beauty,2022-10-10,2022-10,2,36.76,0,73.52,25.73,0,73.52,25.73,Organic Search,Tablet
ORD0004809,CUST00849,PROD0107,Clothing,2023-12-08,2023-12,1,91.09,0,91.09,56.48,0,91.09,56.48,Organic Search,Tablet
ORD0004810,CUST00849,PROD0037,Clothing,2023-05-06,2023-05,1,99.72,0,99.72,37.89,0,99.72,37.89,Organic Search,Tablet
ORD0004811,CUST00850,PROD0031,Footwear,2023-09-30,2023-09,2,42.93,0,85.86,37.78,0,85.86,37.78,Email,Desktop
ORD0004812,CUST00850,PROD0087,Home & Living,2024-02-16,2024-02,2,45.63,0.1,82.13,47.64,0,82.13,47.64,Email,Desktop
ORD0004813,CUST00850,PROD0173,Footwear,2024-03-20,2024-03,1,87.72,0.15,74.56,32.06,0,74.56,32.06,Email,Desktop
ORD0004814,CUST00850,PROD0195,Accessories,2023-11-27,2023-11,3,33.68,0.1,90.94,55.47,0,90.94,55.47,Email,Desktop
ORD0004815,CUST00850,PROD0040,Beauty,2024-03-21,2024-03,1,42.24,0.1,38.02,15.59,1,0.0,0.0,Email,Desktop
ORD0004816,CUST00851,PROD0083,Clothing,2022-12-30,2022-12,1,25.2,0.1,22.68,12.25,0,22.68,12.25,Paid Social,Mobile
ORD0004817,CUST00851,PROD0049,Home & Living,2023-07-14,2023-07,3,60.55,0.1,163.48,63.76,0,163.48,63.76,Paid Social,Mobile
ORD0004818,CUST00851,PROD0170,Beauty,2022-10-20,2022-10,3,69.97,0,209.91,134.34,0,209.91,134.34,Paid Social,Mobile
ORD0004819,CUST00851,PROD0098,Home & Living,2023-11-13,2023-11,2,101.77,0,203.54,85.49,0,203.54,85.49,Paid Social,Mobile
ORD0004820,CUST00851,PROD0115,Accessories,2023-08-21,2023-08,2,74.34,0.05,141.25,81.92,0,141.25,81.92,Paid Social,Mobile
ORD0004821,CUST00852,PROD0100,Clothing,2024-01-06,2024-01,3,80.73,0,242.19,108.99,0,242.19,108.99,Organic Search,Desktop
ORD0004822,CUST00852,PROD0043,Footwear,2024-03-04,2024-03,1,62.01,0,62.01,38.45,0,62.01,38.45,Organic Search,Desktop
ORD0004823,CUST00852,PROD0159,Beauty,2023-05-30,2023-05,2,20.79,0,41.58,12.89,0,41.58,12.89,Organic Search,Desktop
ORD0004824,CUST00852,PROD0122,Home & Living,2023-10-20,2023-10,3,74.99,0,224.97,89.99,0,224.97,89.99,Organic Search,Desktop
ORD0004825,CUST00852,PROD0098,Home & Living,2023-02-10,2023-02,3,101.77,0,305.31,128.23,0,305.31,128.23,Organic Search,Desktop
ORD0004826,CUST00852,PROD0111,Clothing,2023-02-20,2023-02,2,72.51,0,145.02,88.46,0,145.02,88.46,Organic Search,Desktop
ORD0004827,CUST00852,PROD0088,Accessories,2024-02-25,2024-02,2,42.05,0,84.1,31.12,0,84.1,31.12,Organic Search,Desktop
ORD0004828,CUST00852,PROD0073,Sports,2023-08-27,2023-08,1,66.61,0,66.61,23.98,0,66.61,23.98,Organic Search,Desktop
ORD0004829,CUST00853,PROD0117,Accessories,2024-03-30,2024-03,1,65.2,0,65.2,18.91,0,65.2,18.91,Email,Mobile
ORD0004830,CUST00853,PROD0198,Sports,2024-02-22,2024-02,3,59.63,0.15,152.06,63.87,1,0.0,0.0,Email,Mobile
ORD0004831,CUST00853,PROD0102,Footwear,2023-07-31,2023-07,2,44.77,0.2,71.63,18.62,0,71.63,18.62,Email,Mobile
ORD0004832,CUST00853,PROD0184,Sports,2024-03-22,2024-03,1,135.08,0,135.08,36.47,0,135.08,36.47,Email,Mobile
ORD0004833,CUST00853,PROD0200,Footwear,2024-01-24,2024-01,2,43.07,0.2,68.91,39.28,0,68.91,39.28,Email,Mobile
ORD0004834,CUST00853,PROD0053,Footwear,2023-03-23,2023-03,2,46.14,0,92.28,51.68,0,92.28,51.68,Email,Mobile
ORD0004835,CUST00853,PROD0083,Clothing,2023-08-09,2023-08,1,25.2,0.15,21.42,11.57,0,21.42,11.57,Email,Mobile
ORD0004836,CUST00853,PROD0124,Beauty,2023-09-12,2023-09,2,20.18,0.2,32.29,15.18,0,32.29,15.18,Email,Mobile
ORD0004837,CUST00854,PROD0010,Home & Living,2024-01-28,2024-01,1,50.82,0,50.82,19.31,0,50.82,19.31,Paid Social,Desktop
ORD0004838,CUST00854,PROD0095,Accessories,2023-09-27,2023-09,1,33.53,0,33.53,19.11,0,33.53,19.11,Paid Social,Desktop
ORD0004839,CUST00854,PROD0069,Beauty,2024-02-14,2024-02,1,52.71,0.1,47.44,28.46,0,47.44,28.46,Paid Social,Desktop
ORD0004840,CUST00854,PROD0011,Sports,2023-10-10,2023-10,3,85.35,0,256.05,71.69,1,0.0,0.0,Paid Social,Desktop
ORD0004841,CUST00854,PROD0062,Accessories,2023-09-21,2023-09,2,85.04,0,170.08,71.43,0,170.08,71.43,Paid Social,Desktop
ORD0004842,CUST00854,PROD0040,Beauty,2024-01-26,2024-01,1,42.24,0,42.24,17.32,0,42.24,17.32,Paid Social,Desktop
ORD0004843,CUST00854,PROD0052,Clothing,2023-12-25,2023-12,2,61.19,0.1,110.14,31.94,0,110.14,31.94,Paid Social,Desktop
ORD0004844,CUST00854,PROD0039,Beauty,2023-09-03,2023-09,3,69.16,0.05,197.11,110.38,0,197.11,110.38,Paid Social,Desktop
ORD0004845,CUST00855,PROD0036,Home & Living,2023-05-07,2023-05,1,74.59,0.2,59.67,20.88,0,59.67,20.88,Email,Desktop
ORD0004846,CUST00855,PROD0028,Sports,2022-12-11,2022-12,1,115.45,0,115.45,56.57,1,0.0,0.0,Email,Desktop
ORD0004847,CUST00856,PROD0055,Sports,2023-01-24,2023-01,3,136.99,0,410.97,119.18,0,410.97,119.18,Organic Search,Mobile
ORD0004848,CUST00856,PROD0126,Sports,2022-09-20,2022-09,3,92.2,0,276.6,177.02,0,276.6,177.02,Organic Search,Mobile
ORD0004849,CUST00856,PROD0138,Home & Living,2023-03-26,2023-03,3,126.57,0,379.71,170.87,1,0.0,0.0,Organic Search,Mobile
ORD0004850,CUST00856,PROD0178,Clothing,2023-10-22,2023-10,2,60.67,0,121.34,48.54,0,121.34,48.54,Organic Search,Mobile
ORD0004851,CUST00856,PROD0114,Beauty,2022-12-30,2022-12,2,25.83,0,51.66,21.18,0,51.66,21.18,Organic Search,Mobile
ORD0004852,CUST00856,PROD0039,Beauty,2022-08-31,2022-08,2,69.16,0,138.32,77.46,1,0.0,0.0,Organic Search,Mobile
ORD0004853,CUST00857,PROD0051,Footwear,2024-03-11,2024-03,3,119.28,0.05,339.95,193.77,0,339.95,193.77,Paid Social,Desktop
ORD0004854,CUST00857,PROD0198,Sports,2023-08-29,2023-08,3,59.63,0.05,169.95,71.38,0,169.95,71.38,Paid Social,Desktop
ORD0004855,CUST00857,PROD0020,Clothing,2023-08-01,2023-08,3,35.77,0.1,96.58,44.43,0,96.58,44.43,Paid Social,Desktop
ORD0004856,CUST00857,PROD0177,Accessories,2022-09-25,2022-09,2,31.44,0,62.88,23.89,0,62.88,23.89,Paid Social,Desktop
ORD0004857,CUST00857,PROD0006,Accessories,2022-05-21,2022-05,1,25.71,0,25.71,12.08,1,0.0,0.0,Paid Social,Desktop
ORD0004858,CUST00857,PROD0182,Accessories,2022-11-07,2022-11,2,22.63,0.05,43.0,16.34,1,0.0,0.0,Paid Social,Desktop
ORD0004859,CUST00857,PROD0021,Beauty,2022-10-22,2022-10,3,65.25,0,195.75,121.36,0,195.75,121.36,Paid Social,Desktop
ORD0004860,CUST00857,PROD0056,Home & Living,2023-11-26,2023-11,1,70.19,0,70.19,37.9,1,0.0,0.0,Paid Social,Desktop
ORD0004861,CUST00857,PROD0175,Footwear,2022-04-26,2022-04,3,69.53,0.05,198.16,59.45,0,198.16,59.45,Paid Social,Desktop
ORD0004862,CUST00858,PROD0144,Beauty,2023-09-25,2023-09,2,34.94,0,69.88,38.43,0,69.88,38.43,Direct,Mobile
ORD0004863,CUST00858,PROD0152,Accessories,2024-01-22,2024-01,1,36.62,0,36.62,16.11,0,36.62,16.11,Direct,Mobile
ORD0004864,CUST00859,PROD0148,Beauty,2023-10-07,2023-10,1,56.54,0.05,53.71,29.54,0,53.71,29.54,Paid Social,Desktop
ORD0004865,CUST00859,PROD0099,Home & Living,2024-01-20,2024-01,1,113.39,0,113.39,41.95,0,113.39,41.95,Paid Social,Desktop
ORD0004866,CUST00859,PROD0132,Home & Living,2023-06-29,2023-06,2,31.95,0.05,60.7,35.21,1,0.0,0.0,Paid Social,Desktop
ORD0004867,CUST00859,PROD0096,Sports,2024-03-02,2024-03,1,59.98,0.1,53.98,34.55,1,0.0,0.0,Paid Social,Desktop
ORD0004868,CUST00859,PROD0027,Footwear,2024-03-28,2024-03,3,147.27,0.05,419.72,235.04,0,419.72,235.04,Paid Social,Desktop
ORD0004869,CUST00859,PROD0176,Home & Living,2024-01-13,2024-01,3,51.13,0.05,145.72,40.8,1,0.0,0.0,Paid Social,Desktop
ORD0004870,CUST00860,PROD0103,Accessories,2023-03-03,2023-03,2,84.89,0,169.78,76.4,0,169.78,76.4,Direct,Mobile
ORD0004871,CUST00860,PROD0053,Footwear,2022-12-26,2022-12,3,46.14,0,138.42,77.52,0,138.42,77.52,Direct,Mobile
ORD0004872,CUST00860,PROD0074,Beauty,2023-07-26,2023-07,1,52.12,0,52.12,13.55,0,52.12,13.55,Direct,Mobile
ORD0004873,CUST00860,PROD0019,Beauty,2023-12-19,2023-12,2,17.13,0,34.26,15.07,0,34.26,15.07,Direct,Mobile
ORD0004874,CUST00860,PROD0076,Clothing,2023-01-04,2023-01,1,54.02,0,54.02,16.75,0,54.02,16.75,Direct,Mobile
ORD0004875,CUST00860,PROD0075,Accessories,2023-08-14,2023-08,2,80.95,0,161.9,64.76,0,161.9,64.76,Direct,Mobile
ORD0004876,CUST00860,PROD0140,Home & Living,2023-02-01,2023-02,2,34.26,0,68.52,37.69,0,68.52,37.69,Direct,Mobile
ORD0004877,CUST00860,PROD0170,Beauty,2022-11-04,2022-11,1,69.97,0,69.97,44.78,0,69.97,44.78,Direct,Mobile
ORD0004878,CUST00860,PROD0143,Beauty,2023-12-08,2023-12,2,15.9,0,31.8,20.35,1,0.0,0.0,Direct,Mobile
ORD0004879,CUST00861,PROD0032,Home & Living,2023-11-24,2023-11,3,43.05,0,129.15,37.45,0,129.15,37.45,Direct,Desktop
ORD0004880,CUST00861,PROD0097,Clothing,2022-12-27,2022-12,1,60.58,0,60.58,17.57,1,0.0,0.0,Direct,Desktop
ORD0004881,CUST00861,PROD0087,Home & Living,2023-09-09,2023-09,2,45.63,0,91.26,52.93,1,0.0,0.0,Direct,Desktop
ORD0004882,CUST00862,PROD0078,Accessories,2023-05-30,2023-05,3,83.84,0,251.52,150.91,0,251.52,150.91,Paid Social,Mobile
ORD0004883,CUST00862,PROD0146,Accessories,2023-06-04,2023-06,1,80.98,0.1,72.88,25.51,0,72.88,25.51,Paid Social,Mobile
ORD0004884,CUST00862,PROD0030,Beauty,2023-01-13,2023-01,2,30.52,0,61.04,21.97,0,61.04,21.97,Paid Social,Mobile
ORD0004885,CUST00862,PROD0010,Home & Living,2022-11-16,2022-11,2,50.82,0.05,96.56,36.69,0,96.56,36.69,Paid Social,Mobile
ORD0004886,CUST00862,PROD0135,Beauty,2023-12-02,2023-12,2,31.76,0.05,60.34,37.41,0,60.34,37.41,Paid Social,Mobile
ORD0004887,CUST00863,PROD0192,Sports,2024-03-19,2024-03,1,82.92,0.15,70.48,36.65,1,0.0,0.0,Email,Desktop
ORD0004888,CUST00863,PROD0034,Clothing,2023-11-20,2023-11,2,108.12,0.2,172.99,69.2,0,172.99,69.2,Email,Desktop
ORD0004889,CUST00863,PROD0170,Beauty,2024-01-04,2024-01,1,69.97,0.2,55.98,35.83,0,55.98,35.83,Email,Desktop
ORD0004890,CUST00863,PROD0125,Sports,2024-03-27,2024-03,3,126.04,0,378.12,147.47,0,378.12,147.47,Email,Desktop
ORD0004891,CUST00863,PROD0008,Footwear,2023-09-26,2023-09,1,151.56,0,151.56,92.45,0,151.56,92.45,Email,Desktop
ORD0004892,CUST00863,PROD0161,Home & Living,2023-09-18,2023-09,3,33.22,0,99.66,58.8,0,99.66,58.8,Email,Desktop
ORD0004893,CUST00863,PROD0052,Clothing,2024-01-24,2024-01,1,61.19,0.1,55.07,15.97,1,0.0,0.0,Email,Desktop
ORD0004894,CUST00863,PROD0183,Clothing,2023-10-19,2023-10,1,78.37,0,78.37,47.02,0,78.37,47.02,Email,Desktop
ORD0004895,CUST00863,PROD0167,Footwear,2023-10-18,2023-10,1,62.12,0.15,52.8,15.31,0,52.8,15.31,Email,Desktop
ORD0004896,CUST00863,PROD0159,Beauty,2023-12-01,2023-12,2,20.79,0,41.58,12.89,0,41.58,12.89,Email,Desktop
ORD0004897,CUST00864,PROD0031,Footwear,2023-07-01,2023-07,1,42.93,0,42.93,18.89,0,42.93,18.89,Influencer,Tablet
ORD0004898,CUST00864,PROD0008,Footwear,2023-05-29,2023-05,2,151.56,0,303.12,184.9,0,303.12,184.9,Influencer,Tablet
ORD0004899,CUST00864,PROD0025,Footwear,2022-12-21,2022-12,1,78.3,0,78.3,25.84,1,0.0,0.0,Influencer,Tablet
ORD0004900,CUST00864,PROD0162,Home & Living,2023-02-22,2023-02,3,81.32,0,243.96,107.34,0,243.96,107.34,Influencer,Tablet
ORD0004901,CUST00864,PROD0022,Sports,2023-12-08,2023-12,2,30.09,0,60.18,34.3,0,60.18,34.3,Influencer,Tablet
ORD0004902,CUST00864,PROD0063,Accessories,2024-03-28,2024-03,3,72.45,0,217.35,73.9,0,217.35,73.9,Influencer,Tablet
ORD0004903,CUST00864,PROD0003,Footwear,2023-03-08,2023-03,1,63.28,0,63.28,31.64,0,63.28,31.64,Influencer,Tablet
ORD0004904,CUST00864,PROD0145,Clothing,2023-03-17,2023-03,3,70.32,0,210.96,126.58,0,210.96,126.58,Influencer,Tablet
ORD0004905,CUST00864,PROD0004,Accessories,2023-05-19,2023-05,3,19.48,0,58.44,36.82,1,0.0,0.0,Influencer,Tablet
ORD0004906,CUST00864,PROD0029,Accessories,2023-10-07,2023-10,2,59.38,0,118.76,71.26,0,118.76,71.26,Influencer,Tablet
ORD0004907,CUST00864,PROD0006,Accessories,2024-01-01,2024-01,2,25.71,0,51.42,24.17,0,51.42,24.17,Influencer,Tablet
ORD0004908,CUST00864,PROD0044,Footwear,2024-02-16,2024-02,3,185.76,0,557.28,273.07,0,557.28,273.07,Influencer,Tablet
ORD0004909,CUST00864,PROD0135,Beauty,2023-06-19,2023-06,3,31.76,0,95.28,59.07,0,95.28,59.07,Influencer,Tablet
ORD0004910,CUST00864,PROD0192,Sports,2023-05-12,2023-05,1,82.92,0,82.92,43.12,1,0.0,0.0,Influencer,Tablet
ORD0004911,CUST00865,PROD0054,Sports,2024-03-22,2024-03,2,142.4,0,284.8,142.4,0,284.8,142.4,Organic Search,Tablet
ORD0004912,CUST00865,PROD0150,Beauty,2022-11-10,2022-11,1,24.66,0,24.66,12.08,1,0.0,0.0,Organic Search,Tablet
ORD0004913,CUST00865,PROD0058,Accessories,2022-06-10,2022-06,2,50.31,0,100.62,33.2,0,100.62,33.2,Organic Search,Tablet
ORD0004914,CUST00865,PROD0004,Accessories,2022-06-16,2022-06,3,19.48,0,58.44,36.82,0,58.44,36.82,Organic Search,Tablet
ORD0004915,CUST00865,PROD0197,Clothing,2022-05-07,2022-05,2,92.45,0,184.9,66.56,0,184.9,66.56,Organic Search,Tablet
ORD0004916,CUST00865,PROD0019,Beauty,2022-08-16,2022-08,3,17.13,0,51.39,22.61,0,51.39,22.61,Organic Search,Tablet
ORD0004917,CUST00865,PROD0070,Home & Living,2022-04-04,2022-04,2,75.93,0,151.86,89.6,0,151.86,89.6,Organic Search,Tablet
ORD0004918,CUST00865,PROD0196,Sports,2023-06-09,2023-06,3,92.93,0,278.79,172.85,0,278.79,172.85,Organic Search,Tablet
ORD0004919,CUST00865,PROD0030,Beauty,2023-10-17,2023-10,3,30.52,0,91.56,32.96,0,91.56,32.96,Organic Search,Tablet
ORD0004920,CUST00865,PROD0182,Accessories,2022-03-11,2022-03,3,22.63,0,67.89,25.8,0,67.89,25.8,Organic Search,Tablet
ORD0004921,CUST00865,PROD0170,Beauty,2023-07-30,2023-07,3,69.97,0,209.91,134.34,0,209.91,134.34,Organic Search,Tablet
ORD0004922,CUST00866,PROD0038,Accessories,2024-03-06,2024-03,3,85.41,0.05,243.42,133.88,1,0.0,0.0,Paid Social,Mobile
ORD0004923,CUST00866,PROD0038,Accessories,2023-02-04,2023-02,1,85.41,0,85.41,46.98,0,85.41,46.98,Paid Social,Mobile
ORD0004924,CUST00866,PROD0092,Beauty,2023-02-01,2023-02,3,19.38,0.1,52.33,16.75,0,52.33,16.75,Paid Social,Mobile
ORD0004925,CUST00866,PROD0132,Home & Living,2023-05-19,2023-05,1,31.95,0,31.95,18.53,0,31.95,18.53,Paid Social,Mobile
ORD0004926,CUST00866,PROD0039,Beauty,2023-12-12,2023-12,3,69.16,0.1,186.73,104.57,0,186.73,104.57,Paid Social,Mobile
ORD0004927,CUST00866,PROD0158,Home & Living,2023-08-11,2023-08,2,50.83,0.05,96.58,45.39,0,96.58,45.39,Paid Social,Mobile
ORD0004928,CUST00866,PROD0114,Beauty,2023-07-09,2023-07,2,25.83,0,51.66,21.18,0,51.66,21.18,Paid Social,Mobile
ORD0004929,CUST00866,PROD0015,Footwear,2023-06-05,2023-06,2,131.63,0.05,250.1,102.54,0,250.1,102.54,Paid Social,Mobile
ORD0004930,CUST00866,PROD0083,Clothing,2023-04-08,2023-04,3,25.2,0,75.6,40.82,0,75.6,40.82,Paid Social,Mobile
ORD0004931,CUST00866,PROD0195,Accessories,2023-02-19,2023-02,2,33.68,0.1,60.62,36.98,0,60.62,36.98,Paid Social,Mobile
ORD0004932,CUST00866,PROD0080,Sports,2022-10-14,2022-10,3,42.1,0.05,119.98,59.99,0,119.98,59.99,Paid Social,Mobile
ORD0004933,CUST00866,PROD0144,Beauty,2023-11-23,2023-11,2,34.94,0.1,62.89,34.59,0,62.89,34.59,Paid Social,Mobile
ORD0004934,CUST00867,PROD0107,Clothing,2023-02-23,2023-02,1,91.09,0.2,72.87,45.18,0,72.87,45.18,Email,Tablet
ORD0004935,CUST00867,PROD0013,Sports,2023-03-06,2023-03,3,147.02,0,441.06,172.01,1,0.0,0.0,Email,Tablet
ORD0004936,CUST00867,PROD0034,Clothing,2023-06-29,2023-06,3,108.12,0,324.36,129.74,0,324.36,129.74,Email,Tablet
ORD0004937,CUST00867,PROD0132,Home & Living,2023-09-08,2023-09,3,31.95,0.1,86.27,50.04,0,86.27,50.04,Email,Tablet
ORD0004938,CUST00867,PROD0187,Clothing,2023-03-05,2023-03,1,104.59,0.1,94.13,41.42,0,94.13,41.42,Email,Tablet
ORD0004939,CUST00868,PROD0041,Beauty,2022-05-07,2022-05,3,68.34,0,205.02,123.01,0,205.02,123.01,Referral,Mobile
ORD0004940,CUST00868,PROD0096,Sports,2022-10-07,2022-10,3,59.98,0.1,161.95,103.65,0,161.95,103.65,Referral,Mobile
ORD0004941,CUST00868,PROD0118,Clothing,2022-05-11,2022-05,1,33.04,0.1,29.74,14.28,0,29.74,14.28,Referral,Mobile
ORD0004942,CUST00868,PROD0122,Home & Living,2023-10-31,2023-10,1,74.99,0,74.99,30.0,0,74.99,30.0,Referral,Mobile
ORD0004943,CUST00868,PROD0123,Clothing,2022-04-25,2022-04,3,40.48,0,121.44,31.57,0,121.44,31.57,Referral,Mobile
ORD0004944,CUST00869,PROD0036,Home & Living,2024-01-06,2024-01,2,74.59,0.1,134.26,46.99,1,0.0,0.0,Email,Desktop
ORD0004945,CUST00869,PROD0166,Clothing,2023-10-28,2023-10,3,87.15,0.1,235.31,145.89,0,235.31,145.89,Email,Desktop
ORD0004946,CUST00870,PROD0039,Beauty,2023-05-31,2023-05,3,69.16,0,207.48,116.19,0,207.48,116.19,Email,Mobile
ORD0004947,CUST00870,PROD0172,Beauty,2024-02-12,2024-02,3,19.11,0.15,48.73,20.95,0,48.73,20.95,Email,Mobile
ORD0004948,CUST00870,PROD0136,Accessories,2023-10-01,2023-10,3,78.97,0,236.91,87.66,0,236.91,87.66,Email,Mobile
ORD0004949,CUST00870,PROD0075,Accessories,2023-06-01,2023-06,2,80.95,0,161.9,64.76,1,0.0,0.0,Email,Mobile
ORD0004950,CUST00870,PROD0078,Accessories,2023-02-18,2023-02,3,83.84,0.15,213.79,128.27,0,213.79,128.27,Email,Mobile
ORD0004951,CUST00870,PROD0082,Beauty,2023-10-28,2023-10,2,20.0,0.2,32.0,20.8,1,0.0,0.0,Email,Mobile
ORD0004952,CUST00870,PROD0149,Beauty,2023-06-02,2023-06,3,65.53,0,196.59,102.23,1,0.0,0.0,Email,Mobile
ORD0004953,CUST00870,PROD0081,Home & Living,2023-04-29,2023-04,2,97.71,0,195.42,50.81,0,195.42,50.81,Email,Mobile
ORD0004954,CUST00871,PROD0168,Clothing,2023-04-03,2023-04,1,45.57,0,45.57,19.14,0,45.57,19.14,Direct,Desktop
ORD0004955,CUST00871,PROD0180,Sports,2022-08-22,2022-08,2,57.83,0,115.66,64.77,0,115.66,64.77,Direct,Desktop
ORD0004956,CUST00871,PROD0018,Clothing,2023-04-03,2023-04,1,45.54,0,45.54,20.49,0,45.54,20.49,Direct,Desktop
ORD0004957,CUST00871,PROD0062,Accessories,2022-06-11,2022-06,1,85.04,0,85.04,35.72,1,0.0,0.0,Direct,Desktop
ORD0004958,CUST00871,PROD0037,Clothing,2022-07-18,2022-07,3,99.72,0,299.16,113.68,0,299.16,113.68,Direct,Desktop
ORD0004959,CUST00872,PROD0197,Clothing,2023-06-23,2023-06,2,92.45,0.15,157.16,56.58,1,0.0,0.0,Email,Desktop
ORD0004960,CUST00873,PROD0134,Accessories,2023-08-31,2023-08,2,24.1,0.1,43.38,24.29,1,0.0,0.0,Paid Social,Mobile
ORD0004961,CUST00873,PROD0042,Home & Living,2024-03-17,2024-03,3,61.51,0,184.53,51.67,0,184.53,51.67,Paid Social,Mobile
ORD0004962,CUST00873,PROD0090,Home & Living,2024-02-05,2024-02,2,99.94,0,199.88,125.92,0,199.88,125.92,Paid Social,Mobile
ORD0004963,CUST00873,PROD0029,Accessories,2023-07-04,2023-07,1,59.38,0,59.38,35.63,1,0.0,0.0,Paid Social,Mobile
ORD0004964,CUST00873,PROD0063,Accessories,2023-02-26,2023-02,1,72.45,0,72.45,24.63,0,72.45,24.63,Paid Social,Mobile
ORD0004965,CUST00873,PROD0024,Beauty,2023-04-13,2023-04,2,20.35,0,40.7,16.69,0,40.7,16.69,Paid Social,Mobile
ORD0004966,CUST00873,PROD0083,Clothing,2023-09-21,2023-09,2,25.2,0.1,45.36,24.49,1,0.0,0.0,Paid Social,Mobile
ORD0004967,CUST00873,PROD0008,Footwear,2023-06-07,2023-06,1,151.56,0.05,143.98,87.83,0,143.98,87.83,Paid Social,Mobile
ORD0004968,CUST00873,PROD0184,Sports,2024-02-01,2024-02,3,135.08,0,405.24,109.41,0,405.24,109.41,Paid Social,Mobile
ORD0004969,CUST00874,PROD0089,Sports,2024-02-20,2024-02,2,40.38,0,80.76,26.65,0,80.76,26.65,Organic Search,Mobile
ORD0004970,CUST00874,PROD0085,Accessories,2023-08-30,2023-08,2,53.78,0,107.56,51.63,1,0.0,0.0,Organic Search,Mobile
ORD0004971,CUST00874,PROD0016,Beauty,2023-05-07,2023-05,2,14.72,0,29.44,18.84,0,29.44,18.84,Organic Search,Mobile
ORD0004972,CUST00875,PROD0112,Home & Living,2023-02-20,2023-02,2,48.0,0,96.0,54.72,0,96.0,54.72,Paid Social,Desktop
ORD0004973,CUST00875,PROD0187,Clothing,2023-08-05,2023-08,3,104.59,0.05,298.08,131.16,0,298.08,131.16,Paid Social,Desktop
ORD0004974,CUST00875,PROD0085,Accessories,2022-06-14,2022-06,3,53.78,0,161.34,77.44,1,0.0,0.0,Paid Social,Desktop
ORD0004975,CUST00876,PROD0102,Footwear,2024-01-23,2024-01,1,44.77,0,44.77,11.64,0,44.77,11.64,Paid Social,Mobile
ORD0004976,CUST00876,PROD0088,Accessories,2022-08-15,2022-08,1,42.05,0,42.05,15.56,0,42.05,15.56,Paid Social,Mobile
ORD0004977,CUST00877,PROD0193,Sports,2023-11-29,2023-11,3,95.75,0,287.25,91.92,0,287.25,91.92,Paid Social,Mobile
ORD0004978,CUST00877,PROD0110,Footwear,2023-12-21,2023-12,2,106.03,0.05,201.46,108.79,0,201.46,108.79,Paid Social,Mobile
ORD0004979,CUST00877,PROD0192,Sports,2023-12-03,2023-12,3,82.92,0.1,223.88,116.42,0,223.88,116.42,Paid Social,Mobile
ORD0004980,CUST00877,PROD0160,Accessories,2024-02-18,2024-02,2,31.12,0.05,59.13,33.11,0,59.13,33.11,Paid Social,Mobile
ORD0004981,CUST00877,PROD0059,Sports,2023-08-19,2023-08,2,76.4,0,152.8,77.93,0,152.8,77.93,Paid Social,Mobile
ORD0004982,CUST00877,PROD0033,Sports,2023-12-17,2023-12,2,54.48,0,108.96,30.51,1,0.0,0.0,Paid Social,Mobile
ORD0004983,CUST00877,PROD0181,Home & Living,2023-11-14,2023-11,1,68.65,0.1,61.79,35.22,1,0.0,0.0,Paid Social,Mobile
ORD0004984,CUST00878,PROD0162,Home & Living,2022-08-15,2022-08,2,81.32,0,162.64,71.56,0,162.64,71.56,Organic Search,Mobile
ORD0004985,CUST00878,PROD0009,Sports,2024-02-13,2024-02,3,39.16,0,117.48,69.31,0,117.48,69.31,Organic Search,Mobile
ORD0004986,CUST00878,PROD0196,Sports,2024-01-14,2024-01,1,92.93,0,92.93,57.62,0,92.93,57.62,Organic Search,Mobile
ORD0004987,CUST00878,PROD0067,Clothing,2022-06-19,2022-06,2,47.62,0,95.24,30.48,0,95.24,30.48,Organic Search,Mobile
ORD0004988,CUST00879,PROD0122,Home & Living,2022-12-18,2022-12,1,74.99,0,74.99,30.0,0,74.99,30.0,Referral,Desktop
ORD0004989,CUST00879,PROD0092,Beauty,2022-12-24,2022-12,1,19.38,0,19.38,6.2,0,19.38,6.2,Referral,Desktop
ORD0004990,CUST00880,PROD0096,Sports,2023-09-21,2023-09,2,59.98,0,119.96,76.77,0,119.96,76.77,Direct,Desktop
ORD0004991,CUST00880,PROD0032,Home & Living,2023-12-13,2023-12,2,43.05,0,86.1,24.97,0,86.1,24.97,Direct,Desktop
ORD0004992,CUST00880,PROD0056,Home & Living,2024-02-05,2024-02,3,70.19,0,210.57,113.71,0,210.57,113.71,Direct,Desktop
ORD0004993,CUST00880,PROD0137,Home & Living,2023-12-29,2023-12,2,99.54,0,199.08,77.64,0,199.08,77.64,Direct,Desktop
ORD0004994,CUST00880,PROD0066,Footwear,2023-10-15,2023-10,3,151.36,0,454.08,131.68,0,454.08,131.68,Direct,Desktop
ORD0004995,CUST00880,PROD0107,Clothing,2023-12-05,2023-12,3,91.09,0,273.27,169.43,1,0.0,0.0,Direct,Desktop
ORD0004996,CUST00880,PROD0106,Footwear,2024-02-22,2024-02,3,188.1,0,564.3,242.65,1,0.0,0.0,Direct,Desktop
ORD0004997,CUST00881,PROD0136,Accessories,2022-04-08,2022-04,2,78.97,0.2,126.35,46.75,0,126.35,46.75,Email,Mobile
ORD0004998,CUST00882,PROD0189,Home & Living,2023-07-23,2023-07,3,100.23,0,300.69,183.42,1,0.0,0.0,Email,Desktop
ORD0004999,CUST00882,PROD0067,Clothing,2024-02-28,2024-02,2,47.62,0,95.24,30.48,0,95.24,30.48,Email,Desktop
ORD0005000,CUST00882,PROD0172,Beauty,2023-08-27,2023-08,3,19.11,0,57.33,24.65,1,0.0,0.0,Email,Desktop
ORD0005001,CUST00882,PROD0176,Home & Living,2023-12-02,2023-12,3,51.13,0,153.39,42.95,1,0.0,0.0,Email,Desktop
ORD0005002,CUST00882,PROD0143,Beauty,2024-03-17,2024-03,2,15.9,0.15,27.03,17.3,1,0.0,0.0,Email,Desktop
ORD0005003,CUST00882,PROD0093,Footwear,2024-03-29,2024-03,1,85.42,0,85.42,48.69,0,85.42,48.69,Email,Desktop
ORD0005004,CUST00882,PROD0175,Footwear,2023-12-29,2023-12,3,69.53,0.15,177.3,53.19,0,177.3,53.19,Email,Desktop
ORD0005005,CUST00882,PROD0157,Sports,2023-07-05,2023-07,3,101.12,0.1,273.02,114.67,0,273.02,114.67,Email,Desktop
ORD0005006,CUST00882,PROD0009,Sports,2023-07-12,2023-07,2,39.16,0.15,66.57,39.28,1,0.0,0.0,Email,Desktop
ORD0005007,CUST00882,PROD0091,Beauty,2023-06-10,2023-06,2,39.11,0,78.22,31.29,0,78.22,31.29,Email,Desktop
ORD0005008,CUST00882,PROD0190,Beauty,2024-01-19,2024-01,3,23.73,0,71.19,31.32,1,0.0,0.0,Email,Desktop
ORD0005009,CUST00883,PROD0066,Footwear,2023-08-16,2023-08,2,151.36,0.15,257.31,74.62,0,257.31,74.62,Email,Desktop
ORD0005010,CUST00883,PROD0151,Clothing,2023-03-28,2023-03,1,30.88,0,30.88,13.59,1,0.0,0.0,Email,Desktop
ORD0005011,CUST00883,PROD0112,Home & Living,2024-01-04,2024-01,2,48.0,0,96.0,54.72,0,96.0,54.72,Email,Desktop
ORD0005012,CUST00883,PROD0164,Accessories,2023-02-14,2023-02,2,18.66,0.2,29.86,8.66,0,29.86,8.66,Email,Desktop
ORD0005013,CUST00883,PROD0083,Clothing,2024-01-11,2024-01,2,25.2,0,50.4,27.22,0,50.4,27.22,Email,Desktop
ORD0005014,CUST00883,PROD0027,Footwear,2024-02-11,2024-02,1,147.27,0.15,125.18,70.1,0,125.18,70.1,Email,Desktop
ORD0005015,CUST00883,PROD0032,Home & Living,2024-03-26,2024-03,1,43.05,0,43.05,12.48,0,43.05,12.48,Email,Desktop
ORD0005016,CUST00883,PROD0009,Sports,2024-01-06,2024-01,2,39.16,0.1,70.49,41.59,0,70.49,41.59,Email,Desktop
ORD0005017,CUST00883,PROD0177,Accessories,2023-01-24,2023-01,3,31.44,0.1,84.89,32.26,0,84.89,32.26,Email,Desktop
ORD0005018,CUST00883,PROD0153,Accessories,2023-04-09,2023-04,3,85.5,0,256.5,143.64,1,0.0,0.0,Email,Desktop
ORD0005019,CUST00883,PROD0162,Home & Living,2024-01-18,2024-01,1,81.32,0.1,73.19,32.2,0,73.19,32.2,Email,Desktop
ORD0005020,CUST00884,PROD0106,Footwear,2023-02-25,2023-02,3,188.1,0,564.3,242.65,0,564.3,242.65,Organic Search,Mobile
ORD0005021,CUST00884,PROD0161,Home & Living,2023-02-17,2023-02,3,33.22,0,99.66,58.8,1,0.0,0.0,Organic Search,Mobile
ORD0005022,CUST00884,PROD0127,Accessories,2023-01-21,2023-01,3,49.21,0,147.63,45.77,0,147.63,45.77,Organic Search,Mobile
ORD0005023,CUST00884,PROD0031,Footwear,2023-05-27,2023-05,3,42.93,0,128.79,56.67,0,128.79,56.67,Organic Search,Mobile
ORD0005024,CUST00884,PROD0047,Footwear,2023-01-01,2023-01,1,144.43,0,144.43,56.33,0,144.43,56.33,Organic Search,Mobile
ORD0005025,CUST00884,PROD0196,Sports,2024-03-08,2024-03,1,92.93,0,92.93,57.62,1,0.0,0.0,Organic Search,Mobile
ORD0005026,CUST00884,PROD0079,Footwear,2023-10-03,2023-10,2,67.68,0,135.36,56.85,0,135.36,56.85,Organic Search,Mobile
ORD0005027,CUST00885,PROD0107,Clothing,2023-08-23,2023-08,3,91.09,0,273.27,169.43,0,273.27,169.43,Direct,Mobile
ORD0005028,CUST00885,PROD0105,Sports,2023-05-30,2023-05,1,41.5,0,41.5,26.14,1,0.0,0.0,Direct,Mobile
ORD0005029,CUST00885,PROD0168,Clothing,2022-11-29,2022-11,1,45.57,0,45.57,19.14,0,45.57,19.14,Direct,Mobile
ORD0005030,CUST00885,PROD0065,Accessories,2023-12-14,2023-12,3,54.38,0,163.14,70.15,1,0.0,0.0,Direct,Mobile
ORD0005031,CUST00885,PROD0029,Accessories,2022-06-23,2022-06,1,59.38,0,59.38,35.63,1,0.0,0.0,Direct,Mobile
ORD0005032,CUST00886,PROD0110,Footwear,2024-01-31,2024-01,2,106.03,0,212.06,114.51,0,212.06,114.51,Organic Search,Mobile
ORD0005033,CUST00886,PROD0041,Beauty,2023-10-23,2023-10,3,68.34,0,205.02,123.01,0,205.02,123.01,Organic Search,Mobile
ORD0005034,CUST00886,PROD0073,Sports,2023-09-22,2023-09,1,66.61,0,66.61,23.98,0,66.61,23.98,Organic Search,Mobile
ORD0005035,CUST00886,PROD0088,Accessories,2023-09-20,2023-09,3,42.05,0,126.15,46.68,0,126.15,46.68,Organic Search,Mobile
ORD0005036,CUST00886,PROD0086,Clothing,2023-09-26,2023-09,2,82.15,0,164.3,93.65,0,164.3,93.65,Organic Search,Mobile
ORD0005037,CUST00886,PROD0155,Beauty,2023-10-13,2023-10,3,35.29,0,105.87,43.41,0,105.87,43.41,Organic Search,Mobile
ORD0005038,CUST00886,PROD0176,Home & Living,2024-03-23,2024-03,2,51.13,0,102.26,28.63,0,102.26,28.63,Organic Search,Mobile
ORD0005039,CUST00887,PROD0054,Sports,2022-08-03,2022-08,2,142.4,0,284.8,142.4,0,284.8,142.4,Email,Mobile
ORD0005040,CUST00887,PROD0113,Home & Living,2022-11-03,2022-11,3,30.82,0.15,78.59,41.65,0,78.59,41.65,Email,Mobile
ORD0005041,CUST00888,PROD0009,Sports,2023-08-15,2023-08,3,39.16,0.05,111.61,65.85,0,111.61,65.85,Paid Social,Desktop
ORD0005042,CUST00888,PROD0122,Home & Living,2023-05-11,2023-05,1,74.99,0.05,71.24,28.5,1,0.0,0.0,Paid Social,Desktop
ORD0005043,CUST00888,PROD0056,Home & Living,2023-08-03,2023-08,3,70.19,0,210.57,113.71,0,210.57,113.71,Paid Social,Desktop
ORD0005044,CUST00888,PROD0105,Sports,2023-06-18,2023-06,2,41.5,0.05,78.85,49.68,1,0.0,0.0,Paid Social,Desktop
ORD0005045,CUST00888,PROD0055,Sports,2023-08-03,2023-08,1,136.99,0,136.99,39.73,0,136.99,39.73,Paid Social,Desktop
ORD0005046,CUST00889,PROD0178,Clothing,2023-03-29,2023-03,2,60.67,0,121.34,48.54,0,121.34,48.54,Organic Search,Tablet
ORD0005047,CUST00889,PROD0158,Home & Living,2023-08-18,2023-08,2,50.83,0,101.66,47.78,0,101.66,47.78,Organic Search,Tablet
ORD0005048,CUST00889,PROD0177,Accessories,2023-07-17,2023-07,2,31.44,0,62.88,23.89,0,62.88,23.89,Organic Search,Tablet
ORD0005049,CUST00889,PROD0045,Home & Living,2023-07-11,2023-07,2,91.27,0,182.54,83.97,0,182.54,83.97,Organic Search,Tablet
ORD0005050,CUST00889,PROD0112,Home & Living,2023-09-23,2023-09,1,48.0,0,48.0,27.36,0,48.0,27.36,Organic Search,Tablet
ORD0005051,CUST00889,PROD0002,Clothing,2023-02-26,2023-02,2,48.81,0,97.62,61.5,0,97.62,61.5,Organic Search,Tablet
ORD0005052,CUST00890,PROD0110,Footwear,2023-10-24,2023-10,3,106.03,0,318.09,171.77,0,318.09,171.77,Paid Social,Mobile
ORD0005053,CUST00890,PROD0072,Sports,2023-12-15,2023-12,2,81.55,0.1,146.79,80.73,0,146.79,80.73,Paid Social,Mobile
ORD0005054,CUST00890,PROD0177,Accessories,2023-05-19,2023-05,3,31.44,0,94.32,35.84,0,94.32,35.84,Paid Social,Mobile
ORD0005055,CUST00890,PROD0113,Home & Living,2024-03-04,2024-03,1,30.82,0.1,27.74,14.7,0,27.74,14.7,Paid Social,Mobile
ORD0005056,CUST00891,PROD0157,Sports,2024-01-06,2024-01,1,101.12,0,101.12,42.47,0,101.12,42.47,Organic Search,Mobile
ORD0005057,CUST00891,PROD0144,Beauty,2023-06-27,2023-06,1,34.94,0,34.94,19.22,0,34.94,19.22,Organic Search,Mobile
ORD0005058,CUST00892,PROD0028,Sports,2023-07-21,2023-07,2,115.45,0.05,219.35,107.48,0,219.35,107.48,Paid Social,Tablet
ORD0005059,CUST00892,PROD0196,Sports,2024-01-04,2024-01,1,92.93,0,92.93,57.62,0,92.93,57.62,Paid Social,Tablet
ORD0005060,CUST00892,PROD0083,Clothing,2022-12-04,2022-12,3,25.2,0,75.6,40.82,0,75.6,40.82,Paid Social,Tablet
ORD0005061,CUST00893,PROD0010,Home & Living,2023-10-15,2023-10,3,50.82,0,152.46,57.93,0,152.46,57.93,Organic Search,Mobile
ORD0005062,CUST00893,PROD0180,Sports,2023-01-31,2023-01,1,57.83,0,57.83,32.38,0,57.83,32.38,Organic Search,Mobile
ORD0005063,CUST00894,PROD0022,Sports,2022-09-07,2022-09,1,30.09,0,30.09,17.15,1,0.0,0.0,Direct,Desktop
ORD0005064,CUST00894,PROD0077,Footwear,2023-05-28,2023-05,1,66.48,0,66.48,29.92,0,66.48,29.92,Direct,Desktop
ORD0005065,CUST00894,PROD0081,Home & Living,2023-12-04,2023-12,3,97.71,0,293.13,76.21,1,0.0,0.0,Direct,Desktop
ORD0005066,CUST00894,PROD0043,Footwear,2024-01-28,2024-01,2,62.01,0,124.02,76.89,0,124.02,76.89,Direct,Desktop
ORD0005067,CUST00894,PROD0064,Footwear,2022-10-21,2022-10,3,190.18,0,570.54,222.51,0,570.54,222.51,Direct,Desktop
ORD0005068,CUST00894,PROD0154,Sports,2022-05-22,2022-05,3,137.38,0,412.14,111.28,0,412.14,111.28,Direct,Desktop
ORD0005069,CUST00894,PROD0033,Sports,2023-06-26,2023-06,3,54.48,0,163.44,45.76,0,163.44,45.76,Direct,Desktop
ORD0005070,CUST00895,PROD0104,Sports,2023-03-04,2023-03,2,40.92,0.2,65.47,23.57,0,65.47,23.57,Email,Desktop
ORD0005071,CUST00895,PROD0180,Sports,2023-09-26,2023-09,3,57.83,0.2,138.79,77.72,0,138.79,77.72,Email,Desktop
ORD0005072,CUST00895,PROD0051,Footwear,2023-05-18,2023-05,1,119.28,0,119.28,67.99,0,119.28,67.99,Email,Desktop
ORD0005073,CUST00895,PROD0147,Home & Living,2023-10-02,2023-10,2,133.32,0.15,226.64,104.25,0,226.64,104.25,Email,Desktop
ORD0005074,CUST00895,PROD0092,Beauty,2023-08-07,2023-08,1,19.38,0.15,16.47,5.27,0,16.47,5.27,Email,Desktop
ORD0005075,CUST00895,PROD0144,Beauty,2022-10-03,2022-10,3,34.94,0.15,89.1,49.01,0,89.1,49.01,Email,Desktop
ORD0005076,CUST00895,PROD0144,Beauty,2023-06-15,2023-06,3,34.94,0,104.82,57.65,0,104.82,57.65,Email,Desktop
ORD0005077,CUST00896,PROD0149,Beauty,2023-02-01,2023-02,2,65.53,0,131.06,68.15,0,131.06,68.15,Paid Social,Desktop
ORD0005078,CUST00896,PROD0132,Home & Living,2023-10-07,2023-10,3,31.95,0.05,91.06,52.81,0,91.06,52.81,Paid Social,Desktop
ORD0005079,CUST00896,PROD0153,Accessories,2023-08-21,2023-08,1,85.5,0.1,76.95,43.09,1,0.0,0.0,Paid Social,Desktop
ORD0005080,CUST00896,PROD0123,Clothing,2023-01-07,2023-01,2,40.48,0,80.96,21.05,0,80.96,21.05,Paid Social,Desktop
ORD0005081,CUST00896,PROD0031,Footwear,2024-01-28,2024-01,3,42.93,0.05,122.35,53.83,0,122.35,53.83,Paid Social,Desktop
ORD0005082,CUST00896,PROD0176,Home & Living,2023-04-03,2023-04,2,51.13,0.05,97.15,27.2,0,97.15,27.2,Paid Social,Desktop
ORD0005083,CUST00896,PROD0040,Beauty,2023-01-21,2023-01,2,42.24,0,84.48,34.64,0,84.48,34.64,Paid Social,Desktop
ORD0005084,CUST00896,PROD0145,Clothing,2023-06-17,2023-06,3,70.32,0,210.96,126.58,1,0.0,0.0,Paid Social,Desktop
ORD0005085,CUST00896,PROD0085,Accessories,2024-02-28,2024-02,2,53.78,0.05,102.18,49.05,1,0.0,0.0,Paid Social,Desktop
ORD0005086,CUST00897,PROD0084,Accessories,2023-09-09,2023-09,1,45.9,0.1,41.31,11.57,0,41.31,11.57,Paid Social,Mobile
ORD0005087,CUST00897,PROD0093,Footwear,2023-11-15,2023-11,3,85.42,0,256.26,146.07,1,0.0,0.0,Paid Social,Mobile
ORD0005088,CUST00897,PROD0074,Beauty,2022-10-03,2022-10,3,52.12,0.05,148.54,38.62,0,148.54,38.62,Paid Social,Mobile
ORD0005089,CUST00897,PROD0142,Sports,2023-10-28,2023-10,1,114.73,0.05,108.99,52.32,0,108.99,52.32,Paid Social,Mobile
ORD0005090,CUST00897,PROD0163,Beauty,2023-02-06,2023-02,3,20.18,0.05,57.51,27.6,1,0.0,0.0,Paid Social,Mobile
ORD0005091,CUST00898,PROD0032,Home & Living,2023-08-12,2023-08,1,43.05,0,43.05,12.48,1,0.0,0.0,Referral,Mobile
ORD0005092,CUST00898,PROD0052,Clothing,2023-10-07,2023-10,2,61.19,0.1,110.14,31.94,0,110.14,31.94,Referral,Mobile
ORD0005093,CUST00898,PROD0105,Sports,2023-09-24,2023-09,1,41.5,0,41.5,26.14,0,41.5,26.14,Referral,Mobile
ORD0005094,CUST00899,PROD0022,Sports,2023-07-23,2023-07,2,30.09,0.1,54.16,30.87,0,54.16,30.87,Referral,Mobile
ORD0005095,CUST00899,PROD0068,Accessories,2023-07-24,2023-07,1,58.26,0.1,52.43,22.02,0,52.43,22.02,Referral,Mobile
ORD0005096,CUST00899,PROD0146,Accessories,2023-10-09,2023-10,2,80.98,0,161.96,56.69,0,161.96,56.69,Referral,Mobile
ORD0005097,CUST00899,PROD0129,Accessories,2023-06-20,2023-06,2,45.01,0,90.02,27.91,0,90.02,27.91,Referral,Mobile
ORD0005098,CUST00899,PROD0150,Beauty,2023-09-29,2023-09,2,24.66,0,49.32,24.17,0,49.32,24.17,Referral,Mobile
ORD0005099,CUST00899,PROD0049,Home & Living,2023-07-15,2023-07,3,60.55,0.1,163.48,63.76,0,163.48,63.76,Referral,Mobile
ORD0005100,CUST00899,PROD0149,Beauty,2024-02-22,2024-02,3,65.53,0,196.59,102.23,0,196.59,102.23,Referral,Mobile
ORD0005101,CUST00899,PROD0099,Home & Living,2023-06-23,2023-06,1,113.39,0.1,102.05,37.76,0,102.05,37.76,Referral,Mobile
ORD0005102,CUST00900,PROD0091,Beauty,2023-06-06,2023-06,2,39.11,0.1,70.4,28.16,0,70.4,28.16,Email,Mobile
ORD0005103,CUST00900,PROD0125,Sports,2023-10-31,2023-10,3,126.04,0.1,340.31,132.72,0,340.31,132.72,Email,Mobile
ORD0005104,CUST00900,PROD0102,Footwear,2024-01-17,2024-01,1,44.77,0.15,38.05,9.89,0,38.05,9.89,Email,Mobile
ORD0005105,CUST00900,PROD0079,Footwear,2023-08-30,2023-08,2,67.68,0,135.36,56.85,1,0.0,0.0,Email,Mobile
ORD0005106,CUST00900,PROD0122,Home & Living,2024-01-30,2024-01,2,74.99,0.15,127.48,50.99,0,127.48,50.99,Email,Mobile
ORD0005107,CUST00900,PROD0128,Clothing,2023-11-21,2023-11,1,28.95,0,28.95,12.16,0,28.95,12.16,Email,Mobile
ORD0005108,CUST00900,PROD0001,Accessories,2023-12-12,2023-12,2,40.31,0.15,68.53,23.99,0,68.53,23.99,Email,Mobile
ORD0005109,CUST00900,PROD0018,Clothing,2023-06-05,2023-06,2,45.54,0.1,81.97,36.89,0,81.97,36.89,Email,Mobile
ORD0005110,CUST00900,PROD0175,Footwear,2023-12-06,2023-12,2,69.53,0,139.06,41.72,0,139.06,41.72,Email,Mobile
ORD0005111,CUST00900,PROD0001,Accessories,2023-08-26,2023-08,3,40.31,0.15,102.79,35.98,0,102.79,35.98,Email,Mobile
ORD0005112,CUST00901,PROD0142,Sports,2023-10-26,2023-10,1,114.73,0,114.73,55.07,0,114.73,55.07,Referral,Desktop
ORD0005113,CUST00901,PROD0075,Accessories,2023-10-23,2023-10,2,80.95,0,161.9,64.76,0,161.9,64.76,Referral,Desktop
ORD0005114,CUST00901,PROD0014,Beauty,2023-09-06,2023-09,3,56.06,0.1,151.36,95.36,0,151.36,95.36,Referral,Desktop
ORD0005115,CUST00902,PROD0135,Beauty,2022-04-23,2022-04,2,31.76,0.05,60.34,37.41,0,60.34,37.41,Paid Social,Desktop
ORD0005116,CUST00902,PROD0007,Beauty,2023-01-12,2023-01,2,25.48,0.1,45.86,15.13,0,45.86,15.13,Paid Social,Desktop
ORD0005117,CUST00903,PROD0124,Beauty,2024-03-28,2024-03,1,20.18,0.1,18.16,8.54,0,18.16,8.54,Email,Desktop
ORD0005118,CUST00903,PROD0033,Sports,2024-01-19,2024-01,2,54.48,0.15,92.62,25.93,0,92.62,25.93,Email,Desktop
ORD0005119,CUST00903,PROD0070,Home & Living,2024-03-17,2024-03,1,75.93,0,75.93,44.8,0,75.93,44.8,Email,Desktop
ORD0005120,CUST00903,PROD0107,Clothing,2023-10-09,2023-10,3,91.09,0.15,232.28,144.01,0,232.28,144.01,Email,Desktop
ORD0005121,CUST00903,PROD0137,Home & Living,2023-12-08,2023-12,1,99.54,0,99.54,38.82,1,0.0,0.0,Email,Desktop
ORD0005122,CUST00903,PROD0012,Sports,2024-03-26,2024-03,3,146.79,0,440.37,158.53,0,440.37,158.53,Email,Desktop
ORD0005123,CUST00903,PROD0068,Accessories,2023-09-26,2023-09,2,58.26,0,116.52,48.94,0,116.52,48.94,Email,Desktop
ORD0005124,CUST00903,PROD0100,Clothing,2023-10-03,2023-10,1,80.73,0,80.73,36.33,0,80.73,36.33,Email,Desktop
ORD0005125,CUST00903,PROD0110,Footwear,2023-11-21,2023-11,3,106.03,0.1,286.28,154.59,0,286.28,154.59,Email,Desktop
ORD0005126,CUST00904,PROD0082,Beauty,2023-12-19,2023-12,2,20.0,0.1,36.0,23.4,0,36.0,23.4,Email,Desktop
ORD0005127,CUST00904,PROD0111,Clothing,2022-12-07,2022-12,2,72.51,0.15,123.27,75.19,0,123.27,75.19,Email,Desktop
ORD0005128,CUST00904,PROD0037,Clothing,2023-04-08,2023-04,2,99.72,0,199.44,75.79,0,199.44,75.79,Email,Desktop
ORD0005129,CUST00904,PROD0060,Footwear,2023-07-12,2023-07,2,104.31,0.1,187.76,54.45,1,0.0,0.0,Email,Desktop
ORD0005130,CUST00904,PROD0150,Beauty,2023-11-11,2023-11,3,24.66,0.1,66.58,32.62,1,0.0,0.0,Email,Desktop
ORD0005131,CUST00904,PROD0012,Sports,2022-11-06,2022-11,2,146.79,0.1,264.22,95.12,0,264.22,95.12,Email,Desktop
ORD0005132,CUST00905,PROD0157,Sports,2024-01-17,2024-01,2,101.12,0,202.24,84.94,1,0.0,0.0,Direct,Desktop
ORD0005133,CUST00905,PROD0126,Sports,2024-01-28,2024-01,1,92.2,0,92.2,59.01,0,92.2,59.01,Direct,Desktop
ORD0005134,CUST00905,PROD0108,Accessories,2023-12-05,2023-12,2,82.14,0,164.28,49.28,0,164.28,49.28,Direct,Desktop
ORD0005135,CUST00905,PROD0160,Accessories,2023-07-06,2023-07,2,31.12,0,62.24,34.85,0,62.24,34.85,Direct,Desktop
ORD0005136,CUST00905,PROD0184,Sports,2023-02-24,2023-02,1,135.08,0,135.08,36.47,1,0.0,0.0,Direct,Desktop
ORD0005137,CUST00906,PROD0164,Accessories,2023-08-29,2023-08,3,18.66,0,55.98,16.23,0,55.98,16.23,Paid Social,Mobile
ORD0005138,CUST00906,PROD0089,Sports,2023-11-12,2023-11,2,40.38,0,80.76,26.65,0,80.76,26.65,Paid Social,Mobile
ORD0005139,CUST00906,PROD0103,Accessories,2023-12-09,2023-12,2,84.89,0.05,161.29,72.58,1,0.0,0.0,Paid Social,Mobile
ORD0005140,CUST00906,PROD0162,Home & Living,2023-08-14,2023-08,3,81.32,0,243.96,107.34,0,243.96,107.34,Paid Social,Mobile
ORD0005141,CUST00906,PROD0148,Beauty,2024-03-04,2024-03,1,56.54,0,56.54,31.1,0,56.54,31.1,Paid Social,Mobile
ORD0005142,CUST00906,PROD0064,Footwear,2023-09-07,2023-09,2,190.18,0,380.36,148.34,1,0.0,0.0,Paid Social,Mobile
ORD0005143,CUST00906,PROD0170,Beauty,2023-08-11,2023-08,3,69.97,0.1,188.92,120.91,0,188.92,120.91,Paid Social,Mobile
ORD0005144,CUST00907,PROD0159,Beauty,2022-09-04,2022-09,1,20.79,0.05,19.75,6.12,0,19.75,6.12,Paid Social,Mobile
ORD0005145,CUST00907,PROD0077,Footwear,2024-03-21,2024-03,2,66.48,0.05,126.31,56.84,0,126.31,56.84,Paid Social,Mobile
ORD0005146,CUST00907,PROD0010,Home & Living,2023-07-04,2023-07,3,50.82,0,152.46,57.93,0,152.46,57.93,Paid Social,Mobile
ORD0005147,CUST00907,PROD0122,Home & Living,2023-01-08,2023-01,3,74.99,0,224.97,89.99,0,224.97,89.99,Paid Social,Mobile
ORD0005148,CUST00907,PROD0188,Footwear,2023-09-20,2023-09,3,148.41,0.1,400.71,236.42,0,400.71,236.42,Paid Social,Mobile
ORD0005149,CUST00908,PROD0184,Sports,2022-11-01,2022-11,1,135.08,0,135.08,36.47,0,135.08,36.47,Paid Social,Desktop
ORD0005150,CUST00908,PROD0051,Footwear,2022-09-04,2022-09,2,119.28,0,238.56,135.98,1,0.0,0.0,Paid Social,Desktop
ORD0005151,CUST00908,PROD0074,Beauty,2023-05-29,2023-05,2,52.12,0,104.24,27.1,0,104.24,27.1,Paid Social,Desktop
ORD0005152,CUST00908,PROD0042,Home & Living,2023-01-22,2023-01,3,61.51,0.05,175.3,49.08,0,175.3,49.08,Paid Social,Desktop
ORD0005153,CUST00908,PROD0188,Footwear,2023-12-21,2023-12,2,148.41,0.1,267.14,157.61,0,267.14,157.61,Paid Social,Desktop
ORD0005154,CUST00909,PROD0019,Beauty,2022-05-15,2022-05,2,17.13,0,34.26,15.07,0,34.26,15.07,Influencer,Mobile
ORD0005155,CUST00909,PROD0011,Sports,2023-06-20,2023-06,1,85.35,0,85.35,23.9,1,0.0,0.0,Influencer,Mobile
ORD0005156,CUST00909,PROD0022,Sports,2024-01-28,2024-01,1,30.09,0,30.09,17.15,0,30.09,17.15,Influencer,Mobile
ORD0005157,CUST00910,PROD0120,Home & Living,2023-09-23,2023-09,2,118.52,0,237.04,73.48,0,237.04,73.48,Email,Mobile
ORD0005158,CUST00910,PROD0193,Sports,2023-10-16,2023-10,2,95.75,0,191.5,61.28,1,0.0,0.0,Email,Mobile
ORD0005159,CUST00911,PROD0004,Accessories,2023-09-10,2023-09,2,19.48,0,38.96,24.54,1,0.0,0.0,Organic Search,Tablet
ORD0005160,CUST00911,PROD0041,Beauty,2023-12-28,2023-12,3,68.34,0,205.02,123.01,0,205.02,123.01,Organic Search,Tablet
ORD0005161,CUST00911,PROD0152,Accessories,2023-06-01,2023-06,1,36.62,0,36.62,16.11,0,36.62,16.11,Organic Search,Tablet
ORD0005162,CUST00911,PROD0050,Home & Living,2024-03-15,2024-03,2,120.87,0,241.74,65.27,0,241.74,65.27,Organic Search,Tablet
ORD0005163,CUST00911,PROD0148,Beauty,2024-02-07,2024-02,3,56.54,0,169.62,93.29,0,169.62,93.29,Organic Search,Tablet
ORD0005164,CUST00911,PROD0186,Home & Living,2023-06-23,2023-06,1,126.59,0,126.59,36.71,0,126.59,36.71,Organic Search,Tablet
ORD0005165,CUST00912,PROD0197,Clothing,2022-12-04,2022-12,1,92.45,0,92.45,33.28,0,92.45,33.28,Email,Mobile
ORD0005166,CUST00912,PROD0002,Clothing,2022-09-21,2022-09,2,48.81,0,97.62,61.5,0,97.62,61.5,Email,Mobile
ORD0005167,CUST00912,PROD0137,Home & Living,2023-08-01,2023-08,2,99.54,0.2,159.26,62.11,0,159.26,62.11,Email,Mobile
ORD0005168,CUST00913,PROD0089,Sports,2023-02-28,2023-02,2,40.38,0.1,72.68,23.98,1,0.0,0.0,Paid Social,Desktop
ORD0005169,CUST00913,PROD0148,Beauty,2023-06-25,2023-06,3,56.54,0,169.62,93.29,0,169.62,93.29,Paid Social,Desktop
ORD0005170,CUST00913,PROD0090,Home & Living,2022-09-13,2022-09,1,99.94,0,99.94,62.96,0,99.94,62.96,Paid Social,Desktop
ORD0005171,CUST00913,PROD0133,Clothing,2023-05-22,2023-05,1,70.11,0.05,66.6,37.96,0,66.6,37.96,Paid Social,Desktop
ORD0005172,CUST00913,PROD0148,Beauty,2022-12-23,2022-12,2,56.54,0,113.08,62.19,0,113.08,62.19,Paid Social,Desktop
ORD0005173,CUST00913,PROD0153,Accessories,2023-09-20,2023-09,2,85.5,0.1,153.9,86.18,1,0.0,0.0,Paid Social,Desktop
ORD0005174,CUST00913,PROD0030,Beauty,2022-09-01,2022-09,1,30.52,0,30.52,10.99,0,30.52,10.99,Paid Social,Desktop
ORD0005175,CUST00913,PROD0173,Footwear,2023-12-21,2023-12,3,87.72,0,263.16,113.16,0,263.16,113.16,Paid Social,Desktop
ORD0005176,CUST00914,PROD0164,Accessories,2023-12-20,2023-12,3,18.66,0.2,44.78,12.99,1,0.0,0.0,Email,Mobile
ORD0005177,CUST00914,PROD0005,Footwear,2022-12-05,2022-12,1,121.17,0.1,109.05,63.25,0,109.05,63.25,Email,Mobile
ORD0005178,CUST00914,PROD0083,Clothing,2023-10-14,2023-10,3,25.2,0.1,68.04,36.74,0,68.04,36.74,Email,Mobile
ORD0005179,CUST00914,PROD0003,Footwear,2023-02-19,2023-02,3,63.28,0.1,170.86,85.43,1,0.0,0.0,Email,Mobile
ORD0005180,CUST00914,PROD0168,Clothing,2023-01-25,2023-01,3,45.57,0,136.71,57.42,0,136.71,57.42,Email,Mobile
ORD0005181,CUST00914,PROD0001,Accessories,2024-02-03,2024-02,3,40.31,0,120.93,42.33,1,0.0,0.0,Email,Mobile
ORD0005182,CUST00915,PROD0151,Clothing,2023-04-01,2023-04,3,30.88,0,92.64,40.76,0,92.64,40.76,Paid Social,Desktop
ORD0005183,CUST00915,PROD0185,Footwear,2023-10-26,2023-10,1,196.58,0.05,186.75,95.24,0,186.75,95.24,Paid Social,Desktop
ORD0005184,CUST00915,PROD0037,Clothing,2023-05-25,2023-05,3,99.72,0,299.16,113.68,0,299.16,113.68,Paid Social,Desktop
ORD0005185,CUST00915,PROD0194,Accessories,2023-01-28,2023-01,2,80.84,0,161.68,82.46,1,0.0,0.0,Paid Social,Desktop
ORD0005186,CUST00915,PROD0136,Accessories,2023-06-25,2023-06,3,78.97,0.05,225.06,83.27,0,225.06,83.27,Paid Social,Desktop
ORD0005187,CUST00915,PROD0108,Accessories,2024-01-26,2024-01,2,82.14,0.1,147.85,44.35,0,147.85,44.35,Paid Social,Desktop
ORD0005188,CUST00915,PROD0149,Beauty,2024-02-04,2024-02,1,65.53,0,65.53,34.08,0,65.53,34.08,Paid Social,Desktop
ORD0005189,CUST00916,PROD0149,Beauty,2023-12-16,2023-12,2,65.53,0,131.06,68.15,1,0.0,0.0,Paid Social,Desktop
ORD0005190,CUST00916,PROD0153,Accessories,2024-01-11,2024-01,1,85.5,0,85.5,47.88,0,85.5,47.88,Paid Social,Desktop
ORD0005191,CUST00916,PROD0054,Sports,2023-03-30,2023-03,1,142.4,0.1,128.16,64.08,0,128.16,64.08,Paid Social,Desktop
ORD0005192,CUST00917,PROD0171,Clothing,2023-07-07,2023-07,3,49.46,0,148.38,37.09,0,148.38,37.09,Organic Search,Mobile
ORD0005193,CUST00917,PROD0170,Beauty,2024-03-31,2024-03,2,69.97,0,139.94,89.56,0,139.94,89.56,Organic Search,Mobile
ORD0005194,CUST00917,PROD0036,Home & Living,2023-07-09,2023-07,3,74.59,0,223.77,78.32,0,223.77,78.32,Organic Search,Mobile
ORD0005195,CUST00917,PROD0033,Sports,2024-01-23,2024-01,2,54.48,0,108.96,30.51,0,108.96,30.51,Organic Search,Mobile
ORD0005196,CUST00917,PROD0165,Footwear,2023-09-26,2023-09,2,116.35,0,232.7,148.93,0,232.7,148.93,Organic Search,Mobile
ORD0005197,CUST00917,PROD0121,Clothing,2022-12-25,2022-12,1,86.37,0,86.37,42.32,0,86.37,42.32,Organic Search,Mobile
ORD0005198,CUST00917,PROD0196,Sports,2024-02-28,2024-02,3,92.93,0,278.79,172.85,1,0.0,0.0,Organic Search,Mobile
ORD0005199,CUST00917,PROD0182,Accessories,2023-03-08,2023-03,3,22.63,0,67.89,25.8,1,0.0,0.0,Organic Search,Mobile
ORD0005200,CUST00918,PROD0092,Beauty,2023-10-02,2023-10,1,19.38,0,19.38,6.2,0,19.38,6.2,Email,Mobile
ORD0005201,CUST00918,PROD0029,Accessories,2023-09-02,2023-09,1,59.38,0.1,53.44,32.06,0,53.44,32.06,Email,Mobile
ORD0005202,CUST00918,PROD0071,Beauty,2023-05-05,2023-05,2,65.25,0,130.5,79.61,0,130.5,79.61,Email,Mobile
ORD0005203,CUST00918,PROD0065,Accessories,2024-01-05,2024-01,3,54.38,0,163.14,70.15,0,163.14,70.15,Email,Mobile
ORD0005204,CUST00918,PROD0016,Beauty,2024-03-20,2024-03,3,14.72,0,44.16,28.26,0,44.16,28.26,Email,Mobile
ORD0005205,CUST00918,PROD0037,Clothing,2023-08-26,2023-08,2,99.72,0.2,159.55,60.63,0,159.55,60.63,Email,Mobile
ORD0005206,CUST00918,PROD0176,Home & Living,2024-02-17,2024-02,2,51.13,0.2,81.81,22.91,0,81.81,22.91,Email,Mobile
ORD0005207,CUST00918,PROD0129,Accessories,2023-11-16,2023-11,2,45.01,0,90.02,27.91,0,90.02,27.91,Email,Mobile
ORD0005208,CUST00918,PROD0048,Home & Living,2023-06-04,2023-06,1,96.14,0.2,76.91,48.45,0,76.91,48.45,Email,Mobile
ORD0005209,CUST00918,PROD0120,Home & Living,2024-02-20,2024-02,3,118.52,0.2,284.45,88.18,0,284.45,88.18,Email,Mobile
ORD0005210,CUST00919,PROD0107,Clothing,2022-06-06,2022-06,2,91.09,0,182.18,112.95,0,182.18,112.95,Paid Social,Mobile
ORD0005211,CUST00919,PROD0004,Accessories,2023-03-27,2023-03,1,19.48,0.1,17.53,11.04,0,17.53,11.04,Paid Social,Mobile
ORD0005212,CUST00919,PROD0026,Footwear,2024-03-10,2024-03,3,66.28,0,198.84,51.7,0,198.84,51.7,Paid Social,Mobile
ORD0005213,CUST00919,PROD0176,Home & Living,2023-09-25,2023-09,2,51.13,0.05,97.15,27.2,0,97.15,27.2,Paid Social,Mobile
ORD0005214,CUST00919,PROD0108,Accessories,2023-09-05,2023-09,3,82.14,0.1,221.78,66.53,0,221.78,66.53,Paid Social,Mobile
ORD0005215,CUST00919,PROD0023,Clothing,2022-05-21,2022-05,3,85.59,0,256.77,89.87,1,0.0,0.0,Paid Social,Mobile
ORD0005216,CUST00920,PROD0086,Clothing,2024-01-31,2024-01,3,82.15,0,246.45,140.48,0,246.45,140.48,Organic Search,Mobile
ORD0005217,CUST00920,PROD0190,Beauty,2022-11-29,2022-11,1,23.73,0,23.73,10.44,0,23.73,10.44,Organic Search,Mobile
ORD0005218,CUST00921,PROD0097,Clothing,2022-12-29,2022-12,2,60.58,0,121.16,35.14,0,121.16,35.14,Direct,Tablet
ORD0005219,CUST00921,PROD0107,Clothing,2022-10-30,2022-10,3,91.09,0,273.27,169.43,1,0.0,0.0,Direct,Tablet
ORD0005220,CUST00921,PROD0019,Beauty,2023-06-28,2023-06,3,17.13,0,51.39,22.61,0,51.39,22.61,Direct,Tablet
ORD0005221,CUST00921,PROD0024,Beauty,2023-07-10,2023-07,2,20.35,0,40.7,16.69,0,40.7,16.69,Direct,Tablet
ORD0005222,CUST00921,PROD0173,Footwear,2023-09-01,2023-09,3,87.72,0,263.16,113.16,1,0.0,0.0,Direct,Tablet
ORD0005223,CUST00921,PROD0115,Accessories,2023-10-12,2023-10,2,74.34,0,148.68,86.23,0,148.68,86.23,Direct,Tablet
ORD0005224,CUST00921,PROD0161,Home & Living,2022-12-02,2022-12,1,33.22,0,33.22,19.6,0,33.22,19.6,Direct,Tablet
ORD0005225,CUST00921,PROD0086,Clothing,2023-05-19,2023-05,3,82.15,0,246.45,140.48,1,0.0,0.0,Direct,Tablet
ORD0005226,CUST00921,PROD0048,Home & Living,2022-04-26,2022-04,1,96.14,0,96.14,60.57,0,96.14,60.57,Direct,Tablet
ORD0005227,CUST00922,PROD0197,Clothing,2022-02-24,2022-02,2,92.45,0,184.9,66.56,0,184.9,66.56,Organic Search,Desktop
ORD0005228,CUST00922,PROD0094,Home & Living,2023-04-29,2023-04,2,56.47,0,112.94,71.15,0,112.94,71.15,Organic Search,Desktop
ORD0005229,CUST00922,PROD0075,Accessories,2023-07-03,2023-07,3,80.95,0,242.85,97.14,1,0.0,0.0,Organic Search,Desktop
ORD0005230,CUST00923,PROD0046,Sports,2023-06-19,2023-06,1,44.39,0,44.39,23.53,0,44.39,23.53,Direct,Tablet
ORD0005231,CUST00923,PROD0005,Footwear,2023-09-27,2023-09,1,121.17,0,121.17,70.28,0,121.17,70.28,Direct,Tablet
ORD0005232,CUST00923,PROD0061,Home & Living,2023-10-04,2023-10,1,136.85,0,136.85,50.63,0,136.85,50.63,Direct,Tablet
ORD0005233,CUST00923,PROD0161,Home & Living,2023-12-26,2023-12,3,33.22,0,99.66,58.8,0,99.66,58.8,Direct,Tablet
ORD0005234,CUST00923,PROD0008,Footwear,2023-09-22,2023-09,3,151.56,0,454.68,277.35,1,0.0,0.0,Direct,Tablet
ORD0005235,CUST00923,PROD0129,Accessories,2024-02-23,2024-02,2,45.01,0,90.02,27.91,0,90.02,27.91,Direct,Tablet
ORD0005236,CUST00923,PROD0110,Footwear,2023-08-02,2023-08,1,106.03,0,106.03,57.26,0,106.03,57.26,Direct,Tablet
ORD0005237,CUST00923,PROD0165,Footwear,2023-08-24,2023-08,1,116.35,0,116.35,74.46,0,116.35,74.46,Direct,Tablet
ORD0005238,CUST00923,PROD0012,Sports,2023-11-01,2023-11,1,146.79,0,146.79,52.84,0,146.79,52.84,Direct,Tablet
ORD0005239,CUST00923,PROD0034,Clothing,2024-01-01,2024-01,2,108.12,0,216.24,86.5,0,216.24,86.5,Direct,Tablet
ORD0005240,CUST00923,PROD0050,Home & Living,2023-12-26,2023-12,2,120.87,0,241.74,65.27,0,241.74,65.27,Direct,Tablet
ORD0005241,CUST00923,PROD0004,Accessories,2023-07-15,2023-07,2,19.48,0,38.96,24.54,0,38.96,24.54,Direct,Tablet
ORD0005242,CUST00923,PROD0129,Accessories,2023-07-11,2023-07,1,45.01,0,45.01,13.95,0,45.01,13.95,Direct,Tablet
ORD0005243,CUST00924,PROD0051,Footwear,2023-12-31,2023-12,2,119.28,0,238.56,135.98,0,238.56,135.98,Organic Search,Mobile
ORD0005244,CUST00924,PROD0123,Clothing,2023-12-04,2023-12,1,40.48,0,40.48,10.52,0,40.48,10.52,Organic Search,Mobile
ORD0005245,CUST00924,PROD0095,Accessories,2023-10-27,2023-10,1,33.53,0,33.53,19.11,0,33.53,19.11,Organic Search,Mobile
ORD0005246,CUST00924,PROD0121,Clothing,2022-10-15,2022-10,3,86.37,0,259.11,126.96,1,0.0,0.0,Organic Search,Mobile
ORD0005247,CUST00924,PROD0112,Home & Living,2022-11-15,2022-11,1,48.0,0,48.0,27.36,0,48.0,27.36,Organic Search,Mobile
ORD0005248,CUST00925,PROD0013,Sports,2023-08-16,2023-08,1,147.02,0.1,132.32,51.6,0,132.32,51.6,Paid Social,Mobile
ORD0005249,CUST00926,PROD0061,Home & Living,2023-05-19,2023-05,3,136.85,0,410.55,151.9,0,410.55,151.9,Paid Social,Desktop
ORD0005250,CUST00926,PROD0084,Accessories,2023-11-06,2023-11,3,45.9,0,137.7,38.56,0,137.7,38.56,Paid Social,Desktop
ORD0005251,CUST00926,PROD0036,Home & Living,2023-07-26,2023-07,2,74.59,0.1,134.26,46.99,0,134.26,46.99,Paid Social,Desktop
ORD0005252,CUST00926,PROD0082,Beauty,2024-02-04,2024-02,2,20.0,0,40.0,26.0,1,0.0,0.0,Paid Social,Desktop
ORD0005253,CUST00926,PROD0036,Home & Living,2023-01-13,2023-01,3,74.59,0.05,212.58,74.4,0,212.58,74.4,Paid Social,Desktop
ORD0005254,CUST00927,PROD0183,Clothing,2023-10-27,2023-10,1,78.37,0.05,74.45,44.67,1,0.0,0.0,Paid Social,Tablet
ORD0005255,CUST00927,PROD0002,Clothing,2024-03-18,2024-03,1,48.81,0.05,46.37,29.21,0,46.37,29.21,Paid Social,Tablet
ORD0005256,CUST00927,PROD0051,Footwear,2024-03-26,2024-03,3,119.28,0,357.84,203.97,0,357.84,203.97,Paid Social,Tablet
ORD0005257,CUST00927,PROD0097,Clothing,2023-12-09,2023-12,3,60.58,0.1,163.57,47.44,0,163.57,47.44,Paid Social,Tablet
ORD0005258,CUST00927,PROD0029,Accessories,2024-01-22,2024-01,1,59.38,0.05,56.41,33.85,0,56.41,33.85,Paid Social,Tablet
ORD0005259,CUST00928,PROD0039,Beauty,2024-02-13,2024-02,2,69.16,0,138.32,77.46,0,138.32,77.46,Email,Mobile
ORD0005260,CUST00928,PROD0092,Beauty,2023-05-03,2023-05,2,19.38,0,38.76,12.4,0,38.76,12.4,Email,Mobile
ORD0005261,CUST00928,PROD0074,Beauty,2023-04-19,2023-04,1,52.12,0,52.12,13.55,1,0.0,0.0,Email,Mobile
ORD0005262,CUST00928,PROD0160,Accessories,2024-02-26,2024-02,3,31.12,0,93.36,52.28,0,93.36,52.28,Email,Mobile
ORD0005263,CUST00928,PROD0044,Footwear,2023-11-30,2023-11,1,185.76,0.15,157.9,77.37,0,157.9,77.37,Email,Mobile
ORD0005264,CUST00928,PROD0084,Accessories,2023-10-31,2023-10,3,45.9,0.15,117.04,32.77,0,117.04,32.77,Email,Mobile
ORD0005265,CUST00928,PROD0199,Sports,2023-05-07,2023-05,3,40.52,0.1,109.4,35.01,1,0.0,0.0,Email,Mobile
ORD0005266,CUST00928,PROD0057,Beauty,2023-11-16,2023-11,1,25.42,0,25.42,12.2,1,0.0,0.0,Email,Mobile
ORD0005267,CUST00929,PROD0126,Sports,2023-08-13,2023-08,3,92.2,0,276.6,177.02,0,276.6,177.02,Paid Social,Mobile
ORD0005268,CUST00929,PROD0143,Beauty,2023-10-11,2023-10,3,15.9,0,47.7,30.53,0,47.7,30.53,Paid Social,Mobile
ORD0005269,CUST00929,PROD0191,Accessories,2023-04-21,2023-04,3,42.93,0,128.79,63.11,0,128.79,63.11,Paid Social,Mobile
ORD0005270,CUST00930,PROD0146,Accessories,2022-10-14,2022-10,1,80.98,0,80.98,28.34,0,80.98,28.34,Referral,Mobile
ORD0005271,CUST00930,PROD0170,Beauty,2023-09-08,2023-09,3,69.97,0,209.91,134.34,0,209.91,134.34,Referral,Mobile
ORD0005272,CUST00930,PROD0158,Home & Living,2022-09-17,2022-09,2,50.83,0.1,91.49,43.0,0,91.49,43.0,Referral,Mobile
ORD0005273,CUST00930,PROD0100,Clothing,2023-05-16,2023-05,1,80.73,0,80.73,36.33,1,0.0,0.0,Referral,Mobile
ORD0005274,CUST00930,PROD0140,Home & Living,2023-09-27,2023-09,1,34.26,0,34.26,18.84,0,34.26,18.84,Referral,Mobile
ORD0005275,CUST00931,PROD0198,Sports,2023-02-14,2023-02,1,59.63,0.05,56.65,23.79,0,56.65,23.79,Paid Social,Mobile
ORD0005276,CUST00931,PROD0177,Accessories,2023-07-29,2023-07,3,31.44,0,94.32,35.84,0,94.32,35.84,Paid Social,Mobile
ORD0005277,CUST00931,PROD0149,Beauty,2023-08-09,2023-08,2,65.53,0,131.06,68.15,1,0.0,0.0,Paid Social,Mobile
ORD0005278,CUST00931,PROD0016,Beauty,2023-05-22,2023-05,3,14.72,0,44.16,28.26,0,44.16,28.26,Paid Social,Mobile
ORD0005279,CUST00931,PROD0062,Accessories,2023-10-19,2023-10,3,85.04,0.1,229.61,96.44,0,229.61,96.44,Paid Social,Mobile
ORD0005280,CUST00932,PROD0070,Home & Living,2023-04-08,2023-04,2,75.93,0.05,144.27,85.12,0,144.27,85.12,Paid Social,Desktop
ORD0005281,CUST00932,PROD0044,Footwear,2022-04-10,2022-04,2,185.76,0.1,334.37,163.84,0,334.37,163.84,Paid Social,Desktop
ORD0005282,CUST00932,PROD0148,Beauty,2023-08-03,2023-08,1,56.54,0.05,53.71,29.54,1,0.0,0.0,Paid Social,Desktop
ORD0005283,CUST00932,PROD0091,Beauty,2022-11-22,2022-11,3,39.11,0.1,105.6,42.24,1,0.0,0.0,Paid Social,Desktop
ORD0005284,CUST00932,PROD0174,Clothing,2023-01-16,2023-01,3,69.83,0,209.49,54.47,0,209.49,54.47,Paid Social,Desktop
ORD0005285,CUST00932,PROD0125,Sports,2023-12-27,2023-12,2,126.04,0.05,239.48,93.4,1,0.0,0.0,Paid Social,Desktop
ORD0005286,CUST00933,PROD0071,Beauty,2023-06-25,2023-06,2,65.25,0.1,117.45,71.64,0,117.45,71.64,Referral,Desktop
ORD0005287,CUST00933,PROD0070,Home & Living,2023-09-18,2023-09,2,75.93,0.1,136.67,80.64,0,136.67,80.64,Referral,Desktop
ORD0005288,CUST00933,PROD0182,Accessories,2024-01-09,2024-01,3,22.63,0,67.89,25.8,0,67.89,25.8,Referral,Desktop
ORD0005289,CUST00933,PROD0133,Clothing,2023-09-21,2023-09,3,70.11,0,210.33,119.89,0,210.33,119.89,Referral,Desktop
ORD0005290,CUST00933,PROD0129,Accessories,2023-07-19,2023-07,2,45.01,0,90.02,27.91,1,0.0,0.0,Referral,Desktop
ORD0005291,CUST00933,PROD0024,Beauty,2024-01-24,2024-01,1,20.35,0,20.35,8.34,0,20.35,8.34,Referral,Desktop
ORD0005292,CUST00933,PROD0080,Sports,2023-08-25,2023-08,1,42.1,0.1,37.89,18.95,0,37.89,18.95,Referral,Desktop
ORD0005293,CUST00933,PROD0172,Beauty,2023-08-31,2023-08,2,19.11,0,38.22,16.43,1,0.0,0.0,Referral,Desktop
ORD0005294,CUST00933,PROD0142,Sports,2023-11-18,2023-11,3,114.73,0,344.19,165.21,0,344.19,165.21,Referral,Desktop
ORD0005295,CUST00933,PROD0001,Accessories,2024-01-11,2024-01,1,40.31,0.1,36.28,12.7,0,36.28,12.7,Referral,Desktop
ORD0005296,CUST00933,PROD0052,Clothing,2023-07-16,2023-07,2,61.19,0.1,110.14,31.94,1,0.0,0.0,Referral,Desktop
ORD0005297,CUST00933,PROD0117,Accessories,2024-01-14,2024-01,3,65.2,0,195.6,56.72,0,195.6,56.72,Referral,Desktop
ORD0005298,CUST00933,PROD0171,Clothing,2024-01-27,2024-01,1,49.46,0.1,44.51,11.13,0,44.51,11.13,Referral,Desktop
ORD0005299,CUST00934,PROD0178,Clothing,2023-09-05,2023-09,2,60.67,0,121.34,48.54,0,121.34,48.54,Paid Social,Mobile
ORD0005300,CUST00934,PROD0042,Home & Living,2024-01-14,2024-01,3,61.51,0.05,175.3,49.08,0,175.3,49.08,Paid Social,Mobile
ORD0005301,CUST00934,PROD0155,Beauty,2023-07-14,2023-07,3,35.29,0,105.87,43.41,0,105.87,43.41,Paid Social,Mobile
ORD0005302,CUST00934,PROD0162,Home & Living,2023-06-15,2023-06,1,81.32,0.05,77.25,33.99,0,77.25,33.99,Paid Social,Mobile
ORD0005303,CUST00935,PROD0183,Clothing,2023-12-11,2023-12,3,78.37,0,235.11,141.07,0,235.11,141.07,Email,Desktop
ORD0005304,CUST00935,PROD0129,Accessories,2024-01-31,2024-01,3,45.01,0.2,108.02,33.49,1,0.0,0.0,Email,Desktop
ORD0005305,CUST00935,PROD0085,Accessories,2024-01-24,2024-01,3,53.78,0.2,129.07,61.95,1,0.0,0.0,Email,Desktop
ORD0005306,CUST00935,PROD0176,Home & Living,2023-08-09,2023-08,2,51.13,0,102.26,28.63,0,102.26,28.63,Email,Desktop
ORD0005307,CUST00935,PROD0043,Footwear,2023-11-01,2023-11,1,62.01,0,62.01,38.45,0,62.01,38.45,Email,Desktop
ORD0005308,CUST00935,PROD0052,Clothing,2023-09-02,2023-09,1,61.19,0.1,55.07,15.97,0,55.07,15.97,Email,Desktop
ORD0005309,CUST00936,PROD0194,Accessories,2022-03-31,2022-03,3,80.84,0.1,218.27,111.32,0,218.27,111.32,Paid Social,Mobile
ORD0005310,CUST00936,PROD0143,Beauty,2023-05-20,2023-05,2,15.9,0.1,28.62,18.32,1,0.0,0.0,Paid Social,Mobile
ORD0005311,CUST00936,PROD0060,Footwear,2024-02-05,2024-02,2,104.31,0.1,187.76,54.45,0,187.76,54.45,Paid Social,Mobile
ORD0005312,CUST00936,PROD0086,Clothing,2022-09-17,2022-09,3,82.15,0,246.45,140.48,1,0.0,0.0,Paid Social,Mobile
ORD0005313,CUST00936,PROD0148,Beauty,2023-08-27,2023-08,2,56.54,0,113.08,62.19,0,113.08,62.19,Paid Social,Mobile
ORD0005314,CUST00936,PROD0119,Beauty,2022-11-19,2022-11,3,20.14,0.05,57.4,20.66,0,57.4,20.66,Paid Social,Mobile
ORD0005315,CUST00936,PROD0043,Footwear,2022-09-17,2022-09,2,62.01,0.1,111.62,69.2,0,111.62,69.2,Paid Social,Mobile
ORD0005316,CUST00937,PROD0066,Footwear,2022-06-21,2022-06,3,151.36,0.1,408.67,118.51,0,408.67,118.51,Paid Social,Mobile
ORD0005317,CUST00937,PROD0004,Accessories,2022-11-12,2022-11,3,19.48,0.05,55.52,34.98,0,55.52,34.98,Paid Social,Mobile
ORD0005318,CUST00937,PROD0100,Clothing,2023-08-13,2023-08,3,80.73,0.1,217.97,98.09,0,217.97,98.09,Paid Social,Mobile
ORD0005319,CUST00937,PROD0070,Home & Living,2023-01-22,2023-01,3,75.93,0,227.79,134.4,0,227.79,134.4,Paid Social,Mobile
ORD0005320,CUST00937,PROD0128,Clothing,2023-10-07,2023-10,2,28.95,0,57.9,24.32,0,57.9,24.32,Paid Social,Mobile
ORD0005321,CUST00937,PROD0112,Home & Living,2024-03-17,2024-03,1,48.0,0,48.0,27.36,1,0.0,0.0,Paid Social,Mobile
ORD0005322,CUST00937,PROD0041,Beauty,2022-09-03,2022-09,2,68.34,0.1,123.01,73.81,0,123.01,73.81,Paid Social,Mobile
ORD0005323,CUST00937,PROD0160,Accessories,2024-03-15,2024-03,2,31.12,0.05,59.13,33.11,0,59.13,33.11,Paid Social,Mobile
ORD0005324,CUST00937,PROD0055,Sports,2023-09-15,2023-09,3,136.99,0.1,369.87,107.26,0,369.87,107.26,Paid Social,Mobile
ORD0005325,CUST00938,PROD0034,Clothing,2023-10-27,2023-10,2,108.12,0.1,194.62,77.85,0,194.62,77.85,Referral,Desktop
ORD0005326,CUST00938,PROD0008,Footwear,2023-12-22,2023-12,1,151.56,0,151.56,92.45,0,151.56,92.45,Referral,Desktop
ORD0005327,CUST00938,PROD0136,Accessories,2023-11-03,2023-11,3,78.97,0.1,213.22,78.89,0,213.22,78.89,Referral,Desktop
ORD0005328,CUST00939,PROD0179,Footwear,2023-12-31,2023-12,3,56.4,0,169.2,104.9,1,0.0,0.0,Referral,Desktop
ORD0005329,CUST00939,PROD0145,Clothing,2023-09-21,2023-09,3,70.32,0,210.96,126.58,0,210.96,126.58,Referral,Desktop
ORD0005330,CUST00939,PROD0103,Accessories,2023-07-04,2023-07,3,84.89,0,254.67,114.6,0,254.67,114.6,Referral,Desktop
ORD0005331,CUST00939,PROD0186,Home & Living,2023-04-24,2023-04,1,126.59,0,126.59,36.71,0,126.59,36.71,Referral,Desktop
ORD0005332,CUST00940,PROD0143,Beauty,2024-01-27,2024-01,3,15.9,0.1,42.93,27.48,0,42.93,27.48,Referral,Mobile
ORD0005333,CUST00940,PROD0032,Home & Living,2023-12-22,2023-12,3,43.05,0,129.15,37.45,0,129.15,37.45,Referral,Mobile
ORD0005334,CUST00940,PROD0114,Beauty,2023-05-01,2023-05,2,25.83,0.1,46.49,19.06,0,46.49,19.06,Referral,Mobile
ORD0005335,CUST00940,PROD0090,Home & Living,2023-11-23,2023-11,2,99.94,0,199.88,125.92,0,199.88,125.92,Referral,Mobile
ORD0005336,CUST00940,PROD0195,Accessories,2024-03-05,2024-03,1,33.68,0,33.68,20.54,0,33.68,20.54,Referral,Mobile
ORD0005337,CUST00940,PROD0196,Sports,2024-02-17,2024-02,3,92.93,0.1,250.91,155.56,0,250.91,155.56,Referral,Mobile
ORD0005338,CUST00940,PROD0007,Beauty,2023-12-03,2023-12,3,25.48,0,76.44,25.23,0,76.44,25.23,Referral,Mobile
ORD0005339,CUST00940,PROD0177,Accessories,2023-07-05,2023-07,3,31.44,0.1,84.89,32.26,0,84.89,32.26,Referral,Mobile
ORD0005340,CUST00940,PROD0089,Sports,2023-08-04,2023-08,2,40.38,0.1,72.68,23.98,0,72.68,23.98,Referral,Mobile
ORD0005341,CUST00940,PROD0052,Clothing,2023-07-14,2023-07,3,61.19,0.1,165.21,47.91,0,165.21,47.91,Referral,Mobile
ORD0005342,CUST00940,PROD0179,Footwear,2023-09-17,2023-09,3,56.4,0,169.2,104.9,0,169.2,104.9,Referral,Mobile
ORD0005343,CUST00940,PROD0118,Clothing,2024-03-30,2024-03,2,33.04,0.1,59.47,28.55,0,59.47,28.55,Referral,Mobile
ORD0005344,CUST00941,PROD0009,Sports,2023-03-19,2023-03,1,39.16,0,39.16,23.1,1,0.0,0.0,Email,Mobile
ORD0005345,CUST00941,PROD0088,Accessories,2023-12-17,2023-12,3,42.05,0.15,107.23,39.68,0,107.23,39.68,Email,Mobile
ORD0005346,CUST00941,PROD0009,Sports,2022-10-26,2022-10,2,39.16,0,78.32,46.21,0,78.32,46.21,Email,Mobile
ORD0005347,CUST00941,PROD0024,Beauty,2022-11-06,2022-11,2,20.35,0,40.7,16.69,0,40.7,16.69,Email,Mobile
ORD0005348,CUST00941,PROD0183,Clothing,2023-12-20,2023-12,1,78.37,0.15,66.61,39.97,0,66.61,39.97,Email,Mobile
ORD0005349,CUST00941,PROD0180,Sports,2023-10-31,2023-10,2,57.83,0,115.66,64.77,0,115.66,64.77,Email,Mobile
ORD0005350,CUST00941,PROD0126,Sports,2022-11-25,2022-11,2,92.2,0.15,156.74,100.31,1,0.0,0.0,Email,Mobile
ORD0005351,CUST00941,PROD0146,Accessories,2022-10-18,2022-10,3,80.98,0.15,206.5,72.27,0,206.5,72.27,Email,Mobile
ORD0005352,CUST00941,PROD0148,Beauty,2023-07-26,2023-07,3,56.54,0.1,152.66,83.96,0,152.66,83.96,Email,Mobile
ORD0005353,CUST00941,PROD0083,Clothing,2023-09-22,2023-09,3,25.2,0.1,68.04,36.74,0,68.04,36.74,Email,Mobile
ORD0005354,CUST00941,PROD0195,Accessories,2023-01-08,2023-01,2,33.68,0.2,53.89,32.87,0,53.89,32.87,Email,Mobile
ORD0005355,CUST00942,PROD0100,Clothing,2023-06-30,2023-06,3,80.73,0.05,230.08,103.54,0,230.08,103.54,Paid Social,Desktop
ORD0005356,CUST00942,PROD0085,Accessories,2024-03-12,2024-03,3,53.78,0.1,145.21,69.7,0,145.21,69.7,Paid Social,Desktop
ORD0005357,CUST00942,PROD0186,Home & Living,2023-07-31,2023-07,1,126.59,0.05,120.26,34.88,1,0.0,0.0,Paid Social,Desktop
ORD0005358,CUST00942,PROD0011,Sports,2023-12-12,2023-12,3,85.35,0,256.05,71.69,0,256.05,71.69,Paid Social,Desktop
ORD0005359,CUST00942,PROD0153,Accessories,2024-03-03,2024-03,1,85.5,0.1,76.95,43.09,0,76.95,43.09,Paid Social,Desktop
ORD0005360,CUST00942,PROD0106,Footwear,2024-03-18,2024-03,3,188.1,0.1,507.87,218.38,0,507.87,218.38,Paid Social,Desktop
ORD0005361,CUST00942,PROD0049,Home & Living,2023-12-01,2023-12,3,60.55,0,181.65,70.84,0,181.65,70.84,Paid Social,Desktop
ORD0005362,CUST00942,PROD0093,Footwear,2024-02-24,2024-02,2,85.42,0.05,162.3,92.51,1,0.0,0.0,Paid Social,Desktop
ORD0005363,CUST00943,PROD0071,Beauty,2024-01-21,2024-01,2,65.25,0.05,123.97,75.62,0,123.97,75.62,Paid Social,Mobile
ORD0005364,CUST00943,PROD0126,Sports,2023-08-28,2023-08,2,92.2,0,184.4,118.02,0,184.4,118.02,Paid Social,Mobile
ORD0005365,CUST00943,PROD0109,Sports,2023-08-25,2023-08,2,60.91,0.05,115.73,35.88,0,115.73,35.88,Paid Social,Mobile
ORD0005366,CUST00943,PROD0063,Accessories,2024-02-09,2024-02,1,72.45,0,72.45,24.63,0,72.45,24.63,Paid Social,Mobile
ORD0005367,CUST00943,PROD0127,Accessories,2023-11-14,2023-11,3,49.21,0.1,132.87,41.19,0,132.87,41.19,Paid Social,Mobile
ORD0005368,CUST00943,PROD0021,Beauty,2024-02-14,2024-02,3,65.25,0.05,185.96,115.3,1,0.0,0.0,Paid Social,Mobile
ORD0005369,CUST00944,PROD0045,Home & Living,2022-12-04,2022-12,1,91.27,0,91.27,41.98,0,91.27,41.98,Referral,Mobile
ORD0005370,CUST00945,PROD0169,Accessories,2023-09-27,2023-09,3,66.47,0,199.41,101.7,0,199.41,101.7,Organic Search,Mobile
ORD0005371,CUST00945,PROD0147,Home & Living,2024-03-23,2024-03,3,133.32,0,399.96,183.98,0,399.96,183.98,Organic Search,Mobile
ORD0005372,CUST00945,PROD0158,Home & Living,2023-06-20,2023-06,3,50.83,0,152.49,71.67,0,152.49,71.67,Organic Search,Mobile
ORD0005373,CUST00945,PROD0068,Accessories,2024-02-27,2024-02,3,58.26,0,174.78,73.41,0,174.78,73.41,Organic Search,Mobile
ORD0005374,CUST00945,PROD0090,Home & Living,2023-09-04,2023-09,1,99.94,0,99.94,62.96,0,99.94,62.96,Organic Search,Mobile
ORD0005375,CUST00945,PROD0085,Accessories,2023-08-17,2023-08,2,53.78,0,107.56,51.63,1,0.0,0.0,Organic Search,Mobile
ORD0005376,CUST00945,PROD0044,Footwear,2023-04-13,2023-04,3,185.76,0,557.28,273.07,0,557.28,273.07,Organic Search,Mobile
ORD0005377,CUST00945,PROD0156,Sports,2023-08-19,2023-08,1,96.17,0,96.17,55.78,0,96.17,55.78,Organic Search,Mobile
ORD0005378,CUST00945,PROD0194,Accessories,2023-10-05,2023-10,3,80.84,0,242.52,123.69,0,242.52,123.69,Organic Search,Mobile
ORD0005379,CUST00945,PROD0100,Clothing,2024-02-02,2024-02,1,80.73,0,80.73,36.33,1,0.0,0.0,Organic Search,Mobile
ORD0005380,CUST00946,PROD0110,Footwear,2022-07-02,2022-07,1,106.03,0,106.03,57.26,0,106.03,57.26,Organic Search,Desktop
ORD0005381,CUST00946,PROD0145,Clothing,2023-06-16,2023-06,1,70.32,0,70.32,42.19,0,70.32,42.19,Organic Search,Desktop
ORD0005382,CUST00946,PROD0121,Clothing,2024-02-03,2024-02,1,86.37,0,86.37,42.32,1,0.0,0.0,Organic Search,Desktop
ORD0005383,CUST00946,PROD0034,Clothing,2023-01-19,2023-01,2,108.12,0,216.24,86.5,0,216.24,86.5,Organic Search,Desktop
ORD0005384,CUST00946,PROD0054,Sports,2023-01-01,2023-01,3,142.4,0,427.2,213.6,0,427.2,213.6,Organic Search,Desktop
ORD0005385,CUST00946,PROD0153,Accessories,2023-01-22,2023-01,3,85.5,0,256.5,143.64,0,256.5,143.64,Organic Search,Desktop
ORD0005386,CUST00946,PROD0183,Clothing,2023-04-30,2023-04,3,78.37,0,235.11,141.07,0,235.11,141.07,Organic Search,Desktop
ORD0005387,CUST00947,PROD0182,Accessories,2023-03-05,2023-03,3,22.63,0,67.89,25.8,1,0.0,0.0,Paid Social,Mobile
ORD0005388,CUST00947,PROD0181,Home & Living,2023-06-27,2023-06,3,68.65,0.05,195.65,111.52,0,195.65,111.52,Paid Social,Mobile
ORD0005389,CUST00948,PROD0080,Sports,2023-07-23,2023-07,3,42.1,0,126.3,63.15,0,126.3,63.15,Influencer,Mobile
ORD0005390,CUST00948,PROD0199,Sports,2022-12-02,2022-12,1,40.52,0,40.52,12.97,0,40.52,12.97,Influencer,Mobile
ORD0005391,CUST00948,PROD0189,Home & Living,2023-05-29,2023-05,3,100.23,0,300.69,183.42,0,300.69,183.42,Influencer,Mobile
ORD0005392,CUST00948,PROD0096,Sports,2022-10-09,2022-10,1,59.98,0,59.98,38.39,0,59.98,38.39,Influencer,Mobile
ORD0005393,CUST00948,PROD0145,Clothing,2023-06-24,2023-06,3,70.32,0,210.96,126.58,0,210.96,126.58,Influencer,Mobile
ORD0005394,CUST00949,PROD0050,Home & Living,2023-03-25,2023-03,3,120.87,0,362.61,97.9,0,362.61,97.9,Direct,Mobile
ORD0005395,CUST00949,PROD0192,Sports,2023-08-21,2023-08,3,82.92,0,248.76,129.36,0,248.76,129.36,Direct,Mobile
ORD0005396,CUST00949,PROD0019,Beauty,2023-10-11,2023-10,2,17.13,0,34.26,15.07,0,34.26,15.07,Direct,Mobile
ORD0005397,CUST00949,PROD0038,Accessories,2023-06-03,2023-06,1,85.41,0,85.41,46.98,0,85.41,46.98,Direct,Mobile
ORD0005398,CUST00949,PROD0166,Clothing,2023-05-29,2023-05,2,87.15,0,174.3,108.07,0,174.3,108.07,Direct,Mobile
ORD0005399,CUST00950,PROD0191,Accessories,2023-08-20,2023-08,1,42.93,0.1,38.64,18.93,1,0.0,0.0,Referral,Mobile
ORD0005400,CUST00950,PROD0014,Beauty,2023-11-03,2023-11,2,56.06,0.1,100.91,63.57,1,0.0,0.0,Referral,Mobile
ORD0005401,CUST00950,PROD0027,Footwear,2023-08-23,2023-08,3,147.27,0,441.81,247.41,1,0.0,0.0,Referral,Mobile
ORD0005402,CUST00950,PROD0124,Beauty,2023-11-27,2023-11,1,20.18,0.1,18.16,8.54,0,18.16,8.54,Referral,Mobile
ORD0005403,CUST00950,PROD0162,Home & Living,2024-03-04,2024-03,1,81.32,0,81.32,35.78,0,81.32,35.78,Referral,Mobile
ORD0005404,CUST00950,PROD0115,Accessories,2022-12-17,2022-12,1,74.34,0,74.34,43.12,0,74.34,43.12,Referral,Mobile
ORD0005405,CUST00951,PROD0187,Clothing,2023-10-19,2023-10,2,104.59,0,209.18,92.04,0,209.18,92.04,Influencer,Tablet
ORD0005406,CUST00951,PROD0023,Clothing,2024-02-11,2024-02,3,85.59,0,256.77,89.87,0,256.77,89.87,Influencer,Tablet
ORD0005407,CUST00951,PROD0101,Footwear,2024-02-28,2024-02,1,191.81,0,191.81,84.4,0,191.81,84.4,Influencer,Tablet
ORD0005408,CUST00952,PROD0144,Beauty,2023-07-27,2023-07,2,34.94,0,69.88,38.43,1,0.0,0.0,Referral,Mobile
ORD0005409,CUST00952,PROD0174,Clothing,2023-11-03,2023-11,2,69.83,0,139.66,36.31,0,139.66,36.31,Referral,Mobile
ORD0005410,CUST00952,PROD0108,Accessories,2023-10-18,2023-10,1,82.14,0,82.14,24.64,0,82.14,24.64,Referral,Mobile
ORD0005411,CUST00952,PROD0186,Home & Living,2023-12-09,2023-12,3,126.59,0.1,341.79,99.12,0,341.79,99.12,Referral,Mobile
ORD0005412,CUST00953,PROD0193,Sports,2023-02-03,2023-02,3,95.75,0,287.25,91.92,1,0.0,0.0,Organic Search,Mobile
ORD0005413,CUST00953,PROD0138,Home & Living,2022-11-21,2022-11,2,126.57,0,253.14,113.91,0,253.14,113.91,Organic Search,Mobile
ORD0005414,CUST00953,PROD0094,Home & Living,2023-12-23,2023-12,1,56.47,0,56.47,35.58,0,56.47,35.58,Organic Search,Mobile
ORD0005415,CUST00954,PROD0065,Accessories,2023-01-01,2023-01,1,54.38,0,54.38,23.38,0,54.38,23.38,Paid Social,Mobile
ORD0005416,CUST00954,PROD0110,Footwear,2023-05-15,2023-05,2,106.03,0,212.06,114.51,0,212.06,114.51,Paid Social,Mobile
ORD0005417,CUST00954,PROD0186,Home & Living,2022-12-11,2022-12,2,126.59,0,253.18,73.42,0,253.18,73.42,Paid Social,Mobile
ORD0005418,CUST00954,PROD0013,Sports,2024-02-02,2024-02,3,147.02,0,441.06,172.01,0,441.06,172.01,Paid Social,Mobile
ORD0005419,CUST00954,PROD0117,Accessories,2022-06-25,2022-06,3,65.2,0,195.6,56.72,1,0.0,0.0,Paid Social,Mobile
ORD0005420,CUST00954,PROD0036,Home & Living,2023-11-26,2023-11,2,74.59,0,149.18,52.21,0,149.18,52.21,Paid Social,Mobile
ORD0005421,CUST00954,PROD0006,Accessories,2022-03-02,2022-03,3,25.71,0.1,69.42,32.63,1,0.0,0.0,Paid Social,Mobile
ORD0005422,CUST00954,PROD0102,Footwear,2023-03-22,2023-03,2,44.77,0,89.54,23.28,0,89.54,23.28,Paid Social,Mobile
ORD0005423,CUST00954,PROD0032,Home & Living,2023-08-01,2023-08,1,43.05,0,43.05,12.48,0,43.05,12.48,Paid Social,Mobile
ORD0005424,CUST00955,PROD0116,Footwear,2023-08-24,2023-08,1,141.52,0.1,127.37,56.04,0,127.37,56.04,Paid Social,Desktop
ORD0005425,CUST00955,PROD0052,Clothing,2023-01-13,2023-01,3,61.19,0.1,165.21,47.91,0,165.21,47.91,Paid Social,Desktop
ORD0005426,CUST00955,PROD0138,Home & Living,2023-01-12,2023-01,2,126.57,0,253.14,113.91,0,253.14,113.91,Paid Social,Desktop
ORD0005427,CUST00955,PROD0151,Clothing,2023-06-27,2023-06,2,30.88,0,61.76,27.17,0,61.76,27.17,Paid Social,Desktop
ORD0005428,CUST00955,PROD0116,Footwear,2023-04-07,2023-04,1,141.52,0,141.52,62.27,0,141.52,62.27,Paid Social,Desktop
ORD0005429,CUST00956,PROD0118,Clothing,2023-11-07,2023-11,1,33.04,0,33.04,15.86,0,33.04,15.86,Organic Search,Desktop
ORD0005430,CUST00956,PROD0061,Home & Living,2023-12-20,2023-12,1,136.85,0,136.85,50.63,0,136.85,50.63,Organic Search,Desktop
ORD0005431,CUST00956,PROD0117,Accessories,2023-12-16,2023-12,1,65.2,0,65.2,18.91,1,0.0,0.0,Organic Search,Desktop
ORD0005432,CUST00956,PROD0159,Beauty,2023-10-10,2023-10,1,20.79,0,20.79,6.44,0,20.79,6.44,Organic Search,Desktop
ORD0005433,CUST00956,PROD0012,Sports,2023-09-06,2023-09,2,146.79,0,293.58,105.69,0,293.58,105.69,Organic Search,Desktop
ORD0005434,CUST00956,PROD0145,Clothing,2023-12-14,2023-12,2,70.32,0,140.64,84.38,0,140.64,84.38,Organic Search,Desktop
ORD0005435,CUST00957,PROD0184,Sports,2023-05-22,2023-05,1,135.08,0.2,108.06,29.18,0,108.06,29.18,Email,Mobile
ORD0005436,CUST00957,PROD0129,Accessories,2024-02-29,2024-02,1,45.01,0.1,40.51,12.56,0,40.51,12.56,Email,Mobile
ORD0005437,CUST00957,PROD0095,Accessories,2023-12-12,2023-12,2,33.53,0.15,57.0,32.49,0,57.0,32.49,Email,Mobile
ORD0005438,CUST00957,PROD0104,Sports,2022-07-03,2022-07,3,40.92,0,122.76,44.19,1,0.0,0.0,Email,Mobile
ORD0005439,CUST00957,PROD0053,Footwear,2022-09-03,2022-09,3,46.14,0.15,117.66,65.89,0,117.66,65.89,Email,Mobile
ORD0005440,CUST00957,PROD0113,Home & Living,2023-09-04,2023-09,3,30.82,0.2,73.97,39.2,0,73.97,39.2,Email,Mobile
ORD0005441,CUST00957,PROD0030,Beauty,2024-02-11,2024-02,2,30.52,0,61.04,21.97,0,61.04,21.97,Email,Mobile
ORD0005442,CUST00957,PROD0160,Accessories,2023-12-07,2023-12,1,31.12,0,31.12,17.43,0,31.12,17.43,Email,Mobile
ORD0005443,CUST00957,PROD0096,Sports,2023-07-29,2023-07,1,59.98,0.1,53.98,34.55,0,53.98,34.55,Email,Mobile
ORD0005444,CUST00957,PROD0019,Beauty,2023-12-08,2023-12,1,17.13,0,17.13,7.54,1,0.0,0.0,Email,Mobile
ORD0005445,CUST00958,PROD0075,Accessories,2024-03-14,2024-03,3,80.95,0,242.85,97.14,0,242.85,97.14,Organic Search,Mobile
ORD0005446,CUST00958,PROD0033,Sports,2022-07-28,2022-07,1,54.48,0,54.48,15.25,0,54.48,15.25,Organic Search,Mobile
ORD0005447,CUST00958,PROD0017,Home & Living,2022-09-24,2022-09,1,31.84,0,31.84,12.42,1,0.0,0.0,Organic Search,Mobile
ORD0005448,CUST00958,PROD0090,Home & Living,2023-06-03,2023-06,2,99.94,0,199.88,125.92,0,199.88,125.92,Organic Search,Mobile
ORD0005449,CUST00958,PROD0082,Beauty,2023-11-15,2023-11,1,20.0,0,20.0,13.0,0,20.0,13.0,Organic Search,Mobile
ORD0005450,CUST00958,PROD0186,Home & Living,2022-07-09,2022-07,2,126.59,0,253.18,73.42,1,0.0,0.0,Organic Search,Mobile
ORD0005451,CUST00958,PROD0136,Accessories,2023-04-17,2023-04,2,78.97,0,157.94,58.44,0,157.94,58.44,Organic Search,Mobile
ORD0005452,CUST00958,PROD0105,Sports,2022-06-04,2022-06,2,41.5,0,83.0,52.29,0,83.0,52.29,Organic Search,Mobile
ORD0005453,CUST00958,PROD0132,Home & Living,2024-02-27,2024-02,3,31.95,0,95.85,55.59,0,95.85,55.59,Organic Search,Mobile
ORD0005454,CUST00959,PROD0089,Sports,2023-11-06,2023-11,3,40.38,0,121.14,39.98,0,121.14,39.98,Organic Search,Desktop
ORD0005455,CUST00960,PROD0103,Accessories,2023-10-01,2023-10,1,84.89,0.05,80.65,36.29,0,80.65,36.29,Paid Social,Desktop
ORD0005456,CUST00960,PROD0189,Home & Living,2023-06-15,2023-06,2,100.23,0,200.46,122.28,1,0.0,0.0,Paid Social,Desktop
ORD0005457,CUST00961,PROD0019,Beauty,2023-07-27,2023-07,2,17.13,0,34.26,15.07,1,0.0,0.0,Paid Social,Desktop
ORD0005458,CUST00961,PROD0147,Home & Living,2022-07-25,2022-07,3,133.32,0.05,379.96,174.78,0,379.96,174.78,Paid Social,Desktop
ORD0005459,CUST00961,PROD0047,Footwear,2022-01-22,2022-01,2,144.43,0,288.86,112.66,1,0.0,0.0,Paid Social,Desktop
ORD0005460,CUST00961,PROD0080,Sports,2023-09-19,2023-09,1,42.1,0,42.1,21.05,0,42.1,21.05,Paid Social,Desktop
ORD0005461,CUST00962,PROD0157,Sports,2024-02-11,2024-02,1,101.12,0,101.12,42.47,0,101.12,42.47,Influencer,Mobile
ORD0005462,CUST00962,PROD0189,Home & Living,2023-03-01,2023-03,3,100.23,0,300.69,183.42,1,0.0,0.0,Influencer,Mobile
ORD0005463,CUST00962,PROD0036,Home & Living,2023-10-30,2023-10,2,74.59,0,149.18,52.21,0,149.18,52.21,Influencer,Mobile
ORD0005464,CUST00963,PROD0066,Footwear,2022-10-21,2022-10,3,151.36,0,454.08,131.68,0,454.08,131.68,Paid Social,Desktop
ORD0005465,CUST00964,PROD0113,Home & Living,2024-03-03,2024-03,2,30.82,0,61.64,32.67,0,61.64,32.67,Referral,Desktop
ORD0005466,CUST00964,PROD0136,Accessories,2024-03-23,2024-03,3,78.97,0,236.91,87.66,0,236.91,87.66,Referral,Desktop
ORD0005467,CUST00964,PROD0108,Accessories,2023-12-11,2023-12,2,82.14,0.1,147.85,44.35,1,0.0,0.0,Referral,Desktop
ORD0005468,CUST00964,PROD0053,Footwear,2024-02-14,2024-02,3,46.14,0.1,124.58,69.76,0,124.58,69.76,Referral,Desktop
ORD0005469,CUST00964,PROD0034,Clothing,2024-01-01,2024-01,1,108.12,0,108.12,43.25,0,108.12,43.25,Referral,Desktop
ORD0005470,CUST00965,PROD0131,Beauty,2023-06-08,2023-06,1,36.76,0,36.76,12.87,0,36.76,12.87,Direct,Mobile
ORD0005471,CUST00965,PROD0131,Beauty,2023-06-27,2023-06,1,36.76,0,36.76,12.87,1,0.0,0.0,Direct,Mobile
ORD0005472,CUST00965,PROD0118,Clothing,2023-11-02,2023-11,1,33.04,0,33.04,15.86,0,33.04,15.86,Direct,Mobile
ORD0005473,CUST00965,PROD0094,Home & Living,2022-09-20,2022-09,2,56.47,0,112.94,71.15,0,112.94,71.15,Direct,Mobile
ORD0005474,CUST00965,PROD0117,Accessories,2023-11-20,2023-11,1,65.2,0,65.2,18.91,0,65.2,18.91,Direct,Mobile
ORD0005475,CUST00966,PROD0019,Beauty,2024-01-29,2024-01,2,17.13,0,34.26,15.07,0,34.26,15.07,Paid Social,Mobile
ORD0005476,CUST00966,PROD0014,Beauty,2023-12-22,2023-12,3,56.06,0,168.18,105.95,1,0.0,0.0,Paid Social,Mobile
ORD0005477,CUST00967,PROD0095,Accessories,2022-10-30,2022-10,3,33.53,0,100.59,57.34,0,100.59,57.34,Referral,Desktop
ORD0005478,CUST00967,PROD0121,Clothing,2023-10-25,2023-10,3,86.37,0,259.11,126.96,1,0.0,0.0,Referral,Desktop
ORD0005479,CUST00967,PROD0135,Beauty,2022-12-23,2022-12,3,31.76,0,95.28,59.07,0,95.28,59.07,Referral,Desktop
ORD0005480,CUST00967,PROD0139,Home & Living,2023-04-18,2023-04,3,121.16,0.1,327.13,196.28,0,327.13,196.28,Referral,Desktop
ORD0005481,CUST00967,PROD0065,Accessories,2022-08-28,2022-08,3,54.38,0.1,146.83,63.14,0,146.83,63.14,Referral,Desktop
ORD0005482,CUST00968,PROD0128,Clothing,2024-02-05,2024-02,3,28.95,0.05,82.51,34.65,1,0.0,0.0,Paid Social,Desktop
ORD0005483,CUST00968,PROD0053,Footwear,2023-02-22,2023-02,3,46.14,0,138.42,77.52,0,138.42,77.52,Paid Social,Desktop
ORD0005484,CUST00968,PROD0120,Home & Living,2022-11-23,2022-11,2,118.52,0.05,225.19,69.81,0,225.19,69.81,Paid Social,Desktop
ORD0005485,CUST00968,PROD0001,Accessories,2023-07-08,2023-07,3,40.31,0.1,108.84,38.09,0,108.84,38.09,Paid Social,Desktop
ORD0005486,CUST00968,PROD0176,Home & Living,2023-08-20,2023-08,2,51.13,0,102.26,28.63,0,102.26,28.63,Paid Social,Desktop
ORD0005487,CUST00968,PROD0106,Footwear,2022-12-06,2022-12,3,188.1,0,564.3,242.65,0,564.3,242.65,Paid Social,Desktop
ORD0005488,CUST00969,PROD0060,Footwear,2022-08-25,2022-08,3,104.31,0,312.93,90.75,0,312.93,90.75,Organic Search,Desktop
ORD0005489,CUST00969,PROD0188,Footwear,2022-06-13,2022-06,2,148.41,0,296.82,175.12,0,296.82,175.12,Organic Search,Desktop
ORD0005490,CUST00970,PROD0157,Sports,2023-06-22,2023-06,2,101.12,0,202.24,84.94,0,202.24,84.94,Paid Social,Mobile
ORD0005491,CUST00970,PROD0045,Home & Living,2023-12-25,2023-12,1,91.27,0,91.27,41.98,0,91.27,41.98,Paid Social,Mobile
ORD0005492,CUST00970,PROD0158,Home & Living,2023-12-22,2023-12,1,50.83,0.1,45.75,21.5,0,45.75,21.5,Paid Social,Mobile
ORD0005493,CUST00970,PROD0066,Footwear,2024-01-19,2024-01,3,151.36,0.05,431.38,125.1,0,431.38,125.1,Paid Social,Mobile
ORD0005494,CUST00970,PROD0068,Accessories,2023-11-06,2023-11,2,58.26,0.1,104.87,44.05,0,104.87,44.05,Paid Social,Mobile
ORD0005495,CUST00970,PROD0014,Beauty,2023-02-22,2023-02,1,56.06,0.1,50.45,31.78,0,50.45,31.78,Paid Social,Mobile
ORD0005496,CUST00971,PROD0099,Home & Living,2024-01-06,2024-01,3,113.39,0,340.17,125.86,0,340.17,125.86,Referral,Mobile
ORD0005497,CUST00971,PROD0178,Clothing,2023-03-14,2023-03,3,60.67,0.1,163.81,65.52,0,163.81,65.52,Referral,Mobile
ORD0005498,CUST00971,PROD0153,Accessories,2023-08-10,2023-08,1,85.5,0.1,76.95,43.09,0,76.95,43.09,Referral,Mobile
ORD0005499,CUST00971,PROD0193,Sports,2023-10-08,2023-10,3,95.75,0.1,258.53,82.73,0,258.53,82.73,Referral,Mobile
ORD0005500,CUST00971,PROD0005,Footwear,2023-06-27,2023-06,2,121.17,0,242.34,140.56,0,242.34,140.56,Referral,Mobile
ORD0005501,CUST00971,PROD0008,Footwear,2023-08-18,2023-08,2,151.56,0.1,272.81,166.41,0,272.81,166.41,Referral,Mobile
ORD0005502,CUST00972,PROD0125,Sports,2023-11-15,2023-11,1,126.04,0,126.04,49.16,0,126.04,49.16,Organic Search,Mobile
ORD0005503,CUST00972,PROD0175,Footwear,2023-12-18,2023-12,3,69.53,0,208.59,62.58,0,208.59,62.58,Organic Search,Mobile
ORD0005504,CUST00972,PROD0131,Beauty,2022-08-22,2022-08,1,36.76,0,36.76,12.87,0,36.76,12.87,Organic Search,Mobile
ORD0005505,CUST00972,PROD0009,Sports,2023-09-29,2023-09,3,39.16,0,117.48,69.31,1,0.0,0.0,Organic Search,Mobile
ORD0005506,CUST00972,PROD0028,Sports,2024-03-14,2024-03,2,115.45,0,230.9,113.14,0,230.9,113.14,Organic Search,Mobile
ORD0005507,CUST00973,PROD0151,Clothing,2023-12-22,2023-12,2,30.88,0,61.76,27.17,1,0.0,0.0,Influencer,Mobile
ORD0005508,CUST00973,PROD0099,Home & Living,2024-02-17,2024-02,2,113.39,0,226.78,83.91,0,226.78,83.91,Influencer,Mobile
ORD0005509,CUST00973,PROD0073,Sports,2023-09-23,2023-09,2,66.61,0,133.22,47.96,0,133.22,47.96,Influencer,Mobile
ORD0005510,CUST00974,PROD0054,Sports,2024-03-21,2024-03,3,142.4,0,427.2,213.6,1,0.0,0.0,Paid Social,Mobile
ORD0005511,CUST00974,PROD0120,Home & Living,2023-11-13,2023-11,2,118.52,0.05,225.19,69.81,0,225.19,69.81,Paid Social,Mobile
ORD0005512,CUST00974,PROD0048,Home & Living,2024-02-23,2024-02,2,96.14,0.05,182.67,115.08,0,182.67,115.08,Paid Social,Mobile
ORD0005513,CUST00974,PROD0146,Accessories,2023-09-19,2023-09,2,80.98,0.1,145.76,51.02,1,0.0,0.0,Paid Social,Mobile
ORD0005514,CUST00974,PROD0153,Accessories,2023-11-28,2023-11,3,85.5,0,256.5,143.64,0,256.5,143.64,Paid Social,Mobile
ORD0005515,CUST00974,PROD0036,Home & Living,2023-11-05,2023-11,3,74.59,0.05,212.58,74.4,0,212.58,74.4,Paid Social,Mobile
ORD0005516,CUST00974,PROD0028,Sports,2023-09-25,2023-09,3,115.45,0,346.35,169.71,0,346.35,169.71,Paid Social,Mobile
ORD0005517,CUST00974,PROD0086,Clothing,2023-08-29,2023-08,3,82.15,0,246.45,140.48,1,0.0,0.0,Paid Social,Mobile
ORD0005518,CUST00974,PROD0008,Footwear,2023-06-30,2023-06,1,151.56,0.1,136.4,83.2,1,0.0,0.0,Paid Social,Mobile
ORD0005519,CUST00975,PROD0030,Beauty,2023-10-30,2023-10,2,30.52,0.1,54.94,19.78,1,0.0,0.0,Paid Social,Desktop
ORD0005520,CUST00975,PROD0070,Home & Living,2023-03-04,2023-03,1,75.93,0.05,72.13,42.56,0,72.13,42.56,Paid Social,Desktop
ORD0005521,CUST00975,PROD0144,Beauty,2023-11-23,2023-11,2,34.94,0.1,62.89,34.59,0,62.89,34.59,Paid Social,Desktop
ORD0005522,CUST00975,PROD0090,Home & Living,2022-11-30,2022-11,2,99.94,0,199.88,125.92,0,199.88,125.92,Paid Social,Desktop
ORD0005523,CUST00975,PROD0062,Accessories,2022-08-02,2022-08,2,85.04,0.05,161.58,67.86,0,161.58,67.86,Paid Social,Desktop
ORD0005524,CUST00975,PROD0107,Clothing,2024-03-30,2024-03,3,91.09,0.1,245.94,152.48,0,245.94,152.48,Paid Social,Desktop
ORD0005525,CUST00975,PROD0163,Beauty,2024-01-23,2024-01,2,20.18,0,40.36,19.37,0,40.36,19.37,Paid Social,Desktop
ORD0005526,CUST00975,PROD0157,Sports,2023-06-20,2023-06,2,101.12,0,202.24,84.94,1,0.0,0.0,Paid Social,Desktop
ORD0005527,CUST00975,PROD0089,Sports,2022-08-19,2022-08,3,40.38,0,121.14,39.98,0,121.14,39.98,Paid Social,Desktop
ORD0005528,CUST00975,PROD0006,Accessories,2023-01-16,2023-01,3,25.71,0,77.13,36.25,0,77.13,36.25,Paid Social,Desktop
ORD0005529,CUST00975,PROD0049,Home & Living,2023-04-27,2023-04,1,60.55,0.05,57.52,22.43,0,57.52,22.43,Paid Social,Desktop
ORD0005530,CUST00976,PROD0058,Accessories,2022-10-05,2022-10,2,50.31,0,100.62,33.2,0,100.62,33.2,Influencer,Mobile
ORD0005531,CUST00976,PROD0029,Accessories,2024-03-31,2024-03,1,59.38,0,59.38,35.63,0,59.38,35.63,Influencer,Mobile
ORD0005532,CUST00976,PROD0156,Sports,2024-03-01,2024-03,3,96.17,0,288.51,167.34,1,0.0,0.0,Influencer,Mobile
ORD0005533,CUST00976,PROD0045,Home & Living,2024-01-22,2024-01,3,91.27,0,273.81,125.95,0,273.81,125.95,Influencer,Mobile
ORD0005534,CUST00976,PROD0136,Accessories,2023-08-11,2023-08,1,78.97,0,78.97,29.22,0,78.97,29.22,Influencer,Mobile
ORD0005535,CUST00976,PROD0179,Footwear,2024-02-02,2024-02,3,56.4,0,169.2,104.9,0,169.2,104.9,Influencer,Mobile
ORD0005536,CUST00976,PROD0167,Footwear,2023-03-09,2023-03,1,62.12,0,62.12,18.01,0,62.12,18.01,Influencer,Mobile
ORD0005537,CUST00976,PROD0080,Sports,2022-10-25,2022-10,2,42.1,0,84.2,42.1,1,0.0,0.0,Influencer,Mobile
ORD0005538,CUST00977,PROD0102,Footwear,2023-10-29,2023-10,1,44.77,0,44.77,11.64,0,44.77,11.64,Organic Search,Mobile
ORD0005539,CUST00977,PROD0088,Accessories,2023-09-24,2023-09,3,42.05,0,126.15,46.68,0,126.15,46.68,Organic Search,Mobile
ORD0005540,CUST00977,PROD0098,Home & Living,2023-12-27,2023-12,2,101.77,0,203.54,85.49,0,203.54,85.49,Organic Search,Mobile
ORD0005541,CUST00977,PROD0167,Footwear,2023-10-20,2023-10,2,62.12,0,124.24,36.03,0,124.24,36.03,Organic Search,Mobile
ORD0005542,CUST00978,PROD0184,Sports,2023-09-08,2023-09,1,135.08,0.05,128.33,34.65,1,0.0,0.0,Paid Social,Mobile
ORD0005543,CUST00978,PROD0143,Beauty,2024-01-07,2024-01,1,15.9,0.05,15.11,9.67,0,15.11,9.67,Paid Social,Mobile
ORD0005544,CUST00978,PROD0156,Sports,2024-03-22,2024-03,3,96.17,0.1,259.66,150.6,0,259.66,150.6,Paid Social,Mobile
ORD0005545,CUST00978,PROD0059,Sports,2023-12-10,2023-12,2,76.4,0.05,145.16,74.03,0,145.16,74.03,Paid Social,Mobile
ORD0005546,CUST00978,PROD0187,Clothing,2024-03-28,2024-03,3,104.59,0,313.77,138.06,0,313.77,138.06,Paid Social,Mobile
ORD0005547,CUST00978,PROD0152,Accessories,2023-10-15,2023-10,2,36.62,0.05,69.58,30.62,0,69.58,30.62,Paid Social,Mobile
ORD0005548,CUST00978,PROD0144,Beauty,2024-02-15,2024-02,3,34.94,0.1,94.34,51.89,1,0.0,0.0,Paid Social,Mobile
ORD0005549,CUST00979,PROD0109,Sports,2022-12-25,2022-12,2,60.91,0,121.82,37.76,0,121.82,37.76,Referral,Desktop
ORD0005550,CUST00979,PROD0035,Beauty,2024-01-20,2024-01,2,43.82,0,87.64,50.83,0,87.64,50.83,Referral,Desktop
ORD0005551,CUST00980,PROD0180,Sports,2023-04-08,2023-04,2,57.83,0.1,104.09,58.29,0,104.09,58.29,Email,Mobile
ORD0005552,CUST00980,PROD0175,Footwear,2023-08-02,2023-08,1,69.53,0.15,59.1,17.73,0,59.1,17.73,Email,Mobile
ORD0005553,CUST00980,PROD0119,Beauty,2024-01-28,2024-01,1,20.14,0.1,18.13,6.53,0,18.13,6.53,Email,Mobile
ORD0005554,CUST00980,PROD0147,Home & Living,2023-04-13,2023-04,3,133.32,0.1,359.96,165.58,1,0.0,0.0,Email,Mobile
ORD0005555,CUST00980,PROD0128,Clothing,2023-10-23,2023-10,2,28.95,0.15,49.21,20.67,0,49.21,20.67,Email,Mobile
ORD0005556,CUST00981,PROD0047,Footwear,2022-06-04,2022-06,1,144.43,0,144.43,56.33,0,144.43,56.33,Paid Social,Mobile
ORD0005557,CUST00981,PROD0002,Clothing,2023-04-01,2023-04,2,48.81,0.1,87.86,55.35,0,87.86,55.35,Paid Social,Mobile
ORD0005558,CUST00981,PROD0059,Sports,2022-08-29,2022-08,3,76.4,0.05,217.74,111.05,1,0.0,0.0,Paid Social,Mobile
ORD0005559,CUST00981,PROD0132,Home & Living,2023-11-23,2023-11,1,31.95,0.05,30.35,17.6,0,30.35,17.6,Paid Social,Mobile
ORD0005560,CUST00981,PROD0183,Clothing,2023-10-07,2023-10,1,78.37,0.1,70.53,42.32,0,70.53,42.32,Paid Social,Mobile
ORD0005561,CUST00981,PROD0115,Accessories,2022-12-19,2022-12,1,74.34,0.05,70.62,40.96,0,70.62,40.96,Paid Social,Mobile
ORD0005562,CUST00981,PROD0180,Sports,2023-07-03,2023-07,1,57.83,0.05,54.94,30.77,0,54.94,30.77,Paid Social,Mobile
ORD0005563,CUST00982,PROD0070,Home & Living,2024-01-04,2024-01,1,75.93,0,75.93,44.8,0,75.93,44.8,Email,Mobile
ORD0005564,CUST00982,PROD0038,Accessories,2024-03-13,2024-03,3,85.41,0,256.23,140.93,1,0.0,0.0,Email,Mobile
ORD0005565,CUST00982,PROD0135,Beauty,2023-12-08,2023-12,1,31.76,0,31.76,19.69,0,31.76,19.69,Email,Mobile
ORD0005566,CUST00982,PROD0069,Beauty,2024-03-21,2024-03,2,52.71,0,105.42,63.25,0,105.42,63.25,Email,Mobile
ORD0005567,CUST00982,PROD0171,Clothing,2023-11-22,2023-11,3,49.46,0.15,126.12,31.53,0,126.12,31.53,Email,Mobile
ORD0005568,CUST00982,PROD0025,Footwear,2024-01-24,2024-01,2,78.3,0.1,140.94,46.51,1,0.0,0.0,Email,Mobile
ORD0005569,CUST00982,PROD0054,Sports,2024-01-29,2024-01,3,142.4,0.15,363.12,181.56,0,363.12,181.56,Email,Mobile
ORD0005570,CUST00982,PROD0021,Beauty,2023-09-15,2023-09,3,65.25,0,195.75,121.36,0,195.75,121.36,Email,Mobile
ORD0005571,CUST00982,PROD0042,Home & Living,2024-02-09,2024-02,3,61.51,0.2,147.62,41.33,0,147.62,41.33,Email,Mobile
ORD0005572,CUST00982,PROD0126,Sports,2023-10-11,2023-10,1,92.2,0.1,82.98,53.11,0,82.98,53.11,Email,Mobile
ORD0005573,CUST00983,PROD0104,Sports,2024-01-30,2024-01,3,40.92,0,122.76,44.19,0,122.76,44.19,Referral,Tablet
ORD0005574,CUST00983,PROD0117,Accessories,2023-06-13,2023-06,2,65.2,0.1,117.36,34.03,0,117.36,34.03,Referral,Tablet
ORD0005575,CUST00983,PROD0004,Accessories,2023-05-18,2023-05,2,19.48,0.1,35.06,22.09,0,35.06,22.09,Referral,Tablet
ORD0005576,CUST00984,PROD0015,Footwear,2022-11-22,2022-11,3,131.63,0,394.89,161.9,0,394.89,161.9,Referral,Mobile
ORD0005577,CUST00984,PROD0193,Sports,2023-04-20,2023-04,3,95.75,0,287.25,91.92,0,287.25,91.92,Referral,Mobile
ORD0005578,CUST00984,PROD0034,Clothing,2022-03-28,2022-03,2,108.12,0.1,194.62,77.85,0,194.62,77.85,Referral,Mobile
ORD0005579,CUST00984,PROD0019,Beauty,2023-08-17,2023-08,2,17.13,0,34.26,15.07,0,34.26,15.07,Referral,Mobile
ORD0005580,CUST00985,PROD0127,Accessories,2024-01-27,2024-01,3,49.21,0,147.63,45.77,1,0.0,0.0,Paid Social,Mobile
ORD0005581,CUST00985,PROD0118,Clothing,2023-10-22,2023-10,3,33.04,0,99.12,47.58,1,0.0,0.0,Paid Social,Mobile
ORD0005582,CUST00985,PROD0195,Accessories,2024-02-06,2024-02,1,33.68,0.1,30.31,18.49,0,30.31,18.49,Paid Social,Mobile
ORD0005583,CUST00985,PROD0126,Sports,2023-12-09,2023-12,2,92.2,0.05,175.18,112.12,0,175.18,112.12,Paid Social,Mobile
ORD0005584,CUST00986,PROD0058,Accessories,2023-02-27,2023-02,1,50.31,0,50.31,16.6,0,50.31,16.6,Email,Desktop
ORD0005585,CUST00986,PROD0067,Clothing,2023-06-09,2023-06,3,47.62,0,142.86,45.72,0,142.86,45.72,Email,Desktop
ORD0005586,CUST00987,PROD0147,Home & Living,2023-09-12,2023-09,3,133.32,0,399.96,183.98,0,399.96,183.98,Direct,Desktop
ORD0005587,CUST00987,PROD0038,Accessories,2023-04-25,2023-04,1,85.41,0,85.41,46.98,0,85.41,46.98,Direct,Desktop
ORD0005588,CUST00987,PROD0039,Beauty,2023-10-28,2023-10,2,69.16,0,138.32,77.46,1,0.0,0.0,Direct,Desktop
ORD0005589,CUST00987,PROD0191,Accessories,2022-09-27,2022-09,3,42.93,0,128.79,63.11,0,128.79,63.11,Direct,Desktop
ORD0005590,CUST00987,PROD0035,Beauty,2022-10-03,2022-10,1,43.82,0,43.82,25.42,0,43.82,25.42,Direct,Desktop
ORD0005591,CUST00988,PROD0085,Accessories,2023-03-01,2023-03,2,53.78,0,107.56,51.63,0,107.56,51.63,Paid Social,Mobile
ORD0005592,CUST00988,PROD0169,Accessories,2022-07-28,2022-07,2,66.47,0,132.94,67.8,0,132.94,67.8,Paid Social,Mobile
ORD0005593,CUST00988,PROD0033,Sports,2022-08-21,2022-08,2,54.48,0,108.96,30.51,0,108.96,30.51,Paid Social,Mobile
ORD0005594,CUST00988,PROD0062,Accessories,2024-01-31,2024-01,3,85.04,0.1,229.61,96.44,1,0.0,0.0,Paid Social,Mobile
ORD0005595,CUST00988,PROD0181,Home & Living,2023-10-17,2023-10,2,68.65,0,137.3,78.26,0,137.3,78.26,Paid Social,Mobile
ORD0005596,CUST00988,PROD0074,Beauty,2023-06-10,2023-06,3,52.12,0,156.36,40.65,0,156.36,40.65,Paid Social,Mobile
ORD0005597,CUST00988,PROD0176,Home & Living,2022-08-23,2022-08,1,51.13,0.05,48.57,13.6,0,48.57,13.6,Paid Social,Mobile
ORD0005598,CUST00988,PROD0080,Sports,2022-08-07,2022-08,3,42.1,0.1,113.67,56.84,0,113.67,56.84,Paid Social,Mobile
ORD0005599,CUST00988,PROD0094,Home & Living,2022-09-25,2022-09,3,56.47,0,169.41,106.73,1,0.0,0.0,Paid Social,Mobile
ORD0005600,CUST00988,PROD0037,Clothing,2023-06-03,2023-06,2,99.72,0.1,179.5,68.21,1,0.0,0.0,Paid Social,Mobile
ORD0005601,CUST00988,PROD0191,Accessories,2023-11-02,2023-11,1,42.93,0,42.93,21.04,0,42.93,21.04,Paid Social,Mobile
ORD0005602,CUST00988,PROD0121,Clothing,2023-01-09,2023-01,1,86.37,0,86.37,42.32,1,0.0,0.0,Paid Social,Mobile
ORD0005603,CUST00989,PROD0096,Sports,2024-01-12,2024-01,2,59.98,0,119.96,76.77,0,119.96,76.77,Referral,Desktop
ORD0005604,CUST00989,PROD0090,Home & Living,2023-08-29,2023-08,3,99.94,0,299.82,188.89,0,299.82,188.89,Referral,Desktop
ORD0005605,CUST00989,PROD0181,Home & Living,2023-12-27,2023-12,3,68.65,0.1,185.36,105.66,0,185.36,105.66,Referral,Desktop
ORD0005606,CUST00989,PROD0145,Clothing,2023-11-07,2023-11,2,70.32,0,140.64,84.38,0,140.64,84.38,Referral,Desktop
ORD0005607,CUST00989,PROD0131,Beauty,2023-04-03,2023-04,1,36.76,0.1,33.08,11.58,0,33.08,11.58,Referral,Desktop
ORD0005608,CUST00989,PROD0044,Footwear,2022-05-30,2022-05,3,185.76,0,557.28,273.07,0,557.28,273.07,Referral,Desktop
ORD0005609,CUST00989,PROD0148,Beauty,2022-07-18,2022-07,1,56.54,0,56.54,31.1,0,56.54,31.1,Referral,Desktop
ORD0005610,CUST00989,PROD0133,Clothing,2023-04-05,2023-04,2,70.11,0,140.22,79.93,0,140.22,79.93,Referral,Desktop
ORD0005611,CUST00989,PROD0040,Beauty,2023-08-17,2023-08,3,42.24,0,126.72,51.96,0,126.72,51.96,Referral,Desktop
ORD0005612,CUST00989,PROD0086,Clothing,2023-01-29,2023-01,3,82.15,0.1,221.81,126.43,0,221.81,126.43,Referral,Desktop
ORD0005613,CUST00990,PROD0139,Home & Living,2023-08-12,2023-08,2,121.16,0.05,230.2,138.12,1,0.0,0.0,Paid Social,Desktop
ORD0005614,CUST00990,PROD0134,Accessories,2023-06-18,2023-06,2,24.1,0.1,43.38,24.29,0,43.38,24.29,Paid Social,Desktop
ORD0005615,CUST00990,PROD0096,Sports,2023-04-04,2023-04,2,59.98,0,119.96,76.77,1,0.0,0.0,Paid Social,Desktop
ORD0005616,CUST00990,PROD0079,Footwear,2023-05-29,2023-05,1,67.68,0,67.68,28.43,0,67.68,28.43,Paid Social,Desktop
ORD0005617,CUST00990,PROD0007,Beauty,2023-02-09,2023-02,2,25.48,0.05,48.41,15.98,0,48.41,15.98,Paid Social,Desktop
ORD0005618,CUST00990,PROD0077,Footwear,2023-06-23,2023-06,3,66.48,0.1,179.5,80.78,0,179.5,80.78,Paid Social,Desktop
ORD0005619,CUST00991,PROD0010,Home & Living,2023-07-19,2023-07,1,50.82,0,50.82,19.31,0,50.82,19.31,Referral,Mobile
ORD0005620,CUST00991,PROD0114,Beauty,2023-06-21,2023-06,1,25.83,0,25.83,10.59,0,25.83,10.59,Referral,Mobile
ORD0005621,CUST00992,PROD0032,Home & Living,2023-10-08,2023-10,1,43.05,0,43.05,12.48,1,0.0,0.0,Influencer,Desktop
ORD0005622,CUST00992,PROD0173,Footwear,2023-07-28,2023-07,2,87.72,0,175.44,75.44,1,0.0,0.0,Influencer,Desktop
ORD0005623,CUST00992,PROD0134,Accessories,2024-03-07,2024-03,1,24.1,0,24.1,13.5,0,24.1,13.5,Influencer,Desktop
ORD0005624,CUST00992,PROD0044,Footwear,2024-01-06,2024-01,3,185.76,0,557.28,273.07,0,557.28,273.07,Influencer,Desktop
ORD0005625,CUST00992,PROD0141,Beauty,2023-04-08,2023-04,1,60.76,0,60.76,20.66,0,60.76,20.66,Influencer,Desktop
ORD0005626,CUST00992,PROD0190,Beauty,2022-11-27,2022-11,2,23.73,0,47.46,20.88,0,47.46,20.88,Influencer,Desktop
ORD0005627,CUST00993,PROD0194,Accessories,2023-02-18,2023-02,3,80.84,0,242.52,123.69,1,0.0,0.0,Organic Search,Desktop
ORD0005628,CUST00993,PROD0014,Beauty,2023-08-20,2023-08,3,56.06,0,168.18,105.95,0,168.18,105.95,Organic Search,Desktop
ORD0005629,CUST00993,PROD0095,Accessories,2023-08-08,2023-08,3,33.53,0,100.59,57.34,0,100.59,57.34,Organic Search,Desktop
ORD0005630,CUST00994,PROD0182,Accessories,2022-12-14,2022-12,2,22.63,0.1,40.73,15.48,1,0.0,0.0,Paid Social,Mobile
ORD0005631,CUST00995,PROD0188,Footwear,2023-07-22,2023-07,2,148.41,0,296.82,175.12,1,0.0,0.0,Influencer,Mobile
ORD0005632,CUST00995,PROD0013,Sports,2024-01-20,2024-01,3,147.02,0,441.06,172.01,0,441.06,172.01,Influencer,Mobile
ORD0005633,CUST00995,PROD0101,Footwear,2022-04-08,2022-04,2,191.81,0,383.62,168.79,1,0.0,0.0,Influencer,Mobile
ORD0005634,CUST00996,PROD0072,Sports,2023-11-08,2023-11,1,81.55,0.1,73.39,40.36,0,73.39,40.36,Email,Mobile
ORD0005635,CUST00996,PROD0035,Beauty,2022-01-17,2022-01,1,43.82,0,43.82,25.42,0,43.82,25.42,Email,Mobile
ORD0005636,CUST00996,PROD0177,Accessories,2023-12-01,2023-12,2,31.44,0.2,50.3,19.11,1,0.0,0.0,Email,Mobile
ORD0005637,CUST00996,PROD0168,Clothing,2022-02-02,2022-02,2,45.57,0,91.14,38.28,1,0.0,0.0,Email,Mobile
ORD0005638,CUST00996,PROD0107,Clothing,2022-03-07,2022-03,3,91.09,0.1,245.94,152.48,1,0.0,0.0,Email,Mobile
ORD0005639,CUST00996,PROD0200,Footwear,2022-09-13,2022-09,1,43.07,0.1,38.76,22.09,0,38.76,22.09,Email,Mobile
ORD0005640,CUST00996,PROD0037,Clothing,2023-08-12,2023-08,2,99.72,0.15,169.52,64.42,1,0.0,0.0,Email,Mobile
ORD0005641,CUST00997,PROD0170,Beauty,2023-09-18,2023-09,3,69.97,0,209.91,134.34,0,209.91,134.34,Paid Social,Desktop
ORD0005642,CUST00997,PROD0109,Sports,2023-03-25,2023-03,2,60.91,0.1,109.64,33.99,0,109.64,33.99,Paid Social,Desktop
ORD0005643,CUST00997,PROD0072,Sports,2023-03-15,2023-03,3,81.55,0,244.65,134.56,0,244.65,134.56,Paid Social,Desktop
ORD0005644,CUST00997,PROD0063,Accessories,2023-01-22,2023-01,1,72.45,0.05,68.83,23.4,1,0.0,0.0,Paid Social,Desktop
ORD0005645,CUST00998,PROD0042,Home & Living,2024-01-19,2024-01,2,61.51,0,123.02,34.45,0,123.02,34.45,Organic Search,Desktop
ORD0005646,CUST00998,PROD0108,Accessories,2023-09-09,2023-09,3,82.14,0,246.42,73.93,0,246.42,73.93,Organic Search,Desktop
ORD0005647,CUST00998,PROD0200,Footwear,2023-06-29,2023-06,1,43.07,0,43.07,24.55,1,0.0,0.0,Organic Search,Desktop
ORD0005648,CUST00998,PROD0118,Clothing,2023-07-16,2023-07,3,33.04,0,99.12,47.58,0,99.12,47.58,Organic Search,Desktop
ORD0005649,CUST00998,PROD0110,Footwear,2024-02-01,2024-02,3,106.03,0,318.09,171.77,0,318.09,171.77,Organic Search,Desktop
ORD0005650,CUST00998,PROD0101,Footwear,2024-03-06,2024-03,1,191.81,0,191.81,84.4,0,191.81,84.4,Organic Search,Desktop
ORD0005651,CUST00998,PROD0158,Home & Living,2023-08-28,2023-08,3,50.83,0,152.49,71.67,0,152.49,71.67,Organic Search,Desktop
ORD0005652,CUST00998,PROD0187,Clothing,2023-09-09,2023-09,3,104.59,0,313.77,138.06,0,313.77,138.06,Organic Search,Desktop
ORD0005653,CUST00998,PROD0109,Sports,2023-09-06,2023-09,1,60.91,0,60.91,18.88,0,60.91,18.88,Organic Search,Desktop
ORD0005654,CUST00998,PROD0060,Footwear,2023-12-08,2023-12,2,104.31,0,208.62,60.5,1,0.0,0.0,Organic Search,Desktop
ORD0005655,CUST00998,PROD0167,Footwear,2023-10-22,2023-10,3,62.12,0,186.36,54.04,1,0.0,0.0,Organic Search,Desktop
ORD0005656,CUST00999,PROD0034,Clothing,2023-09-05,2023-09,1,108.12,0,108.12,43.25,0,108.12,43.25,Influencer,Mobile
ORD0005657,CUST00999,PROD0074,Beauty,2023-07-14,2023-07,1,52.12,0,52.12,13.55,0,52.12,13.55,Influencer,Mobile
ORD0005658,CUST00999,PROD0142,Sports,2023-07-11,2023-07,3,114.73,0,344.19,165.21,0,344.19,165.21,Influencer,Mobile
ORD0005659,CUST00999,PROD0013,Sports,2023-05-26,2023-05,2,147.02,0,294.04,114.68,0,294.04,114.68,Influencer,Mobile
ORD0005660,CUST00999,PROD0050,Home & Living,2023-05-02,2023-05,1,120.87,0,120.87,32.63,0,120.87,32.63,Influencer,Mobile
ORD0005661,CUST01000,PROD0068,Accessories,2023-10-05,2023-10,1,58.26,0,58.26,24.47,1,0.0,0.0,Paid Social,Mobile
ORD0005662,CUST01000,PROD0120,Home & Living,2023-06-23,2023-06,1,118.52,0,118.52,36.74,0,118.52,36.74,Paid Social,Mobile
ORD0005663,CUST01000,PROD0056,Home & Living,2023-10-11,2023-10,2,70.19,0.05,133.36,72.01,0,133.36,72.01,Paid Social,Mobile
ORD0005664,CUST01000,PROD0197,Clothing,2023-07-09,2023-07,3,92.45,0,277.35,99.85,0,277.35,99.85,Paid Social,Mobile
ORD0005665,CUST01001,PROD0145,Clothing,2023-12-20,2023-12,2,70.32,0,140.64,84.38,0,140.64,84.38,Paid Social,Mobile
ORD0005666,CUST01001,PROD0157,Sports,2023-09-30,2023-09,2,101.12,0,202.24,84.94,0,202.24,84.94,Paid Social,Mobile
ORD0005667,CUST01001,PROD0060,Footwear,2024-03-29,2024-03,3,104.31,0,312.93,90.75,0,312.93,90.75,Paid Social,Mobile
ORD0005668,CUST01001,PROD0129,Accessories,2023-08-27,2023-08,3,45.01,0,135.03,41.86,0,135.03,41.86,Paid Social,Mobile
ORD0005669,CUST01001,PROD0042,Home & Living,2023-04-16,2023-04,1,61.51,0,61.51,17.22,0,61.51,17.22,Paid Social,Mobile
ORD0005670,CUST01002,PROD0173,Footwear,2023-10-04,2023-10,2,87.72,0,175.44,75.44,1,0.0,0.0,Organic Search,Mobile
ORD0005671,CUST01002,PROD0026,Footwear,2022-04-20,2022-04,1,66.28,0,66.28,17.23,0,66.28,17.23,Organic Search,Mobile
ORD0005672,CUST01002,PROD0098,Home & Living,2022-12-26,2022-12,3,101.77,0,305.31,128.23,0,305.31,128.23,Organic Search,Mobile
ORD0005673,CUST01003,PROD0046,Sports,2023-09-15,2023-09,1,44.39,0,44.39,23.53,0,44.39,23.53,Referral,Tablet
ORD0005674,CUST01003,PROD0044,Footwear,2023-11-07,2023-11,1,185.76,0,185.76,91.02,0,185.76,91.02,Referral,Tablet
ORD0005675,CUST01003,PROD0115,Accessories,2023-08-18,2023-08,3,74.34,0.1,200.72,116.42,0,200.72,116.42,Referral,Tablet
ORD0005676,CUST01003,PROD0001,Accessories,2024-01-24,2024-01,2,40.31,0.1,72.56,25.4,0,72.56,25.4,Referral,Tablet
ORD0005677,CUST01003,PROD0184,Sports,2023-11-29,2023-11,1,135.08,0.1,121.57,32.82,0,121.57,32.82,Referral,Tablet
ORD0005678,CUST01003,PROD0139,Home & Living,2023-10-29,2023-10,3,121.16,0,363.48,218.09,0,363.48,218.09,Referral,Tablet
ORD0005679,CUST01003,PROD0155,Beauty,2023-12-19,2023-12,2,35.29,0.1,63.52,26.04,0,63.52,26.04,Referral,Tablet
ORD0005680,CUST01003,PROD0063,Accessories,2023-11-13,2023-11,3,72.45,0,217.35,73.9,1,0.0,0.0,Referral,Tablet
ORD0005681,CUST01003,PROD0029,Accessories,2023-08-14,2023-08,3,59.38,0.1,160.33,96.2,1,0.0,0.0,Referral,Tablet
ORD0005682,CUST01004,PROD0162,Home & Living,2022-10-24,2022-10,2,81.32,0,162.64,71.56,1,0.0,0.0,Paid Social,Desktop
ORD0005683,CUST01004,PROD0009,Sports,2023-08-14,2023-08,1,39.16,0.05,37.2,21.95,0,37.2,21.95,Paid Social,Desktop
ORD0005684,CUST01005,PROD0119,Beauty,2023-08-04,2023-08,3,20.14,0,60.42,21.75,0,60.42,21.75,Paid Social,Mobile
ORD0005685,CUST01005,PROD0169,Accessories,2023-08-26,2023-08,1,66.47,0,66.47,33.9,0,66.47,33.9,Paid Social,Mobile
ORD0005686,CUST01005,PROD0136,Accessories,2023-02-20,2023-02,1,78.97,0,78.97,29.22,1,0.0,0.0,Paid Social,Mobile
ORD0005687,CUST01005,PROD0119,Beauty,2023-11-21,2023-11,1,20.14,0.05,19.13,6.89,0,19.13,6.89,Paid Social,Mobile
ORD0005688,CUST01005,PROD0045,Home & Living,2023-11-12,2023-11,1,91.27,0,91.27,41.98,1,0.0,0.0,Paid Social,Mobile
ORD0005689,CUST01005,PROD0058,Accessories,2023-05-28,2023-05,3,50.31,0.1,135.84,44.83,0,135.84,44.83,Paid Social,Mobile
ORD0005690,CUST01006,PROD0023,Clothing,2023-03-03,2023-03,2,85.59,0,171.18,59.91,0,171.18,59.91,Referral,Mobile
ORD0005691,CUST01006,PROD0043,Footwear,2023-10-01,2023-10,2,62.01,0.1,111.62,69.2,0,111.62,69.2,Referral,Mobile
ORD0005692,CUST01006,PROD0188,Footwear,2023-01-15,2023-01,3,148.41,0,445.23,262.69,0,445.23,262.69,Referral,Mobile
ORD0005693,CUST01006,PROD0018,Clothing,2023-02-06,2023-02,2,45.54,0,91.08,40.99,1,0.0,0.0,Referral,Mobile
ORD0005694,CUST01006,PROD0111,Clothing,2023-10-28,2023-10,3,72.51,0,217.53,132.69,0,217.53,132.69,Referral,Mobile
ORD0005695,CUST01006,PROD0134,Accessories,2023-10-25,2023-10,1,24.1,0,24.1,13.5,0,24.1,13.5,Referral,Mobile
ORD0005696,CUST01006,PROD0063,Accessories,2023-08-26,2023-08,3,72.45,0.1,195.62,66.51,0,195.62,66.51,Referral,Mobile
ORD0005697,CUST01006,PROD0020,Clothing,2024-03-12,2024-03,2,35.77,0.1,64.39,29.62,0,64.39,29.62,Referral,Mobile
ORD0005698,CUST01006,PROD0067,Clothing,2023-09-25,2023-09,3,47.62,0,142.86,45.72,0,142.86,45.72,Referral,Mobile
ORD0005699,CUST01006,PROD0110,Footwear,2022-12-01,2022-12,3,106.03,0,318.09,171.77,0,318.09,171.77,Referral,Mobile
ORD0005700,CUST01006,PROD0185,Footwear,2024-02-07,2024-02,1,196.58,0,196.58,100.26,0,196.58,100.26,Referral,Mobile
ORD0005701,CUST01006,PROD0088,Accessories,2024-02-12,2024-02,1,42.05,0,42.05,15.56,1,0.0,0.0,Referral,Mobile
ORD0005702,CUST01007,PROD0018,Clothing,2024-03-01,2024-03,3,45.54,0,136.62,61.48,0,136.62,61.48,Organic Search,Desktop
ORD0005703,CUST01007,PROD0013,Sports,2023-09-09,2023-09,1,147.02,0,147.02,57.34,0,147.02,57.34,Organic Search,Desktop
ORD0005704,CUST01007,PROD0010,Home & Living,2023-03-03,2023-03,3,50.82,0,152.46,57.93,0,152.46,57.93,Organic Search,Desktop
ORD0005705,CUST01007,PROD0129,Accessories,2022-08-23,2022-08,1,45.01,0,45.01,13.95,0,45.01,13.95,Organic Search,Desktop
ORD0005706,CUST01007,PROD0011,Sports,2023-02-28,2023-02,1,85.35,0,85.35,23.9,1,0.0,0.0,Organic Search,Desktop
ORD0005707,CUST01007,PROD0170,Beauty,2023-02-23,2023-02,2,69.97,0,139.94,89.56,0,139.94,89.56,Organic Search,Desktop
ORD0005708,CUST01007,PROD0026,Footwear,2022-08-29,2022-08,3,66.28,0,198.84,51.7,0,198.84,51.7,Organic Search,Desktop
ORD0005709,CUST01007,PROD0114,Beauty,2023-06-24,2023-06,3,25.83,0,77.49,31.77,0,77.49,31.77,Organic Search,Desktop
ORD0005710,CUST01007,PROD0031,Footwear,2024-03-31,2024-03,3,42.93,0,128.79,56.67,0,128.79,56.67,Organic Search,Desktop
ORD0005711,CUST01007,PROD0182,Accessories,2023-01-19,2023-01,2,22.63,0,45.26,17.2,0,45.26,17.2,Organic Search,Desktop
ORD0005712,CUST01007,PROD0185,Footwear,2022-11-11,2022-11,1,196.58,0,196.58,100.26,0,196.58,100.26,Organic Search,Desktop
ORD0005713,CUST01008,PROD0139,Home & Living,2023-04-16,2023-04,1,121.16,0,121.16,72.7,0,121.16,72.7,Organic Search,Mobile
ORD0005714,CUST01008,PROD0145,Clothing,2023-10-10,2023-10,3,70.32,0,210.96,126.58,0,210.96,126.58,Organic Search,Mobile
ORD0005715,CUST01008,PROD0191,Accessories,2023-10-21,2023-10,3,42.93,0,128.79,63.11,0,128.79,63.11,Organic Search,Mobile
ORD0005716,CUST01008,PROD0128,Clothing,2023-08-24,2023-08,3,28.95,0,86.85,36.48,0,86.85,36.48,Organic Search,Mobile
ORD0005717,CUST01008,PROD0006,Accessories,2024-02-20,2024-02,2,25.71,0,51.42,24.17,0,51.42,24.17,Organic Search,Mobile
ORD0005718,CUST01008,PROD0113,Home & Living,2022-10-09,2022-10,2,30.82,0,61.64,32.67,0,61.64,32.67,Organic Search,Mobile
ORD0005719,CUST01008,PROD0042,Home & Living,2023-07-16,2023-07,1,61.51,0,61.51,17.22,0,61.51,17.22,Organic Search,Mobile
ORD0005720,CUST01008,PROD0172,Beauty,2023-12-12,2023-12,2,19.11,0,38.22,16.43,0,38.22,16.43,Organic Search,Mobile
ORD0005721,CUST01009,PROD0035,Beauty,2024-03-20,2024-03,2,43.82,0,87.64,50.83,0,87.64,50.83,Direct,Desktop
ORD0005722,CUST01009,PROD0041,Beauty,2023-05-28,2023-05,3,68.34,0,205.02,123.01,0,205.02,123.01,Direct,Desktop
ORD0005723,CUST01009,PROD0008,Footwear,2023-12-21,2023-12,1,151.56,0,151.56,92.45,0,151.56,92.45,Direct,Desktop
ORD0005724,CUST01009,PROD0107,Clothing,2024-01-10,2024-01,3,91.09,0,273.27,169.43,0,273.27,169.43,Direct,Desktop
ORD0005725,CUST01009,PROD0166,Clothing,2024-03-20,2024-03,3,87.15,0,261.45,162.1,0,261.45,162.1,Direct,Desktop
ORD0005726,CUST01010,PROD0165,Footwear,2023-04-02,2023-04,1,116.35,0.15,98.9,63.3,1,0.0,0.0,Email,Desktop
ORD0005727,CUST01010,PROD0052,Clothing,2023-06-02,2023-06,3,61.19,0.1,165.21,47.91,1,0.0,0.0,Email,Desktop
ORD0005728,CUST01011,PROD0175,Footwear,2022-05-05,2022-05,1,69.53,0.1,62.58,18.77,0,62.58,18.77,Email,Mobile
ORD0005729,CUST01011,PROD0093,Footwear,2023-01-06,2023-01,2,85.42,0,170.84,97.38,1,0.0,0.0,Email,Mobile
ORD0005730,CUST01011,PROD0023,Clothing,2023-05-15,2023-05,1,85.59,0.2,68.47,23.96,0,68.47,23.96,Email,Mobile
ORD0005731,CUST01011,PROD0080,Sports,2022-07-24,2022-07,2,42.1,0.2,67.36,33.68,0,67.36,33.68,Email,Mobile
ORD0005732,CUST01011,PROD0009,Sports,2022-06-29,2022-06,2,39.16,0.1,70.49,41.59,0,70.49,41.59,Email,Mobile
ORD0005733,CUST01011,PROD0186,Home & Living,2023-04-23,2023-04,1,126.59,0,126.59,36.71,1,0.0,0.0,Email,Mobile
ORD0005734,CUST01011,PROD0198,Sports,2023-05-14,2023-05,2,59.63,0,119.26,50.09,1,0.0,0.0,Email,Mobile
ORD0005735,CUST01011,PROD0006,Accessories,2023-12-08,2023-12,3,25.71,0.1,69.42,32.63,0,69.42,32.63,Email,Mobile
ORD0005736,CUST01011,PROD0169,Accessories,2022-06-11,2022-06,3,66.47,0.15,169.5,86.45,1,0.0,0.0,Email,Mobile
ORD0005737,CUST01011,PROD0126,Sports,2023-02-18,2023-02,1,92.2,0.2,73.76,47.21,0,73.76,47.21,Email,Mobile
ORD0005738,CUST01011,PROD0044,Footwear,2022-10-24,2022-10,2,185.76,0.2,297.22,145.64,1,0.0,0.0,Email,Mobile
ORD0005739,CUST01011,PROD0082,Beauty,2022-06-07,2022-06,3,20.0,0.1,54.0,35.1,1,0.0,0.0,Email,Mobile
ORD0005740,CUST01011,PROD0045,Home & Living,2023-11-20,2023-11,3,91.27,0.1,246.43,113.36,0,246.43,113.36,Email,Mobile
ORD0005741,CUST01011,PROD0016,Beauty,2022-09-27,2022-09,2,14.72,0.1,26.5,16.96,0,26.5,16.96,Email,Mobile
ORD0005742,CUST01012,PROD0003,Footwear,2023-12-11,2023-12,2,63.28,0.1,113.9,56.95,0,113.9,56.95,Referral,Mobile
ORD0005743,CUST01012,PROD0113,Home & Living,2023-02-23,2023-02,1,30.82,0,30.82,16.33,0,30.82,16.33,Referral,Mobile
ORD0005744,CUST01012,PROD0056,Home & Living,2023-02-18,2023-02,1,70.19,0.1,63.17,34.11,0,63.17,34.11,Referral,Mobile
ORD0005745,CUST01012,PROD0191,Accessories,2022-07-16,2022-07,3,42.93,0.1,115.91,56.8,0,115.91,56.8,Referral,Mobile
ORD0005746,CUST01012,PROD0080,Sports,2023-08-15,2023-08,2,42.1,0,84.2,42.1,0,84.2,42.1,Referral,Mobile
ORD0005747,CUST01012,PROD0142,Sports,2023-11-02,2023-11,2,114.73,0.1,206.51,99.12,0,206.51,99.12,Referral,Mobile
ORD0005748,CUST01012,PROD0157,Sports,2023-03-04,2023-03,1,101.12,0,101.12,42.47,0,101.12,42.47,Referral,Mobile
ORD0005749,CUST01012,PROD0163,Beauty,2022-12-12,2022-12,3,20.18,0,60.54,29.06,0,60.54,29.06,Referral,Mobile
ORD0005750,CUST01013,PROD0158,Home & Living,2024-03-14,2024-03,2,50.83,0,101.66,47.78,1,0.0,0.0,Direct,Desktop
ORD0005751,CUST01013,PROD0082,Beauty,2022-10-10,2022-10,3,20.0,0,60.0,39.0,1,0.0,0.0,Direct,Desktop
ORD0005752,CUST01013,PROD0053,Footwear,2022-10-21,2022-10,1,46.14,0,46.14,25.84,1,0.0,0.0,Direct,Desktop
ORD0005753,CUST01013,PROD0059,Sports,2022-06-17,2022-06,1,76.4,0,76.4,38.96,0,76.4,38.96,Direct,Desktop
ORD0005754,CUST01013,PROD0149,Beauty,2023-09-17,2023-09,3,65.53,0,196.59,102.23,0,196.59,102.23,Direct,Desktop
ORD0005755,CUST01013,PROD0174,Clothing,2023-02-12,2023-02,2,69.83,0,139.66,36.31,0,139.66,36.31,Direct,Desktop
ORD0005756,CUST01013,PROD0143,Beauty,2022-09-04,2022-09,1,15.9,0,15.9,10.18,0,15.9,10.18,Direct,Desktop
ORD0005757,CUST01013,PROD0176,Home & Living,2023-04-06,2023-04,1,51.13,0,51.13,14.32,0,51.13,14.32,Direct,Desktop
ORD0005758,CUST01014,PROD0066,Footwear,2024-02-22,2024-02,3,151.36,0.15,385.97,111.93,0,385.97,111.93,Email,Mobile
ORD0005759,CUST01014,PROD0027,Footwear,2023-09-23,2023-09,2,147.27,0.1,265.09,148.45,0,265.09,148.45,Email,Mobile
ORD0005760,CUST01014,PROD0114,Beauty,2023-08-28,2023-08,2,25.83,0.1,46.49,19.06,0,46.49,19.06,Email,Mobile
ORD0005761,CUST01014,PROD0135,Beauty,2023-07-04,2023-07,3,31.76,0,95.28,59.07,0,95.28,59.07,Email,Mobile
ORD0005762,CUST01014,PROD0161,Home & Living,2023-08-25,2023-08,3,33.22,0.1,89.69,52.92,1,0.0,0.0,Email,Mobile
ORD0005763,CUST01014,PROD0019,Beauty,2024-01-04,2024-01,1,17.13,0,17.13,7.54,1,0.0,0.0,Email,Mobile
ORD0005764,CUST01015,PROD0053,Footwear,2023-07-10,2023-07,3,46.14,0,138.42,77.52,0,138.42,77.52,Organic Search,Mobile
ORD0005765,CUST01015,PROD0159,Beauty,2023-12-02,2023-12,2,20.79,0,41.58,12.89,0,41.58,12.89,Organic Search,Mobile
ORD0005766,CUST01015,PROD0179,Footwear,2023-07-06,2023-07,2,56.4,0,112.8,69.94,0,112.8,69.94,Organic Search,Mobile
ORD0005767,CUST01015,PROD0029,Accessories,2023-12-22,2023-12,3,59.38,0,178.14,106.88,0,178.14,106.88,Organic Search,Mobile
ORD0005768,CUST01015,PROD0123,Clothing,2024-01-06,2024-01,1,40.48,0,40.48,10.52,0,40.48,10.52,Organic Search,Mobile
ORD0005769,CUST01016,PROD0015,Footwear,2023-09-22,2023-09,2,131.63,0.1,236.93,97.14,0,236.93,97.14,Email,Desktop
ORD0005770,CUST01016,PROD0041,Beauty,2024-03-07,2024-03,1,68.34,0.1,61.51,36.91,0,61.51,36.91,Email,Desktop
ORD0005771,CUST01017,PROD0011,Sports,2024-01-20,2024-01,3,85.35,0,256.05,71.69,0,256.05,71.69,Organic Search,Desktop
ORD0005772,CUST01017,PROD0020,Clothing,2022-11-24,2022-11,2,35.77,0,71.54,32.91,0,71.54,32.91,Organic Search,Desktop
ORD0005773,CUST01017,PROD0148,Beauty,2023-07-04,2023-07,2,56.54,0,113.08,62.19,0,113.08,62.19,Organic Search,Desktop
ORD0005774,CUST01017,PROD0032,Home & Living,2023-11-11,2023-11,1,43.05,0,43.05,12.48,0,43.05,12.48,Organic Search,Desktop
ORD0005775,CUST01017,PROD0196,Sports,2022-09-30,2022-09,2,92.93,0,185.86,115.23,0,185.86,115.23,Organic Search,Desktop
ORD0005776,CUST01017,PROD0146,Accessories,2023-04-03,2023-04,3,80.98,0,242.94,85.03,0,242.94,85.03,Organic Search,Desktop
ORD0005777,CUST01017,PROD0179,Footwear,2022-10-22,2022-10,3,56.4,0,169.2,104.9,0,169.2,104.9,Organic Search,Desktop
ORD0005778,CUST01017,PROD0178,Clothing,2023-01-09,2023-01,1,60.67,0,60.67,24.27,0,60.67,24.27,Organic Search,Desktop
ORD0005779,CUST01018,PROD0150,Beauty,2022-05-31,2022-05,3,24.66,0.1,66.58,32.62,0,66.58,32.62,Paid Social,Mobile
ORD0005780,CUST01018,PROD0174,Clothing,2022-07-24,2022-07,3,69.83,0.1,188.54,49.02,1,0.0,0.0,Paid Social,Mobile
ORD0005781,CUST01018,PROD0165,Footwear,2022-05-01,2022-05,2,116.35,0.05,221.06,141.48,0,221.06,141.48,Paid Social,Mobile
ORD0005782,CUST01018,PROD0123,Clothing,2024-03-12,2024-03,1,40.48,0.1,36.43,9.47,0,36.43,9.47,Paid Social,Mobile
ORD0005783,CUST01018,PROD0190,Beauty,2022-10-22,2022-10,3,23.73,0,71.19,31.32,0,71.19,31.32,Paid Social,Mobile
ORD0005784,CUST01018,PROD0045,Home & Living,2022-11-08,2022-11,2,91.27,0,182.54,83.97,0,182.54,83.97,Paid Social,Mobile
ORD0005785,CUST01018,PROD0087,Home & Living,2022-10-12,2022-10,2,45.63,0,91.26,52.93,0,91.26,52.93,Paid Social,Mobile
ORD0005786,CUST01019,PROD0023,Clothing,2023-01-26,2023-01,1,85.59,0,85.59,29.96,1,0.0,0.0,Paid Social,Mobile
ORD0005787,CUST01019,PROD0106,Footwear,2023-07-07,2023-07,1,188.1,0,188.1,80.88,0,188.1,80.88,Paid Social,Mobile
ORD0005788,CUST01019,PROD0070,Home & Living,2022-06-21,2022-06,3,75.93,0,227.79,134.4,0,227.79,134.4,Paid Social,Mobile
ORD0005789,CUST01019,PROD0063,Accessories,2022-12-15,2022-12,3,72.45,0.05,206.48,70.2,0,206.48,70.2,Paid Social,Mobile
ORD0005790,CUST01020,PROD0021,Beauty,2023-09-01,2023-09,3,65.25,0.05,185.96,115.3,0,185.96,115.3,Paid Social,Mobile
ORD0005791,CUST01020,PROD0006,Accessories,2023-05-31,2023-05,3,25.71,0.1,69.42,32.63,0,69.42,32.63,Paid Social,Mobile
ORD0005792,CUST01020,PROD0192,Sports,2023-10-30,2023-10,1,82.92,0,82.92,43.12,1,0.0,0.0,Paid Social,Mobile
ORD0005793,CUST01021,PROD0054,Sports,2023-03-11,2023-03,2,142.4,0.2,227.84,113.92,1,0.0,0.0,Email,Mobile
ORD0005794,CUST01021,PROD0186,Home & Living,2023-10-13,2023-10,3,126.59,0,379.77,110.13,0,379.77,110.13,Email,Mobile
ORD0005795,CUST01021,PROD0111,Clothing,2023-08-04,2023-08,1,72.51,0.2,58.01,35.39,1,0.0,0.0,Email,Mobile
ORD0005796,CUST01022,PROD0197,Clothing,2023-01-31,2023-01,2,92.45,0,184.9,66.56,0,184.9,66.56,Paid Social,Desktop
ORD0005797,CUST01022,PROD0063,Accessories,2022-06-06,2022-06,2,72.45,0,144.9,49.27,0,144.9,49.27,Paid Social,Desktop
ORD0005798,CUST01022,PROD0190,Beauty,2023-04-08,2023-04,2,23.73,0,47.46,20.88,0,47.46,20.88,Paid Social,Desktop
ORD0005799,CUST01022,PROD0177,Accessories,2024-01-17,2024-01,1,31.44,0.05,29.87,11.35,0,29.87,11.35,Paid Social,Desktop
ORD0005800,CUST01022,PROD0156,Sports,2024-03-11,2024-03,3,96.17,0,288.51,167.34,1,0.0,0.0,Paid Social,Desktop
ORD0005801,CUST01022,PROD0012,Sports,2023-11-14,2023-11,3,146.79,0,440.37,158.53,0,440.37,158.53,Paid Social,Desktop
ORD0005802,CUST01022,PROD0169,Accessories,2024-01-12,2024-01,3,66.47,0,199.41,101.7,0,199.41,101.7,Paid Social,Desktop
ORD0005803,CUST01023,PROD0009,Sports,2022-09-05,2022-09,3,39.16,0,117.48,69.31,0,117.48,69.31,Influencer,Desktop
ORD0005804,CUST01023,PROD0112,Home & Living,2023-04-19,2023-04,2,48.0,0,96.0,54.72,0,96.0,54.72,Influencer,Desktop
ORD0005805,CUST01023,PROD0080,Sports,2023-04-08,2023-04,3,42.1,0,126.3,63.15,0,126.3,63.15,Influencer,Desktop
ORD0005806,CUST01023,PROD0154,Sports,2023-09-28,2023-09,1,137.38,0,137.38,37.09,0,137.38,37.09,Influencer,Desktop
ORD0005807,CUST01024,PROD0095,Accessories,2023-07-13,2023-07,1,33.53,0,33.53,19.11,0,33.53,19.11,Direct,Mobile
ORD0005808,CUST01025,PROD0013,Sports,2022-08-10,2022-08,1,147.02,0.05,139.67,54.47,0,139.67,54.47,Paid Social,Mobile
ORD0005809,CUST01025,PROD0128,Clothing,2022-07-06,2022-07,2,28.95,0.05,55.0,23.1,0,55.0,23.1,Paid Social,Mobile
ORD0005810,CUST01025,PROD0153,Accessories,2022-07-31,2022-07,1,85.5,0.05,81.22,45.48,0,81.22,45.48,Paid Social,Mobile
ORD0005811,CUST01025,PROD0143,Beauty,2022-10-24,2022-10,3,15.9,0.05,45.31,29.0,0,45.31,29.0,Paid Social,Mobile
ORD0005812,CUST01025,PROD0100,Clothing,2022-06-02,2022-06,3,80.73,0.1,217.97,98.09,1,0.0,0.0,Paid Social,Mobile
ORD0005813,CUST01026,PROD0136,Accessories,2022-10-03,2022-10,1,78.97,0,78.97,29.22,0,78.97,29.22,Referral,Mobile
ORD0005814,CUST01026,PROD0081,Home & Living,2022-09-20,2022-09,2,97.71,0,195.42,50.81,0,195.42,50.81,Referral,Mobile
ORD0005815,CUST01026,PROD0023,Clothing,2022-09-07,2022-09,3,85.59,0.1,231.09,80.88,0,231.09,80.88,Referral,Mobile
ORD0005816,CUST01026,PROD0043,Footwear,2022-08-05,2022-08,3,62.01,0,186.03,115.34,1,0.0,0.0,Referral,Mobile
ORD0005817,CUST01026,PROD0176,Home & Living,2023-03-26,2023-03,2,51.13,0,102.26,28.63,0,102.26,28.63,Referral,Mobile
ORD0005818,CUST01027,PROD0183,Clothing,2023-02-20,2023-02,2,78.37,0,156.74,94.04,1,0.0,0.0,Organic Search,Desktop
ORD0005819,CUST01027,PROD0151,Clothing,2022-11-13,2022-11,2,30.88,0,61.76,27.17,0,61.76,27.17,Organic Search,Desktop
ORD0005820,CUST01027,PROD0160,Accessories,2022-02-10,2022-02,1,31.12,0,31.12,17.43,0,31.12,17.43,Organic Search,Desktop
ORD0005821,CUST01027,PROD0010,Home & Living,2022-04-14,2022-04,2,50.82,0,101.64,38.62,0,101.64,38.62,Organic Search,Desktop
ORD0005822,CUST01027,PROD0029,Accessories,2022-05-26,2022-05,3,59.38,0,178.14,106.88,0,178.14,106.88,Organic Search,Desktop
ORD0005823,CUST01027,PROD0131,Beauty,2024-03-17,2024-03,2,36.76,0,73.52,25.73,0,73.52,25.73,Organic Search,Desktop
ORD0005824,CUST01027,PROD0028,Sports,2023-05-16,2023-05,2,115.45,0,230.9,113.14,0,230.9,113.14,Organic Search,Desktop
ORD0005825,CUST01027,PROD0090,Home & Living,2022-06-14,2022-06,3,99.94,0,299.82,188.89,1,0.0,0.0,Organic Search,Desktop
ORD0005826,CUST01027,PROD0092,Beauty,2024-01-30,2024-01,2,19.38,0,38.76,12.4,0,38.76,12.4,Organic Search,Desktop
ORD0005827,CUST01028,PROD0114,Beauty,2022-12-12,2022-12,3,25.83,0.1,69.74,28.59,0,69.74,28.59,Paid Social,Mobile
ORD0005828,CUST01028,PROD0019,Beauty,2024-03-24,2024-03,1,17.13,0,17.13,7.54,0,17.13,7.54,Paid Social,Mobile
ORD0005829,CUST01028,PROD0149,Beauty,2022-05-03,2022-05,3,65.53,0,196.59,102.23,1,0.0,0.0,Paid Social,Mobile
ORD0005830,CUST01028,PROD0079,Footwear,2023-11-25,2023-11,3,67.68,0,203.04,85.28,0,203.04,85.28,Paid Social,Mobile
ORD0005831,CUST01028,PROD0083,Clothing,2024-03-31,2024-03,1,25.2,0.05,23.94,12.93,1,0.0,0.0,Paid Social,Mobile
ORD0005832,CUST01028,PROD0104,Sports,2023-05-18,2023-05,3,40.92,0,122.76,44.19,1,0.0,0.0,Paid Social,Mobile
ORD0005833,CUST01028,PROD0007,Beauty,2022-09-26,2022-09,2,25.48,0,50.96,16.82,0,50.96,16.82,Paid Social,Mobile
ORD0005834,CUST01028,PROD0164,Accessories,2022-09-21,2022-09,3,18.66,0,55.98,16.23,1,0.0,0.0,Paid Social,Mobile
ORD0005835,CUST01028,PROD0160,Accessories,2023-11-15,2023-11,2,31.12,0.1,56.02,31.37,0,56.02,31.37,Paid Social,Mobile
ORD0005836,CUST01028,PROD0080,Sports,2022-05-10,2022-05,1,42.1,0.1,37.89,18.95,0,37.89,18.95,Paid Social,Mobile
ORD0005837,CUST01029,PROD0002,Clothing,2023-08-20,2023-08,1,48.81,0.2,39.05,24.6,0,39.05,24.6,Email,Mobile
ORD0005838,CUST01029,PROD0082,Beauty,2023-03-24,2023-03,1,20.0,0,20.0,13.0,1,0.0,0.0,Email,Mobile
ORD0005839,CUST01029,PROD0180,Sports,2023-02-07,2023-02,1,57.83,0.1,52.05,29.15,0,52.05,29.15,Email,Mobile
ORD0005840,CUST01029,PROD0106,Footwear,2023-05-03,2023-05,1,188.1,0.15,159.88,68.75,0,159.88,68.75,Email,Mobile
ORD0005841,CUST01029,PROD0136,Accessories,2023-04-17,2023-04,2,78.97,0.1,142.15,52.6,0,142.15,52.6,Email,Mobile
ORD0005842,CUST01029,PROD0045,Home & Living,2023-11-15,2023-11,1,91.27,0.1,82.14,37.78,0,82.14,37.78,Email,Mobile
ORD0005843,CUST01029,PROD0081,Home & Living,2024-01-25,2024-01,2,97.71,0,195.42,50.81,0,195.42,50.81,Email,Mobile
ORD0005844,CUST01029,PROD0128,Clothing,2023-09-07,2023-09,2,28.95,0.1,52.11,21.89,0,52.11,21.89,Email,Mobile
ORD0005845,CUST01029,PROD0191,Accessories,2023-11-30,2023-11,1,42.93,0,42.93,21.04,0,42.93,21.04,Email,Mobile
ORD0005846,CUST01030,PROD0047,Footwear,2023-10-02,2023-10,2,144.43,0.1,259.97,101.39,0,259.97,101.39,Referral,Mobile
ORD0005847,CUST01030,PROD0102,Footwear,2023-11-08,2023-11,1,44.77,0,44.77,11.64,0,44.77,11.64,Referral,Mobile
ORD0005848,CUST01030,PROD0102,Footwear,2024-02-27,2024-02,1,44.77,0,44.77,11.64,0,44.77,11.64,Referral,Mobile
ORD0005849,CUST01030,PROD0012,Sports,2023-07-16,2023-07,2,146.79,0.1,264.22,95.12,0,264.22,95.12,Referral,Mobile
ORD0005850,CUST01030,PROD0183,Clothing,2023-07-11,2023-07,3,78.37,0.1,211.6,126.96,0,211.6,126.96,Referral,Mobile
ORD0005851,CUST01030,PROD0159,Beauty,2023-09-22,2023-09,3,20.79,0,62.37,19.33,0,62.37,19.33,Referral,Mobile
ORD0005852,CUST01030,PROD0061,Home & Living,2023-10-10,2023-10,2,136.85,0,273.7,101.27,0,273.7,101.27,Referral,Mobile
ORD0005853,CUST01030,PROD0030,Beauty,2023-11-19,2023-11,3,30.52,0.1,82.4,29.66,0,82.4,29.66,Referral,Mobile
ORD0005854,CUST01030,PROD0003,Footwear,2024-01-17,2024-01,1,63.28,0.1,56.95,28.48,0,56.95,28.48,Referral,Mobile
ORD0005855,CUST01031,PROD0096,Sports,2023-06-05,2023-06,1,59.98,0,59.98,38.39,1,0.0,0.0,Email,Desktop
ORD0005856,CUST01032,PROD0132,Home & Living,2022-09-03,2022-09,1,31.95,0,31.95,18.53,0,31.95,18.53,Organic Search,Mobile
ORD0005857,CUST01032,PROD0019,Beauty,2024-01-10,2024-01,3,17.13,0,51.39,22.61,0,51.39,22.61,Organic Search,Mobile
ORD0005858,CUST01032,PROD0077,Footwear,2024-03-25,2024-03,2,66.48,0,132.96,59.83,0,132.96,59.83,Organic Search,Mobile
ORD0005859,CUST01032,PROD0109,Sports,2023-05-28,2023-05,3,60.91,0,182.73,56.65,0,182.73,56.65,Organic Search,Mobile
ORD0005860,CUST01032,PROD0012,Sports,2022-07-03,2022-07,1,146.79,0,146.79,52.84,0,146.79,52.84,Organic Search,Mobile
ORD0005861,CUST01032,PROD0032,Home & Living,2023-11-16,2023-11,3,43.05,0,129.15,37.45,0,129.15,37.45,Organic Search,Mobile
ORD0005862,CUST01032,PROD0137,Home & Living,2023-01-03,2023-01,2,99.54,0,199.08,77.64,0,199.08,77.64,Organic Search,Mobile
ORD0005863,CUST01033,PROD0200,Footwear,2023-08-28,2023-08,3,43.07,0,129.21,73.65,1,0.0,0.0,Organic Search,Desktop
ORD0005864,CUST01033,PROD0035,Beauty,2022-05-13,2022-05,2,43.82,0,87.64,50.83,0,87.64,50.83,Organic Search,Desktop
ORD0005865,CUST01034,PROD0197,Clothing,2023-12-31,2023-12,1,92.45,0,92.45,33.28,0,92.45,33.28,Referral,Mobile
ORD0005866,CUST01034,PROD0069,Beauty,2023-11-02,2023-11,3,52.71,0,158.13,94.88,0,158.13,94.88,Referral,Mobile
ORD0005867,CUST01034,PROD0074,Beauty,2023-12-07,2023-12,2,52.12,0,104.24,27.1,0,104.24,27.1,Referral,Mobile
ORD0005868,CUST01034,PROD0179,Footwear,2024-03-25,2024-03,2,56.4,0,112.8,69.94,0,112.8,69.94,Referral,Mobile
ORD0005869,CUST01034,PROD0128,Clothing,2023-07-29,2023-07,1,28.95,0.1,26.05,10.94,0,26.05,10.94,Referral,Mobile
ORD0005870,CUST01034,PROD0142,Sports,2023-12-24,2023-12,3,114.73,0,344.19,165.21,0,344.19,165.21,Referral,Mobile
ORD0005871,CUST01034,PROD0054,Sports,2023-12-15,2023-12,1,142.4,0.1,128.16,64.08,0,128.16,64.08,Referral,Mobile
ORD0005872,CUST01034,PROD0124,Beauty,2023-08-15,2023-08,3,20.18,0.1,54.49,25.61,0,54.49,25.61,Referral,Mobile
ORD0005873,CUST01035,PROD0099,Home & Living,2023-11-23,2023-11,3,113.39,0,340.17,125.86,0,340.17,125.86,Paid Social,Mobile
ORD0005874,CUST01035,PROD0153,Accessories,2023-04-22,2023-04,2,85.5,0,171.0,95.76,1,0.0,0.0,Paid Social,Mobile
ORD0005875,CUST01035,PROD0189,Home & Living,2023-10-24,2023-10,1,100.23,0.1,90.21,55.03,0,90.21,55.03,Paid Social,Mobile
ORD0005876,CUST01035,PROD0115,Accessories,2023-08-08,2023-08,1,74.34,0,74.34,43.12,0,74.34,43.12,Paid Social,Mobile
ORD0005877,CUST01036,PROD0081,Home & Living,2023-09-23,2023-09,1,97.71,0,97.71,25.4,0,97.71,25.4,Paid Social,Mobile
ORD0005878,CUST01036,PROD0121,Clothing,2023-12-28,2023-12,1,86.37,0,86.37,42.32,1,0.0,0.0,Paid Social,Mobile
ORD0005879,CUST01037,PROD0039,Beauty,2023-11-21,2023-11,3,69.16,0,207.48,116.19,0,207.48,116.19,Organic Search,Mobile
ORD0005880,CUST01037,PROD0161,Home & Living,2023-02-17,2023-02,3,33.22,0,99.66,58.8,0,99.66,58.8,Organic Search,Mobile
ORD0005881,CUST01037,PROD0041,Beauty,2024-02-21,2024-02,1,68.34,0,68.34,41.0,0,68.34,41.0,Organic Search,Mobile
ORD0005882,CUST01038,PROD0061,Home & Living,2024-03-12,2024-03,2,136.85,0,273.7,101.27,0,273.7,101.27,Influencer,Mobile
ORD0005883,CUST01038,PROD0197,Clothing,2023-04-17,2023-04,3,92.45,0,277.35,99.85,0,277.35,99.85,Influencer,Mobile
ORD0005884,CUST01038,PROD0070,Home & Living,2023-03-25,2023-03,2,75.93,0,151.86,89.6,1,0.0,0.0,Influencer,Mobile
ORD0005885,CUST01038,PROD0056,Home & Living,2023-11-26,2023-11,2,70.19,0,140.38,75.81,1,0.0,0.0,Influencer,Mobile
ORD0005886,CUST01038,PROD0081,Home & Living,2023-07-16,2023-07,1,97.71,0,97.71,25.4,1,0.0,0.0,Influencer,Mobile
ORD0005887,CUST01038,PROD0193,Sports,2023-12-26,2023-12,2,95.75,0,191.5,61.28,0,191.5,61.28,Influencer,Mobile
ORD0005888,CUST01038,PROD0158,Home & Living,2023-08-17,2023-08,2,50.83,0,101.66,47.78,1,0.0,0.0,Influencer,Mobile
ORD0005889,CUST01038,PROD0147,Home & Living,2023-06-25,2023-06,1,133.32,0,133.32,61.33,0,133.32,61.33,Influencer,Mobile
ORD0005890,CUST01038,PROD0067,Clothing,2024-02-16,2024-02,2,47.62,0,95.24,30.48,0,95.24,30.48,Influencer,Mobile
ORD0005891,CUST01038,PROD0139,Home & Living,2023-12-01,2023-12,3,121.16,0,363.48,218.09,0,363.48,218.09,Influencer,Mobile
ORD0005892,CUST01038,PROD0078,Accessories,2023-07-30,2023-07,3,83.84,0,251.52,150.91,0,251.52,150.91,Influencer,Mobile
ORD0005893,CUST01038,PROD0074,Beauty,2023-07-03,2023-07,2,52.12,0,104.24,27.1,0,104.24,27.1,Influencer,Mobile
ORD0005894,CUST01038,PROD0192,Sports,2024-01-12,2024-01,2,82.92,0,165.84,86.24,0,165.84,86.24,Influencer,Mobile
ORD0005895,CUST01038,PROD0109,Sports,2023-09-28,2023-09,1,60.91,0,60.91,18.88,0,60.91,18.88,Influencer,Mobile
ORD0005896,CUST01039,PROD0078,Accessories,2024-01-23,2024-01,3,83.84,0.1,226.37,135.82,0,226.37,135.82,Paid Social,Desktop
ORD0005897,CUST01039,PROD0048,Home & Living,2023-11-30,2023-11,3,96.14,0.05,274.0,172.62,0,274.0,172.62,Paid Social,Desktop
ORD0005898,CUST01039,PROD0088,Accessories,2024-02-01,2024-02,1,42.05,0,42.05,15.56,0,42.05,15.56,Paid Social,Desktop
ORD0005899,CUST01039,PROD0086,Clothing,2024-03-17,2024-03,1,82.15,0.05,78.04,44.48,0,78.04,44.48,Paid Social,Desktop
ORD0005900,CUST01039,PROD0042,Home & Living,2023-11-13,2023-11,1,61.51,0.05,58.43,16.36,1,0.0,0.0,Paid Social,Desktop
ORD0005901,CUST01039,PROD0040,Beauty,2023-10-31,2023-10,3,42.24,0.1,114.05,46.76,0,114.05,46.76,Paid Social,Desktop
ORD0005902,CUST01039,PROD0159,Beauty,2024-03-24,2024-03,1,20.79,0.1,18.71,5.8,0,18.71,5.8,Paid Social,Desktop
ORD0005903,CUST01040,PROD0163,Beauty,2023-07-08,2023-07,2,20.18,0.1,36.32,17.43,0,36.32,17.43,Referral,Mobile
ORD0005904,CUST01040,PROD0016,Beauty,2024-02-26,2024-02,2,14.72,0,29.44,18.84,0,29.44,18.84,Referral,Mobile
ORD0005905,CUST01040,PROD0043,Footwear,2023-07-08,2023-07,3,62.01,0.1,167.43,103.81,0,167.43,103.81,Referral,Mobile
ORD0005906,CUST01040,PROD0067,Clothing,2024-03-10,2024-03,1,47.62,0,47.62,15.24,0,47.62,15.24,Referral,Mobile
ORD0005907,CUST01040,PROD0126,Sports,2023-10-24,2023-10,2,92.2,0.1,165.96,106.21,0,165.96,106.21,Referral,Mobile
ORD0005908,CUST01040,PROD0106,Footwear,2023-06-25,2023-06,3,188.1,0,564.3,242.65,0,564.3,242.65,Referral,Mobile
ORD0005909,CUST01040,PROD0056,Home & Living,2023-10-09,2023-10,2,70.19,0,140.38,75.81,0,140.38,75.81,Referral,Mobile
ORD0005910,CUST01040,PROD0119,Beauty,2023-09-08,2023-09,1,20.14,0,20.14,7.25,0,20.14,7.25,Referral,Mobile
ORD0005911,CUST01041,PROD0087,Home & Living,2023-12-08,2023-12,2,45.63,0.1,82.13,47.64,1,0.0,0.0,Email,Mobile
ORD0005912,CUST01041,PROD0115,Accessories,2023-10-25,2023-10,3,74.34,0.15,189.57,109.95,0,189.57,109.95,Email,Mobile
ORD0005913,CUST01042,PROD0041,Beauty,2022-04-25,2022-04,3,68.34,0,205.02,123.01,0,205.02,123.01,Influencer,Mobile
ORD0005914,CUST01042,PROD0167,Footwear,2023-03-19,2023-03,3,62.12,0,186.36,54.04,0,186.36,54.04,Influencer,Mobile
ORD0005915,CUST01042,PROD0137,Home & Living,2024-01-05,2024-01,1,99.54,0,99.54,38.82,0,99.54,38.82,Influencer,Mobile
ORD0005916,CUST01042,PROD0008,Footwear,2022-03-18,2022-03,3,151.56,0,454.68,277.35,0,454.68,277.35,Influencer,Mobile
ORD0005917,CUST01042,PROD0164,Accessories,2023-08-16,2023-08,1,18.66,0,18.66,5.41,0,18.66,5.41,Influencer,Mobile
ORD0005918,CUST01042,PROD0152,Accessories,2022-02-13,2022-02,2,36.62,0,73.24,32.23,0,73.24,32.23,Influencer,Mobile
ORD0005919,CUST01042,PROD0097,Clothing,2023-06-18,2023-06,2,60.58,0,121.16,35.14,0,121.16,35.14,Influencer,Mobile
ORD0005920,CUST01042,PROD0013,Sports,2023-11-29,2023-11,3,147.02,0,441.06,172.01,0,441.06,172.01,Influencer,Mobile
ORD0005921,CUST01042,PROD0135,Beauty,2023-01-21,2023-01,2,31.76,0,63.52,39.38,0,63.52,39.38,Influencer,Mobile
ORD0005922,CUST01043,PROD0173,Footwear,2023-03-16,2023-03,3,87.72,0,263.16,113.16,0,263.16,113.16,Paid Social,Mobile
ORD0005923,CUST01043,PROD0186,Home & Living,2023-05-03,2023-05,2,126.59,0.05,240.52,69.75,0,240.52,69.75,Paid Social,Mobile
ORD0005924,CUST01043,PROD0035,Beauty,2023-03-18,2023-03,2,43.82,0,87.64,50.83,0,87.64,50.83,Paid Social,Mobile
ORD0005925,CUST01043,PROD0195,Accessories,2023-10-23,2023-10,3,33.68,0.05,95.99,58.55,0,95.99,58.55,Paid Social,Mobile
ORD0005926,CUST01043,PROD0021,Beauty,2023-06-13,2023-06,3,65.25,0.05,185.96,115.3,1,0.0,0.0,Paid Social,Mobile
ORD0005927,CUST01043,PROD0156,Sports,2023-07-06,2023-07,3,96.17,0,288.51,167.34,0,288.51,167.34,Paid Social,Mobile
ORD0005928,CUST01043,PROD0136,Accessories,2023-07-21,2023-07,1,78.97,0.05,75.02,27.76,0,75.02,27.76,Paid Social,Mobile
ORD0005929,CUST01044,PROD0168,Clothing,2023-07-19,2023-07,2,45.57,0,91.14,38.28,1,0.0,0.0,Paid Social,Desktop
ORD0005930,CUST01044,PROD0031,Footwear,2023-09-10,2023-09,1,42.93,0,42.93,18.89,0,42.93,18.89,Paid Social,Desktop
ORD0005931,CUST01044,PROD0140,Home & Living,2023-08-31,2023-08,3,34.26,0,102.78,56.53,0,102.78,56.53,Paid Social,Desktop
ORD0005932,CUST01044,PROD0185,Footwear,2024-01-29,2024-01,2,196.58,0.05,373.5,190.49,1,0.0,0.0,Paid Social,Desktop
ORD0005933,CUST01044,PROD0162,Home & Living,2024-02-11,2024-02,1,81.32,0.05,77.25,33.99,0,77.25,33.99,Paid Social,Desktop
ORD0005934,CUST01045,PROD0122,Home & Living,2023-11-16,2023-11,2,74.99,0,149.98,59.99,0,149.98,59.99,Direct,Desktop
ORD0005935,CUST01045,PROD0084,Accessories,2023-11-13,2023-11,3,45.9,0,137.7,38.56,0,137.7,38.56,Direct,Desktop
ORD0005936,CUST01045,PROD0112,Home & Living,2023-10-13,2023-10,2,48.0,0,96.0,54.72,0,96.0,54.72,Direct,Desktop
ORD0005937,CUST01045,PROD0122,Home & Living,2024-01-10,2024-01,1,74.99,0,74.99,30.0,1,0.0,0.0,Direct,Desktop
ORD0005938,CUST01045,PROD0051,Footwear,2023-12-27,2023-12,2,119.28,0,238.56,135.98,0,238.56,135.98,Direct,Desktop
ORD0005939,CUST01045,PROD0133,Clothing,2023-11-30,2023-11,3,70.11,0,210.33,119.89,0,210.33,119.89,Direct,Desktop
ORD0005940,CUST01045,PROD0189,Home & Living,2024-01-25,2024-01,1,100.23,0,100.23,61.14,0,100.23,61.14,Direct,Desktop
ORD0005941,CUST01045,PROD0039,Beauty,2024-01-11,2024-01,1,69.16,0,69.16,38.73,0,69.16,38.73,Direct,Desktop
ORD0005942,CUST01045,PROD0009,Sports,2023-12-12,2023-12,2,39.16,0,78.32,46.21,0,78.32,46.21,Direct,Desktop
ORD0005943,CUST01045,PROD0133,Clothing,2023-09-05,2023-09,1,70.11,0,70.11,39.96,0,70.11,39.96,Direct,Desktop
ORD0005944,CUST01046,PROD0057,Beauty,2023-11-24,2023-11,1,25.42,0,25.42,12.2,0,25.42,12.2,Direct,Mobile
ORD0005945,CUST01046,PROD0095,Accessories,2023-05-06,2023-05,1,33.53,0,33.53,19.11,0,33.53,19.11,Direct,Mobile
ORD0005946,CUST01046,PROD0012,Sports,2023-09-29,2023-09,1,146.79,0,146.79,52.84,0,146.79,52.84,Direct,Mobile
ORD0005947,CUST01046,PROD0116,Footwear,2023-03-20,2023-03,2,141.52,0,283.04,124.54,0,283.04,124.54,Direct,Mobile
ORD0005948,CUST01047,PROD0013,Sports,2022-04-25,2022-04,1,147.02,0.15,124.97,48.74,0,124.97,48.74,Email,Mobile
ORD0005949,CUST01047,PROD0134,Accessories,2022-09-05,2022-09,3,24.1,0.15,61.46,34.42,0,61.46,34.42,Email,Mobile
ORD0005950,CUST01047,PROD0053,Footwear,2022-08-06,2022-08,2,46.14,0.1,83.05,46.51,0,83.05,46.51,Email,Mobile
ORD0005951,CUST01047,PROD0001,Accessories,2023-12-02,2023-12,1,40.31,0.2,32.25,11.29,1,0.0,0.0,Email,Mobile
ORD0005952,CUST01047,PROD0193,Sports,2023-01-24,2023-01,3,95.75,0,287.25,91.92,0,287.25,91.92,Email,Mobile
ORD0005953,CUST01047,PROD0182,Accessories,2022-09-19,2022-09,3,22.63,0.15,57.71,21.93,0,57.71,21.93,Email,Mobile
ORD0005954,CUST01047,PROD0061,Home & Living,2023-05-23,2023-05,1,136.85,0.15,116.32,43.04,1,0.0,0.0,Email,Mobile
ORD0005955,CUST01047,PROD0100,Clothing,2024-03-17,2024-03,1,80.73,0.2,64.58,29.06,0,64.58,29.06,Email,Mobile
ORD0005956,CUST01048,PROD0161,Home & Living,2023-06-12,2023-06,2,33.22,0,66.44,39.2,0,66.44,39.2,Paid Social,Mobile
ORD0005957,CUST01048,PROD0118,Clothing,2024-03-23,2024-03,3,33.04,0.05,94.16,45.2,0,94.16,45.2,Paid Social,Mobile
ORD0005958,CUST01048,PROD0012,Sports,2022-09-30,2022-09,1,146.79,0,146.79,52.84,1,0.0,0.0,Paid Social,Mobile
ORD0005959,CUST01048,PROD0130,Home & Living,2024-03-01,2024-03,3,126.57,0,379.71,220.23,0,379.71,220.23,Paid Social,Mobile
ORD0005960,CUST01048,PROD0183,Clothing,2023-08-24,2023-08,3,78.37,0.05,223.35,134.01,0,223.35,134.01,Paid Social,Mobile
ORD0005961,CUST01048,PROD0006,Accessories,2024-01-16,2024-01,2,25.71,0.05,48.85,22.96,1,0.0,0.0,Paid Social,Mobile
ORD0005962,CUST01048,PROD0195,Accessories,2023-06-13,2023-06,2,33.68,0.05,63.99,39.03,0,63.99,39.03,Paid Social,Mobile
ORD0005963,CUST01049,PROD0138,Home & Living,2023-12-14,2023-12,3,126.57,0,379.71,170.87,1,0.0,0.0,Direct,Desktop
ORD0005964,CUST01049,PROD0102,Footwear,2023-10-25,2023-10,2,44.77,0,89.54,23.28,0,89.54,23.28,Direct,Desktop
ORD0005965,CUST01049,PROD0060,Footwear,2024-01-16,2024-01,3,104.31,0,312.93,90.75,0,312.93,90.75,Direct,Desktop
ORD0005966,CUST01049,PROD0059,Sports,2024-02-16,2024-02,1,76.4,0,76.4,38.96,0,76.4,38.96,Direct,Desktop
ORD0005967,CUST01049,PROD0167,Footwear,2023-11-25,2023-11,3,62.12,0,186.36,54.04,0,186.36,54.04,Direct,Desktop
ORD0005968,CUST01050,PROD0012,Sports,2023-10-23,2023-10,1,146.79,0,146.79,52.84,0,146.79,52.84,Direct,Mobile
ORD0005969,CUST01050,PROD0073,Sports,2024-02-09,2024-02,1,66.61,0,66.61,23.98,0,66.61,23.98,Direct,Mobile
ORD0005970,CUST01051,PROD0183,Clothing,2024-03-08,2024-03,2,78.37,0,156.74,94.04,0,156.74,94.04,Paid Social,Mobile
ORD0005971,CUST01051,PROD0083,Clothing,2023-03-10,2023-03,1,25.2,0,25.2,13.61,0,25.2,13.61,Paid Social,Mobile
ORD0005972,CUST01051,PROD0063,Accessories,2023-04-17,2023-04,1,72.45,0.05,68.83,23.4,0,68.83,23.4,Paid Social,Mobile
ORD0005973,CUST01052,PROD0143,Beauty,2023-01-03,2023-01,2,15.9,0,31.8,20.35,0,31.8,20.35,Influencer,Mobile
ORD0005974,CUST01052,PROD0115,Accessories,2023-06-17,2023-06,3,74.34,0,223.02,129.35,1,0.0,0.0,Influencer,Mobile
ORD0005975,CUST01052,PROD0193,Sports,2023-02-17,2023-02,3,95.75,0,287.25,91.92,0,287.25,91.92,Influencer,Mobile
ORD0005976,CUST01052,PROD0039,Beauty,2023-03-31,2023-03,3,69.16,0,207.48,116.19,0,207.48,116.19,Influencer,Mobile
ORD0005977,CUST01053,PROD0033,Sports,2023-02-27,2023-02,2,54.48,0,108.96,30.51,0,108.96,30.51,Direct,Mobile
ORD0005978,CUST01053,PROD0019,Beauty,2022-05-06,2022-05,3,17.13,0,51.39,22.61,0,51.39,22.61,Direct,Mobile
ORD0005979,CUST01053,PROD0026,Footwear,2022-06-08,2022-06,1,66.28,0,66.28,17.23,0,66.28,17.23,Direct,Mobile
ORD0005980,CUST01053,PROD0078,Accessories,2022-10-15,2022-10,3,83.84,0,251.52,150.91,1,0.0,0.0,Direct,Mobile
ORD0005981,CUST01053,PROD0197,Clothing,2022-05-09,2022-05,3,92.45,0,277.35,99.85,0,277.35,99.85,Direct,Mobile
ORD0005982,CUST01054,PROD0037,Clothing,2023-08-31,2023-08,2,99.72,0,199.44,75.79,0,199.44,75.79,Direct,Mobile
ORD0005983,CUST01054,PROD0151,Clothing,2023-11-09,2023-11,2,30.88,0,61.76,27.17,1,0.0,0.0,Direct,Mobile
ORD0005984,CUST01054,PROD0013,Sports,2023-08-23,2023-08,3,147.02,0,441.06,172.01,1,0.0,0.0,Direct,Mobile
ORD0005985,CUST01054,PROD0147,Home & Living,2024-02-09,2024-02,2,133.32,0,266.64,122.65,0,266.64,122.65,Direct,Mobile
ORD0005986,CUST01054,PROD0166,Clothing,2024-01-23,2024-01,3,87.15,0,261.45,162.1,0,261.45,162.1,Direct,Mobile
ORD0005987,CUST01054,PROD0129,Accessories,2024-02-02,2024-02,3,45.01,0,135.03,41.86,0,135.03,41.86,Direct,Mobile
ORD0005988,CUST01054,PROD0069,Beauty,2023-11-16,2023-11,2,52.71,0,105.42,63.25,1,0.0,0.0,Direct,Mobile
ORD0005989,CUST01055,PROD0066,Footwear,2023-10-10,2023-10,2,151.36,0,302.72,87.79,0,302.72,87.79,Organic Search,Desktop
ORD0005990,CUST01055,PROD0164,Accessories,2023-04-17,2023-04,2,18.66,0,37.32,10.82,1,0.0,0.0,Organic Search,Desktop
ORD0005991,CUST01055,PROD0067,Clothing,2023-10-06,2023-10,2,47.62,0,95.24,30.48,0,95.24,30.48,Organic Search,Desktop
ORD0005992,CUST01055,PROD0148,Beauty,2023-04-30,2023-04,1,56.54,0,56.54,31.1,1,0.0,0.0,Organic Search,Desktop
ORD0005993,CUST01055,PROD0157,Sports,2023-08-31,2023-08,2,101.12,0,202.24,84.94,0,202.24,84.94,Organic Search,Desktop
ORD0005994,CUST01055,PROD0040,Beauty,2023-08-20,2023-08,3,42.24,0,126.72,51.96,0,126.72,51.96,Organic Search,Desktop
ORD0005995,CUST01055,PROD0134,Accessories,2024-03-16,2024-03,3,24.1,0,72.3,40.49,0,72.3,40.49,Organic Search,Desktop
ORD0005996,CUST01055,PROD0067,Clothing,2023-07-31,2023-07,2,47.62,0,95.24,30.48,0,95.24,30.48,Organic Search,Desktop
ORD0005997,CUST01056,PROD0039,Beauty,2023-05-09,2023-05,1,69.16,0,69.16,38.73,1,0.0,0.0,Direct,Mobile
ORD0005998,CUST01057,PROD0080,Sports,2022-11-16,2022-11,2,42.1,0.1,75.78,37.89,0,75.78,37.89,Email,Mobile
ORD0005999,CUST01057,PROD0039,Beauty,2023-09-29,2023-09,2,69.16,0,138.32,77.46,1,0.0,0.0,Email,Mobile
ORD0006000,CUST01057,PROD0094,Home & Living,2023-05-14,2023-05,1,56.47,0.1,50.82,32.02,0,50.82,32.02,Email,Mobile
ORD0006001,CUST01058,PROD0057,Beauty,2024-03-11,2024-03,3,25.42,0,76.26,36.6,0,76.26,36.6,Direct,Desktop
ORD0006002,CUST01058,PROD0092,Beauty,2023-10-01,2023-10,3,19.38,0,58.14,18.6,0,58.14,18.6,Direct,Desktop
ORD0006003,CUST01058,PROD0107,Clothing,2024-03-05,2024-03,3,91.09,0,273.27,169.43,1,0.0,0.0,Direct,Desktop
ORD0006004,CUST01058,PROD0135,Beauty,2024-03-02,2024-03,2,31.76,0,63.52,39.38,1,0.0,0.0,Direct,Desktop
ORD0006005,CUST01058,PROD0163,Beauty,2023-12-28,2023-12,3,20.18,0,60.54,29.06,0,60.54,29.06,Direct,Desktop
ORD0006006,CUST01058,PROD0084,Accessories,2023-12-26,2023-12,1,45.9,0,45.9,12.85,0,45.9,12.85,Direct,Desktop
ORD0006007,CUST01058,PROD0170,Beauty,2023-09-30,2023-09,1,69.97,0,69.97,44.78,0,69.97,44.78,Direct,Desktop
ORD0006008,CUST01058,PROD0006,Accessories,2023-10-14,2023-10,3,25.71,0,77.13,36.25,0,77.13,36.25,Direct,Desktop
ORD0006009,CUST01059,PROD0151,Clothing,2023-02-25,2023-02,3,30.88,0.1,83.38,36.69,0,83.38,36.69,Paid Social,Mobile
ORD0006010,CUST01059,PROD0124,Beauty,2023-03-15,2023-03,3,20.18,0.1,54.49,25.61,0,54.49,25.61,Paid Social,Mobile
ORD0006011,CUST01059,PROD0163,Beauty,2022-10-18,2022-10,3,20.18,0,60.54,29.06,1,0.0,0.0,Paid Social,Mobile
ORD0006012,CUST01060,PROD0150,Beauty,2023-05-03,2023-05,3,24.66,0.2,59.18,29.0,1,0.0,0.0,Email,Desktop
ORD0006013,CUST01060,PROD0008,Footwear,2022-10-06,2022-10,3,151.56,0.15,386.48,235.75,1,0.0,0.0,Email,Desktop
ORD0006014,CUST01060,PROD0076,Clothing,2022-07-22,2022-07,2,54.02,0.15,91.83,28.47,0,91.83,28.47,Email,Desktop
ORD0006015,CUST01060,PROD0198,Sports,2023-07-14,2023-07,1,59.63,0,59.63,25.04,1,0.0,0.0,Email,Desktop
ORD0006016,CUST01060,PROD0078,Accessories,2022-05-18,2022-05,2,83.84,0,167.68,100.61,1,0.0,0.0,Email,Desktop
ORD0006017,CUST01061,PROD0006,Accessories,2023-10-02,2023-10,1,25.71,0,25.71,12.08,0,25.71,12.08,Paid Social,Mobile
ORD0006018,CUST01061,PROD0078,Accessories,2023-06-04,2023-06,3,83.84,0,251.52,150.91,0,251.52,150.91,Paid Social,Mobile
ORD0006019,CUST01061,PROD0073,Sports,2024-03-25,2024-03,1,66.61,0.1,59.95,21.58,0,59.95,21.58,Paid Social,Mobile
ORD0006020,CUST01061,PROD0165,Footwear,2024-02-14,2024-02,2,116.35,0.1,209.43,134.04,0,209.43,134.04,Paid Social,Mobile
ORD0006021,CUST01061,PROD0040,Beauty,2023-11-05,2023-11,2,42.24,0,84.48,34.64,0,84.48,34.64,Paid Social,Mobile
ORD0006022,CUST01061,PROD0109,Sports,2024-02-09,2024-02,1,60.91,0.05,57.86,17.94,0,57.86,17.94,Paid Social,Mobile
ORD0006023,CUST01061,PROD0096,Sports,2023-09-10,2023-09,2,59.98,0,119.96,76.77,1,0.0,0.0,Paid Social,Mobile
ORD0006024,CUST01062,PROD0148,Beauty,2023-12-26,2023-12,1,56.54,0,56.54,31.1,0,56.54,31.1,Organic Search,Mobile
ORD0006025,CUST01062,PROD0056,Home & Living,2023-11-02,2023-11,1,70.19,0,70.19,37.9,0,70.19,37.9,Organic Search,Mobile
ORD0006026,CUST01062,PROD0085,Accessories,2024-02-07,2024-02,1,53.78,0,53.78,25.81,0,53.78,25.81,Organic Search,Mobile
ORD0006027,CUST01062,PROD0130,Home & Living,2023-07-06,2023-07,3,126.57,0,379.71,220.23,0,379.71,220.23,Organic Search,Mobile
ORD0006028,CUST01062,PROD0011,Sports,2023-11-08,2023-11,2,85.35,0,170.7,47.8,0,170.7,47.8,Organic Search,Mobile
ORD0006029,CUST01062,PROD0175,Footwear,2024-01-31,2024-01,1,69.53,0,69.53,20.86,0,69.53,20.86,Organic Search,Mobile
ORD0006030,CUST01062,PROD0162,Home & Living,2023-06-03,2023-06,2,81.32,0,162.64,71.56,1,0.0,0.0,Organic Search,Mobile
ORD0006031,CUST01062,PROD0177,Accessories,2023-10-11,2023-10,2,31.44,0,62.88,23.89,0,62.88,23.89,Organic Search,Mobile
ORD0006032,CUST01062,PROD0136,Accessories,2023-07-24,2023-07,3,78.97,0,236.91,87.66,0,236.91,87.66,Organic Search,Mobile
ORD0006033,CUST01063,PROD0187,Clothing,2023-11-06,2023-11,2,104.59,0,209.18,92.04,1,0.0,0.0,Paid Social,Desktop
ORD0006034,CUST01063,PROD0161,Home & Living,2023-11-26,2023-11,3,33.22,0.1,89.69,52.92,0,89.69,52.92,Paid Social,Desktop
ORD0006035,CUST01063,PROD0100,Clothing,2024-01-07,2024-01,3,80.73,0,242.19,108.99,0,242.19,108.99,Paid Social,Desktop
ORD0006036,CUST01063,PROD0195,Accessories,2022-10-27,2022-10,2,33.68,0.05,63.99,39.03,0,63.99,39.03,Paid Social,Desktop
ORD0006037,CUST01063,PROD0192,Sports,2023-05-31,2023-05,1,82.92,0,82.92,43.12,0,82.92,43.12,Paid Social,Desktop
ORD0006038,CUST01063,PROD0151,Clothing,2023-05-22,2023-05,3,30.88,0,92.64,40.76,1,0.0,0.0,Paid Social,Desktop
ORD0006039,CUST01063,PROD0191,Accessories,2023-09-19,2023-09,2,42.93,0,85.86,42.07,0,85.86,42.07,Paid Social,Desktop
ORD0006040,CUST01064,PROD0044,Footwear,2023-04-26,2023-04,1,185.76,0.1,167.18,81.92,0,167.18,81.92,Referral,Desktop
ORD0006041,CUST01064,PROD0086,Clothing,2024-01-06,2024-01,3,82.15,0.1,221.81,126.43,0,221.81,126.43,Referral,Desktop
ORD0006042,CUST01064,PROD0012,Sports,2023-04-04,2023-04,3,146.79,0,440.37,158.53,0,440.37,158.53,Referral,Desktop
ORD0006043,CUST01064,PROD0048,Home & Living,2023-12-21,2023-12,2,96.14,0.1,173.05,109.02,0,173.05,109.02,Referral,Desktop
ORD0006044,CUST01065,PROD0184,Sports,2024-03-12,2024-03,2,135.08,0.05,256.65,69.3,0,256.65,69.3,Paid Social,Desktop
ORD0006045,CUST01065,PROD0021,Beauty,2022-02-04,2022-02,1,65.25,0,65.25,40.45,1,0.0,0.0,Paid Social,Desktop
ORD0006046,CUST01065,PROD0183,Clothing,2023-03-22,2023-03,1,78.37,0.1,70.53,42.32,0,70.53,42.32,Paid Social,Desktop
ORD0006047,CUST01065,PROD0087,Home & Living,2023-09-13,2023-09,3,45.63,0.05,130.05,75.43,0,130.05,75.43,Paid Social,Desktop
ORD0006048,CUST01065,PROD0076,Clothing,2023-05-17,2023-05,1,54.02,0.1,48.62,15.07,1,0.0,0.0,Paid Social,Desktop
ORD0006049,CUST01065,PROD0099,Home & Living,2023-02-15,2023-02,2,113.39,0.05,215.44,79.71,0,215.44,79.71,Paid Social,Desktop
ORD0006050,CUST01065,PROD0106,Footwear,2023-05-29,2023-05,3,188.1,0,564.3,242.65,0,564.3,242.65,Paid Social,Desktop
ORD0006051,CUST01065,PROD0177,Accessories,2023-01-14,2023-01,2,31.44,0,62.88,23.89,1,0.0,0.0,Paid Social,Desktop
ORD0006052,CUST01065,PROD0191,Accessories,2023-10-02,2023-10,1,42.93,0,42.93,21.04,0,42.93,21.04,Paid Social,Desktop
ORD0006053,CUST01065,PROD0056,Home & Living,2022-04-15,2022-04,1,70.19,0.1,63.17,34.11,0,63.17,34.11,Paid Social,Desktop
ORD0006054,CUST01065,PROD0200,Footwear,2023-10-19,2023-10,2,43.07,0,86.14,49.1,0,86.14,49.1,Paid Social,Desktop
ORD0006055,CUST01066,PROD0042,Home & Living,2024-03-02,2024-03,2,61.51,0,123.02,34.45,0,123.02,34.45,Influencer,Mobile
ORD0006056,CUST01066,PROD0194,Accessories,2024-03-15,2024-03,3,80.84,0,242.52,123.69,1,0.0,0.0,Influencer,Mobile
ORD0006057,CUST01066,PROD0161,Home & Living,2023-12-13,2023-12,1,33.22,0,33.22,19.6,0,33.22,19.6,Influencer,Mobile
ORD0006058,CUST01067,PROD0175,Footwear,2024-01-24,2024-01,1,69.53,0,69.53,20.86,0,69.53,20.86,Paid Social,Tablet
ORD0006059,CUST01067,PROD0091,Beauty,2023-08-17,2023-08,3,39.11,0,117.33,46.93,1,0.0,0.0,Paid Social,Tablet
ORD0006060,CUST01067,PROD0044,Footwear,2023-10-13,2023-10,3,185.76,0,557.28,273.07,1,0.0,0.0,Paid Social,Tablet
ORD0006061,CUST01067,PROD0125,Sports,2023-09-13,2023-09,1,126.04,0.1,113.44,44.24,0,113.44,44.24,Paid Social,Tablet
ORD0006062,CUST01067,PROD0091,Beauty,2023-10-07,2023-10,3,39.11,0.1,105.6,42.24,0,105.6,42.24,Paid Social,Tablet
ORD0006063,CUST01068,PROD0043,Footwear,2023-03-13,2023-03,1,62.01,0,62.01,38.45,0,62.01,38.45,Email,Tablet
ORD0006064,CUST01068,PROD0109,Sports,2023-06-24,2023-06,1,60.91,0.1,54.82,16.99,0,54.82,16.99,Email,Tablet
ORD0006065,CUST01068,PROD0070,Home & Living,2023-02-11,2023-02,2,75.93,0,151.86,89.6,0,151.86,89.6,Email,Tablet
ORD0006066,CUST01068,PROD0024,Beauty,2022-12-20,2022-12,1,20.35,0.1,18.32,7.51,0,18.32,7.51,Email,Tablet
ORD0006067,CUST01068,PROD0161,Home & Living,2023-04-25,2023-04,3,33.22,0,99.66,58.8,0,99.66,58.8,Email,Tablet
ORD0006068,CUST01069,PROD0012,Sports,2024-02-04,2024-02,2,146.79,0,293.58,105.69,1,0.0,0.0,Direct,Desktop
ORD0006069,CUST01069,PROD0160,Accessories,2024-03-28,2024-03,2,31.12,0,62.24,34.85,0,62.24,34.85,Direct,Desktop
ORD0006070,CUST01069,PROD0061,Home & Living,2023-01-02,2023-01,1,136.85,0,136.85,50.63,0,136.85,50.63,Direct,Desktop
ORD0006071,CUST01069,PROD0136,Accessories,2023-04-21,2023-04,1,78.97,0,78.97,29.22,0,78.97,29.22,Direct,Desktop
ORD0006072,CUST01069,PROD0090,Home & Living,2024-03-21,2024-03,1,99.94,0,99.94,62.96,0,99.94,62.96,Direct,Desktop
ORD0006073,CUST01069,PROD0096,Sports,2023-06-20,2023-06,1,59.98,0,59.98,38.39,1,0.0,0.0,Direct,Desktop
ORD0006074,CUST01070,PROD0018,Clothing,2024-03-13,2024-03,2,45.54,0.1,81.97,36.89,0,81.97,36.89,Referral,Mobile
ORD0006075,CUST01070,PROD0120,Home & Living,2024-01-01,2024-01,2,118.52,0.1,213.34,66.14,0,213.34,66.14,Referral,Mobile
ORD0006076,CUST01070,PROD0078,Accessories,2023-08-27,2023-08,3,83.84,0,251.52,150.91,0,251.52,150.91,Referral,Mobile
ORD0006077,CUST01070,PROD0185,Footwear,2024-01-01,2024-01,3,196.58,0,589.74,300.77,0,589.74,300.77,Referral,Mobile
ORD0006078,CUST01070,PROD0173,Footwear,2023-09-03,2023-09,1,87.72,0,87.72,37.72,0,87.72,37.72,Referral,Mobile
ORD0006079,CUST01071,PROD0156,Sports,2022-11-17,2022-11,2,96.17,0,192.34,111.56,0,192.34,111.56,Paid Social,Mobile
ORD0006080,CUST01071,PROD0054,Sports,2022-10-16,2022-10,2,142.4,0,284.8,142.4,1,0.0,0.0,Paid Social,Mobile
ORD0006081,CUST01071,PROD0194,Accessories,2022-05-07,2022-05,1,80.84,0.1,72.76,37.11,0,72.76,37.11,Paid Social,Mobile
ORD0006082,CUST01071,PROD0150,Beauty,2024-02-10,2024-02,1,24.66,0,24.66,12.08,1,0.0,0.0,Paid Social,Mobile
ORD0006083,CUST01071,PROD0022,Sports,2022-09-08,2022-09,2,30.09,0.1,54.16,30.87,1,0.0,0.0,Paid Social,Mobile
ORD0006084,CUST01071,PROD0013,Sports,2024-02-19,2024-02,2,147.02,0.05,279.34,108.94,0,279.34,108.94,Paid Social,Mobile
ORD0006085,CUST01071,PROD0192,Sports,2022-10-26,2022-10,3,82.92,0.05,236.32,122.89,0,236.32,122.89,Paid Social,Mobile
ORD0006086,CUST01072,PROD0007,Beauty,2022-07-17,2022-07,2,25.48,0.1,45.86,15.13,0,45.86,15.13,Email,Desktop
ORD0006087,CUST01072,PROD0158,Home & Living,2024-01-13,2024-01,1,50.83,0.15,43.21,20.31,0,43.21,20.31,Email,Desktop
ORD0006088,CUST01072,PROD0080,Sports,2023-02-16,2023-02,3,42.1,0.2,101.04,50.52,0,101.04,50.52,Email,Desktop
ORD0006089,CUST01072,PROD0181,Home & Living,2023-06-20,2023-06,1,68.65,0,68.65,39.13,0,68.65,39.13,Email,Desktop
ORD0006090,CUST01072,PROD0004,Accessories,2024-02-04,2024-02,3,19.48,0.15,49.67,31.29,0,49.67,31.29,Email,Desktop
ORD0006091,CUST01072,PROD0132,Home & Living,2023-06-07,2023-06,3,31.95,0,95.85,55.59,1,0.0,0.0,Email,Desktop
ORD0006092,CUST01072,PROD0183,Clothing,2023-02-21,2023-02,1,78.37,0.1,70.53,42.32,1,0.0,0.0,Email,Desktop
ORD0006093,CUST01072,PROD0135,Beauty,2023-01-11,2023-01,3,31.76,0.1,85.75,53.16,0,85.75,53.16,Email,Desktop
ORD0006094,CUST01072,PROD0052,Clothing,2023-08-03,2023-08,3,61.19,0.15,156.03,45.25,0,156.03,45.25,Email,Desktop
ORD0006095,CUST01073,PROD0088,Accessories,2024-01-24,2024-01,3,42.05,0.1,113.53,42.01,0,113.53,42.01,Email,Tablet
ORD0006096,CUST01073,PROD0171,Clothing,2024-02-29,2024-02,1,49.46,0.2,39.57,9.89,0,39.57,9.89,Email,Tablet
ORD0006097,CUST01073,PROD0119,Beauty,2023-08-16,2023-08,2,20.14,0,40.28,14.5,0,40.28,14.5,Email,Tablet
ORD0006098,CUST01073,PROD0085,Accessories,2023-12-26,2023-12,2,53.78,0.1,96.8,46.46,0,96.8,46.46,Email,Tablet
ORD0006099,CUST01073,PROD0042,Home & Living,2024-03-01,2024-03,3,61.51,0.1,166.08,46.5,1,0.0,0.0,Email,Tablet
ORD0006100,CUST01074,PROD0138,Home & Living,2022-08-12,2022-08,1,126.57,0.05,120.24,54.11,0,120.24,54.11,Paid Social,Mobile
ORD0006101,CUST01074,PROD0074,Beauty,2023-08-09,2023-08,2,52.12,0.1,93.82,24.39,0,93.82,24.39,Paid Social,Mobile
ORD0006102,CUST01075,PROD0090,Home & Living,2023-11-07,2023-11,2,99.94,0,199.88,125.92,0,199.88,125.92,Organic Search,Mobile
ORD0006103,CUST01075,PROD0008,Footwear,2023-11-08,2023-11,1,151.56,0,151.56,92.45,0,151.56,92.45,Organic Search,Mobile
ORD0006104,CUST01075,PROD0013,Sports,2023-06-06,2023-06,3,147.02,0,441.06,172.01,0,441.06,172.01,Organic Search,Mobile
ORD0006105,CUST01076,PROD0060,Footwear,2023-11-28,2023-11,3,104.31,0,312.93,90.75,0,312.93,90.75,Influencer,Desktop
ORD0006106,CUST01076,PROD0002,Clothing,2022-11-08,2022-11,2,48.81,0,97.62,61.5,1,0.0,0.0,Influencer,Desktop
ORD0006107,CUST01076,PROD0098,Home & Living,2022-11-13,2022-11,3,101.77,0,305.31,128.23,0,305.31,128.23,Influencer,Desktop
ORD0006108,CUST01076,PROD0149,Beauty,2022-12-17,2022-12,2,65.53,0,131.06,68.15,0,131.06,68.15,Influencer,Desktop
ORD0006109,CUST01076,PROD0049,Home & Living,2023-10-08,2023-10,3,60.55,0,181.65,70.84,0,181.65,70.84,Influencer,Desktop
ORD0006110,CUST01076,PROD0025,Footwear,2023-11-20,2023-11,2,78.3,0,156.6,51.68,0,156.6,51.68,Influencer,Desktop
ORD0006111,CUST01077,PROD0115,Accessories,2023-01-23,2023-01,1,74.34,0,74.34,43.12,0,74.34,43.12,Email,Mobile
ORD0006112,CUST01077,PROD0098,Home & Living,2023-06-26,2023-06,1,101.77,0.1,91.59,38.47,0,91.59,38.47,Email,Mobile
ORD0006113,CUST01077,PROD0126,Sports,2022-12-25,2022-12,1,92.2,0,92.2,59.01,0,92.2,59.01,Email,Mobile
ORD0006114,CUST01077,PROD0047,Footwear,2023-07-21,2023-07,3,144.43,0.15,368.3,143.64,0,368.3,143.64,Email,Mobile
ORD0006115,CUST01077,PROD0004,Accessories,2022-10-25,2022-10,3,19.48,0.15,49.67,31.29,1,0.0,0.0,Email,Mobile
ORD0006116,CUST01077,PROD0053,Footwear,2023-03-15,2023-03,2,46.14,0.1,83.05,46.51,1,0.0,0.0,Email,Mobile
ORD0006117,CUST01077,PROD0150,Beauty,2023-07-02,2023-07,1,24.66,0,24.66,12.08,0,24.66,12.08,Email,Mobile
ORD0006118,CUST01077,PROD0090,Home & Living,2023-08-23,2023-08,1,99.94,0,99.94,62.96,0,99.94,62.96,Email,Mobile
ORD0006119,CUST01078,PROD0194,Accessories,2022-12-07,2022-12,1,80.84,0,80.84,41.23,0,80.84,41.23,Direct,Mobile
ORD0006120,CUST01078,PROD0191,Accessories,2022-11-15,2022-11,1,42.93,0,42.93,21.04,0,42.93,21.04,Direct,Mobile
ORD0006121,CUST01078,PROD0046,Sports,2024-03-30,2024-03,1,44.39,0,44.39,23.53,0,44.39,23.53,Direct,Mobile
ORD0006122,CUST01078,PROD0101,Footwear,2023-11-13,2023-11,2,191.81,0,383.62,168.79,0,383.62,168.79,Direct,Mobile
ORD0006123,CUST01079,PROD0043,Footwear,2023-02-22,2023-02,1,62.01,0,62.01,38.45,0,62.01,38.45,Organic Search,Desktop
ORD0006124,CUST01079,PROD0099,Home & Living,2022-11-27,2022-11,1,113.39,0,113.39,41.95,0,113.39,41.95,Organic Search,Desktop
ORD0006125,CUST01079,PROD0096,Sports,2023-09-10,2023-09,3,59.98,0,179.94,115.16,0,179.94,115.16,Organic Search,Desktop
ORD0006126,CUST01079,PROD0055,Sports,2023-02-18,2023-02,1,136.99,0,136.99,39.73,0,136.99,39.73,Organic Search,Desktop
ORD0006127,CUST01079,PROD0108,Accessories,2022-03-10,2022-03,2,82.14,0,164.28,49.28,0,164.28,49.28,Organic Search,Desktop
ORD0006128,CUST01080,PROD0147,Home & Living,2024-02-12,2024-02,1,133.32,0,133.32,61.33,1,0.0,0.0,Direct,Mobile
ORD0006129,CUST01080,PROD0183,Clothing,2023-05-10,2023-05,1,78.37,0,78.37,47.02,0,78.37,47.02,Direct,Mobile
ORD0006130,CUST01080,PROD0172,Beauty,2023-03-29,2023-03,3,19.11,0,57.33,24.65,0,57.33,24.65,Direct,Mobile
ORD0006131,CUST01080,PROD0195,Accessories,2023-02-22,2023-02,1,33.68,0,33.68,20.54,1,0.0,0.0,Direct,Mobile
ORD0006132,CUST01080,PROD0138,Home & Living,2023-07-19,2023-07,2,126.57,0,253.14,113.91,1,0.0,0.0,Direct,Mobile
ORD0006133,CUST01080,PROD0179,Footwear,2023-04-18,2023-04,3,56.4,0,169.2,104.9,0,169.2,104.9,Direct,Mobile
ORD0006134,CUST01080,PROD0187,Clothing,2023-10-23,2023-10,2,104.59,0,209.18,92.04,0,209.18,92.04,Direct,Mobile
ORD0006135,CUST01080,PROD0050,Home & Living,2023-04-29,2023-04,3,120.87,0,362.61,97.9,0,362.61,97.9,Direct,Mobile
ORD0006136,CUST01080,PROD0153,Accessories,2023-04-03,2023-04,2,85.5,0,171.0,95.76,0,171.0,95.76,Direct,Mobile
ORD0006137,CUST01080,PROD0110,Footwear,2023-09-21,2023-09,2,106.03,0,212.06,114.51,1,0.0,0.0,Direct,Mobile
ORD0006138,CUST01081,PROD0157,Sports,2023-07-15,2023-07,3,101.12,0,303.36,127.41,0,303.36,127.41,Organic Search,Desktop
ORD0006139,CUST01081,PROD0168,Clothing,2024-02-12,2024-02,2,45.57,0,91.14,38.28,0,91.14,38.28,Organic Search,Desktop
ORD0006140,CUST01081,PROD0186,Home & Living,2024-03-03,2024-03,1,126.59,0,126.59,36.71,0,126.59,36.71,Organic Search,Desktop
ORD0006141,CUST01081,PROD0026,Footwear,2024-01-08,2024-01,2,66.28,0,132.56,34.47,0,132.56,34.47,Organic Search,Desktop
ORD0006142,CUST01081,PROD0158,Home & Living,2023-12-23,2023-12,1,50.83,0,50.83,23.89,0,50.83,23.89,Organic Search,Desktop
ORD0006143,CUST01081,PROD0051,Footwear,2023-10-18,2023-10,3,119.28,0,357.84,203.97,1,0.0,0.0,Organic Search,Desktop
ORD0006144,CUST01082,PROD0156,Sports,2023-07-26,2023-07,1,96.17,0,96.17,55.78,0,96.17,55.78,Referral,Mobile
ORD0006145,CUST01082,PROD0139,Home & Living,2023-03-06,2023-03,2,121.16,0,242.32,145.39,1,0.0,0.0,Referral,Mobile
ORD0006146,CUST01082,PROD0113,Home & Living,2023-07-07,2023-07,1,30.82,0.1,27.74,14.7,0,27.74,14.7,Referral,Mobile
ORD0006147,CUST01082,PROD0085,Accessories,2023-05-30,2023-05,1,53.78,0,53.78,25.81,0,53.78,25.81,Referral,Mobile
ORD0006148,CUST01082,PROD0196,Sports,2023-03-29,2023-03,2,92.93,0.1,167.27,103.71,0,167.27,103.71,Referral,Mobile
ORD0006149,CUST01082,PROD0115,Accessories,2023-03-13,2023-03,2,74.34,0,148.68,86.23,0,148.68,86.23,Referral,Mobile
ORD0006150,CUST01082,PROD0093,Footwear,2023-06-17,2023-06,3,85.42,0,256.26,146.07,1,0.0,0.0,Referral,Mobile
ORD0006151,CUST01082,PROD0033,Sports,2023-10-29,2023-10,1,54.48,0.1,49.03,13.73,0,49.03,13.73,Referral,Mobile
ORD0006152,CUST01082,PROD0109,Sports,2023-04-23,2023-04,3,60.91,0,182.73,56.65,1,0.0,0.0,Referral,Mobile
ORD0006153,CUST01083,PROD0030,Beauty,2024-01-25,2024-01,3,30.52,0,91.56,32.96,0,91.56,32.96,Direct,Mobile
ORD0006154,CUST01083,PROD0079,Footwear,2023-09-14,2023-09,3,67.68,0,203.04,85.28,0,203.04,85.28,Direct,Mobile
ORD0006155,CUST01083,PROD0122,Home & Living,2022-12-02,2022-12,2,74.99,0,149.98,59.99,0,149.98,59.99,Direct,Mobile
ORD0006156,CUST01083,PROD0077,Footwear,2023-12-19,2023-12,1,66.48,0,66.48,29.92,0,66.48,29.92,Direct,Mobile
ORD0006157,CUST01083,PROD0187,Clothing,2022-09-13,2022-09,3,104.59,0,313.77,138.06,0,313.77,138.06,Direct,Mobile
ORD0006158,CUST01083,PROD0186,Home & Living,2023-03-28,2023-03,3,126.59,0,379.77,110.13,0,379.77,110.13,Direct,Mobile
ORD0006159,CUST01083,PROD0003,Footwear,2022-12-22,2022-12,1,63.28,0,63.28,31.64,0,63.28,31.64,Direct,Mobile
ORD0006160,CUST01083,PROD0189,Home & Living,2024-01-27,2024-01,3,100.23,0,300.69,183.42,1,0.0,0.0,Direct,Mobile
ORD0006161,CUST01083,PROD0150,Beauty,2023-12-11,2023-12,2,24.66,0,49.32,24.17,0,49.32,24.17,Direct,Mobile
ORD0006162,CUST01083,PROD0061,Home & Living,2023-08-06,2023-08,1,136.85,0,136.85,50.63,0,136.85,50.63,Direct,Mobile
ORD0006163,CUST01083,PROD0004,Accessories,2023-02-09,2023-02,2,19.48,0,38.96,24.54,0,38.96,24.54,Direct,Mobile
ORD0006164,CUST01083,PROD0173,Footwear,2022-08-05,2022-08,2,87.72,0,175.44,75.44,0,175.44,75.44,Direct,Mobile
ORD0006165,CUST01083,PROD0003,Footwear,2023-11-20,2023-11,1,63.28,0,63.28,31.64,0,63.28,31.64,Direct,Mobile
ORD0006166,CUST01084,PROD0040,Beauty,2023-11-18,2023-11,3,42.24,0,126.72,51.96,1,0.0,0.0,Email,Mobile
ORD0006167,CUST01084,PROD0087,Home & Living,2023-09-07,2023-09,1,45.63,0.1,41.07,23.82,0,41.07,23.82,Email,Mobile
ORD0006168,CUST01084,PROD0122,Home & Living,2023-06-08,2023-06,2,74.99,0,149.98,59.99,0,149.98,59.99,Email,Mobile
ORD0006169,CUST01084,PROD0129,Accessories,2023-06-13,2023-06,2,45.01,0.15,76.52,23.72,1,0.0,0.0,Email,Mobile
ORD0006170,CUST01084,PROD0200,Footwear,2024-03-21,2024-03,2,43.07,0.15,73.22,41.74,1,0.0,0.0,Email,Mobile
ORD0006171,CUST01084,PROD0176,Home & Living,2024-03-10,2024-03,2,51.13,0.2,81.81,22.91,0,81.81,22.91,Email,Mobile
ORD0006172,CUST01084,PROD0056,Home & Living,2023-10-19,2023-10,1,70.19,0,70.19,37.9,0,70.19,37.9,Email,Mobile
ORD0006173,CUST01084,PROD0125,Sports,2023-12-05,2023-12,3,126.04,0,378.12,147.47,0,378.12,147.47,Email,Mobile
ORD0006174,CUST01084,PROD0057,Beauty,2023-03-13,2023-03,3,25.42,0,76.26,36.6,0,76.26,36.6,Email,Mobile
ORD0006175,CUST01084,PROD0086,Clothing,2023-03-18,2023-03,3,82.15,0,246.45,140.48,1,0.0,0.0,Email,Mobile
ORD0006176,CUST01084,PROD0074,Beauty,2023-01-18,2023-01,3,52.12,0.15,132.91,34.56,0,132.91,34.56,Email,Mobile
ORD0006177,CUST01084,PROD0102,Footwear,2023-10-30,2023-10,1,44.77,0,44.77,11.64,0,44.77,11.64,Email,Mobile
ORD0006178,CUST01085,PROD0153,Accessories,2024-01-19,2024-01,2,85.5,0,171.0,95.76,0,171.0,95.76,Influencer,Desktop
ORD0006179,CUST01086,PROD0057,Beauty,2023-07-28,2023-07,1,25.42,0,25.42,12.2,0,25.42,12.2,Paid Social,Tablet
ORD0006180,CUST01086,PROD0130,Home & Living,2023-05-08,2023-05,2,126.57,0,253.14,146.82,0,253.14,146.82,Paid Social,Tablet
ORD0006181,CUST01086,PROD0078,Accessories,2024-03-27,2024-03,1,83.84,0,83.84,50.3,0,83.84,50.3,Paid Social,Tablet
ORD0006182,CUST01086,PROD0040,Beauty,2024-02-01,2024-02,2,42.24,0.05,80.26,32.91,1,0.0,0.0,Paid Social,Tablet
ORD0006183,CUST01086,PROD0124,Beauty,2023-03-15,2023-03,1,20.18,0.05,19.17,9.01,0,19.17,9.01,Paid Social,Tablet
ORD0006184,CUST01086,PROD0197,Clothing,2023-01-14,2023-01,1,92.45,0,92.45,33.28,0,92.45,33.28,Paid Social,Tablet
ORD0006185,CUST01087,PROD0125,Sports,2023-03-15,2023-03,2,126.04,0.15,214.27,83.57,1,0.0,0.0,Email,Desktop
ORD0006186,CUST01087,PROD0133,Clothing,2023-12-08,2023-12,2,70.11,0,140.22,79.93,1,0.0,0.0,Email,Desktop
ORD0006187,CUST01087,PROD0164,Accessories,2023-10-15,2023-10,1,18.66,0.1,16.79,4.87,0,16.79,4.87,Email,Desktop
ORD0006188,CUST01087,PROD0043,Footwear,2024-03-16,2024-03,2,62.01,0,124.02,76.89,1,0.0,0.0,Email,Desktop
ORD0006189,CUST01087,PROD0098,Home & Living,2023-04-27,2023-04,1,101.77,0,101.77,42.74,0,101.77,42.74,Email,Desktop
ORD0006190,CUST01087,PROD0102,Footwear,2023-05-17,2023-05,1,44.77,0,44.77,11.64,0,44.77,11.64,Email,Desktop
ORD0006191,CUST01087,PROD0120,Home & Living,2022-12-04,2022-12,3,118.52,0.1,320.0,99.2,0,320.0,99.2,Email,Desktop
ORD0006192,CUST01088,PROD0066,Footwear,2023-09-03,2023-09,3,151.36,0,454.08,131.68,0,454.08,131.68,Organic Search,Mobile
ORD0006193,CUST01088,PROD0011,Sports,2023-10-05,2023-10,1,85.35,0,85.35,23.9,0,85.35,23.9,Organic Search,Mobile
ORD0006194,CUST01088,PROD0176,Home & Living,2022-11-11,2022-11,2,51.13,0,102.26,28.63,0,102.26,28.63,Organic Search,Mobile
ORD0006195,CUST01089,PROD0065,Accessories,2023-01-14,2023-01,3,54.38,0,163.14,70.15,0,163.14,70.15,Organic Search,Desktop
ORD0006196,CUST01089,PROD0177,Accessories,2022-11-28,2022-11,1,31.44,0,31.44,11.95,1,0.0,0.0,Organic Search,Desktop
ORD0006197,CUST01089,PROD0043,Footwear,2022-09-06,2022-09,3,62.01,0,186.03,115.34,0,186.03,115.34,Organic Search,Desktop
ORD0006198,CUST01089,PROD0070,Home & Living,2022-11-06,2022-11,1,75.93,0,75.93,44.8,1,0.0,0.0,Organic Search,Desktop
ORD0006199,CUST01089,PROD0152,Accessories,2022-03-13,2022-03,1,36.62,0,36.62,16.11,0,36.62,16.11,Organic Search,Desktop
ORD0006200,CUST01090,PROD0123,Clothing,2022-05-11,2022-05,3,40.48,0,121.44,31.57,0,121.44,31.57,Organic Search,Desktop
ORD0006201,CUST01090,PROD0050,Home & Living,2022-04-12,2022-04,3,120.87,0,362.61,97.9,0,362.61,97.9,Organic Search,Desktop
ORD0006202,CUST01090,PROD0102,Footwear,2023-04-25,2023-04,1,44.77,0,44.77,11.64,0,44.77,11.64,Organic Search,Desktop
ORD0006203,CUST01090,PROD0097,Clothing,2022-06-13,2022-06,2,60.58,0,121.16,35.14,0,121.16,35.14,Organic Search,Desktop
ORD0006204,CUST01090,PROD0055,Sports,2022-06-07,2022-06,1,136.99,0,136.99,39.73,0,136.99,39.73,Organic Search,Desktop
ORD0006205,CUST01091,PROD0012,Sports,2022-08-18,2022-08,1,146.79,0,146.79,52.84,0,146.79,52.84,Organic Search,Mobile
ORD0006206,CUST01091,PROD0006,Accessories,2023-12-03,2023-12,3,25.71,0,77.13,36.25,1,0.0,0.0,Organic Search,Mobile
ORD0006207,CUST01091,PROD0181,Home & Living,2022-08-06,2022-08,1,68.65,0,68.65,39.13,1,0.0,0.0,Organic Search,Mobile
ORD0006208,CUST01091,PROD0114,Beauty,2023-06-08,2023-06,1,25.83,0,25.83,10.59,0,25.83,10.59,Organic Search,Mobile
ORD0006209,CUST01091,PROD0129,Accessories,2022-03-29,2022-03,3,45.01,0,135.03,41.86,0,135.03,41.86,Organic Search,Mobile
ORD0006210,CUST01092,PROD0129,Accessories,2023-08-12,2023-08,3,45.01,0.1,121.53,37.67,0,121.53,37.67,Referral,Mobile
ORD0006211,CUST01092,PROD0147,Home & Living,2023-07-09,2023-07,1,133.32,0,133.32,61.33,0,133.32,61.33,Referral,Mobile
ORD0006212,CUST01092,PROD0033,Sports,2023-08-30,2023-08,2,54.48,0,108.96,30.51,1,0.0,0.0,Referral,Mobile
ORD0006213,CUST01092,PROD0188,Footwear,2024-03-24,2024-03,1,148.41,0,148.41,87.56,0,148.41,87.56,Referral,Mobile
ORD0006214,CUST01092,PROD0123,Clothing,2023-11-19,2023-11,3,40.48,0,121.44,31.57,0,121.44,31.57,Referral,Mobile
ORD0006215,CUST01092,PROD0042,Home & Living,2023-08-18,2023-08,1,61.51,0.1,55.36,15.5,0,55.36,15.5,Referral,Mobile
ORD0006216,CUST01092,PROD0058,Accessories,2024-02-25,2024-02,1,50.31,0,50.31,16.6,0,50.31,16.6,Referral,Mobile
ORD0006217,CUST01092,PROD0086,Clothing,2023-09-21,2023-09,3,82.15,0,246.45,140.48,0,246.45,140.48,Referral,Mobile
ORD0006218,CUST01093,PROD0011,Sports,2023-09-19,2023-09,3,85.35,0.1,230.44,64.52,1,0.0,0.0,Email,Mobile
ORD0006219,CUST01093,PROD0169,Accessories,2023-12-14,2023-12,3,66.47,0,199.41,101.7,1,0.0,0.0,Email,Mobile
ORD0006220,CUST01093,PROD0171,Clothing,2023-11-17,2023-11,2,49.46,0,98.92,24.73,1,0.0,0.0,Email,Mobile
ORD0006221,CUST01093,PROD0121,Clothing,2024-03-13,2024-03,2,86.37,0.15,146.83,71.95,0,146.83,71.95,Email,Mobile
ORD0006222,CUST01093,PROD0198,Sports,2023-11-07,2023-11,2,59.63,0.2,95.41,40.07,0,95.41,40.07,Email,Mobile
ORD0006223,CUST01093,PROD0028,Sports,2023-09-29,2023-09,2,115.45,0.15,196.26,96.17,0,196.26,96.17,Email,Mobile
ORD0006224,CUST01093,PROD0148,Beauty,2024-01-27,2024-01,1,56.54,0.1,50.89,27.99,0,50.89,27.99,Email,Mobile
ORD0006225,CUST01093,PROD0052,Clothing,2023-10-12,2023-10,1,61.19,0,61.19,17.75,0,61.19,17.75,Email,Mobile
ORD0006226,CUST01093,PROD0092,Beauty,2023-09-08,2023-09,2,19.38,0,38.76,12.4,0,38.76,12.4,Email,Mobile
ORD0006227,CUST01093,PROD0005,Footwear,2023-09-08,2023-09,2,121.17,0.2,193.87,112.44,0,193.87,112.44,Email,Mobile
ORD0006228,CUST01093,PROD0151,Clothing,2024-01-11,2024-01,1,30.88,0,30.88,13.59,0,30.88,13.59,Email,Mobile
ORD0006229,CUST01094,PROD0124,Beauty,2023-07-14,2023-07,3,20.18,0.05,57.51,27.03,1,0.0,0.0,Paid Social,Mobile
ORD0006230,CUST01094,PROD0045,Home & Living,2023-12-13,2023-12,3,91.27,0.05,260.12,119.66,0,260.12,119.66,Paid Social,Mobile
ORD0006231,CUST01095,PROD0067,Clothing,2023-08-10,2023-08,1,47.62,0,47.62,15.24,0,47.62,15.24,Organic Search,Tablet
ORD0006232,CUST01095,PROD0079,Footwear,2023-06-16,2023-06,1,67.68,0,67.68,28.43,0,67.68,28.43,Organic Search,Tablet
ORD0006233,CUST01095,PROD0092,Beauty,2023-05-04,2023-05,3,19.38,0,58.14,18.6,0,58.14,18.6,Organic Search,Tablet
ORD0006234,CUST01095,PROD0189,Home & Living,2024-03-05,2024-03,2,100.23,0,200.46,122.28,0,200.46,122.28,Organic Search,Tablet
ORD0006235,CUST01095,PROD0125,Sports,2023-05-06,2023-05,2,126.04,0,252.08,98.31,1,0.0,0.0,Organic Search,Tablet
ORD0006236,CUST01095,PROD0182,Accessories,2024-03-04,2024-03,1,22.63,0,22.63,8.6,0,22.63,8.6,Organic Search,Tablet
ORD0006237,CUST01096,PROD0175,Footwear,2023-06-25,2023-06,3,69.53,0.05,198.16,59.45,0,198.16,59.45,Paid Social,Mobile
ORD0006238,CUST01096,PROD0180,Sports,2023-09-25,2023-09,3,57.83,0.1,156.14,87.44,0,156.14,87.44,Paid Social,Mobile
ORD0006239,CUST01096,PROD0006,Accessories,2023-08-12,2023-08,2,25.71,0,51.42,24.17,0,51.42,24.17,Paid Social,Mobile
ORD0006240,CUST01096,PROD0139,Home & Living,2023-08-26,2023-08,3,121.16,0,363.48,218.09,0,363.48,218.09,Paid Social,Mobile
ORD0006241,CUST01096,PROD0064,Footwear,2024-03-08,2024-03,1,190.18,0,190.18,74.17,0,190.18,74.17,Paid Social,Mobile
ORD0006242,CUST01096,PROD0113,Home & Living,2023-10-23,2023-10,3,30.82,0.05,87.84,46.56,1,0.0,0.0,Paid Social,Mobile
ORD0006243,CUST01097,PROD0090,Home & Living,2023-07-08,2023-07,1,99.94,0.1,89.95,56.67,0,89.95,56.67,Email,Mobile
ORD0006244,CUST01097,PROD0131,Beauty,2023-11-28,2023-11,2,36.76,0.1,66.17,23.16,0,66.17,23.16,Email,Mobile
ORD0006245,CUST01097,PROD0036,Home & Living,2023-08-15,2023-08,2,74.59,0,149.18,52.21,0,149.18,52.21,Email,Mobile
ORD0006246,CUST01097,PROD0070,Home & Living,2023-09-21,2023-09,2,75.93,0.1,136.67,80.64,0,136.67,80.64,Email,Mobile
ORD0006247,CUST01097,PROD0192,Sports,2023-10-20,2023-10,1,82.92,0,82.92,43.12,1,0.0,0.0,Email,Mobile
ORD0006248,CUST01097,PROD0056,Home & Living,2023-10-20,2023-10,1,70.19,0.15,59.66,32.22,1,0.0,0.0,Email,Mobile
ORD0006249,CUST01097,PROD0027,Footwear,2023-06-25,2023-06,2,147.27,0.15,250.36,140.2,1,0.0,0.0,Email,Mobile
ORD0006250,CUST01098,PROD0145,Clothing,2023-04-25,2023-04,1,70.32,0.1,63.29,37.97,0,63.29,37.97,Paid Social,Mobile
ORD0006251,CUST01098,PROD0039,Beauty,2023-08-18,2023-08,1,69.16,0,69.16,38.73,0,69.16,38.73,Paid Social,Mobile
ORD0006252,CUST01098,PROD0023,Clothing,2022-10-29,2022-10,1,85.59,0,85.59,29.96,0,85.59,29.96,Paid Social,Mobile
ORD0006253,CUST01098,PROD0110,Footwear,2023-12-30,2023-12,2,106.03,0,212.06,114.51,0,212.06,114.51,Paid Social,Mobile
ORD0006254,CUST01099,PROD0060,Footwear,2023-08-06,2023-08,1,104.31,0.1,93.88,27.23,0,93.88,27.23,Paid Social,Mobile
ORD0006255,CUST01099,PROD0026,Footwear,2023-10-12,2023-10,1,66.28,0,66.28,17.23,0,66.28,17.23,Paid Social,Mobile
ORD0006256,CUST01099,PROD0013,Sports,2023-03-22,2023-03,1,147.02,0,147.02,57.34,1,0.0,0.0,Paid Social,Mobile
ORD0006257,CUST01099,PROD0161,Home & Living,2024-02-14,2024-02,1,33.22,0,33.22,19.6,0,33.22,19.6,Paid Social,Mobile
ORD0006258,CUST01099,PROD0026,Footwear,2023-11-07,2023-11,1,66.28,0,66.28,17.23,0,66.28,17.23,Paid Social,Mobile
ORD0006259,CUST01099,PROD0066,Footwear,2024-03-04,2024-03,3,151.36,0,454.08,131.68,0,454.08,131.68,Paid Social,Mobile
ORD0006260,CUST01100,PROD0177,Accessories,2023-09-04,2023-09,1,31.44,0,31.44,11.95,1,0.0,0.0,Organic Search,Mobile
ORD0006261,CUST01100,PROD0002,Clothing,2024-01-02,2024-01,1,48.81,0,48.81,30.75,0,48.81,30.75,Organic Search,Mobile
ORD0006262,CUST01100,PROD0035,Beauty,2023-02-02,2023-02,1,43.82,0,43.82,25.42,0,43.82,25.42,Organic Search,Mobile
ORD0006263,CUST01100,PROD0136,Accessories,2022-12-16,2022-12,1,78.97,0,78.97,29.22,0,78.97,29.22,Organic Search,Mobile
ORD0006264,CUST01100,PROD0065,Accessories,2023-07-08,2023-07,3,54.38,0,163.14,70.15,0,163.14,70.15,Organic Search,Mobile
ORD0006265,CUST01100,PROD0132,Home & Living,2023-05-27,2023-05,1,31.95,0,31.95,18.53,1,0.0,0.0,Organic Search,Mobile
ORD0006266,CUST01101,PROD0066,Footwear,2023-12-09,2023-12,3,151.36,0,454.08,131.68,0,454.08,131.68,Influencer,Desktop
ORD0006267,CUST01101,PROD0067,Clothing,2023-06-07,2023-06,3,47.62,0,142.86,45.72,0,142.86,45.72,Influencer,Desktop
ORD0006268,CUST01101,PROD0184,Sports,2023-04-15,2023-04,1,135.08,0,135.08,36.47,0,135.08,36.47,Influencer,Desktop
ORD0006269,CUST01101,PROD0195,Accessories,2023-12-23,2023-12,2,33.68,0,67.36,41.09,0,67.36,41.09,Influencer,Desktop
ORD0006270,CUST01101,PROD0128,Clothing,2023-09-17,2023-09,1,28.95,0,28.95,12.16,0,28.95,12.16,Influencer,Desktop
ORD0006271,CUST01102,PROD0145,Clothing,2022-10-29,2022-10,1,70.32,0,70.32,42.19,0,70.32,42.19,Organic Search,Tablet
ORD0006272,CUST01102,PROD0016,Beauty,2022-08-04,2022-08,1,14.72,0,14.72,9.42,1,0.0,0.0,Organic Search,Tablet
ORD0006273,CUST01103,PROD0192,Sports,2024-01-27,2024-01,2,82.92,0.05,157.55,81.93,1,0.0,0.0,Paid Social,Mobile
ORD0006274,CUST01103,PROD0129,Accessories,2023-06-26,2023-06,3,45.01,0.05,128.28,39.77,0,128.28,39.77,Paid Social,Mobile
ORD0006275,CUST01103,PROD0171,Clothing,2022-07-27,2022-07,2,49.46,0,98.92,24.73,1,0.0,0.0,Paid Social,Mobile
ORD0006276,CUST01103,PROD0157,Sports,2022-04-20,2022-04,3,101.12,0.05,288.19,121.04,1,0.0,0.0,Paid Social,Mobile
ORD0006277,CUST01103,PROD0079,Footwear,2023-07-12,2023-07,3,67.68,0.05,192.89,81.01,0,192.89,81.01,Paid Social,Mobile
ORD0006278,CUST01103,PROD0137,Home & Living,2023-03-23,2023-03,3,99.54,0,298.62,116.46,1,0.0,0.0,Paid Social,Mobile
ORD0006279,CUST01103,PROD0069,Beauty,2022-05-03,2022-05,1,52.71,0.1,47.44,28.46,1,0.0,0.0,Paid Social,Mobile
ORD0006280,CUST01103,PROD0179,Footwear,2024-03-19,2024-03,1,56.4,0.05,53.58,33.22,0,53.58,33.22,Paid Social,Mobile
ORD0006281,CUST01103,PROD0042,Home & Living,2023-02-04,2023-02,2,61.51,0.05,116.87,32.72,0,116.87,32.72,Paid Social,Mobile
ORD0006282,CUST01104,PROD0118,Clothing,2023-12-21,2023-12,2,33.04,0.05,62.78,30.13,0,62.78,30.13,Paid Social,Mobile
ORD0006283,CUST01105,PROD0101,Footwear,2023-08-30,2023-08,1,191.81,0.1,172.63,75.96,0,172.63,75.96,Email,Mobile
ORD0006284,CUST01105,PROD0100,Clothing,2023-07-23,2023-07,1,80.73,0.2,64.58,29.06,0,64.58,29.06,Email,Mobile
ORD0006285,CUST01105,PROD0096,Sports,2023-08-15,2023-08,3,59.98,0,179.94,115.16,1,0.0,0.0,Email,Mobile
ORD0006286,CUST01105,PROD0117,Accessories,2023-11-13,2023-11,1,65.2,0,65.2,18.91,0,65.2,18.91,Email,Mobile
ORD0006287,CUST01105,PROD0092,Beauty,2023-06-19,2023-06,2,19.38,0,38.76,12.4,1,0.0,0.0,Email,Mobile
ORD0006288,CUST01105,PROD0020,Clothing,2024-03-23,2024-03,2,35.77,0,71.54,32.91,0,71.54,32.91,Email,Mobile
ORD0006289,CUST01105,PROD0099,Home & Living,2023-10-27,2023-10,1,113.39,0,113.39,41.95,0,113.39,41.95,Email,Mobile
ORD0006290,CUST01105,PROD0170,Beauty,2023-11-20,2023-11,1,69.97,0,69.97,44.78,0,69.97,44.78,Email,Mobile
ORD0006291,CUST01106,PROD0081,Home & Living,2023-12-14,2023-12,3,97.71,0,293.13,76.21,1,0.0,0.0,Influencer,Mobile
ORD0006292,CUST01106,PROD0115,Accessories,2023-07-05,2023-07,2,74.34,0,148.68,86.23,0,148.68,86.23,Influencer,Mobile
ORD0006293,CUST01106,PROD0038,Accessories,2024-01-10,2024-01,2,85.41,0,170.82,93.95,0,170.82,93.95,Influencer,Mobile
ORD0006294,CUST01106,PROD0144,Beauty,2022-12-06,2022-12,3,34.94,0,104.82,57.65,0,104.82,57.65,Influencer,Mobile
ORD0006295,CUST01106,PROD0087,Home & Living,2023-12-28,2023-12,3,45.63,0,136.89,79.4,0,136.89,79.4,Influencer,Mobile
ORD0006296,CUST01106,PROD0148,Beauty,2023-09-04,2023-09,3,56.54,0,169.62,93.29,0,169.62,93.29,Influencer,Mobile
ORD0006297,CUST01106,PROD0152,Accessories,2022-09-10,2022-09,3,36.62,0,109.86,48.34,0,109.86,48.34,Influencer,Mobile
ORD0006298,CUST01107,PROD0076,Clothing,2022-07-09,2022-07,1,54.02,0,54.02,16.75,0,54.02,16.75,Organic Search,Desktop
ORD0006299,CUST01107,PROD0154,Sports,2022-03-03,2022-03,2,137.38,0,274.76,74.19,1,0.0,0.0,Organic Search,Desktop
ORD0006300,CUST01107,PROD0047,Footwear,2023-08-30,2023-08,3,144.43,0,433.29,168.98,0,433.29,168.98,Organic Search,Desktop
ORD0006301,CUST01107,PROD0104,Sports,2022-09-30,2022-09,3,40.92,0,122.76,44.19,0,122.76,44.19,Organic Search,Desktop
ORD0006302,CUST01108,PROD0177,Accessories,2023-05-27,2023-05,2,31.44,0.1,56.59,21.5,0,56.59,21.5,Paid Social,Tablet
ORD0006303,CUST01108,PROD0108,Accessories,2024-03-30,2024-03,2,82.14,0,164.28,49.28,0,164.28,49.28,Paid Social,Tablet
ORD0006304,CUST01108,PROD0035,Beauty,2023-03-06,2023-03,1,43.82,0,43.82,25.42,0,43.82,25.42,Paid Social,Tablet
ORD0006305,CUST01108,PROD0141,Beauty,2023-01-09,2023-01,2,60.76,0,121.52,41.32,0,121.52,41.32,Paid Social,Tablet
ORD0006306,CUST01108,PROD0004,Accessories,2023-07-06,2023-07,2,19.48,0.05,37.01,23.32,0,37.01,23.32,Paid Social,Tablet
ORD0006307,CUST01108,PROD0079,Footwear,2023-03-01,2023-03,1,67.68,0,67.68,28.43,0,67.68,28.43,Paid Social,Tablet
ORD0006308,CUST01109,PROD0105,Sports,2023-09-19,2023-09,1,41.5,0,41.5,26.14,0,41.5,26.14,Direct,Mobile
ORD0006309,CUST01109,PROD0131,Beauty,2023-12-16,2023-12,2,36.76,0,73.52,25.73,1,0.0,0.0,Direct,Mobile
ORD0006310,CUST01109,PROD0158,Home & Living,2023-06-30,2023-06,2,50.83,0,101.66,47.78,0,101.66,47.78,Direct,Mobile
ORD0006311,CUST01109,PROD0179,Footwear,2023-08-15,2023-08,3,56.4,0,169.2,104.9,1,0.0,0.0,Direct,Mobile
ORD0006312,CUST01109,PROD0090,Home & Living,2023-09-23,2023-09,3,99.94,0,299.82,188.89,0,299.82,188.89,Direct,Mobile
ORD0006313,CUST01109,PROD0159,Beauty,2023-06-03,2023-06,3,20.79,0,62.37,19.33,0,62.37,19.33,Direct,Mobile
ORD0006314,CUST01109,PROD0129,Accessories,2024-02-23,2024-02,3,45.01,0,135.03,41.86,1,0.0,0.0,Direct,Mobile
ORD0006315,CUST01109,PROD0146,Accessories,2023-10-25,2023-10,1,80.98,0,80.98,28.34,0,80.98,28.34,Direct,Mobile
ORD0006316,CUST01109,PROD0170,Beauty,2023-06-10,2023-06,3,69.97,0,209.91,134.34,0,209.91,134.34,Direct,Mobile
ORD0006317,CUST01109,PROD0097,Clothing,2023-11-19,2023-11,3,60.58,0,181.74,52.7,0,181.74,52.7,Direct,Mobile
ORD0006318,CUST01109,PROD0171,Clothing,2023-05-13,2023-05,2,49.46,0,98.92,24.73,0,98.92,24.73,Direct,Mobile
ORD0006319,CUST01109,PROD0047,Footwear,2024-03-26,2024-03,2,144.43,0,288.86,112.66,0,288.86,112.66,Direct,Mobile
ORD0006320,CUST01109,PROD0192,Sports,2023-10-06,2023-10,1,82.92,0,82.92,43.12,0,82.92,43.12,Direct,Mobile
ORD0006321,CUST01110,PROD0084,Accessories,2023-09-20,2023-09,1,45.9,0.1,41.31,11.57,0,41.31,11.57,Paid Social,Tablet
ORD0006322,CUST01110,PROD0047,Footwear,2022-06-26,2022-06,3,144.43,0.05,411.63,160.54,0,411.63,160.54,Paid Social,Tablet
ORD0006323,CUST01110,PROD0097,Clothing,2023-07-28,2023-07,1,60.58,0,60.58,17.57,0,60.58,17.57,Paid Social,Tablet
ORD0006324,CUST01110,PROD0132,Home & Living,2023-11-23,2023-11,2,31.95,0.05,60.7,35.21,0,60.7,35.21,Paid Social,Tablet
ORD0006325,CUST01110,PROD0151,Clothing,2023-05-05,2023-05,3,30.88,0.05,88.01,38.72,0,88.01,38.72,Paid Social,Tablet
ORD0006326,CUST01110,PROD0038,Accessories,2023-04-28,2023-04,3,85.41,0,256.23,140.93,1,0.0,0.0,Paid Social,Tablet
ORD0006327,CUST01110,PROD0132,Home & Living,2023-02-16,2023-02,1,31.95,0,31.95,18.53,0,31.95,18.53,Paid Social,Tablet
ORD0006328,CUST01111,PROD0179,Footwear,2023-10-26,2023-10,2,56.4,0.15,95.88,59.45,1,0.0,0.0,Email,Mobile
ORD0006329,CUST01111,PROD0174,Clothing,2023-08-06,2023-08,3,69.83,0,209.49,54.47,0,209.49,54.47,Email,Mobile
ORD0006330,CUST01111,PROD0138,Home & Living,2022-10-18,2022-10,1,126.57,0,126.57,56.96,1,0.0,0.0,Email,Mobile
ORD0006331,CUST01111,PROD0099,Home & Living,2022-09-16,2022-09,3,113.39,0.2,272.14,100.69,0,272.14,100.69,Email,Mobile
ORD0006332,CUST01111,PROD0094,Home & Living,2023-07-08,2023-07,1,56.47,0.15,48.0,30.24,0,48.0,30.24,Email,Mobile
ORD0006333,CUST01111,PROD0120,Home & Living,2023-03-17,2023-03,3,118.52,0,355.56,110.22,1,0.0,0.0,Email,Mobile
ORD0006334,CUST01111,PROD0128,Clothing,2023-09-25,2023-09,2,28.95,0.2,46.32,19.45,1,0.0,0.0,Email,Mobile
ORD0006335,CUST01111,PROD0036,Home & Living,2023-01-03,2023-01,2,74.59,0.1,134.26,46.99,0,134.26,46.99,Email,Mobile
ORD0006336,CUST01112,PROD0085,Accessories,2023-08-11,2023-08,1,53.78,0,53.78,25.81,1,0.0,0.0,Organic Search,Mobile
ORD0006337,CUST01112,PROD0178,Clothing,2024-01-10,2024-01,2,60.67,0,121.34,48.54,0,121.34,48.54,Organic Search,Mobile
ORD0006338,CUST01112,PROD0174,Clothing,2022-11-25,2022-11,3,69.83,0,209.49,54.47,0,209.49,54.47,Organic Search,Mobile
ORD0006339,CUST01112,PROD0183,Clothing,2024-03-25,2024-03,1,78.37,0,78.37,47.02,0,78.37,47.02,Organic Search,Mobile
ORD0006340,CUST01112,PROD0128,Clothing,2022-12-12,2022-12,3,28.95,0,86.85,36.48,1,0.0,0.0,Organic Search,Mobile
ORD0006341,CUST01112,PROD0073,Sports,2022-11-10,2022-11,1,66.61,0,66.61,23.98,1,0.0,0.0,Organic Search,Mobile
ORD0006342,CUST01112,PROD0017,Home & Living,2024-03-23,2024-03,3,31.84,0,95.52,37.25,0,95.52,37.25,Organic Search,Mobile
ORD0006343,CUST01112,PROD0134,Accessories,2022-12-02,2022-12,3,24.1,0,72.3,40.49,0,72.3,40.49,Organic Search,Mobile
ORD0006344,CUST01112,PROD0135,Beauty,2022-12-10,2022-12,1,31.76,0,31.76,19.69,0,31.76,19.69,Organic Search,Mobile
ORD0006345,CUST01112,PROD0107,Clothing,2023-08-09,2023-08,2,91.09,0,182.18,112.95,1,0.0,0.0,Organic Search,Mobile
ORD0006346,CUST01112,PROD0056,Home & Living,2023-06-03,2023-06,1,70.19,0,70.19,37.9,0,70.19,37.9,Organic Search,Mobile
ORD0006347,CUST01113,PROD0199,Sports,2023-03-08,2023-03,3,40.52,0,121.56,38.9,1,0.0,0.0,Referral,Mobile
ORD0006348,CUST01113,PROD0089,Sports,2022-09-17,2022-09,1,40.38,0.1,36.34,11.99,0,36.34,11.99,Referral,Mobile
ORD0006349,CUST01113,PROD0028,Sports,2023-11-29,2023-11,3,115.45,0,346.35,169.71,1,0.0,0.0,Referral,Mobile
ORD0006350,CUST01113,PROD0068,Accessories,2023-03-20,2023-03,2,58.26,0,116.52,48.94,0,116.52,48.94,Referral,Mobile
ORD0006351,CUST01113,PROD0060,Footwear,2023-12-05,2023-12,2,104.31,0.1,187.76,54.45,1,0.0,0.0,Referral,Mobile
ORD0006352,CUST01113,PROD0017,Home & Living,2022-10-28,2022-10,2,31.84,0,63.68,24.84,0,63.68,24.84,Referral,Mobile
ORD0006353,CUST01113,PROD0026,Footwear,2023-05-31,2023-05,2,66.28,0.1,119.3,31.02,0,119.3,31.02,Referral,Mobile
ORD0006354,CUST01113,PROD0007,Beauty,2023-10-04,2023-10,1,25.48,0.1,22.93,7.57,0,22.93,7.57,Referral,Mobile
ORD0006355,CUST01113,PROD0029,Accessories,2023-08-16,2023-08,2,59.38,0,118.76,71.26,0,118.76,71.26,Referral,Mobile
ORD0006356,CUST01113,PROD0088,Accessories,2023-11-03,2023-11,1,42.05,0.1,37.84,14.0,1,0.0,0.0,Referral,Mobile
ORD0006357,CUST01114,PROD0196,Sports,2024-03-30,2024-03,3,92.93,0.05,264.85,164.21,1,0.0,0.0,Paid Social,Mobile
ORD0006358,CUST01114,PROD0011,Sports,2023-03-26,2023-03,3,85.35,0.05,243.25,68.11,1,0.0,0.0,Paid Social,Mobile
ORD0006359,CUST01114,PROD0121,Clothing,2023-01-03,2023-01,2,86.37,0.1,155.47,76.18,0,155.47,76.18,Paid Social,Mobile
ORD0006360,CUST01114,PROD0152,Accessories,2024-01-14,2024-01,3,36.62,0,109.86,48.34,0,109.86,48.34,Paid Social,Mobile
ORD0006361,CUST01114,PROD0200,Footwear,2024-01-29,2024-01,3,43.07,0.05,122.75,69.97,1,0.0,0.0,Paid Social,Mobile
ORD0006362,CUST01115,PROD0003,Footwear,2024-02-12,2024-02,3,63.28,0,189.84,94.92,0,189.84,94.92,Influencer,Mobile
ORD0006363,CUST01115,PROD0092,Beauty,2023-09-22,2023-09,2,19.38,0,38.76,12.4,0,38.76,12.4,Influencer,Mobile
ORD0006364,CUST01116,PROD0173,Footwear,2023-11-18,2023-11,2,87.72,0,175.44,75.44,0,175.44,75.44,Organic Search,Mobile
ORD0006365,CUST01116,PROD0079,Footwear,2024-02-25,2024-02,2,67.68,0,135.36,56.85,0,135.36,56.85,Organic Search,Mobile
ORD0006366,CUST01117,PROD0105,Sports,2023-09-12,2023-09,2,41.5,0.05,78.85,49.68,0,78.85,49.68,Paid Social,Desktop
ORD0006367,CUST01117,PROD0036,Home & Living,2024-03-06,2024-03,1,74.59,0,74.59,26.11,1,0.0,0.0,Paid Social,Desktop
ORD0006368,CUST01117,PROD0054,Sports,2023-11-17,2023-11,3,142.4,0,427.2,213.6,1,0.0,0.0,Paid Social,Desktop
ORD0006369,CUST01117,PROD0198,Sports,2023-08-26,2023-08,3,59.63,0,178.89,75.13,0,178.89,75.13,Paid Social,Desktop
ORD0006370,CUST01117,PROD0113,Home & Living,2023-11-01,2023-11,1,30.82,0.1,27.74,14.7,0,27.74,14.7,Paid Social,Desktop
ORD0006371,CUST01117,PROD0171,Clothing,2023-10-31,2023-10,2,49.46,0.1,89.03,22.26,0,89.03,22.26,Paid Social,Desktop
ORD0006372,CUST01118,PROD0147,Home & Living,2022-10-06,2022-10,3,133.32,0,399.96,183.98,1,0.0,0.0,Organic Search,Tablet
ORD0006373,CUST01118,PROD0192,Sports,2023-08-25,2023-08,3,82.92,0,248.76,129.36,0,248.76,129.36,Organic Search,Tablet
ORD0006374,CUST01119,PROD0005,Footwear,2023-09-03,2023-09,1,121.17,0,121.17,70.28,0,121.17,70.28,Organic Search,Desktop
ORD0006375,CUST01119,PROD0020,Clothing,2022-10-31,2022-10,3,35.77,0,107.31,49.36,0,107.31,49.36,Organic Search,Desktop
ORD0006376,CUST01119,PROD0015,Footwear,2022-12-01,2022-12,2,131.63,0,263.26,107.94,0,263.26,107.94,Organic Search,Desktop
ORD0006377,CUST01119,PROD0129,Accessories,2024-03-04,2024-03,2,45.01,0,90.02,27.91,1,0.0,0.0,Organic Search,Desktop
ORD0006378,CUST01119,PROD0174,Clothing,2024-03-27,2024-03,1,69.83,0,69.83,18.16,0,69.83,18.16,Organic Search,Desktop
ORD0006379,CUST01119,PROD0098,Home & Living,2023-02-05,2023-02,1,101.77,0,101.77,42.74,1,0.0,0.0,Organic Search,Desktop
ORD0006380,CUST01119,PROD0113,Home & Living,2023-07-08,2023-07,1,30.82,0,30.82,16.33,0,30.82,16.33,Organic Search,Desktop
ORD0006381,CUST01120,PROD0117,Accessories,2023-11-13,2023-11,3,65.2,0.1,176.04,51.05,0,176.04,51.05,Paid Social,Desktop
ORD0006382,CUST01121,PROD0159,Beauty,2023-10-09,2023-10,1,20.79,0.2,16.63,5.16,0,16.63,5.16,Email,Mobile
ORD0006383,CUST01121,PROD0005,Footwear,2023-07-04,2023-07,3,121.17,0.1,327.16,189.75,0,327.16,189.75,Email,Mobile
ORD0006384,CUST01121,PROD0097,Clothing,2023-04-04,2023-04,2,60.58,0.15,102.99,29.87,1,0.0,0.0,Email,Mobile
ORD0006385,CUST01121,PROD0068,Accessories,2023-12-26,2023-12,3,58.26,0,174.78,73.41,0,174.78,73.41,Email,Mobile
ORD0006386,CUST01121,PROD0067,Clothing,2023-06-26,2023-06,1,47.62,0.1,42.86,13.72,0,42.86,13.72,Email,Mobile
ORD0006387,CUST01122,PROD0188,Footwear,2023-12-23,2023-12,2,148.41,0.15,252.3,148.86,1,0.0,0.0,Email,Desktop
ORD0006388,CUST01122,PROD0069,Beauty,2023-09-10,2023-09,1,52.71,0,52.71,31.63,0,52.71,31.63,Email,Desktop
ORD0006389,CUST01122,PROD0200,Footwear,2023-05-01,2023-05,2,43.07,0,86.14,49.1,1,0.0,0.0,Email,Desktop
ORD0006390,CUST01122,PROD0010,Home & Living,2023-03-24,2023-03,2,50.82,0,101.64,38.62,0,101.64,38.62,Email,Desktop
ORD0006391,CUST01122,PROD0126,Sports,2023-05-08,2023-05,2,92.2,0,184.4,118.02,0,184.4,118.02,Email,Desktop
ORD0006392,CUST01123,PROD0022,Sports,2022-07-05,2022-07,1,30.09,0.05,28.59,16.3,0,28.59,16.3,Paid Social,Desktop
ORD0006393,CUST01123,PROD0019,Beauty,2023-06-26,2023-06,2,17.13,0.05,32.55,14.32,1,0.0,0.0,Paid Social,Desktop
ORD0006394,CUST01124,PROD0109,Sports,2023-06-05,2023-06,3,60.91,0,182.73,56.65,0,182.73,56.65,Direct,Mobile
ORD0006395,CUST01124,PROD0050,Home & Living,2024-01-06,2024-01,2,120.87,0,241.74,65.27,0,241.74,65.27,Direct,Mobile
ORD0006396,CUST01124,PROD0035,Beauty,2023-12-28,2023-12,2,43.82,0,87.64,50.83,1,0.0,0.0,Direct,Mobile
ORD0006397,CUST01124,PROD0139,Home & Living,2024-03-05,2024-03,2,121.16,0,242.32,145.39,0,242.32,145.39,Direct,Mobile
ORD0006398,CUST01124,PROD0075,Accessories,2023-05-31,2023-05,3,80.95,0,242.85,97.14,0,242.85,97.14,Direct,Mobile
ORD0006399,CUST01124,PROD0011,Sports,2023-05-19,2023-05,1,85.35,0,85.35,23.9,1,0.0,0.0,Direct,Mobile
ORD0006400,CUST01124,PROD0166,Clothing,2023-09-03,2023-09,3,87.15,0,261.45,162.1,1,0.0,0.0,Direct,Mobile
ORD0006401,CUST01124,PROD0066,Footwear,2024-03-25,2024-03,2,151.36,0,302.72,87.79,1,0.0,0.0,Direct,Mobile
ORD0006402,CUST01125,PROD0093,Footwear,2024-03-26,2024-03,2,85.42,0,170.84,97.38,0,170.84,97.38,Paid Social,Mobile
ORD0006403,CUST01125,PROD0123,Clothing,2024-01-10,2024-01,3,40.48,0.05,115.37,30.0,0,115.37,30.0,Paid Social,Mobile
ORD0006404,CUST01125,PROD0017,Home & Living,2024-01-28,2024-01,2,31.84,0.1,57.31,22.35,0,57.31,22.35,Paid Social,Mobile
ORD0006405,CUST01125,PROD0014,Beauty,2023-09-25,2023-09,1,56.06,0.05,53.26,33.55,1,0.0,0.0,Paid Social,Mobile
ORD0006406,CUST01126,PROD0090,Home & Living,2024-01-08,2024-01,2,99.94,0,199.88,125.92,0,199.88,125.92,Organic Search,Desktop
ORD0006407,CUST01126,PROD0138,Home & Living,2023-12-28,2023-12,2,126.57,0,253.14,113.91,0,253.14,113.91,Organic Search,Desktop
ORD0006408,CUST01126,PROD0190,Beauty,2024-02-07,2024-02,3,23.73,0,71.19,31.32,0,71.19,31.32,Organic Search,Desktop
ORD0006409,CUST01126,PROD0152,Accessories,2024-03-23,2024-03,2,36.62,0,73.24,32.23,0,73.24,32.23,Organic Search,Desktop
ORD0006410,CUST01126,PROD0154,Sports,2023-07-27,2023-07,2,137.38,0,274.76,74.19,1,0.0,0.0,Organic Search,Desktop
ORD0006411,CUST01126,PROD0089,Sports,2023-11-19,2023-11,3,40.38,0,121.14,39.98,0,121.14,39.98,Organic Search,Desktop
ORD0006412,CUST01126,PROD0167,Footwear,2024-02-26,2024-02,3,62.12,0,186.36,54.04,1,0.0,0.0,Organic Search,Desktop
ORD0006413,CUST01126,PROD0025,Footwear,2023-03-17,2023-03,3,78.3,0,234.9,77.52,1,0.0,0.0,Organic Search,Desktop
ORD0006414,CUST01127,PROD0099,Home & Living,2024-01-06,2024-01,2,113.39,0.05,215.44,79.71,0,215.44,79.71,Paid Social,Mobile
ORD0006415,CUST01127,PROD0048,Home & Living,2024-02-29,2024-02,3,96.14,0,288.42,181.7,0,288.42,181.7,Paid Social,Mobile
ORD0006416,CUST01127,PROD0018,Clothing,2023-12-03,2023-12,3,45.54,0,136.62,61.48,1,0.0,0.0,Paid Social,Mobile
ORD0006417,CUST01127,PROD0049,Home & Living,2024-03-22,2024-03,3,60.55,0.05,172.57,67.3,1,0.0,0.0,Paid Social,Mobile
ORD0006418,CUST01127,PROD0039,Beauty,2023-10-16,2023-10,3,69.16,0.05,197.11,110.38,0,197.11,110.38,Paid Social,Mobile
ORD0006419,CUST01128,PROD0188,Footwear,2022-10-01,2022-10,1,148.41,0.05,140.99,83.18,0,140.99,83.18,Paid Social,Desktop
ORD0006420,CUST01128,PROD0004,Accessories,2024-03-25,2024-03,1,19.48,0.1,17.53,11.04,1,0.0,0.0,Paid Social,Desktop
ORD0006421,CUST01128,PROD0159,Beauty,2022-09-19,2022-09,3,20.79,0.1,56.13,17.4,0,56.13,17.4,Paid Social,Desktop
ORD0006422,CUST01128,PROD0129,Accessories,2023-04-02,2023-04,2,45.01,0,90.02,27.91,0,90.02,27.91,Paid Social,Desktop
ORD0006423,CUST01128,PROD0167,Footwear,2023-06-12,2023-06,2,62.12,0,124.24,36.03,0,124.24,36.03,Paid Social,Desktop
ORD0006424,CUST01128,PROD0074,Beauty,2023-07-27,2023-07,3,52.12,0.05,148.54,38.62,1,0.0,0.0,Paid Social,Desktop
ORD0006425,CUST01128,PROD0077,Footwear,2022-10-02,2022-10,1,66.48,0,66.48,29.92,0,66.48,29.92,Paid Social,Desktop
ORD0006426,CUST01129,PROD0091,Beauty,2023-07-15,2023-07,2,39.11,0.1,70.4,28.16,1,0.0,0.0,Paid Social,Desktop
ORD0006427,CUST01130,PROD0050,Home & Living,2023-11-06,2023-11,1,120.87,0.05,114.83,31.0,0,114.83,31.0,Paid Social,Mobile
ORD0006428,CUST01130,PROD0016,Beauty,2023-10-14,2023-10,2,14.72,0,29.44,18.84,0,29.44,18.84,Paid Social,Mobile
ORD0006429,CUST01130,PROD0167,Footwear,2024-01-04,2024-01,2,62.12,0,124.24,36.03,0,124.24,36.03,Paid Social,Mobile
ORD0006430,CUST01130,PROD0167,Footwear,2023-10-31,2023-10,1,62.12,0,62.12,18.01,0,62.12,18.01,Paid Social,Mobile
ORD0006431,CUST01131,PROD0200,Footwear,2022-07-06,2022-07,2,43.07,0,86.14,49.1,0,86.14,49.1,Influencer,Mobile
ORD0006432,CUST01131,PROD0034,Clothing,2023-01-10,2023-01,1,108.12,0,108.12,43.25,0,108.12,43.25,Influencer,Mobile
ORD0006433,CUST01132,PROD0090,Home & Living,2024-01-15,2024-01,3,99.94,0,299.82,188.89,0,299.82,188.89,Organic Search,Tablet
ORD0006434,CUST01132,PROD0090,Home & Living,2024-01-27,2024-01,1,99.94,0,99.94,62.96,0,99.94,62.96,Organic Search,Tablet
ORD0006435,CUST01132,PROD0159,Beauty,2023-06-07,2023-06,3,20.79,0,62.37,19.33,0,62.37,19.33,Organic Search,Tablet
ORD0006436,CUST01133,PROD0114,Beauty,2024-01-10,2024-01,3,25.83,0,77.49,31.77,0,77.49,31.77,Organic Search,Mobile
ORD0006437,CUST01133,PROD0167,Footwear,2023-10-12,2023-10,3,62.12,0,186.36,54.04,0,186.36,54.04,Organic Search,Mobile
ORD0006438,CUST01133,PROD0095,Accessories,2024-03-24,2024-03,2,33.53,0,67.06,38.22,0,67.06,38.22,Organic Search,Mobile
ORD0006439,CUST01133,PROD0188,Footwear,2024-03-10,2024-03,1,148.41,0,148.41,87.56,0,148.41,87.56,Organic Search,Mobile
ORD0006440,CUST01133,PROD0160,Accessories,2023-10-24,2023-10,1,31.12,0,31.12,17.43,0,31.12,17.43,Organic Search,Mobile
ORD0006441,CUST01133,PROD0025,Footwear,2024-01-09,2024-01,2,78.3,0,156.6,51.68,0,156.6,51.68,Organic Search,Mobile
ORD0006442,CUST01134,PROD0122,Home & Living,2024-03-16,2024-03,3,74.99,0,224.97,89.99,0,224.97,89.99,Paid Social,Desktop
ORD0006443,CUST01134,PROD0093,Footwear,2023-05-27,2023-05,2,85.42,0,170.84,97.38,0,170.84,97.38,Paid Social,Desktop
ORD0006444,CUST01134,PROD0065,Accessories,2023-11-09,2023-11,2,54.38,0.05,103.32,44.43,1,0.0,0.0,Paid Social,Desktop
ORD0006445,CUST01135,PROD0198,Sports,2022-12-24,2022-12,3,59.63,0,178.89,75.13,0,178.89,75.13,Organic Search,Mobile
ORD0006446,CUST01135,PROD0175,Footwear,2023-10-03,2023-10,3,69.53,0,208.59,62.58,0,208.59,62.58,Organic Search,Mobile
ORD0006447,CUST01135,PROD0105,Sports,2023-09-28,2023-09,3,41.5,0,124.5,78.44,0,124.5,78.44,Organic Search,Mobile
ORD0006448,CUST01135,PROD0085,Accessories,2023-06-02,2023-06,1,53.78,0,53.78,25.81,0,53.78,25.81,Organic Search,Mobile
ORD0006449,CUST01136,PROD0058,Accessories,2023-09-08,2023-09,2,50.31,0,100.62,33.2,0,100.62,33.2,Email,Mobile
ORD0006450,CUST01136,PROD0048,Home & Living,2024-02-08,2024-02,3,96.14,0.15,245.16,154.45,0,245.16,154.45,Email,Mobile
ORD0006451,CUST01136,PROD0052,Clothing,2024-03-10,2024-03,3,61.19,0.1,165.21,47.91,0,165.21,47.91,Email,Mobile
ORD0006452,CUST01136,PROD0014,Beauty,2023-08-01,2023-08,1,56.06,0,56.06,35.32,0,56.06,35.32,Email,Mobile
ORD0006453,CUST01136,PROD0027,Footwear,2023-02-13,2023-02,2,147.27,0,294.54,164.94,1,0.0,0.0,Email,Mobile
ORD0006454,CUST01136,PROD0076,Clothing,2023-02-16,2023-02,1,54.02,0.15,45.92,14.24,1,0.0,0.0,Email,Mobile
ORD0006455,CUST01137,PROD0002,Clothing,2023-09-25,2023-09,3,48.81,0,146.43,92.25,1,0.0,0.0,Organic Search,Mobile
ORD0006456,CUST01137,PROD0002,Clothing,2024-01-03,2024-01,1,48.81,0,48.81,30.75,0,48.81,30.75,Organic Search,Mobile
ORD0006457,CUST01137,PROD0044,Footwear,2023-10-09,2023-10,1,185.76,0,185.76,91.02,0,185.76,91.02,Organic Search,Mobile
ORD0006458,CUST01137,PROD0179,Footwear,2024-02-19,2024-02,1,56.4,0,56.4,34.97,0,56.4,34.97,Organic Search,Mobile
ORD0006459,CUST01137,PROD0166,Clothing,2024-02-10,2024-02,1,87.15,0,87.15,54.03,0,87.15,54.03,Organic Search,Mobile
ORD0006460,CUST01137,PROD0052,Clothing,2023-12-15,2023-12,3,61.19,0,183.57,53.24,0,183.57,53.24,Organic Search,Mobile
ORD0006461,CUST01138,PROD0155,Beauty,2023-12-14,2023-12,1,35.29,0.05,33.53,13.75,0,33.53,13.75,Paid Social,Desktop
ORD0006462,CUST01138,PROD0132,Home & Living,2023-10-09,2023-10,2,31.95,0.1,57.51,33.36,0,57.51,33.36,Paid Social,Desktop
ORD0006463,CUST01138,PROD0153,Accessories,2023-12-25,2023-12,3,85.5,0.1,230.85,129.28,1,0.0,0.0,Paid Social,Desktop
ORD0006464,CUST01138,PROD0024,Beauty,2023-01-30,2023-01,2,20.35,0,40.7,16.69,0,40.7,16.69,Paid Social,Desktop
ORD0006465,CUST01138,PROD0167,Footwear,2023-09-15,2023-09,2,62.12,0.1,111.82,32.43,0,111.82,32.43,Paid Social,Desktop
ORD0006466,CUST01138,PROD0071,Beauty,2023-04-21,2023-04,2,65.25,0.1,117.45,71.64,0,117.45,71.64,Paid Social,Desktop
ORD0006467,CUST01138,PROD0128,Clothing,2023-05-15,2023-05,1,28.95,0.05,27.5,11.55,0,27.5,11.55,Paid Social,Desktop
ORD0006468,CUST01139,PROD0051,Footwear,2023-05-15,2023-05,3,119.28,0.15,304.16,173.37,0,304.16,173.37,Email,Mobile
ORD0006469,CUST01139,PROD0171,Clothing,2023-04-21,2023-04,2,49.46,0.1,89.03,22.26,1,0.0,0.0,Email,Mobile
ORD0006470,CUST01139,PROD0172,Beauty,2023-11-09,2023-11,2,19.11,0.15,32.49,13.97,0,32.49,13.97,Email,Mobile
ORD0006471,CUST01139,PROD0037,Clothing,2023-11-16,2023-11,1,99.72,0,99.72,37.89,0,99.72,37.89,Email,Mobile
ORD0006472,CUST01140,PROD0090,Home & Living,2023-11-06,2023-11,2,99.94,0,199.88,125.92,0,199.88,125.92,Email,Mobile
ORD0006473,CUST01140,PROD0043,Footwear,2023-03-26,2023-03,3,62.01,0.1,167.43,103.81,0,167.43,103.81,Email,Mobile
ORD0006474,CUST01140,PROD0105,Sports,2022-11-26,2022-11,3,41.5,0.15,105.83,66.67,0,105.83,66.67,Email,Mobile
ORD0006475,CUST01140,PROD0064,Footwear,2023-06-14,2023-06,2,190.18,0.1,342.32,133.5,1,0.0,0.0,Email,Mobile
ORD0006476,CUST01140,PROD0081,Home & Living,2022-02-02,2022-02,1,97.71,0.2,78.17,20.32,0,78.17,20.32,Email,Mobile
ORD0006477,CUST01140,PROD0068,Accessories,2024-03-18,2024-03,3,58.26,0,174.78,73.41,0,174.78,73.41,Email,Mobile
ORD0006478,CUST01140,PROD0085,Accessories,2023-08-25,2023-08,3,53.78,0,161.34,77.44,1,0.0,0.0,Email,Mobile
ORD0006479,CUST01141,PROD0137,Home & Living,2024-01-08,2024-01,3,99.54,0,298.62,116.46,0,298.62,116.46,Organic Search,Tablet
ORD0006480,CUST01141,PROD0084,Accessories,2023-10-02,2023-10,2,45.9,0,91.8,25.7,0,91.8,25.7,Organic Search,Tablet
ORD0006481,CUST01142,PROD0094,Home & Living,2023-09-18,2023-09,3,56.47,0,169.41,106.73,0,169.41,106.73,Email,Desktop
ORD0006482,CUST01142,PROD0151,Clothing,2023-09-10,2023-09,3,30.88,0.2,74.11,32.61,0,74.11,32.61,Email,Desktop
ORD0006483,CUST01142,PROD0155,Beauty,2024-02-28,2024-02,2,35.29,0,70.58,28.94,0,70.58,28.94,Email,Desktop
ORD0006484,CUST01142,PROD0066,Footwear,2023-12-25,2023-12,1,151.36,0.1,136.22,39.5,0,136.22,39.5,Email,Desktop
ORD0006485,CUST01142,PROD0057,Beauty,2023-11-24,2023-11,1,25.42,0.15,21.61,10.37,0,21.61,10.37,Email,Desktop
ORD0006486,CUST01142,PROD0164,Accessories,2024-01-27,2024-01,1,18.66,0.15,15.86,4.6,1,0.0,0.0,Email,Desktop
ORD0006487,CUST01142,PROD0195,Accessories,2024-02-08,2024-02,1,33.68,0.1,30.31,18.49,0,30.31,18.49,Email,Desktop
ORD0006488,CUST01142,PROD0033,Sports,2023-09-17,2023-09,3,54.48,0,163.44,45.76,0,163.44,45.76,Email,Desktop
ORD0006489,CUST01142,PROD0120,Home & Living,2024-01-18,2024-01,3,118.52,0,355.56,110.22,0,355.56,110.22,Email,Desktop
ORD0006490,CUST01142,PROD0068,Accessories,2024-01-09,2024-01,3,58.26,0.1,157.3,66.07,0,157.3,66.07,Email,Desktop
ORD0006491,CUST01142,PROD0028,Sports,2023-11-13,2023-11,3,115.45,0.1,311.72,152.74,0,311.72,152.74,Email,Desktop
ORD0006492,CUST01143,PROD0055,Sports,2023-08-17,2023-08,3,136.99,0,410.97,119.18,1,0.0,0.0,Email,Desktop
ORD0006493,CUST01144,PROD0176,Home & Living,2023-03-06,2023-03,1,51.13,0.05,48.57,13.6,0,48.57,13.6,Paid Social,Mobile
ORD0006494,CUST01144,PROD0126,Sports,2023-07-03,2023-07,3,92.2,0.05,262.77,168.17,0,262.77,168.17,Paid Social,Mobile
ORD0006495,CUST01144,PROD0035,Beauty,2023-09-05,2023-09,1,43.82,0,43.82,25.42,0,43.82,25.42,Paid Social,Mobile
ORD0006496,CUST01144,PROD0089,Sports,2024-01-01,2024-01,2,40.38,0.05,76.72,25.32,0,76.72,25.32,Paid Social,Mobile
ORD0006497,CUST01144,PROD0146,Accessories,2024-01-31,2024-01,3,80.98,0,242.94,85.03,0,242.94,85.03,Paid Social,Mobile
ORD0006498,CUST01145,PROD0172,Beauty,2023-10-25,2023-10,3,19.11,0.05,54.46,23.42,1,0.0,0.0,Paid Social,Mobile
ORD0006499,CUST01145,PROD0098,Home & Living,2023-08-12,2023-08,3,101.77,0.05,290.04,121.82,0,290.04,121.82,Paid Social,Mobile
ORD0006500,CUST01145,PROD0137,Home & Living,2024-01-22,2024-01,1,99.54,0.05,94.56,36.88,0,94.56,36.88,Paid Social,Mobile
ORD0006501,CUST01146,PROD0181,Home & Living,2023-09-28,2023-09,3,68.65,0,205.95,117.39,1,0.0,0.0,Paid Social,Mobile
ORD0006502,CUST01146,PROD0131,Beauty,2023-10-13,2023-10,3,36.76,0.1,99.25,34.74,1,0.0,0.0,Paid Social,Mobile
ORD0006503,CUST01146,PROD0008,Footwear,2023-09-18,2023-09,2,151.56,0,303.12,184.9,1,0.0,0.0,Paid Social,Mobile
ORD0006504,CUST01147,PROD0087,Home & Living,2024-03-21,2024-03,3,45.63,0.1,123.2,71.46,1,0.0,0.0,Referral,Mobile
ORD0006505,CUST01147,PROD0003,Footwear,2024-02-09,2024-02,3,63.28,0,189.84,94.92,0,189.84,94.92,Referral,Mobile
ORD0006506,CUST01147,PROD0031,Footwear,2023-12-19,2023-12,3,42.93,0,128.79,56.67,0,128.79,56.67,Referral,Mobile
ORD0006507,CUST01147,PROD0048,Home & Living,2024-03-17,2024-03,2,96.14,0,192.28,121.14,0,192.28,121.14,Referral,Mobile
ORD0006508,CUST01147,PROD0040,Beauty,2022-06-25,2022-06,1,42.24,0,42.24,17.32,0,42.24,17.32,Referral,Mobile
ORD0006509,CUST01147,PROD0117,Accessories,2022-12-04,2022-12,1,65.2,0,65.2,18.91,0,65.2,18.91,Referral,Mobile
ORD0006510,CUST01147,PROD0105,Sports,2023-09-17,2023-09,1,41.5,0,41.5,26.14,0,41.5,26.14,Referral,Mobile
ORD0006511,CUST01147,PROD0002,Clothing,2024-03-17,2024-03,1,48.81,0,48.81,30.75,0,48.81,30.75,Referral,Mobile
ORD0006512,CUST01147,PROD0127,Accessories,2023-06-29,2023-06,2,49.21,0,98.42,30.51,0,98.42,30.51,Referral,Mobile
ORD0006513,CUST01147,PROD0104,Sports,2023-06-13,2023-06,1,40.92,0,40.92,14.73,0,40.92,14.73,Referral,Mobile
ORD0006514,CUST01147,PROD0001,Accessories,2024-01-04,2024-01,1,40.31,0,40.31,14.11,1,0.0,0.0,Referral,Mobile
ORD0006515,CUST01147,PROD0110,Footwear,2023-08-25,2023-08,1,106.03,0,106.03,57.26,0,106.03,57.26,Referral,Mobile
ORD0006516,CUST01147,PROD0123,Clothing,2023-02-21,2023-02,2,40.48,0.1,72.86,18.94,0,72.86,18.94,Referral,Mobile
ORD0006517,CUST01148,PROD0140,Home & Living,2023-04-28,2023-04,1,34.26,0.1,30.83,16.96,0,30.83,16.96,Paid Social,Mobile
ORD0006518,CUST01148,PROD0161,Home & Living,2022-10-21,2022-10,2,33.22,0,66.44,39.2,0,66.44,39.2,Paid Social,Mobile
ORD0006519,CUST01148,PROD0029,Accessories,2023-07-01,2023-07,3,59.38,0.1,160.33,96.2,1,0.0,0.0,Paid Social,Mobile
ORD0006520,CUST01149,PROD0038,Accessories,2023-07-29,2023-07,1,85.41,0,85.41,46.98,0,85.41,46.98,Organic Search,Mobile
ORD0006521,CUST01149,PROD0058,Accessories,2024-03-22,2024-03,1,50.31,0,50.31,16.6,0,50.31,16.6,Organic Search,Mobile
ORD0006522,CUST01149,PROD0074,Beauty,2023-10-12,2023-10,1,52.12,0,52.12,13.55,1,0.0,0.0,Organic Search,Mobile
ORD0006523,CUST01149,PROD0150,Beauty,2023-08-16,2023-08,2,24.66,0,49.32,24.17,0,49.32,24.17,Organic Search,Mobile
ORD0006524,CUST01149,PROD0025,Footwear,2023-02-16,2023-02,1,78.3,0,78.3,25.84,0,78.3,25.84,Organic Search,Mobile
ORD0006525,CUST01149,PROD0079,Footwear,2023-11-28,2023-11,3,67.68,0,203.04,85.28,0,203.04,85.28,Organic Search,Mobile
ORD0006526,CUST01149,PROD0084,Accessories,2023-05-08,2023-05,3,45.9,0,137.7,38.56,0,137.7,38.56,Organic Search,Mobile
ORD0006527,CUST01149,PROD0052,Clothing,2024-03-20,2024-03,3,61.19,0,183.57,53.24,0,183.57,53.24,Organic Search,Mobile
ORD0006528,CUST01149,PROD0144,Beauty,2023-08-20,2023-08,2,34.94,0,69.88,38.43,0,69.88,38.43,Organic Search,Mobile
ORD0006529,CUST01149,PROD0159,Beauty,2023-06-28,2023-06,3,20.79,0,62.37,19.33,0,62.37,19.33,Organic Search,Mobile
ORD0006530,CUST01150,PROD0058,Accessories,2022-12-28,2022-12,2,50.31,0.1,90.56,29.88,0,90.56,29.88,Paid Social,Mobile
ORD0006531,CUST01150,PROD0029,Accessories,2023-09-23,2023-09,2,59.38,0.1,106.88,64.13,0,106.88,64.13,Paid Social,Mobile
ORD0006532,CUST01150,PROD0120,Home & Living,2023-04-09,2023-04,3,118.52,0.1,320.0,99.2,0,320.0,99.2,Paid Social,Mobile
ORD0006533,CUST01150,PROD0079,Footwear,2024-03-19,2024-03,2,67.68,0.05,128.59,54.01,0,128.59,54.01,Paid Social,Mobile
ORD0006534,CUST01150,PROD0049,Home & Living,2024-02-29,2024-02,3,60.55,0.05,172.57,67.3,0,172.57,67.3,Paid Social,Mobile
ORD0006535,CUST01151,PROD0110,Footwear,2024-03-25,2024-03,1,106.03,0,106.03,57.26,0,106.03,57.26,Organic Search,Mobile
ORD0006536,CUST01151,PROD0051,Footwear,2023-09-07,2023-09,2,119.28,0,238.56,135.98,0,238.56,135.98,Organic Search,Mobile
ORD0006537,CUST01151,PROD0030,Beauty,2023-04-24,2023-04,3,30.52,0,91.56,32.96,1,0.0,0.0,Organic Search,Mobile
ORD0006538,CUST01151,PROD0060,Footwear,2023-06-25,2023-06,3,104.31,0,312.93,90.75,0,312.93,90.75,Organic Search,Mobile
ORD0006539,CUST01151,PROD0075,Accessories,2023-03-11,2023-03,1,80.95,0,80.95,32.38,0,80.95,32.38,Organic Search,Mobile
ORD0006540,CUST01152,PROD0078,Accessories,2023-07-01,2023-07,2,83.84,0,167.68,100.61,0,167.68,100.61,Paid Social,Desktop
ORD0006541,CUST01152,PROD0161,Home & Living,2024-02-10,2024-02,3,33.22,0,99.66,58.8,0,99.66,58.8,Paid Social,Desktop
ORD0006542,CUST01152,PROD0078,Accessories,2023-08-12,2023-08,3,83.84,0,251.52,150.91,0,251.52,150.91,Paid Social,Desktop
ORD0006543,CUST01153,PROD0173,Footwear,2023-05-22,2023-05,1,87.72,0,87.72,37.72,0,87.72,37.72,Direct,Desktop
ORD0006544,CUST01153,PROD0035,Beauty,2023-11-12,2023-11,1,43.82,0,43.82,25.42,0,43.82,25.42,Direct,Desktop
ORD0006545,CUST01153,PROD0147,Home & Living,2023-12-03,2023-12,3,133.32,0,399.96,183.98,0,399.96,183.98,Direct,Desktop
ORD0006546,CUST01153,PROD0100,Clothing,2023-05-28,2023-05,2,80.73,0,161.46,72.66,0,161.46,72.66,Direct,Desktop
ORD0006547,CUST01153,PROD0186,Home & Living,2023-05-14,2023-05,2,126.59,0,253.18,73.42,1,0.0,0.0,Direct,Desktop
ORD0006548,CUST01153,PROD0025,Footwear,2023-05-11,2023-05,2,78.3,0,156.6,51.68,1,0.0,0.0,Direct,Desktop
ORD0006549,CUST01153,PROD0131,Beauty,2024-03-08,2024-03,3,36.76,0,110.28,38.6,1,0.0,0.0,Direct,Desktop
ORD0006550,CUST01153,PROD0084,Accessories,2023-11-27,2023-11,3,45.9,0,137.7,38.56,0,137.7,38.56,Direct,Desktop
ORD0006551,CUST01154,PROD0113,Home & Living,2023-03-07,2023-03,1,30.82,0.05,29.28,15.52,0,29.28,15.52,Paid Social,Mobile
ORD0006552,CUST01154,PROD0013,Sports,2023-11-13,2023-11,2,147.02,0,294.04,114.68,0,294.04,114.68,Paid Social,Mobile
ORD0006553,CUST01154,PROD0037,Clothing,2023-09-20,2023-09,3,99.72,0.05,284.2,108.0,1,0.0,0.0,Paid Social,Mobile
ORD0006554,CUST01154,PROD0001,Accessories,2023-10-26,2023-10,1,40.31,0.1,36.28,12.7,0,36.28,12.7,Paid Social,Mobile
ORD0006555,CUST01154,PROD0065,Accessories,2024-01-30,2024-01,2,54.38,0,108.76,46.77,0,108.76,46.77,Paid Social,Mobile
ORD0006556,CUST01154,PROD0166,Clothing,2023-02-12,2023-02,2,87.15,0.1,156.87,97.26,0,156.87,97.26,Paid Social,Mobile
ORD0006557,CUST01154,PROD0158,Home & Living,2023-06-19,2023-06,1,50.83,0.05,48.29,22.7,0,48.29,22.7,Paid Social,Mobile
ORD0006558,CUST01154,PROD0179,Footwear,2023-02-05,2023-02,2,56.4,0.1,101.52,62.94,0,101.52,62.94,Paid Social,Mobile
ORD0006559,CUST01154,PROD0135,Beauty,2024-03-30,2024-03,2,31.76,0.05,60.34,37.41,0,60.34,37.41,Paid Social,Mobile
ORD0006560,CUST01154,PROD0166,Clothing,2023-04-08,2023-04,2,87.15,0,174.3,108.07,0,174.3,108.07,Paid Social,Mobile
ORD0006561,CUST01155,PROD0015,Footwear,2022-05-09,2022-05,3,131.63,0,394.89,161.9,0,394.89,161.9,Referral,Mobile
ORD0006562,CUST01155,PROD0197,Clothing,2022-03-26,2022-03,1,92.45,0,92.45,33.28,0,92.45,33.28,Referral,Mobile
ORD0006563,CUST01155,PROD0024,Beauty,2024-03-10,2024-03,2,20.35,0,40.7,16.69,0,40.7,16.69,Referral,Mobile
ORD0006564,CUST01155,PROD0120,Home & Living,2022-04-14,2022-04,3,118.52,0.1,320.0,99.2,0,320.0,99.2,Referral,Mobile
ORD0006565,CUST01155,PROD0173,Footwear,2022-12-02,2022-12,3,87.72,0,263.16,113.16,1,0.0,0.0,Referral,Mobile
ORD0006566,CUST01155,PROD0101,Footwear,2023-04-20,2023-04,1,191.81,0,191.81,84.4,1,0.0,0.0,Referral,Mobile
ORD0006567,CUST01155,PROD0060,Footwear,2022-12-26,2022-12,3,104.31,0,312.93,90.75,0,312.93,90.75,Referral,Mobile
ORD0006568,CUST01155,PROD0103,Accessories,2023-01-02,2023-01,2,84.89,0,169.78,76.4,0,169.78,76.4,Referral,Mobile
ORD0006569,CUST01155,PROD0119,Beauty,2023-11-08,2023-11,1,20.14,0,20.14,7.25,0,20.14,7.25,Referral,Mobile
ORD0006570,CUST01155,PROD0067,Clothing,2023-12-07,2023-12,2,47.62,0,95.24,30.48,0,95.24,30.48,Referral,Mobile
ORD0006571,CUST01155,PROD0145,Clothing,2023-06-30,2023-06,3,70.32,0.1,189.86,113.92,0,189.86,113.92,Referral,Mobile
ORD0006572,CUST01155,PROD0051,Footwear,2022-05-22,2022-05,1,119.28,0.1,107.35,61.19,0,107.35,61.19,Referral,Mobile
ORD0006573,CUST01155,PROD0066,Footwear,2024-01-08,2024-01,3,151.36,0.1,408.67,118.51,0,408.67,118.51,Referral,Mobile
ORD0006574,CUST01156,PROD0173,Footwear,2023-06-24,2023-06,2,87.72,0.1,157.9,67.9,0,157.9,67.9,Email,Mobile
ORD0006575,CUST01156,PROD0145,Clothing,2023-07-12,2023-07,3,70.32,0,210.96,126.58,0,210.96,126.58,Email,Mobile
ORD0006576,CUST01156,PROD0187,Clothing,2023-07-15,2023-07,2,104.59,0.1,188.26,82.83,1,0.0,0.0,Email,Mobile
ORD0006577,CUST01156,PROD0078,Accessories,2023-09-25,2023-09,3,83.84,0.1,226.37,135.82,1,0.0,0.0,Email,Mobile
ORD0006578,CUST01156,PROD0005,Footwear,2023-09-02,2023-09,3,121.17,0.15,308.98,179.21,0,308.98,179.21,Email,Mobile
ORD0006579,CUST01156,PROD0172,Beauty,2023-02-23,2023-02,2,19.11,0.2,30.58,13.15,1,0.0,0.0,Email,Mobile
ORD0006580,CUST01157,PROD0092,Beauty,2022-12-04,2022-12,3,19.38,0,58.14,18.6,0,58.14,18.6,Paid Social,Mobile
ORD0006581,CUST01157,PROD0100,Clothing,2024-02-14,2024-02,3,80.73,0.05,230.08,103.54,0,230.08,103.54,Paid Social,Mobile
ORD0006582,CUST01157,PROD0061,Home & Living,2022-12-17,2022-12,3,136.85,0.1,369.49,136.71,1,0.0,0.0,Paid Social,Mobile
ORD0006583,CUST01157,PROD0138,Home & Living,2024-01-29,2024-01,3,126.57,0.05,360.72,162.32,0,360.72,162.32,Paid Social,Mobile
ORD0006584,CUST01158,PROD0049,Home & Living,2022-04-14,2022-04,2,60.55,0,121.1,47.23,0,121.1,47.23,Influencer,Mobile
ORD0006585,CUST01158,PROD0191,Accessories,2023-06-21,2023-06,1,42.93,0,42.93,21.04,0,42.93,21.04,Influencer,Mobile
ORD0006586,CUST01159,PROD0042,Home & Living,2023-11-20,2023-11,3,61.51,0,184.53,51.67,0,184.53,51.67,Paid Social,Mobile
ORD0006587,CUST01159,PROD0161,Home & Living,2022-10-11,2022-10,2,33.22,0,66.44,39.2,1,0.0,0.0,Paid Social,Mobile
ORD0006588,CUST01160,PROD0081,Home & Living,2023-09-25,2023-09,3,97.71,0,293.13,76.21,1,0.0,0.0,Organic Search,Mobile
ORD0006589,CUST01160,PROD0088,Accessories,2023-11-26,2023-11,3,42.05,0,126.15,46.68,1,0.0,0.0,Organic Search,Mobile
ORD0006590,CUST01160,PROD0094,Home & Living,2023-12-17,2023-12,3,56.47,0,169.41,106.73,1,0.0,0.0,Organic Search,Mobile
ORD0006591,CUST01160,PROD0189,Home & Living,2023-10-02,2023-10,2,100.23,0,200.46,122.28,0,200.46,122.28,Organic Search,Mobile
ORD0006592,CUST01160,PROD0133,Clothing,2023-12-26,2023-12,1,70.11,0,70.11,39.96,0,70.11,39.96,Organic Search,Mobile
ORD0006593,CUST01160,PROD0098,Home & Living,2024-01-15,2024-01,2,101.77,0,203.54,85.49,0,203.54,85.49,Organic Search,Mobile
ORD0006594,CUST01160,PROD0054,Sports,2024-01-29,2024-01,3,142.4,0,427.2,213.6,0,427.2,213.6,Organic Search,Mobile
ORD0006595,CUST01160,PROD0131,Beauty,2023-10-16,2023-10,3,36.76,0,110.28,38.6,0,110.28,38.6,Organic Search,Mobile
ORD0006596,CUST01161,PROD0122,Home & Living,2023-10-10,2023-10,1,74.99,0,74.99,30.0,0,74.99,30.0,Direct,Mobile
ORD0006597,CUST01161,PROD0197,Clothing,2024-02-10,2024-02,1,92.45,0,92.45,33.28,0,92.45,33.28,Direct,Mobile
ORD0006598,CUST01161,PROD0015,Footwear,2023-12-02,2023-12,2,131.63,0,263.26,107.94,0,263.26,107.94,Direct,Mobile
ORD0006599,CUST01162,PROD0092,Beauty,2022-12-07,2022-12,3,19.38,0,58.14,18.6,0,58.14,18.6,Organic Search,Mobile
ORD0006600,CUST01162,PROD0037,Clothing,2022-06-15,2022-06,2,99.72,0,199.44,75.79,0,199.44,75.79,Organic Search,Mobile
ORD0006601,CUST01162,PROD0038,Accessories,2024-03-13,2024-03,2,85.41,0,170.82,93.95,1,0.0,0.0,Organic Search,Mobile
ORD0006602,CUST01162,PROD0109,Sports,2023-03-27,2023-03,3,60.91,0,182.73,56.65,0,182.73,56.65,Organic Search,Mobile
ORD0006603,CUST01162,PROD0064,Footwear,2024-01-22,2024-01,2,190.18,0,380.36,148.34,0,380.36,148.34,Organic Search,Mobile
ORD0006604,CUST01162,PROD0083,Clothing,2022-11-19,2022-11,1,25.2,0,25.2,13.61,0,25.2,13.61,Organic Search,Mobile
ORD0006605,CUST01162,PROD0108,Accessories,2022-09-10,2022-09,3,82.14,0,246.42,73.93,0,246.42,73.93,Organic Search,Mobile
ORD0006606,CUST01163,PROD0173,Footwear,2023-10-06,2023-10,2,87.72,0.15,149.12,64.12,0,149.12,64.12,Email,Tablet
ORD0006607,CUST01163,PROD0046,Sports,2023-06-25,2023-06,3,44.39,0.1,119.85,63.52,0,119.85,63.52,Email,Tablet
ORD0006608,CUST01163,PROD0173,Footwear,2024-03-19,2024-03,2,87.72,0.15,149.12,64.12,0,149.12,64.12,Email,Tablet
ORD0006609,CUST01163,PROD0004,Accessories,2024-01-01,2024-01,2,19.48,0.1,35.06,22.09,1,0.0,0.0,Email,Tablet
ORD0006610,CUST01163,PROD0194,Accessories,2023-09-19,2023-09,1,80.84,0,80.84,41.23,0,80.84,41.23,Email,Tablet
ORD0006611,CUST01163,PROD0158,Home & Living,2023-07-10,2023-07,3,50.83,0.2,121.99,57.34,0,121.99,57.34,Email,Tablet
ORD0006612,CUST01164,PROD0013,Sports,2023-07-13,2023-07,1,147.02,0.15,124.97,48.74,1,0.0,0.0,Email,Desktop
ORD0006613,CUST01164,PROD0177,Accessories,2023-03-25,2023-03,2,31.44,0,62.88,23.89,0,62.88,23.89,Email,Desktop
ORD0006614,CUST01164,PROD0162,Home & Living,2023-09-23,2023-09,3,81.32,0.1,219.56,96.61,0,219.56,96.61,Email,Desktop
ORD0006615,CUST01164,PROD0026,Footwear,2023-10-11,2023-10,1,66.28,0,66.28,17.23,1,0.0,0.0,Email,Desktop
ORD0006616,CUST01164,PROD0166,Clothing,2023-07-04,2023-07,2,87.15,0.1,156.87,97.26,0,156.87,97.26,Email,Desktop
ORD0006617,CUST01164,PROD0065,Accessories,2023-06-26,2023-06,3,54.38,0,163.14,70.15,0,163.14,70.15,Email,Desktop
ORD0006618,CUST01164,PROD0176,Home & Living,2023-08-16,2023-08,1,51.13,0.1,46.02,12.89,0,46.02,12.89,Email,Desktop
ORD0006619,CUST01165,PROD0162,Home & Living,2022-07-20,2022-07,3,81.32,0.1,219.56,96.61,0,219.56,96.61,Email,Mobile
ORD0006620,CUST01165,PROD0111,Clothing,2022-11-30,2022-11,1,72.51,0.2,58.01,35.39,0,58.01,35.39,Email,Mobile
ORD0006621,CUST01165,PROD0157,Sports,2023-12-18,2023-12,2,101.12,0.15,171.9,72.2,1,0.0,0.0,Email,Mobile
ORD0006622,CUST01165,PROD0033,Sports,2022-10-12,2022-10,1,54.48,0,54.48,15.25,0,54.48,15.25,Email,Mobile
ORD0006623,CUST01165,PROD0155,Beauty,2023-06-01,2023-06,3,35.29,0.1,95.28,39.06,1,0.0,0.0,Email,Mobile
ORD0006624,CUST01165,PROD0160,Accessories,2024-01-30,2024-01,1,31.12,0.15,26.45,14.81,0,26.45,14.81,Email,Mobile
ORD0006625,CUST01165,PROD0165,Footwear,2022-10-26,2022-10,2,116.35,0,232.7,148.93,0,232.7,148.93,Email,Mobile
ORD0006626,CUST01166,PROD0117,Accessories,2023-11-27,2023-11,1,65.2,0,65.2,18.91,0,65.2,18.91,Paid Social,Desktop
ORD0006627,CUST01166,PROD0137,Home & Living,2023-10-06,2023-10,3,99.54,0.05,283.69,110.64,1,0.0,0.0,Paid Social,Desktop
ORD0006628,CUST01166,PROD0197,Clothing,2024-03-01,2024-03,1,92.45,0,92.45,33.28,1,0.0,0.0,Paid Social,Desktop
ORD0006629,CUST01167,PROD0036,Home & Living,2023-09-20,2023-09,1,74.59,0,74.59,26.11,1,0.0,0.0,Paid Social,Mobile
ORD0006630,CUST01167,PROD0198,Sports,2023-03-08,2023-03,1,59.63,0,59.63,25.04,0,59.63,25.04,Paid Social,Mobile
ORD0006631,CUST01168,PROD0087,Home & Living,2023-10-27,2023-10,2,45.63,0,91.26,52.93,1,0.0,0.0,Organic Search,Desktop
ORD0006632,CUST01168,PROD0090,Home & Living,2024-02-15,2024-02,3,99.94,0,299.82,188.89,0,299.82,188.89,Organic Search,Desktop
ORD0006633,CUST01168,PROD0044,Footwear,2023-04-28,2023-04,3,185.76,0,557.28,273.07,1,0.0,0.0,Organic Search,Desktop
ORD0006634,CUST01168,PROD0185,Footwear,2023-05-06,2023-05,1,196.58,0,196.58,100.26,1,0.0,0.0,Organic Search,Desktop
ORD0006635,CUST01168,PROD0003,Footwear,2024-03-05,2024-03,1,63.28,0,63.28,31.64,0,63.28,31.64,Organic Search,Desktop
ORD0006636,CUST01168,PROD0068,Accessories,2023-05-24,2023-05,1,58.26,0,58.26,24.47,0,58.26,24.47,Organic Search,Desktop
ORD0006637,CUST01168,PROD0192,Sports,2023-06-28,2023-06,1,82.92,0,82.92,43.12,0,82.92,43.12,Organic Search,Desktop
ORD0006638,CUST01169,PROD0112,Home & Living,2023-09-25,2023-09,3,48.0,0,144.0,82.08,0,144.0,82.08,Direct,Mobile
ORD0006639,CUST01169,PROD0178,Clothing,2023-11-13,2023-11,1,60.67,0,60.67,24.27,1,0.0,0.0,Direct,Mobile
ORD0006640,CUST01169,PROD0150,Beauty,2023-07-17,2023-07,1,24.66,0,24.66,12.08,1,0.0,0.0,Direct,Mobile
ORD0006641,CUST01169,PROD0172,Beauty,2023-12-30,2023-12,3,19.11,0,57.33,24.65,0,57.33,24.65,Direct,Mobile
ORD0006642,CUST01169,PROD0031,Footwear,2023-06-05,2023-06,3,42.93,0,128.79,56.67,0,128.79,56.67,Direct,Mobile
ORD0006643,CUST01170,PROD0032,Home & Living,2023-12-07,2023-12,3,43.05,0,129.15,37.45,1,0.0,0.0,Organic Search,Mobile
ORD0006644,CUST01170,PROD0092,Beauty,2022-03-20,2022-03,1,19.38,0,19.38,6.2,0,19.38,6.2,Organic Search,Mobile
ORD0006645,CUST01170,PROD0175,Footwear,2022-04-20,2022-04,1,69.53,0,69.53,20.86,1,0.0,0.0,Organic Search,Mobile
ORD0006646,CUST01170,PROD0106,Footwear,2022-12-23,2022-12,3,188.1,0,564.3,242.65,1,0.0,0.0,Organic Search,Mobile
ORD0006647,CUST01170,PROD0090,Home & Living,2022-12-10,2022-12,1,99.94,0,99.94,62.96,1,0.0,0.0,Organic Search,Mobile
ORD0006648,CUST01171,PROD0062,Accessories,2023-09-03,2023-09,1,85.04,0,85.04,35.72,1,0.0,0.0,Paid Social,Mobile
ORD0006649,CUST01171,PROD0013,Sports,2023-10-15,2023-10,2,147.02,0,294.04,114.68,0,294.04,114.68,Paid Social,Mobile
ORD0006650,CUST01171,PROD0092,Beauty,2023-03-16,2023-03,2,19.38,0,38.76,12.4,0,38.76,12.4,Paid Social,Mobile
ORD0006651,CUST01171,PROD0055,Sports,2023-07-10,2023-07,3,136.99,0.1,369.87,107.26,0,369.87,107.26,Paid Social,Mobile
ORD0006652,CUST01171,PROD0147,Home & Living,2023-04-29,2023-04,3,133.32,0.05,379.96,174.78,1,0.0,0.0,Paid Social,Mobile
ORD0006653,CUST01171,PROD0175,Footwear,2023-05-16,2023-05,2,69.53,0,139.06,41.72,1,0.0,0.0,Paid Social,Mobile
ORD0006654,CUST01171,PROD0002,Clothing,2023-04-01,2023-04,1,48.81,0,48.81,30.75,0,48.81,30.75,Paid Social,Mobile
ORD0006655,CUST01172,PROD0131,Beauty,2024-02-12,2024-02,2,36.76,0,73.52,25.73,0,73.52,25.73,Direct,Mobile
ORD0006656,CUST01172,PROD0039,Beauty,2023-08-05,2023-08,3,69.16,0,207.48,116.19,1,0.0,0.0,Direct,Mobile
ORD0006657,CUST01173,PROD0101,Footwear,2023-07-15,2023-07,3,191.81,0.1,517.89,227.87,0,517.89,227.87,Referral,Mobile
ORD0006658,CUST01173,PROD0165,Footwear,2023-10-02,2023-10,3,116.35,0.1,314.14,201.05,0,314.14,201.05,Referral,Mobile
ORD0006659,CUST01173,PROD0066,Footwear,2023-09-10,2023-09,2,151.36,0,302.72,87.79,0,302.72,87.79,Referral,Mobile
ORD0006660,CUST01173,PROD0194,Accessories,2023-10-05,2023-10,1,80.84,0.1,72.76,37.11,0,72.76,37.11,Referral,Mobile
ORD0006661,CUST01173,PROD0167,Footwear,2023-12-19,2023-12,2,62.12,0,124.24,36.03,0,124.24,36.03,Referral,Mobile
ORD0006662,CUST01173,PROD0153,Accessories,2023-11-02,2023-11,1,85.5,0.1,76.95,43.09,0,76.95,43.09,Referral,Mobile
ORD0006663,CUST01173,PROD0016,Beauty,2024-03-12,2024-03,1,14.72,0.1,13.25,8.48,0,13.25,8.48,Referral,Mobile
ORD0006664,CUST01173,PROD0079,Footwear,2023-08-27,2023-08,3,67.68,0.1,182.74,76.75,0,182.74,76.75,Referral,Mobile
ORD0006665,CUST01173,PROD0114,Beauty,2023-05-29,2023-05,1,25.83,0,25.83,10.59,0,25.83,10.59,Referral,Mobile
ORD0006666,CUST01173,PROD0034,Clothing,2024-03-16,2024-03,1,108.12,0.1,97.31,38.92,0,97.31,38.92,Referral,Mobile
ORD0006667,CUST01173,PROD0150,Beauty,2023-07-05,2023-07,3,24.66,0.1,66.58,32.62,0,66.58,32.62,Referral,Mobile
ORD0006668,CUST01173,PROD0150,Beauty,2023-10-08,2023-10,3,24.66,0,73.98,36.25,0,73.98,36.25,Referral,Mobile
ORD0006669,CUST01173,PROD0191,Accessories,2022-11-14,2022-11,2,42.93,0,85.86,42.07,0,85.86,42.07,Referral,Mobile
ORD0006670,CUST01173,PROD0034,Clothing,2023-10-02,2023-10,2,108.12,0.1,194.62,77.85,0,194.62,77.85,Referral,Mobile
ORD0006671,CUST01173,PROD0010,Home & Living,2023-04-17,2023-04,2,50.82,0,101.64,38.62,0,101.64,38.62,Referral,Mobile
ORD0006672,CUST01173,PROD0130,Home & Living,2024-01-13,2024-01,3,126.57,0,379.71,220.23,0,379.71,220.23,Referral,Mobile
ORD0006673,CUST01173,PROD0107,Clothing,2023-04-22,2023-04,3,91.09,0,273.27,169.43,1,0.0,0.0,Referral,Mobile
ORD0006674,CUST01173,PROD0064,Footwear,2023-11-02,2023-11,1,190.18,0,190.18,74.17,0,190.18,74.17,Referral,Mobile
ORD0006675,CUST01174,PROD0171,Clothing,2024-02-12,2024-02,2,49.46,0,98.92,24.73,0,98.92,24.73,Paid Social,Desktop
ORD0006676,CUST01174,PROD0119,Beauty,2023-07-10,2023-07,3,20.14,0.05,57.4,20.66,0,57.4,20.66,Paid Social,Desktop
ORD0006677,CUST01174,PROD0166,Clothing,2023-08-26,2023-08,2,87.15,0.05,165.59,102.67,1,0.0,0.0,Paid Social,Desktop
ORD0006678,CUST01174,PROD0133,Clothing,2023-12-26,2023-12,3,70.11,0,210.33,119.89,0,210.33,119.89,Paid Social,Desktop
ORD0006679,CUST01175,PROD0191,Accessories,2024-01-31,2024-01,2,42.93,0,85.86,42.07,0,85.86,42.07,Influencer,Mobile
ORD0006680,CUST01175,PROD0047,Footwear,2023-05-12,2023-05,3,144.43,0,433.29,168.98,0,433.29,168.98,Influencer,Mobile
ORD0006681,CUST01175,PROD0146,Accessories,2024-03-02,2024-03,3,80.98,0,242.94,85.03,1,0.0,0.0,Influencer,Mobile
ORD0006682,CUST01175,PROD0131,Beauty,2023-06-09,2023-06,3,36.76,0,110.28,38.6,0,110.28,38.6,Influencer,Mobile
ORD0006683,CUST01175,PROD0118,Clothing,2024-03-30,2024-03,2,33.04,0,66.08,31.72,0,66.08,31.72,Influencer,Mobile
ORD0006684,CUST01175,PROD0043,Footwear,2023-05-17,2023-05,1,62.01,0,62.01,38.45,1,0.0,0.0,Influencer,Mobile
ORD0006685,CUST01175,PROD0076,Clothing,2023-05-17,2023-05,2,54.02,0,108.04,33.49,0,108.04,33.49,Influencer,Mobile
ORD0006686,CUST01176,PROD0027,Footwear,2023-10-17,2023-10,2,147.27,0,294.54,164.94,0,294.54,164.94,Email,Desktop
ORD0006687,CUST01176,PROD0168,Clothing,2023-09-14,2023-09,3,45.57,0.15,116.2,48.8,0,116.2,48.8,Email,Desktop
ORD0006688,CUST01176,PROD0159,Beauty,2023-10-30,2023-10,1,20.79,0.15,17.67,5.48,1,0.0,0.0,Email,Desktop
ORD0006689,CUST01176,PROD0166,Clothing,2024-01-19,2024-01,2,87.15,0,174.3,108.07,0,174.3,108.07,Email,Desktop
ORD0006690,CUST01176,PROD0136,Accessories,2024-02-13,2024-02,2,78.97,0.15,134.25,49.67,0,134.25,49.67,Email,Desktop
ORD0006691,CUST01176,PROD0118,Clothing,2024-01-24,2024-01,2,33.04,0.1,59.47,28.55,0,59.47,28.55,Email,Desktop
ORD0006692,CUST01176,PROD0101,Footwear,2024-01-18,2024-01,1,191.81,0,191.81,84.4,1,0.0,0.0,Email,Desktop
ORD0006693,CUST01176,PROD0091,Beauty,2023-12-14,2023-12,2,39.11,0.2,62.58,25.03,0,62.58,25.03,Email,Desktop
ORD0006694,CUST01176,PROD0047,Footwear,2024-03-17,2024-03,2,144.43,0.1,259.97,101.39,0,259.97,101.39,Email,Desktop
ORD0006695,CUST01176,PROD0174,Clothing,2023-11-10,2023-11,1,69.83,0.2,55.86,14.52,0,55.86,14.52,Email,Desktop
ORD0006696,CUST01176,PROD0006,Accessories,2023-12-30,2023-12,2,25.71,0.15,43.71,20.54,0,43.71,20.54,Email,Desktop
ORD0006697,CUST01176,PROD0038,Accessories,2024-01-15,2024-01,3,85.41,0.1,230.61,126.84,1,0.0,0.0,Email,Desktop
ORD0006698,CUST01176,PROD0097,Clothing,2023-11-01,2023-11,1,60.58,0,60.58,17.57,0,60.58,17.57,Email,Desktop
ORD0006699,CUST01176,PROD0140,Home & Living,2023-10-13,2023-10,1,34.26,0,34.26,18.84,1,0.0,0.0,Email,Desktop
ORD0006700,CUST01176,PROD0146,Accessories,2023-10-29,2023-10,2,80.98,0.1,145.76,51.02,1,0.0,0.0,Email,Desktop
ORD0006701,CUST01177,PROD0070,Home & Living,2023-04-29,2023-04,2,75.93,0,151.86,89.6,1,0.0,0.0,Paid Social,Mobile
ORD0006702,CUST01178,PROD0175,Footwear,2023-09-18,2023-09,3,69.53,0.15,177.3,53.19,0,177.3,53.19,Email,Tablet
ORD0006703,CUST01178,PROD0060,Footwear,2023-08-13,2023-08,3,104.31,0.1,281.64,81.68,1,0.0,0.0,Email,Tablet
ORD0006704,CUST01178,PROD0007,Beauty,2023-10-05,2023-10,1,25.48,0,25.48,8.41,0,25.48,8.41,Email,Tablet
ORD0006705,CUST01178,PROD0198,Sports,2023-02-14,2023-02,3,59.63,0.1,161.0,67.62,1,0.0,0.0,Email,Tablet
ORD0006706,CUST01178,PROD0163,Beauty,2023-03-23,2023-03,3,20.18,0,60.54,29.06,0,60.54,29.06,Email,Tablet
ORD0006707,CUST01178,PROD0021,Beauty,2023-08-01,2023-08,1,65.25,0.15,55.46,34.39,1,0.0,0.0,Email,Tablet
ORD0006708,CUST01179,PROD0191,Accessories,2024-02-13,2024-02,2,42.93,0,85.86,42.07,0,85.86,42.07,Direct,Mobile
ORD0006709,CUST01179,PROD0111,Clothing,2022-12-24,2022-12,2,72.51,0,145.02,88.46,0,145.02,88.46,Direct,Mobile
ORD0006710,CUST01179,PROD0078,Accessories,2022-08-22,2022-08,2,83.84,0,167.68,100.61,0,167.68,100.61,Direct,Mobile
ORD0006711,CUST01179,PROD0107,Clothing,2023-02-14,2023-02,3,91.09,0,273.27,169.43,0,273.27,169.43,Direct,Mobile
ORD0006712,CUST01179,PROD0149,Beauty,2023-06-09,2023-06,1,65.53,0,65.53,34.08,0,65.53,34.08,Direct,Mobile
ORD0006713,CUST01179,PROD0048,Home & Living,2024-02-19,2024-02,3,96.14,0,288.42,181.7,0,288.42,181.7,Direct,Mobile
ORD0006714,CUST01179,PROD0169,Accessories,2024-01-16,2024-01,2,66.47,0,132.94,67.8,0,132.94,67.8,Direct,Mobile
ORD0006715,CUST01179,PROD0152,Accessories,2022-10-06,2022-10,1,36.62,0,36.62,16.11,0,36.62,16.11,Direct,Mobile
ORD0006716,CUST01179,PROD0179,Footwear,2022-09-10,2022-09,1,56.4,0,56.4,34.97,1,0.0,0.0,Direct,Mobile
ORD0006717,CUST01179,PROD0033,Sports,2023-04-24,2023-04,3,54.48,0,163.44,45.76,0,163.44,45.76,Direct,Mobile
ORD0006718,CUST01179,PROD0095,Accessories,2023-11-23,2023-11,3,33.53,0,100.59,57.34,0,100.59,57.34,Direct,Mobile
ORD0006719,CUST01179,PROD0073,Sports,2023-10-15,2023-10,1,66.61,0,66.61,23.98,0,66.61,23.98,Direct,Mobile
ORD0006720,CUST01179,PROD0126,Sports,2022-12-08,2022-12,2,92.2,0,184.4,118.02,0,184.4,118.02,Direct,Mobile
ORD0006721,CUST01179,PROD0009,Sports,2022-09-14,2022-09,2,39.16,0,78.32,46.21,1,0.0,0.0,Direct,Mobile
ORD0006722,CUST01180,PROD0167,Footwear,2024-03-06,2024-03,3,62.12,0.05,177.04,51.34,0,177.04,51.34,Paid Social,Mobile
ORD0006723,CUST01180,PROD0172,Beauty,2024-01-09,2024-01,1,19.11,0.05,18.15,7.8,0,18.15,7.8,Paid Social,Mobile
ORD0006724,CUST01180,PROD0156,Sports,2024-03-19,2024-03,1,96.17,0.05,91.36,52.99,0,91.36,52.99,Paid Social,Mobile
ORD0006725,CUST01180,PROD0085,Accessories,2024-01-09,2024-01,3,53.78,0.05,153.27,73.57,0,153.27,73.57,Paid Social,Mobile
ORD0006726,CUST01180,PROD0170,Beauty,2023-10-29,2023-10,2,69.97,0,139.94,89.56,0,139.94,89.56,Paid Social,Mobile
ORD0006727,CUST01180,PROD0153,Accessories,2023-10-06,2023-10,1,85.5,0.1,76.95,43.09,0,76.95,43.09,Paid Social,Mobile
ORD0006728,CUST01180,PROD0071,Beauty,2023-10-15,2023-10,1,65.25,0,65.25,39.8,0,65.25,39.8,Paid Social,Mobile
ORD0006729,CUST01180,PROD0002,Clothing,2023-11-13,2023-11,2,48.81,0.05,92.74,58.43,0,92.74,58.43,Paid Social,Mobile
ORD0006730,CUST01180,PROD0181,Home & Living,2024-03-12,2024-03,2,68.65,0,137.3,78.26,0,137.3,78.26,Paid Social,Mobile
ORD0006731,CUST01181,PROD0129,Accessories,2023-03-06,2023-03,1,45.01,0,45.01,13.95,1,0.0,0.0,Organic Search,Mobile
ORD0006732,CUST01181,PROD0194,Accessories,2023-04-03,2023-04,3,80.84,0,242.52,123.69,0,242.52,123.69,Organic Search,Mobile
ORD0006733,CUST01182,PROD0134,Accessories,2023-06-07,2023-06,2,24.1,0,48.2,26.99,1,0.0,0.0,Organic Search,Desktop
ORD0006734,CUST01182,PROD0159,Beauty,2023-04-09,2023-04,1,20.79,0,20.79,6.44,0,20.79,6.44,Organic Search,Desktop
ORD0006735,CUST01182,PROD0148,Beauty,2023-01-06,2023-01,1,56.54,0,56.54,31.1,0,56.54,31.1,Organic Search,Desktop
ORD0006736,CUST01182,PROD0135,Beauty,2023-01-31,2023-01,2,31.76,0,63.52,39.38,1,0.0,0.0,Organic Search,Desktop
ORD0006737,CUST01182,PROD0198,Sports,2022-12-16,2022-12,1,59.63,0,59.63,25.04,0,59.63,25.04,Organic Search,Desktop
ORD0006738,CUST01182,PROD0178,Clothing,2024-03-30,2024-03,3,60.67,0,182.01,72.8,0,182.01,72.8,Organic Search,Desktop
ORD0006739,CUST01182,PROD0063,Accessories,2024-01-18,2024-01,3,72.45,0,217.35,73.9,0,217.35,73.9,Organic Search,Desktop
ORD0006740,CUST01182,PROD0038,Accessories,2023-04-14,2023-04,1,85.41,0,85.41,46.98,0,85.41,46.98,Organic Search,Desktop
ORD0006741,CUST01182,PROD0154,Sports,2023-08-10,2023-08,2,137.38,0,274.76,74.19,1,0.0,0.0,Organic Search,Desktop
ORD0006742,CUST01183,PROD0182,Accessories,2022-09-13,2022-09,1,22.63,0,22.63,8.6,1,0.0,0.0,Organic Search,Mobile
ORD0006743,CUST01183,PROD0076,Clothing,2022-06-11,2022-06,2,54.02,0,108.04,33.49,0,108.04,33.49,Organic Search,Mobile
ORD0006744,CUST01183,PROD0119,Beauty,2023-02-28,2023-02,1,20.14,0,20.14,7.25,0,20.14,7.25,Organic Search,Mobile
ORD0006745,CUST01183,PROD0072,Sports,2022-07-23,2022-07,3,81.55,0,244.65,134.56,1,0.0,0.0,Organic Search,Mobile
ORD0006746,CUST01183,PROD0176,Home & Living,2022-08-20,2022-08,3,51.13,0,153.39,42.95,0,153.39,42.95,Organic Search,Mobile
ORD0006747,CUST01183,PROD0099,Home & Living,2023-01-17,2023-01,2,113.39,0,226.78,83.91,1,0.0,0.0,Organic Search,Mobile
ORD0006748,CUST01183,PROD0042,Home & Living,2023-08-14,2023-08,2,61.51,0,123.02,34.45,1,0.0,0.0,Organic Search,Mobile
ORD0006749,CUST01183,PROD0146,Accessories,2023-08-29,2023-08,3,80.98,0,242.94,85.03,0,242.94,85.03,Organic Search,Mobile
ORD0006750,CUST01183,PROD0053,Footwear,2022-08-06,2022-08,3,46.14,0,138.42,77.52,0,138.42,77.52,Organic Search,Mobile
ORD0006751,CUST01183,PROD0092,Beauty,2022-09-30,2022-09,3,19.38,0,58.14,18.6,0,58.14,18.6,Organic Search,Mobile
ORD0006752,CUST01184,PROD0025,Footwear,2023-09-11,2023-09,2,78.3,0,156.6,51.68,0,156.6,51.68,Direct,Mobile
ORD0006753,CUST01184,PROD0090,Home & Living,2023-07-17,2023-07,1,99.94,0,99.94,62.96,1,0.0,0.0,Direct,Mobile
ORD0006754,CUST01184,PROD0041,Beauty,2023-09-30,2023-09,1,68.34,0,68.34,41.0,1,0.0,0.0,Direct,Mobile
ORD0006755,CUST01185,PROD0163,Beauty,2023-03-03,2023-03,3,20.18,0,60.54,29.06,0,60.54,29.06,Direct,Desktop
ORD0006756,CUST01186,PROD0179,Footwear,2024-02-10,2024-02,2,56.4,0,112.8,69.94,0,112.8,69.94,Direct,Desktop
ORD0006757,CUST01186,PROD0060,Footwear,2023-04-19,2023-04,2,104.31,0,208.62,60.5,0,208.62,60.5,Direct,Desktop
ORD0006758,CUST01186,PROD0182,Accessories,2023-10-05,2023-10,2,22.63,0,45.26,17.2,0,45.26,17.2,Direct,Desktop
ORD0006759,CUST01186,PROD0023,Clothing,2024-02-14,2024-02,3,85.59,0,256.77,89.87,0,256.77,89.87,Direct,Desktop
ORD0006760,CUST01187,PROD0045,Home & Living,2023-08-02,2023-08,3,91.27,0,273.81,125.95,0,273.81,125.95,Organic Search,Mobile
ORD0006761,CUST01187,PROD0047,Footwear,2023-09-17,2023-09,3,144.43,0,433.29,168.98,1,0.0,0.0,Organic Search,Mobile
ORD0006762,CUST01187,PROD0174,Clothing,2024-01-16,2024-01,1,69.83,0,69.83,18.16,0,69.83,18.16,Organic Search,Mobile
ORD0006763,CUST01187,PROD0008,Footwear,2023-07-21,2023-07,1,151.56,0,151.56,92.45,0,151.56,92.45,Organic Search,Mobile
ORD0006764,CUST01187,PROD0108,Accessories,2024-01-07,2024-01,1,82.14,0,82.14,24.64,0,82.14,24.64,Organic Search,Mobile
ORD0006765,CUST01188,PROD0068,Accessories,2023-03-23,2023-03,3,58.26,0.1,157.3,66.07,0,157.3,66.07,Paid Social,Mobile
ORD0006766,CUST01188,PROD0070,Home & Living,2023-12-14,2023-12,1,75.93,0,75.93,44.8,0,75.93,44.8,Paid Social,Mobile
ORD0006767,CUST01189,PROD0037,Clothing,2023-07-31,2023-07,3,99.72,0.1,269.24,102.31,1,0.0,0.0,Paid Social,Mobile
ORD0006768,CUST01189,PROD0028,Sports,2023-12-24,2023-12,1,115.45,0.1,103.91,50.92,0,103.91,50.92,Paid Social,Mobile
ORD0006769,CUST01189,PROD0070,Home & Living,2023-12-01,2023-12,2,75.93,0.1,136.67,80.64,1,0.0,0.0,Paid Social,Mobile
ORD0006770,CUST01189,PROD0068,Accessories,2023-05-27,2023-05,2,58.26,0.05,110.69,46.49,1,0.0,0.0,Paid Social,Mobile
ORD0006771,CUST01189,PROD0060,Footwear,2023-12-12,2023-12,3,104.31,0,312.93,90.75,0,312.93,90.75,Paid Social,Mobile
ORD0006772,CUST01189,PROD0146,Accessories,2024-02-10,2024-02,2,80.98,0.05,153.86,53.85,0,153.86,53.85,Paid Social,Mobile
ORD0006773,CUST01189,PROD0189,Home & Living,2024-02-19,2024-02,1,100.23,0.1,90.21,55.03,0,90.21,55.03,Paid Social,Mobile
ORD0006774,CUST01190,PROD0080,Sports,2024-02-06,2024-02,1,42.1,0.1,37.89,18.95,0,37.89,18.95,Paid Social,Mobile
ORD0006775,CUST01190,PROD0024,Beauty,2024-01-23,2024-01,3,20.35,0.05,58.0,23.78,1,0.0,0.0,Paid Social,Mobile
ORD0006776,CUST01190,PROD0090,Home & Living,2023-06-27,2023-06,3,99.94,0.1,269.84,170.0,0,269.84,170.0,Paid Social,Mobile
ORD0006777,CUST01190,PROD0021,Beauty,2023-12-18,2023-12,3,65.25,0,195.75,121.36,1,0.0,0.0,Paid Social,Mobile
ORD0006778,CUST01191,PROD0172,Beauty,2024-03-01,2024-03,1,19.11,0,19.11,8.22,0,19.11,8.22,Organic Search,Desktop
ORD0006779,CUST01191,PROD0063,Accessories,2023-10-18,2023-10,2,72.45,0,144.9,49.27,0,144.9,49.27,Organic Search,Desktop
ORD0006780,CUST01191,PROD0165,Footwear,2024-02-11,2024-02,2,116.35,0,232.7,148.93,0,232.7,148.93,Organic Search,Desktop
ORD0006781,CUST01191,PROD0104,Sports,2023-11-20,2023-11,1,40.92,0,40.92,14.73,0,40.92,14.73,Organic Search,Desktop
ORD0006782,CUST01191,PROD0064,Footwear,2024-01-04,2024-01,3,190.18,0,570.54,222.51,0,570.54,222.51,Organic Search,Desktop
ORD0006783,CUST01191,PROD0134,Accessories,2023-12-23,2023-12,1,24.1,0,24.1,13.5,0,24.1,13.5,Organic Search,Desktop
ORD0006784,CUST01191,PROD0148,Beauty,2023-09-29,2023-09,2,56.54,0,113.08,62.19,0,113.08,62.19,Organic Search,Desktop
ORD0006785,CUST01191,PROD0169,Accessories,2023-12-24,2023-12,2,66.47,0,132.94,67.8,0,132.94,67.8,Organic Search,Desktop
ORD0006786,CUST01191,PROD0153,Accessories,2023-08-26,2023-08,2,85.5,0,171.0,95.76,0,171.0,95.76,Organic Search,Desktop
ORD0006787,CUST01191,PROD0071,Beauty,2023-12-22,2023-12,2,65.25,0,130.5,79.61,0,130.5,79.61,Organic Search,Desktop
ORD0006788,CUST01191,PROD0106,Footwear,2024-01-11,2024-01,2,188.1,0,376.2,161.77,0,376.2,161.77,Organic Search,Desktop
ORD0006789,CUST01192,PROD0028,Sports,2023-11-29,2023-11,3,115.45,0,346.35,169.71,0,346.35,169.71,Direct,Desktop
ORD0006790,CUST01192,PROD0122,Home & Living,2023-10-28,2023-10,1,74.99,0,74.99,30.0,0,74.99,30.0,Direct,Desktop
ORD0006791,CUST01192,PROD0169,Accessories,2023-07-04,2023-07,1,66.47,0,66.47,33.9,0,66.47,33.9,Direct,Desktop
ORD0006792,CUST01192,PROD0040,Beauty,2023-01-31,2023-01,1,42.24,0,42.24,17.32,1,0.0,0.0,Direct,Desktop
ORD0006793,CUST01192,PROD0056,Home & Living,2023-09-11,2023-09,2,70.19,0,140.38,75.81,0,140.38,75.81,Direct,Desktop
ORD0006794,CUST01192,PROD0055,Sports,2023-01-18,2023-01,2,136.99,0,273.98,79.45,0,273.98,79.45,Direct,Desktop
ORD0006795,CUST01193,PROD0139,Home & Living,2023-10-02,2023-10,3,121.16,0.1,327.13,196.28,0,327.13,196.28,Email,Mobile
ORD0006796,CUST01193,PROD0051,Footwear,2023-08-13,2023-08,3,119.28,0,357.84,203.97,1,0.0,0.0,Email,Mobile
ORD0006797,CUST01193,PROD0019,Beauty,2023-12-25,2023-12,2,17.13,0.2,27.41,12.06,0,27.41,12.06,Email,Mobile
ORD0006798,CUST01193,PROD0011,Sports,2023-10-27,2023-10,3,85.35,0,256.05,71.69,0,256.05,71.69,Email,Mobile
ORD0006799,CUST01193,PROD0004,Accessories,2023-08-04,2023-08,3,19.48,0,58.44,36.82,0,58.44,36.82,Email,Mobile
ORD0006800,CUST01193,PROD0133,Clothing,2023-12-18,2023-12,2,70.11,0,140.22,79.93,1,0.0,0.0,Email,Mobile
ORD0006801,CUST01193,PROD0053,Footwear,2023-03-22,2023-03,2,46.14,0.15,78.44,43.93,1,0.0,0.0,Email,Mobile
ORD0006802,CUST01193,PROD0032,Home & Living,2023-09-11,2023-09,1,43.05,0.2,34.44,9.99,0,34.44,9.99,Email,Mobile
ORD0006803,CUST01194,PROD0073,Sports,2023-08-11,2023-08,1,66.61,0.1,59.95,21.58,0,59.95,21.58,Referral,Mobile
ORD0006804,CUST01194,PROD0104,Sports,2024-01-01,2024-01,2,40.92,0,81.84,29.46,0,81.84,29.46,Referral,Mobile
ORD0006805,CUST01194,PROD0015,Footwear,2023-07-21,2023-07,3,131.63,0,394.89,161.9,0,394.89,161.9,Referral,Mobile
ORD0006806,CUST01194,PROD0135,Beauty,2023-03-29,2023-03,3,31.76,0,95.28,59.07,0,95.28,59.07,Referral,Mobile
ORD0006807,CUST01194,PROD0001,Accessories,2023-10-10,2023-10,1,40.31,0,40.31,14.11,0,40.31,14.11,Referral,Mobile
ORD0006808,CUST01195,PROD0095,Accessories,2023-01-10,2023-01,2,33.53,0,67.06,38.22,0,67.06,38.22,Referral,Desktop
ORD0006809,CUST01196,PROD0084,Accessories,2022-09-19,2022-09,3,45.9,0,137.7,38.56,0,137.7,38.56,Organic Search,Desktop
ORD0006810,CUST01196,PROD0165,Footwear,2022-11-28,2022-11,3,116.35,0,349.05,223.39,0,349.05,223.39,Organic Search,Desktop
ORD0006811,CUST01196,PROD0075,Accessories,2022-08-19,2022-08,3,80.95,0,242.85,97.14,0,242.85,97.14,Organic Search,Desktop
ORD0006812,CUST01196,PROD0043,Footwear,2023-09-03,2023-09,1,62.01,0,62.01,38.45,0,62.01,38.45,Organic Search,Desktop
ORD0006813,CUST01197,PROD0148,Beauty,2022-09-28,2022-09,2,56.54,0,113.08,62.19,0,113.08,62.19,Direct,Mobile
ORD0006814,CUST01197,PROD0174,Clothing,2024-03-06,2024-03,3,69.83,0,209.49,54.47,0,209.49,54.47,Direct,Mobile
ORD0006815,CUST01198,PROD0003,Footwear,2024-01-28,2024-01,1,63.28,0.1,56.95,28.48,0,56.95,28.48,Email,Mobile
ORD0006816,CUST01198,PROD0164,Accessories,2023-12-03,2023-12,2,18.66,0.2,29.86,8.66,0,29.86,8.66,Email,Mobile
ORD0006817,CUST01198,PROD0193,Sports,2023-07-29,2023-07,1,95.75,0.15,81.39,26.04,0,81.39,26.04,Email,Mobile
ORD0006818,CUST01198,PROD0024,Beauty,2023-07-11,2023-07,3,20.35,0.2,48.84,20.02,1,0.0,0.0,Email,Mobile
ORD0006819,CUST01198,PROD0034,Clothing,2023-07-09,2023-07,2,108.12,0.1,194.62,77.85,0,194.62,77.85,Email,Mobile
ORD0006820,CUST01198,PROD0116,Footwear,2023-06-03,2023-06,3,141.52,0.2,339.65,149.45,0,339.65,149.45,Email,Mobile
ORD0006821,CUST01199,PROD0131,Beauty,2022-03-09,2022-03,2,36.76,0,73.52,25.73,0,73.52,25.73,Email,Mobile
ORD0006822,CUST01199,PROD0024,Beauty,2023-09-19,2023-09,2,20.35,0,40.7,16.69,1,0.0,0.0,Email,Mobile
ORD0006823,CUST01199,PROD0030,Beauty,2023-10-02,2023-10,2,30.52,0,61.04,21.97,0,61.04,21.97,Email,Mobile
ORD0006824,CUST01200,PROD0078,Accessories,2023-12-15,2023-12,3,83.84,0.2,201.22,120.73,0,201.22,120.73,Email,Desktop
ORD0006825,CUST01200,PROD0035,Beauty,2023-06-19,2023-06,1,43.82,0.15,37.25,21.6,1,0.0,0.0,Email,Desktop
ORD0006826,CUST01200,PROD0181,Home & Living,2023-05-01,2023-05,2,68.65,0.1,123.57,70.43,0,123.57,70.43,Email,Desktop
ORD0006827,CUST01200,PROD0025,Footwear,2023-08-28,2023-08,2,78.3,0.1,140.94,46.51,0,140.94,46.51,Email,Desktop
ORD0006828,CUST01200,PROD0081,Home & Living,2023-06-23,2023-06,1,97.71,0,97.71,25.4,0,97.71,25.4,Email,Desktop
ORD0006829,CUST01200,PROD0112,Home & Living,2023-12-25,2023-12,1,48.0,0,48.0,27.36,0,48.0,27.36,Email,Desktop
ORD0006830,CUST01200,PROD0123,Clothing,2023-10-20,2023-10,1,40.48,0.15,34.41,8.95,0,34.41,8.95,Email,Desktop
ORD0006831,CUST01201,PROD0098,Home & Living,2024-03-27,2024-03,3,101.77,0,305.31,128.23,0,305.31,128.23,Organic Search,Tablet
ORD0006832,CUST01201,PROD0163,Beauty,2023-11-10,2023-11,2,20.18,0,40.36,19.37,0,40.36,19.37,Organic Search,Tablet
ORD0006833,CUST01201,PROD0176,Home & Living,2024-02-29,2024-02,2,51.13,0,102.26,28.63,0,102.26,28.63,Organic Search,Tablet
ORD0006834,CUST01201,PROD0122,Home & Living,2023-10-15,2023-10,2,74.99,0,149.98,59.99,0,149.98,59.99,Organic Search,Tablet
ORD0006835,CUST01202,PROD0165,Footwear,2024-02-24,2024-02,3,116.35,0.1,314.14,201.05,0,314.14,201.05,Paid Social,Mobile
ORD0006836,CUST01202,PROD0157,Sports,2023-09-21,2023-09,1,101.12,0.1,91.01,38.22,0,91.01,38.22,Paid Social,Mobile
ORD0006837,CUST01202,PROD0077,Footwear,2024-02-07,2024-02,3,66.48,0,199.44,89.75,0,199.44,89.75,Paid Social,Mobile
ORD0006838,CUST01203,PROD0144,Beauty,2023-07-22,2023-07,1,34.94,0,34.94,19.22,0,34.94,19.22,Direct,Mobile
ORD0006839,CUST01203,PROD0103,Accessories,2023-08-18,2023-08,1,84.89,0,84.89,38.2,0,84.89,38.2,Direct,Mobile
ORD0006840,CUST01204,PROD0165,Footwear,2024-01-15,2024-01,3,116.35,0,349.05,223.39,1,0.0,0.0,Organic Search,Desktop
ORD0006841,CUST01204,PROD0016,Beauty,2023-10-08,2023-10,1,14.72,0,14.72,9.42,1,0.0,0.0,Organic Search,Desktop
ORD0006842,CUST01204,PROD0190,Beauty,2023-06-14,2023-06,3,23.73,0,71.19,31.32,0,71.19,31.32,Organic Search,Desktop
ORD0006843,CUST01204,PROD0121,Clothing,2023-07-15,2023-07,1,86.37,0,86.37,42.32,1,0.0,0.0,Organic Search,Desktop
ORD0006844,CUST01204,PROD0136,Accessories,2024-03-28,2024-03,1,78.97,0,78.97,29.22,0,78.97,29.22,Organic Search,Desktop
ORD0006845,CUST01204,PROD0028,Sports,2023-12-04,2023-12,1,115.45,0,115.45,56.57,0,115.45,56.57,Organic Search,Desktop
ORD0006846,CUST01205,PROD0194,Accessories,2023-01-24,2023-01,1,80.84,0.1,72.76,37.11,0,72.76,37.11,Referral,Mobile
ORD0006847,CUST01205,PROD0097,Clothing,2023-12-24,2023-12,3,60.58,0.1,163.57,47.44,0,163.57,47.44,Referral,Mobile
ORD0006848,CUST01205,PROD0110,Footwear,2022-10-04,2022-10,3,106.03,0,318.09,171.77,0,318.09,171.77,Referral,Mobile
ORD0006849,CUST01205,PROD0042,Home & Living,2023-11-08,2023-11,2,61.51,0,123.02,34.45,0,123.02,34.45,Referral,Mobile
ORD0006850,CUST01205,PROD0196,Sports,2023-12-04,2023-12,1,92.93,0.1,83.64,51.86,0,83.64,51.86,Referral,Mobile
ORD0006851,CUST01205,PROD0112,Home & Living,2024-01-08,2024-01,3,48.0,0,144.0,82.08,0,144.0,82.08,Referral,Mobile
ORD0006852,CUST01205,PROD0075,Accessories,2023-07-27,2023-07,1,80.95,0,80.95,32.38,0,80.95,32.38,Referral,Mobile
ORD0006853,CUST01205,PROD0004,Accessories,2023-05-15,2023-05,3,19.48,0,58.44,36.82,0,58.44,36.82,Referral,Mobile
ORD0006854,CUST01205,PROD0031,Footwear,2023-09-24,2023-09,2,42.93,0.1,77.27,34.0,0,77.27,34.0,Referral,Mobile
ORD0006855,CUST01206,PROD0003,Footwear,2023-11-21,2023-11,2,63.28,0.05,120.23,60.12,0,120.23,60.12,Paid Social,Mobile
ORD0006856,CUST01206,PROD0166,Clothing,2022-06-28,2022-06,1,87.15,0,87.15,54.03,0,87.15,54.03,Paid Social,Mobile
ORD0006857,CUST01206,PROD0022,Sports,2023-09-17,2023-09,1,30.09,0.1,27.08,15.44,1,0.0,0.0,Paid Social,Mobile
ORD0006858,CUST01206,PROD0146,Accessories,2024-01-15,2024-01,2,80.98,0.05,153.86,53.85,0,153.86,53.85,Paid Social,Mobile
ORD0006859,CUST01207,PROD0068,Accessories,2022-04-09,2022-04,2,58.26,0,116.52,48.94,1,0.0,0.0,Organic Search,Mobile
ORD0006860,CUST01207,PROD0113,Home & Living,2024-03-26,2024-03,1,30.82,0,30.82,16.33,0,30.82,16.33,Organic Search,Mobile
ORD0006861,CUST01208,PROD0053,Footwear,2022-08-31,2022-08,1,46.14,0,46.14,25.84,0,46.14,25.84,Direct,Mobile
ORD0006862,CUST01208,PROD0135,Beauty,2023-08-16,2023-08,3,31.76,0,95.28,59.07,0,95.28,59.07,Direct,Mobile
ORD0006863,CUST01209,PROD0154,Sports,2023-01-24,2023-01,3,137.38,0.1,370.93,100.15,0,370.93,100.15,Referral,Mobile
ORD0006864,CUST01209,PROD0098,Home & Living,2022-10-07,2022-10,3,101.77,0,305.31,128.23,0,305.31,128.23,Referral,Mobile
ORD0006865,CUST01209,PROD0094,Home & Living,2024-03-02,2024-03,2,56.47,0,112.94,71.15,0,112.94,71.15,Referral,Mobile
ORD0006866,CUST01210,PROD0049,Home & Living,2024-01-18,2024-01,1,60.55,0,60.55,23.61,0,60.55,23.61,Paid Social,Mobile
ORD0006867,CUST01210,PROD0197,Clothing,2023-06-07,2023-06,1,92.45,0.05,87.83,31.62,0,87.83,31.62,Paid Social,Mobile
ORD0006868,CUST01210,PROD0097,Clothing,2023-09-20,2023-09,1,60.58,0,60.58,17.57,0,60.58,17.57,Paid Social,Mobile
ORD0006869,CUST01210,PROD0051,Footwear,2023-05-22,2023-05,1,119.28,0.05,113.32,64.59,0,113.32,64.59,Paid Social,Mobile
ORD0006870,CUST01210,PROD0114,Beauty,2023-07-09,2023-07,1,25.83,0.05,24.54,10.06,0,24.54,10.06,Paid Social,Mobile
ORD0006871,CUST01211,PROD0055,Sports,2022-09-03,2022-09,3,136.99,0,410.97,119.18,0,410.97,119.18,Organic Search,Mobile
ORD0006872,CUST01211,PROD0052,Clothing,2024-03-05,2024-03,2,61.19,0,122.38,35.49,0,122.38,35.49,Organic Search,Mobile
ORD0006873,CUST01211,PROD0089,Sports,2023-04-10,2023-04,3,40.38,0,121.14,39.98,0,121.14,39.98,Organic Search,Mobile
ORD0006874,CUST01211,PROD0121,Clothing,2023-07-24,2023-07,3,86.37,0,259.11,126.96,0,259.11,126.96,Organic Search,Mobile
ORD0006875,CUST01211,PROD0145,Clothing,2022-08-07,2022-08,2,70.32,0,140.64,84.38,0,140.64,84.38,Organic Search,Mobile
ORD0006876,CUST01212,PROD0157,Sports,2023-08-10,2023-08,2,101.12,0,202.24,84.94,0,202.24,84.94,Influencer,Desktop
ORD0006877,CUST01212,PROD0021,Beauty,2023-02-13,2023-02,1,65.25,0,65.25,40.45,0,65.25,40.45,Influencer,Desktop
ORD0006878,CUST01212,PROD0169,Accessories,2023-02-15,2023-02,2,66.47,0,132.94,67.8,0,132.94,67.8,Influencer,Desktop
ORD0006879,CUST01212,PROD0011,Sports,2022-10-30,2022-10,2,85.35,0,170.7,47.8,0,170.7,47.8,Influencer,Desktop
ORD0006880,CUST01212,PROD0025,Footwear,2023-10-03,2023-10,1,78.3,0,78.3,25.84,0,78.3,25.84,Influencer,Desktop
ORD0006881,CUST01213,PROD0101,Footwear,2022-12-03,2022-12,2,191.81,0,383.62,168.79,0,383.62,168.79,Influencer,Desktop
ORD0006882,CUST01213,PROD0117,Accessories,2023-10-27,2023-10,2,65.2,0,130.4,37.82,0,130.4,37.82,Influencer,Desktop
ORD0006883,CUST01214,PROD0139,Home & Living,2024-03-26,2024-03,3,121.16,0.05,345.31,207.19,0,345.31,207.19,Paid Social,Mobile
ORD0006884,CUST01214,PROD0131,Beauty,2024-02-09,2024-02,3,36.76,0,110.28,38.6,1,0.0,0.0,Paid Social,Mobile
ORD0006885,CUST01214,PROD0030,Beauty,2024-03-13,2024-03,1,30.52,0,30.52,10.99,0,30.52,10.99,Paid Social,Mobile
ORD0006886,CUST01214,PROD0163,Beauty,2024-01-29,2024-01,2,20.18,0.1,36.32,17.43,0,36.32,17.43,Paid Social,Mobile
ORD0006887,CUST01215,PROD0192,Sports,2023-08-07,2023-08,3,82.92,0,248.76,129.36,0,248.76,129.36,Organic Search,Desktop
ORD0006888,CUST01215,PROD0006,Accessories,2023-06-06,2023-06,2,25.71,0,51.42,24.17,0,51.42,24.17,Organic Search,Desktop
ORD0006889,CUST01215,PROD0003,Footwear,2023-08-13,2023-08,2,63.28,0,126.56,63.28,0,126.56,63.28,Organic Search,Desktop
ORD0006890,CUST01215,PROD0158,Home & Living,2023-08-01,2023-08,3,50.83,0,152.49,71.67,0,152.49,71.67,Organic Search,Desktop
ORD0006891,CUST01215,PROD0081,Home & Living,2024-01-09,2024-01,2,97.71,0,195.42,50.81,0,195.42,50.81,Organic Search,Desktop
ORD0006892,CUST01215,PROD0024,Beauty,2023-10-13,2023-10,1,20.35,0,20.35,8.34,0,20.35,8.34,Organic Search,Desktop
ORD0006893,CUST01215,PROD0066,Footwear,2023-10-23,2023-10,3,151.36,0,454.08,131.68,0,454.08,131.68,Organic Search,Desktop
ORD0006894,CUST01216,PROD0157,Sports,2022-10-05,2022-10,1,101.12,0,101.12,42.47,1,0.0,0.0,Direct,Desktop
ORD0006895,CUST01216,PROD0144,Beauty,2022-09-17,2022-09,2,34.94,0,69.88,38.43,0,69.88,38.43,Direct,Desktop
ORD0006896,CUST01216,PROD0158,Home & Living,2023-05-11,2023-05,1,50.83,0,50.83,23.89,0,50.83,23.89,Direct,Desktop
ORD0006897,CUST01217,PROD0030,Beauty,2024-03-13,2024-03,3,30.52,0,91.56,32.96,0,91.56,32.96,Direct,Mobile
ORD0006898,CUST01217,PROD0148,Beauty,2024-02-21,2024-02,3,56.54,0,169.62,93.29,0,169.62,93.29,Direct,Mobile
ORD0006899,CUST01218,PROD0122,Home & Living,2023-12-28,2023-12,3,74.99,0,224.97,89.99,0,224.97,89.99,Referral,Tablet
ORD0006900,CUST01218,PROD0024,Beauty,2022-10-28,2022-10,3,20.35,0,61.05,25.03,0,61.05,25.03,Referral,Tablet
ORD0006901,CUST01218,PROD0018,Clothing,2022-09-30,2022-09,3,45.54,0.1,122.96,55.33,0,122.96,55.33,Referral,Tablet
ORD0006902,CUST01218,PROD0181,Home & Living,2023-08-07,2023-08,1,68.65,0.1,61.79,35.22,0,61.79,35.22,Referral,Tablet
ORD0006903,CUST01218,PROD0133,Clothing,2023-04-08,2023-04,3,70.11,0,210.33,119.89,0,210.33,119.89,Referral,Tablet
ORD0006904,CUST01218,PROD0046,Sports,2023-04-21,2023-04,1,44.39,0,44.39,23.53,0,44.39,23.53,Referral,Tablet
ORD0006905,CUST01218,PROD0044,Footwear,2022-12-08,2022-12,2,185.76,0.1,334.37,163.84,1,0.0,0.0,Referral,Tablet
ORD0006906,CUST01218,PROD0028,Sports,2023-03-12,2023-03,1,115.45,0,115.45,56.57,0,115.45,56.57,Referral,Tablet
ORD0006907,CUST01219,PROD0181,Home & Living,2023-08-24,2023-08,3,68.65,0.1,185.36,105.66,0,185.36,105.66,Email,Mobile
ORD0006908,CUST01219,PROD0135,Beauty,2023-06-04,2023-06,3,31.76,0,95.28,59.07,1,0.0,0.0,Email,Mobile
ORD0006909,CUST01219,PROD0055,Sports,2023-05-11,2023-05,2,136.99,0.15,232.88,67.54,1,0.0,0.0,Email,Mobile
ORD0006910,CUST01219,PROD0072,Sports,2023-05-25,2023-05,2,81.55,0,163.1,89.7,0,163.1,89.7,Email,Mobile
ORD0006911,CUST01219,PROD0014,Beauty,2023-08-17,2023-08,2,56.06,0,112.12,70.64,0,112.12,70.64,Email,Mobile
ORD0006912,CUST01219,PROD0015,Footwear,2023-06-05,2023-06,2,131.63,0.15,223.77,91.75,0,223.77,91.75,Email,Mobile
ORD0006913,CUST01219,PROD0127,Accessories,2024-01-15,2024-01,3,49.21,0,147.63,45.77,0,147.63,45.77,Email,Mobile
ORD0006914,CUST01219,PROD0048,Home & Living,2023-12-09,2023-12,3,96.14,0,288.42,181.7,1,0.0,0.0,Email,Mobile
ORD0006915,CUST01219,PROD0075,Accessories,2023-02-17,2023-02,1,80.95,0,80.95,32.38,0,80.95,32.38,Email,Mobile
ORD0006916,CUST01219,PROD0153,Accessories,2023-10-20,2023-10,1,85.5,0.15,72.67,40.7,1,0.0,0.0,Email,Mobile
ORD0006917,CUST01219,PROD0123,Clothing,2023-12-29,2023-12,1,40.48,0.1,36.43,9.47,0,36.43,9.47,Email,Mobile
ORD0006918,CUST01220,PROD0146,Accessories,2023-02-03,2023-02,1,80.98,0,80.98,28.34,0,80.98,28.34,Paid Social,Desktop
ORD0006919,CUST01220,PROD0073,Sports,2024-01-23,2024-01,2,66.61,0.05,126.56,45.56,1,0.0,0.0,Paid Social,Desktop
ORD0006920,CUST01220,PROD0168,Clothing,2023-06-05,2023-06,2,45.57,0.1,82.03,34.45,1,0.0,0.0,Paid Social,Desktop
ORD0006921,CUST01220,PROD0050,Home & Living,2022-12-17,2022-12,2,120.87,0.05,229.65,62.01,0,229.65,62.01,Paid Social,Desktop
ORD0006922,CUST01221,PROD0051,Footwear,2023-05-29,2023-05,1,119.28,0,119.28,67.99,0,119.28,67.99,Influencer,Mobile
ORD0006923,CUST01221,PROD0098,Home & Living,2023-05-25,2023-05,2,101.77,0,203.54,85.49,0,203.54,85.49,Influencer,Mobile
ORD0006924,CUST01221,PROD0034,Clothing,2023-03-29,2023-03,3,108.12,0,324.36,129.74,0,324.36,129.74,Influencer,Mobile
ORD0006925,CUST01221,PROD0147,Home & Living,2022-11-21,2022-11,1,133.32,0,133.32,61.33,0,133.32,61.33,Influencer,Mobile
ORD0006926,CUST01221,PROD0125,Sports,2024-02-18,2024-02,2,126.04,0,252.08,98.31,0,252.08,98.31,Influencer,Mobile
ORD0006927,CUST01221,PROD0166,Clothing,2024-01-27,2024-01,2,87.15,0,174.3,108.07,0,174.3,108.07,Influencer,Mobile
ORD0006928,CUST01221,PROD0115,Accessories,2024-02-05,2024-02,2,74.34,0,148.68,86.23,0,148.68,86.23,Influencer,Mobile
ORD0006929,CUST01221,PROD0177,Accessories,2023-08-09,2023-08,3,31.44,0,94.32,35.84,0,94.32,35.84,Influencer,Mobile
ORD0006930,CUST01222,PROD0169,Accessories,2024-01-08,2024-01,2,66.47,0,132.94,67.8,0,132.94,67.8,Paid Social,Mobile
ORD0006931,CUST01222,PROD0032,Home & Living,2024-02-01,2024-02,1,43.05,0.05,40.9,11.86,0,40.9,11.86,Paid Social,Mobile
ORD0006932,CUST01222,PROD0122,Home & Living,2024-03-16,2024-03,3,74.99,0,224.97,89.99,0,224.97,89.99,Paid Social,Mobile
ORD0006933,CUST01223,PROD0103,Accessories,2024-02-06,2024-02,3,84.89,0.1,229.2,103.14,0,229.2,103.14,Referral,Mobile
ORD0006934,CUST01223,PROD0059,Sports,2023-08-21,2023-08,3,76.4,0,229.2,116.89,0,229.2,116.89,Referral,Mobile
ORD0006935,CUST01223,PROD0193,Sports,2023-09-05,2023-09,3,95.75,0,287.25,91.92,0,287.25,91.92,Referral,Mobile
ORD0006936,CUST01223,PROD0193,Sports,2023-10-07,2023-10,1,95.75,0.1,86.17,27.57,0,86.17,27.57,Referral,Mobile
ORD0006937,CUST01223,PROD0106,Footwear,2024-03-31,2024-03,2,188.1,0,376.2,161.77,0,376.2,161.77,Referral,Mobile
ORD0006938,CUST01223,PROD0069,Beauty,2023-11-05,2023-11,1,52.71,0.1,47.44,28.46,0,47.44,28.46,Referral,Mobile
ORD0006939,CUST01224,PROD0115,Accessories,2023-06-03,2023-06,3,74.34,0,223.02,129.35,0,223.02,129.35,Organic Search,Mobile
ORD0006940,CUST01224,PROD0168,Clothing,2023-11-17,2023-11,3,45.57,0,136.71,57.42,0,136.71,57.42,Organic Search,Mobile
ORD0006941,CUST01224,PROD0079,Footwear,2023-08-28,2023-08,3,67.68,0,203.04,85.28,0,203.04,85.28,Organic Search,Mobile
ORD0006942,CUST01224,PROD0192,Sports,2023-11-10,2023-11,1,82.92,0,82.92,43.12,0,82.92,43.12,Organic Search,Mobile
ORD0006943,CUST01224,PROD0138,Home & Living,2023-11-26,2023-11,3,126.57,0,379.71,170.87,0,379.71,170.87,Organic Search,Mobile
ORD0006944,CUST01224,PROD0137,Home & Living,2024-02-09,2024-02,1,99.54,0,99.54,38.82,1,0.0,0.0,Organic Search,Mobile
ORD0006945,CUST01224,PROD0013,Sports,2023-12-29,2023-12,2,147.02,0,294.04,114.68,0,294.04,114.68,Organic Search,Mobile
ORD0006946,CUST01224,PROD0188,Footwear,2023-11-04,2023-11,1,148.41,0,148.41,87.56,0,148.41,87.56,Organic Search,Mobile
ORD0006947,CUST01224,PROD0110,Footwear,2024-02-19,2024-02,3,106.03,0,318.09,171.77,0,318.09,171.77,Organic Search,Mobile
ORD0006948,CUST01225,PROD0126,Sports,2022-08-28,2022-08,1,92.2,0,92.2,59.01,0,92.2,59.01,Direct,Tablet
ORD0006949,CUST01225,PROD0031,Footwear,2023-12-12,2023-12,2,42.93,0,85.86,37.78,0,85.86,37.78,Direct,Tablet
ORD0006950,CUST01225,PROD0174,Clothing,2022-06-22,2022-06,1,69.83,0,69.83,18.16,1,0.0,0.0,Direct,Tablet
ORD0006951,CUST01225,PROD0063,Accessories,2023-10-03,2023-10,3,72.45,0,217.35,73.9,0,217.35,73.9,Direct,Tablet
ORD0006952,CUST01225,PROD0023,Clothing,2023-12-12,2023-12,2,85.59,0,171.18,59.91,0,171.18,59.91,Direct,Tablet
ORD0006953,CUST01225,PROD0066,Footwear,2022-04-27,2022-04,1,151.36,0,151.36,43.89,0,151.36,43.89,Direct,Tablet
ORD0006954,CUST01226,PROD0134,Accessories,2024-01-10,2024-01,1,24.1,0,24.1,13.5,0,24.1,13.5,Direct,Desktop
ORD0006955,CUST01226,PROD0084,Accessories,2023-09-08,2023-09,2,45.9,0,91.8,25.7,0,91.8,25.7,Direct,Desktop
ORD0006956,CUST01226,PROD0112,Home & Living,2023-10-18,2023-10,3,48.0,0,144.0,82.08,0,144.0,82.08,Direct,Desktop
ORD0006957,CUST01226,PROD0070,Home & Living,2023-04-11,2023-04,2,75.93,0,151.86,89.6,0,151.86,89.6,Direct,Desktop
ORD0006958,CUST01226,PROD0017,Home & Living,2023-12-25,2023-12,1,31.84,0,31.84,12.42,0,31.84,12.42,Direct,Desktop
ORD0006959,CUST01226,PROD0147,Home & Living,2024-02-14,2024-02,1,133.32,0,133.32,61.33,0,133.32,61.33,Direct,Desktop
ORD0006960,CUST01227,PROD0154,Sports,2024-02-07,2024-02,3,137.38,0.15,350.32,94.59,0,350.32,94.59,Email,Mobile
ORD0006961,CUST01227,PROD0043,Footwear,2024-03-29,2024-03,3,62.01,0.15,158.13,98.04,0,158.13,98.04,Email,Mobile
ORD0006962,CUST01227,PROD0033,Sports,2024-03-05,2024-03,2,54.48,0,108.96,30.51,0,108.96,30.51,Email,Mobile
ORD0006963,CUST01227,PROD0167,Footwear,2023-09-06,2023-09,3,62.12,0,186.36,54.04,0,186.36,54.04,Email,Mobile
ORD0006964,CUST01227,PROD0143,Beauty,2024-03-19,2024-03,3,15.9,0.15,40.55,25.95,0,40.55,25.95,Email,Mobile
ORD0006965,CUST01227,PROD0088,Accessories,2023-09-28,2023-09,2,42.05,0.2,67.28,24.89,0,67.28,24.89,Email,Mobile
ORD0006966,CUST01227,PROD0162,Home & Living,2023-10-05,2023-10,1,81.32,0,81.32,35.78,1,0.0,0.0,Email,Mobile
ORD0006967,CUST01227,PROD0002,Clothing,2024-02-17,2024-02,3,48.81,0.2,117.14,73.8,1,0.0,0.0,Email,Mobile
ORD0006968,CUST01227,PROD0115,Accessories,2023-10-02,2023-10,1,74.34,0.15,63.19,36.65,1,0.0,0.0,Email,Mobile
ORD0006969,CUST01227,PROD0085,Accessories,2023-11-22,2023-11,3,53.78,0,161.34,77.44,1,0.0,0.0,Email,Mobile
ORD0006970,CUST01227,PROD0077,Footwear,2024-01-30,2024-01,2,66.48,0,132.96,59.83,0,132.96,59.83,Email,Mobile
ORD0006971,CUST01227,PROD0148,Beauty,2024-01-26,2024-01,1,56.54,0.15,48.06,26.43,0,48.06,26.43,Email,Mobile
ORD0006972,CUST01228,PROD0193,Sports,2023-07-12,2023-07,1,95.75,0,95.75,30.64,0,95.75,30.64,Paid Social,Mobile
ORD0006973,CUST01228,PROD0003,Footwear,2023-06-12,2023-06,2,63.28,0.1,113.9,56.95,1,0.0,0.0,Paid Social,Mobile
ORD0006974,CUST01228,PROD0184,Sports,2023-06-10,2023-06,2,135.08,0,270.16,72.94,0,270.16,72.94,Paid Social,Mobile
ORD0006975,CUST01228,PROD0026,Footwear,2023-06-26,2023-06,1,66.28,0,66.28,17.23,0,66.28,17.23,Paid Social,Mobile
ORD0006976,CUST01229,PROD0173,Footwear,2024-01-22,2024-01,2,87.72,0.05,166.67,71.67,0,166.67,71.67,Paid Social,Mobile
ORD0006977,CUST01230,PROD0136,Accessories,2024-01-01,2024-01,2,78.97,0,157.94,58.44,0,157.94,58.44,Organic Search,Mobile
ORD0006978,CUST01230,PROD0097,Clothing,2023-07-06,2023-07,2,60.58,0,121.16,35.14,0,121.16,35.14,Organic Search,Mobile
ORD0006979,CUST01230,PROD0158,Home & Living,2023-06-12,2023-06,3,50.83,0,152.49,71.67,0,152.49,71.67,Organic Search,Mobile
ORD0006980,CUST01230,PROD0038,Accessories,2023-09-05,2023-09,1,85.41,0,85.41,46.98,0,85.41,46.98,Organic Search,Mobile
ORD0006981,CUST01231,PROD0196,Sports,2022-12-09,2022-12,2,92.93,0,185.86,115.23,1,0.0,0.0,Direct,Desktop
ORD0006982,CUST01231,PROD0007,Beauty,2023-09-06,2023-09,1,25.48,0,25.48,8.41,0,25.48,8.41,Direct,Desktop
ORD0006983,CUST01231,PROD0109,Sports,2024-01-25,2024-01,2,60.91,0,121.82,37.76,0,121.82,37.76,Direct,Desktop
ORD0006984,CUST01231,PROD0107,Clothing,2023-06-29,2023-06,3,91.09,0,273.27,169.43,0,273.27,169.43,Direct,Desktop
ORD0006985,CUST01231,PROD0161,Home & Living,2023-05-27,2023-05,3,33.22,0,99.66,58.8,0,99.66,58.8,Direct,Desktop
ORD0006986,CUST01231,PROD0043,Footwear,2023-07-05,2023-07,2,62.01,0,124.02,76.89,0,124.02,76.89,Direct,Desktop
ORD0006987,CUST01232,PROD0080,Sports,2023-04-28,2023-04,1,42.1,0,42.1,21.05,0,42.1,21.05,Referral,Desktop
ORD0006988,CUST01232,PROD0106,Footwear,2023-11-05,2023-11,3,188.1,0,564.3,242.65,0,564.3,242.65,Referral,Desktop
ORD0006989,CUST01232,PROD0017,Home & Living,2023-07-23,2023-07,3,31.84,0,95.52,37.25,1,0.0,0.0,Referral,Desktop
ORD0006990,CUST01232,PROD0149,Beauty,2023-05-20,2023-05,3,65.53,0,196.59,102.23,1,0.0,0.0,Referral,Desktop
ORD0006991,CUST01232,PROD0175,Footwear,2023-12-10,2023-12,1,69.53,0,69.53,20.86,0,69.53,20.86,Referral,Desktop
ORD0006992,CUST01232,PROD0048,Home & Living,2023-07-28,2023-07,3,96.14,0,288.42,181.7,0,288.42,181.7,Referral,Desktop
ORD0006993,CUST01232,PROD0133,Clothing,2024-02-03,2024-02,2,70.11,0,140.22,79.93,0,140.22,79.93,Referral,Desktop
ORD0006994,CUST01232,PROD0023,Clothing,2024-02-18,2024-02,3,85.59,0.1,231.09,80.88,0,231.09,80.88,Referral,Desktop
ORD0006995,CUST01232,PROD0091,Beauty,2023-08-30,2023-08,3,39.11,0,117.33,46.93,1,0.0,0.0,Referral,Desktop
ORD0006996,CUST01233,PROD0047,Footwear,2022-07-05,2022-07,2,144.43,0,288.86,112.66,0,288.86,112.66,Direct,Desktop
ORD0006997,CUST01234,PROD0111,Clothing,2023-09-12,2023-09,3,72.51,0,217.53,132.69,0,217.53,132.69,Organic Search,Desktop
ORD0006998,CUST01234,PROD0011,Sports,2023-07-29,2023-07,3,85.35,0,256.05,71.69,0,256.05,71.69,Organic Search,Desktop
ORD0006999,CUST01234,PROD0114,Beauty,2023-09-14,2023-09,2,25.83,0,51.66,21.18,0,51.66,21.18,Organic Search,Desktop
ORD0007000,CUST01234,PROD0051,Footwear,2022-12-20,2022-12,3,119.28,0,357.84,203.97,0,357.84,203.97,Organic Search,Desktop
ORD0007001,CUST01234,PROD0034,Clothing,2024-03-05,2024-03,3,108.12,0,324.36,129.74,0,324.36,129.74,Organic Search,Desktop
ORD0007002,CUST01234,PROD0021,Beauty,2024-03-05,2024-03,1,65.25,0,65.25,40.45,0,65.25,40.45,Organic Search,Desktop
ORD0007003,CUST01234,PROD0137,Home & Living,2023-11-26,2023-11,2,99.54,0,199.08,77.64,0,199.08,77.64,Organic Search,Desktop
ORD0007004,CUST01234,PROD0133,Clothing,2023-05-01,2023-05,1,70.11,0,70.11,39.96,0,70.11,39.96,Organic Search,Desktop
ORD0007005,CUST01234,PROD0185,Footwear,2022-03-12,2022-03,3,196.58,0,589.74,300.77,0,589.74,300.77,Organic Search,Desktop
ORD0007006,CUST01234,PROD0082,Beauty,2023-08-11,2023-08,1,20.0,0,20.0,13.0,0,20.0,13.0,Organic Search,Desktop
ORD0007007,CUST01234,PROD0062,Accessories,2022-08-03,2022-08,3,85.04,0,255.12,107.15,0,255.12,107.15,Organic Search,Desktop
ORD0007008,CUST01234,PROD0139,Home & Living,2023-12-10,2023-12,3,121.16,0,363.48,218.09,0,363.48,218.09,Organic Search,Desktop
ORD0007009,CUST01234,PROD0143,Beauty,2023-11-07,2023-11,1,15.9,0,15.9,10.18,0,15.9,10.18,Organic Search,Desktop
ORD0007010,CUST01234,PROD0055,Sports,2023-09-02,2023-09,3,136.99,0,410.97,119.18,1,0.0,0.0,Organic Search,Desktop
ORD0007011,CUST01235,PROD0099,Home & Living,2023-10-24,2023-10,3,113.39,0,340.17,125.86,0,340.17,125.86,Referral,Mobile
ORD0007012,CUST01235,PROD0125,Sports,2023-08-14,2023-08,3,126.04,0,378.12,147.47,0,378.12,147.47,Referral,Mobile
ORD0007013,CUST01235,PROD0180,Sports,2023-07-19,2023-07,3,57.83,0,173.49,97.15,0,173.49,97.15,Referral,Mobile
ORD0007014,CUST01236,PROD0074,Beauty,2024-02-10,2024-02,3,52.12,0,156.36,40.65,1,0.0,0.0,Influencer,Mobile
ORD0007015,CUST01236,PROD0034,Clothing,2024-01-31,2024-01,1,108.12,0,108.12,43.25,1,0.0,0.0,Influencer,Mobile
ORD0007016,CUST01236,PROD0050,Home & Living,2024-03-18,2024-03,1,120.87,0,120.87,32.63,0,120.87,32.63,Influencer,Mobile
ORD0007017,CUST01236,PROD0123,Clothing,2024-02-25,2024-02,3,40.48,0,121.44,31.57,0,121.44,31.57,Influencer,Mobile
ORD0007018,CUST01237,PROD0004,Accessories,2022-06-08,2022-06,3,19.48,0,58.44,36.82,0,58.44,36.82,Organic Search,Desktop
ORD0007019,CUST01237,PROD0016,Beauty,2023-08-24,2023-08,3,14.72,0,44.16,28.26,0,44.16,28.26,Organic Search,Desktop
ORD0007020,CUST01237,PROD0131,Beauty,2022-05-14,2022-05,1,36.76,0,36.76,12.87,0,36.76,12.87,Organic Search,Desktop
ORD0007021,CUST01237,PROD0020,Clothing,2022-10-19,2022-10,1,35.77,0,35.77,16.45,0,35.77,16.45,Organic Search,Desktop
ORD0007022,CUST01237,PROD0121,Clothing,2022-06-27,2022-06,2,86.37,0,172.74,84.64,0,172.74,84.64,Organic Search,Desktop
ORD0007023,CUST01238,PROD0041,Beauty,2023-09-22,2023-09,3,68.34,0.2,164.02,98.41,0,164.02,98.41,Email,Desktop
ORD0007024,CUST01238,PROD0109,Sports,2024-01-02,2024-01,3,60.91,0,182.73,56.65,0,182.73,56.65,Email,Desktop
ORD0007025,CUST01238,PROD0115,Accessories,2023-11-22,2023-11,2,74.34,0.15,126.38,73.3,0,126.38,73.3,Email,Desktop
ORD0007026,CUST01238,PROD0025,Footwear,2023-09-30,2023-09,1,78.3,0.15,66.55,21.96,1,0.0,0.0,Email,Desktop
ORD0007027,CUST01238,PROD0147,Home & Living,2024-03-29,2024-03,3,133.32,0.1,359.96,165.58,0,359.96,165.58,Email,Desktop
ORD0007028,CUST01238,PROD0014,Beauty,2024-01-03,2024-01,2,56.06,0.15,95.3,60.04,0,95.3,60.04,Email,Desktop
ORD0007029,CUST01238,PROD0144,Beauty,2023-11-03,2023-11,2,34.94,0.1,62.89,34.59,1,0.0,0.0,Email,Desktop
ORD0007030,CUST01238,PROD0072,Sports,2023-10-11,2023-10,2,81.55,0,163.1,89.7,0,163.1,89.7,Email,Desktop
ORD0007031,CUST01238,PROD0098,Home & Living,2023-12-27,2023-12,2,101.77,0.1,183.19,76.94,0,183.19,76.94,Email,Desktop
ORD0007032,CUST01238,PROD0143,Beauty,2023-10-08,2023-10,1,15.9,0.1,14.31,9.16,1,0.0,0.0,Email,Desktop
ORD0007033,CUST01239,PROD0113,Home & Living,2023-10-18,2023-10,1,30.82,0,30.82,16.33,1,0.0,0.0,Organic Search,Tablet
ORD0007034,CUST01239,PROD0133,Clothing,2023-03-01,2023-03,2,70.11,0,140.22,79.93,0,140.22,79.93,Organic Search,Tablet
ORD0007035,CUST01239,PROD0053,Footwear,2023-11-13,2023-11,2,46.14,0,92.28,51.68,0,92.28,51.68,Organic Search,Tablet
ORD0007036,CUST01240,PROD0121,Clothing,2023-05-27,2023-05,1,86.37,0,86.37,42.32,0,86.37,42.32,Paid Social,Desktop
ORD0007037,CUST01240,PROD0104,Sports,2024-03-25,2024-03,2,40.92,0.05,77.75,27.99,0,77.75,27.99,Paid Social,Desktop
ORD0007038,CUST01241,PROD0136,Accessories,2023-01-18,2023-01,2,78.97,0,157.94,58.44,0,157.94,58.44,Direct,Mobile
ORD0007039,CUST01241,PROD0143,Beauty,2023-02-24,2023-02,1,15.9,0,15.9,10.18,0,15.9,10.18,Direct,Mobile
ORD0007040,CUST01241,PROD0145,Clothing,2023-10-11,2023-10,2,70.32,0,140.64,84.38,0,140.64,84.38,Direct,Mobile
ORD0007041,CUST01241,PROD0157,Sports,2024-01-23,2024-01,3,101.12,0,303.36,127.41,0,303.36,127.41,Direct,Mobile
ORD0007042,CUST01241,PROD0166,Clothing,2023-09-23,2023-09,2,87.15,0,174.3,108.07,0,174.3,108.07,Direct,Mobile
ORD0007043,CUST01241,PROD0089,Sports,2024-01-05,2024-01,3,40.38,0,121.14,39.98,0,121.14,39.98,Direct,Mobile
ORD0007044,CUST01241,PROD0093,Footwear,2023-03-02,2023-03,2,85.42,0,170.84,97.38,1,0.0,0.0,Direct,Mobile
ORD0007045,CUST01241,PROD0153,Accessories,2023-02-15,2023-02,1,85.5,0,85.5,47.88,0,85.5,47.88,Direct,Mobile
ORD0007046,CUST01241,PROD0131,Beauty,2023-08-22,2023-08,2,36.76,0,73.52,25.73,1,0.0,0.0,Direct,Mobile
ORD0007047,CUST01242,PROD0085,Accessories,2023-02-21,2023-02,1,53.78,0,53.78,25.81,0,53.78,25.81,Referral,Desktop
ORD0007048,CUST01243,PROD0142,Sports,2024-03-31,2024-03,3,114.73,0,344.19,165.21,0,344.19,165.21,Paid Social,Desktop
ORD0007049,CUST01243,PROD0005,Footwear,2023-08-12,2023-08,2,121.17,0,242.34,140.56,1,0.0,0.0,Paid Social,Desktop
ORD0007050,CUST01243,PROD0161,Home & Living,2023-11-19,2023-11,1,33.22,0.1,29.9,17.64,0,29.9,17.64,Paid Social,Desktop
ORD0007051,CUST01244,PROD0066,Footwear,2023-04-11,2023-04,2,151.36,0.1,272.45,79.01,1,0.0,0.0,Email,Desktop
ORD0007052,CUST01244,PROD0195,Accessories,2023-08-01,2023-08,1,33.68,0,33.68,20.54,0,33.68,20.54,Email,Desktop
ORD0007053,CUST01244,PROD0122,Home & Living,2024-01-13,2024-01,2,74.99,0,149.98,59.99,0,149.98,59.99,Email,Desktop
ORD0007054,CUST01244,PROD0184,Sports,2023-06-28,2023-06,2,135.08,0,270.16,72.94,0,270.16,72.94,Email,Desktop
ORD0007055,CUST01244,PROD0014,Beauty,2023-07-08,2023-07,1,56.06,0.1,50.45,31.78,0,50.45,31.78,Email,Desktop
ORD0007056,CUST01244,PROD0098,Home & Living,2023-05-09,2023-05,3,101.77,0.1,274.78,115.41,1,0.0,0.0,Email,Desktop
ORD0007057,CUST01244,PROD0074,Beauty,2023-10-23,2023-10,2,52.12,0,104.24,27.1,0,104.24,27.1,Email,Desktop
ORD0007058,CUST01244,PROD0052,Clothing,2023-05-22,2023-05,2,61.19,0,122.38,35.49,0,122.38,35.49,Email,Desktop
ORD0007059,CUST01244,PROD0036,Home & Living,2023-05-18,2023-05,2,74.59,0,149.18,52.21,0,149.18,52.21,Email,Desktop
ORD0007060,CUST01244,PROD0189,Home & Living,2023-09-16,2023-09,2,100.23,0,200.46,122.28,0,200.46,122.28,Email,Desktop
ORD0007061,CUST01244,PROD0032,Home & Living,2023-10-02,2023-10,2,43.05,0,86.1,24.97,0,86.1,24.97,Email,Desktop
ORD0007062,CUST01245,PROD0066,Footwear,2023-12-23,2023-12,1,151.36,0,151.36,43.89,1,0.0,0.0,Organic Search,Desktop
ORD0007063,CUST01245,PROD0127,Accessories,2023-10-31,2023-10,3,49.21,0,147.63,45.77,0,147.63,45.77,Organic Search,Desktop
ORD0007064,CUST01245,PROD0086,Clothing,2023-02-14,2023-02,1,82.15,0,82.15,46.83,0,82.15,46.83,Organic Search,Desktop
ORD0007065,CUST01245,PROD0143,Beauty,2023-11-23,2023-11,1,15.9,0,15.9,10.18,1,0.0,0.0,Organic Search,Desktop
ORD0007066,CUST01245,PROD0043,Footwear,2023-09-24,2023-09,1,62.01,0,62.01,38.45,0,62.01,38.45,Organic Search,Desktop
ORD0007067,CUST01245,PROD0083,Clothing,2023-07-19,2023-07,3,25.2,0,75.6,40.82,0,75.6,40.82,Organic Search,Desktop
ORD0007068,CUST01245,PROD0019,Beauty,2023-07-26,2023-07,3,17.13,0,51.39,22.61,1,0.0,0.0,Organic Search,Desktop
ORD0007069,CUST01246,PROD0088,Accessories,2023-10-28,2023-10,3,42.05,0.05,119.84,44.34,1,0.0,0.0,Paid Social,Desktop
ORD0007070,CUST01246,PROD0026,Footwear,2023-09-26,2023-09,1,66.28,0,66.28,17.23,1,0.0,0.0,Paid Social,Desktop
ORD0007071,CUST01246,PROD0013,Sports,2024-01-15,2024-01,1,147.02,0.05,139.67,54.47,0,139.67,54.47,Paid Social,Desktop
ORD0007072,CUST01246,PROD0006,Accessories,2023-09-26,2023-09,2,25.71,0,51.42,24.17,1,0.0,0.0,Paid Social,Desktop
ORD0007073,CUST01246,PROD0063,Accessories,2023-08-11,2023-08,3,72.45,0,217.35,73.9,0,217.35,73.9,Paid Social,Desktop
ORD0007074,CUST01246,PROD0067,Clothing,2023-09-06,2023-09,2,47.62,0,95.24,30.48,0,95.24,30.48,Paid Social,Desktop
ORD0007075,CUST01246,PROD0080,Sports,2023-10-21,2023-10,3,42.1,0.1,113.67,56.84,0,113.67,56.84,Paid Social,Desktop
ORD0007076,CUST01247,PROD0129,Accessories,2023-11-02,2023-11,3,45.01,0.1,121.53,37.67,0,121.53,37.67,Referral,Mobile
ORD0007077,CUST01247,PROD0087,Home & Living,2023-08-22,2023-08,3,45.63,0,136.89,79.4,0,136.89,79.4,Referral,Mobile
ORD0007078,CUST01247,PROD0056,Home & Living,2023-09-28,2023-09,2,70.19,0.1,126.34,68.22,0,126.34,68.22,Referral,Mobile
ORD0007079,CUST01247,PROD0192,Sports,2022-11-09,2022-11,1,82.92,0.1,74.63,38.81,0,74.63,38.81,Referral,Mobile
ORD0007080,CUST01247,PROD0042,Home & Living,2023-02-24,2023-02,3,61.51,0.1,166.08,46.5,0,166.08,46.5,Referral,Mobile
ORD0007081,CUST01247,PROD0160,Accessories,2023-03-11,2023-03,3,31.12,0,93.36,52.28,0,93.36,52.28,Referral,Mobile
ORD0007082,CUST01247,PROD0193,Sports,2023-05-29,2023-05,2,95.75,0,191.5,61.28,0,191.5,61.28,Referral,Mobile
ORD0007083,CUST01247,PROD0010,Home & Living,2023-08-04,2023-08,1,50.82,0,50.82,19.31,0,50.82,19.31,Referral,Mobile
ORD0007084,CUST01248,PROD0123,Clothing,2024-03-18,2024-03,3,40.48,0,121.44,31.57,0,121.44,31.57,Influencer,Desktop
ORD0007085,CUST01248,PROD0158,Home & Living,2023-07-04,2023-07,2,50.83,0,101.66,47.78,1,0.0,0.0,Influencer,Desktop
ORD0007086,CUST01248,PROD0074,Beauty,2023-11-06,2023-11,3,52.12,0,156.36,40.65,0,156.36,40.65,Influencer,Desktop
ORD0007087,CUST01248,PROD0166,Clothing,2023-07-28,2023-07,3,87.15,0,261.45,162.1,0,261.45,162.1,Influencer,Desktop
ORD0007088,CUST01248,PROD0065,Accessories,2023-10-25,2023-10,2,54.38,0,108.76,46.77,1,0.0,0.0,Influencer,Desktop
ORD0007089,CUST01249,PROD0192,Sports,2023-11-14,2023-11,3,82.92,0,248.76,129.36,0,248.76,129.36,Referral,Mobile
ORD0007090,CUST01249,PROD0114,Beauty,2023-10-07,2023-10,2,25.83,0,51.66,21.18,0,51.66,21.18,Referral,Mobile
ORD0007091,CUST01249,PROD0016,Beauty,2023-12-01,2023-12,2,14.72,0,29.44,18.84,0,29.44,18.84,Referral,Mobile
ORD0007092,CUST01249,PROD0089,Sports,2024-03-17,2024-03,2,40.38,0.1,72.68,23.98,0,72.68,23.98,Referral,Mobile
ORD0007093,CUST01249,PROD0082,Beauty,2024-02-10,2024-02,3,20.0,0,60.0,39.0,0,60.0,39.0,Referral,Mobile
ORD0007094,CUST01249,PROD0042,Home & Living,2024-01-05,2024-01,2,61.51,0.1,110.72,31.0,0,110.72,31.0,Referral,Mobile
ORD0007095,CUST01249,PROD0015,Footwear,2023-09-16,2023-09,3,131.63,0,394.89,161.9,0,394.89,161.9,Referral,Mobile
ORD0007096,CUST01250,PROD0121,Clothing,2024-03-04,2024-03,2,86.37,0.1,155.47,76.18,0,155.47,76.18,Paid Social,Mobile
ORD0007097,CUST01251,PROD0130,Home & Living,2023-02-25,2023-02,1,126.57,0.05,120.24,69.74,0,120.24,69.74,Paid Social,Mobile
ORD0007098,CUST01251,PROD0134,Accessories,2024-01-28,2024-01,3,24.1,0.05,68.69,38.47,0,68.69,38.47,Paid Social,Mobile
ORD0007099,CUST01251,PROD0114,Beauty,2023-08-04,2023-08,2,25.83,0.1,46.49,19.06,0,46.49,19.06,Paid Social,Mobile
ORD0007100,CUST01251,PROD0113,Home & Living,2023-09-30,2023-09,2,30.82,0.05,58.56,31.04,0,58.56,31.04,Paid Social,Mobile
ORD0007101,CUST01251,PROD0095,Accessories,2023-11-08,2023-11,3,33.53,0.05,95.56,54.47,0,95.56,54.47,Paid Social,Mobile
ORD0007102,CUST01251,PROD0173,Footwear,2023-09-23,2023-09,1,87.72,0.1,78.95,33.95,1,0.0,0.0,Paid Social,Mobile
ORD0007103,CUST01251,PROD0034,Clothing,2023-03-05,2023-03,3,108.12,0,324.36,129.74,0,324.36,129.74,Paid Social,Mobile
ORD0007104,CUST01252,PROD0078,Accessories,2023-02-14,2023-02,2,83.84,0.15,142.53,85.52,0,142.53,85.52,Email,Desktop
ORD0007105,CUST01252,PROD0115,Accessories,2023-03-27,2023-03,2,74.34,0,148.68,86.23,1,0.0,0.0,Email,Desktop
ORD0007106,CUST01252,PROD0193,Sports,2023-04-30,2023-04,1,95.75,0.1,86.17,27.57,0,86.17,27.57,Email,Desktop
ORD0007107,CUST01252,PROD0069,Beauty,2023-12-12,2023-12,2,52.71,0.15,89.61,53.77,1,0.0,0.0,Email,Desktop
ORD0007108,CUST01252,PROD0062,Accessories,2023-02-26,2023-02,1,85.04,0,85.04,35.72,1,0.0,0.0,Email,Desktop
ORD0007109,CUST01252,PROD0162,Home & Living,2023-06-08,2023-06,1,81.32,0,81.32,35.78,1,0.0,0.0,Email,Desktop
ORD0007110,CUST01252,PROD0084,Accessories,2023-08-24,2023-08,1,45.9,0,45.9,12.85,0,45.9,12.85,Email,Desktop
ORD0007111,CUST01252,PROD0120,Home & Living,2023-07-08,2023-07,3,118.52,0.15,302.23,93.69,0,302.23,93.69,Email,Desktop
ORD0007112,CUST01252,PROD0158,Home & Living,2023-06-26,2023-06,2,50.83,0.15,86.41,40.61,0,86.41,40.61,Email,Desktop
ORD0007113,CUST01252,PROD0145,Clothing,2023-11-06,2023-11,1,70.32,0,70.32,42.19,0,70.32,42.19,Email,Desktop
ORD0007114,CUST01252,PROD0159,Beauty,2023-08-19,2023-08,2,20.79,0,41.58,12.89,1,0.0,0.0,Email,Desktop
ORD0007115,CUST01252,PROD0124,Beauty,2024-02-28,2024-02,2,20.18,0.15,34.31,16.13,1,0.0,0.0,Email,Desktop
ORD0007116,CUST01253,PROD0089,Sports,2023-09-13,2023-09,2,40.38,0.1,72.68,23.98,0,72.68,23.98,Paid Social,Tablet
ORD0007117,CUST01253,PROD0196,Sports,2024-01-09,2024-01,2,92.93,0.05,176.57,109.47,1,0.0,0.0,Paid Social,Tablet
ORD0007118,CUST01253,PROD0013,Sports,2023-12-12,2023-12,2,147.02,0,294.04,114.68,0,294.04,114.68,Paid Social,Tablet
ORD0007119,CUST01253,PROD0199,Sports,2023-10-04,2023-10,3,40.52,0,121.56,38.9,0,121.56,38.9,Paid Social,Tablet
ORD0007120,CUST01253,PROD0017,Home & Living,2023-05-05,2023-05,2,31.84,0.1,57.31,22.35,1,0.0,0.0,Paid Social,Tablet
ORD0007121,CUST01254,PROD0167,Footwear,2023-01-22,2023-01,2,62.12,0.2,99.39,28.82,0,99.39,28.82,Email,Desktop
ORD0007122,CUST01254,PROD0174,Clothing,2023-01-02,2023-01,3,69.83,0.15,178.07,46.3,1,0.0,0.0,Email,Desktop
ORD0007123,CUST01254,PROD0154,Sports,2022-08-27,2022-08,1,137.38,0.1,123.64,33.38,0,123.64,33.38,Email,Desktop
ORD0007124,CUST01254,PROD0111,Clothing,2023-05-17,2023-05,3,72.51,0.1,195.78,119.43,1,0.0,0.0,Email,Desktop
ORD0007125,CUST01254,PROD0160,Accessories,2023-12-14,2023-12,1,31.12,0,31.12,17.43,0,31.12,17.43,Email,Desktop
ORD0007126,CUST01254,PROD0058,Accessories,2023-06-12,2023-06,3,50.31,0.1,135.84,44.83,0,135.84,44.83,Email,Desktop
ORD0007127,CUST01255,PROD0170,Beauty,2023-12-18,2023-12,2,69.97,0,139.94,89.56,0,139.94,89.56,Direct,Mobile
ORD0007128,CUST01255,PROD0031,Footwear,2023-09-04,2023-09,2,42.93,0,85.86,37.78,0,85.86,37.78,Direct,Mobile
ORD0007129,CUST01255,PROD0084,Accessories,2024-03-24,2024-03,1,45.9,0,45.9,12.85,0,45.9,12.85,Direct,Mobile
ORD0007130,CUST01256,PROD0022,Sports,2024-01-21,2024-01,1,30.09,0.05,28.59,16.3,0,28.59,16.3,Paid Social,Mobile
ORD0007131,CUST01256,PROD0182,Accessories,2023-09-30,2023-09,1,22.63,0.05,21.5,8.17,1,0.0,0.0,Paid Social,Mobile
ORD0007132,CUST01256,PROD0052,Clothing,2023-12-14,2023-12,2,61.19,0,122.38,35.49,0,122.38,35.49,Paid Social,Mobile
ORD0007133,CUST01256,PROD0022,Sports,2023-09-29,2023-09,1,30.09,0,30.09,17.15,0,30.09,17.15,Paid Social,Mobile
ORD0007134,CUST01256,PROD0117,Accessories,2024-02-21,2024-02,2,65.2,0.05,123.88,35.93,1,0.0,0.0,Paid Social,Mobile
ORD0007135,CUST01257,PROD0176,Home & Living,2024-03-09,2024-03,2,51.13,0,102.26,28.63,0,102.26,28.63,Referral,Desktop
ORD0007136,CUST01257,PROD0024,Beauty,2023-12-07,2023-12,3,20.35,0,61.05,25.03,1,0.0,0.0,Referral,Desktop
ORD0007137,CUST01257,PROD0097,Clothing,2023-08-26,2023-08,3,60.58,0,181.74,52.7,0,181.74,52.7,Referral,Desktop
ORD0007138,CUST01257,PROD0066,Footwear,2024-02-12,2024-02,1,151.36,0,151.36,43.89,0,151.36,43.89,Referral,Desktop
ORD0007139,CUST01257,PROD0069,Beauty,2024-03-25,2024-03,1,52.71,0,52.71,31.63,1,0.0,0.0,Referral,Desktop
ORD0007140,CUST01257,PROD0177,Accessories,2024-03-30,2024-03,1,31.44,0.1,28.3,10.75,0,28.3,10.75,Referral,Desktop
ORD0007141,CUST01258,PROD0047,Footwear,2023-12-25,2023-12,2,144.43,0.05,274.42,107.02,0,274.42,107.02,Paid Social,Mobile
ORD0007142,CUST01258,PROD0133,Clothing,2023-08-22,2023-08,1,70.11,0,70.11,39.96,0,70.11,39.96,Paid Social,Mobile
ORD0007143,CUST01258,PROD0110,Footwear,2024-01-03,2024-01,1,106.03,0,106.03,57.26,0,106.03,57.26,Paid Social,Mobile
ORD0007144,CUST01258,PROD0009,Sports,2023-11-23,2023-11,1,39.16,0,39.16,23.1,0,39.16,23.1,Paid Social,Mobile
ORD0007145,CUST01258,PROD0032,Home & Living,2023-07-13,2023-07,1,43.05,0,43.05,12.48,0,43.05,12.48,Paid Social,Mobile
ORD0007146,CUST01258,PROD0172,Beauty,2024-02-15,2024-02,3,19.11,0,57.33,24.65,0,57.33,24.65,Paid Social,Mobile
ORD0007147,CUST01258,PROD0103,Accessories,2023-12-15,2023-12,2,84.89,0,169.78,76.4,1,0.0,0.0,Paid Social,Mobile
ORD0007148,CUST01258,PROD0056,Home & Living,2024-01-31,2024-01,1,70.19,0,70.19,37.9,0,70.19,37.9,Paid Social,Mobile
ORD0007149,CUST01259,PROD0126,Sports,2024-02-10,2024-02,3,92.2,0,276.6,177.02,0,276.6,177.02,Paid Social,Mobile
ORD0007150,CUST01259,PROD0116,Footwear,2023-10-10,2023-10,1,141.52,0.05,134.44,59.15,0,134.44,59.15,Paid Social,Mobile
ORD0007151,CUST01259,PROD0189,Home & Living,2023-10-30,2023-10,2,100.23,0.05,190.44,116.17,0,190.44,116.17,Paid Social,Mobile
ORD0007152,CUST01259,PROD0164,Accessories,2022-08-14,2022-08,3,18.66,0,55.98,16.23,0,55.98,16.23,Paid Social,Mobile
ORD0007153,CUST01259,PROD0115,Accessories,2022-10-01,2022-10,1,74.34,0,74.34,43.12,1,0.0,0.0,Paid Social,Mobile
ORD0007154,CUST01259,PROD0118,Clothing,2023-01-03,2023-01,1,33.04,0.05,31.39,15.07,0,31.39,15.07,Paid Social,Mobile
ORD0007155,CUST01259,PROD0068,Accessories,2023-05-06,2023-05,1,58.26,0.1,52.43,22.02,0,52.43,22.02,Paid Social,Mobile
ORD0007156,CUST01260,PROD0134,Accessories,2023-11-27,2023-11,2,24.1,0.05,45.79,25.64,0,45.79,25.64,Paid Social,Mobile
ORD0007157,CUST01260,PROD0156,Sports,2022-11-03,2022-11,3,96.17,0.05,274.08,158.97,0,274.08,158.97,Paid Social,Mobile
ORD0007158,CUST01261,PROD0138,Home & Living,2023-11-26,2023-11,2,126.57,0,253.14,113.91,0,253.14,113.91,Paid Social,Desktop
ORD0007159,CUST01261,PROD0049,Home & Living,2023-04-08,2023-04,2,60.55,0.05,115.04,44.87,0,115.04,44.87,Paid Social,Desktop
ORD0007160,CUST01261,PROD0174,Clothing,2023-10-13,2023-10,2,69.83,0.05,132.68,34.5,0,132.68,34.5,Paid Social,Desktop
ORD0007161,CUST01261,PROD0043,Footwear,2023-07-21,2023-07,1,62.01,0,62.01,38.45,0,62.01,38.45,Paid Social,Desktop
ORD0007162,CUST01262,PROD0146,Accessories,2023-11-24,2023-11,3,80.98,0,242.94,85.03,0,242.94,85.03,Influencer,Tablet
ORD0007163,CUST01262,PROD0037,Clothing,2022-08-01,2022-08,3,99.72,0,299.16,113.68,0,299.16,113.68,Influencer,Tablet
ORD0007164,CUST01262,PROD0115,Accessories,2022-10-26,2022-10,2,74.34,0,148.68,86.23,0,148.68,86.23,Influencer,Tablet
ORD0007165,CUST01263,PROD0125,Sports,2024-03-15,2024-03,2,126.04,0,252.08,98.31,0,252.08,98.31,Referral,Tablet
ORD0007166,CUST01263,PROD0038,Accessories,2023-11-25,2023-11,1,85.41,0,85.41,46.98,0,85.41,46.98,Referral,Tablet
ORD0007167,CUST01263,PROD0048,Home & Living,2023-06-08,2023-06,2,96.14,0,192.28,121.14,0,192.28,121.14,Referral,Tablet
ORD0007168,CUST01263,PROD0052,Clothing,2023-08-19,2023-08,3,61.19,0,183.57,53.24,0,183.57,53.24,Referral,Tablet
ORD0007169,CUST01263,PROD0051,Footwear,2023-09-18,2023-09,1,119.28,0.1,107.35,61.19,0,107.35,61.19,Referral,Tablet
ORD0007170,CUST01264,PROD0106,Footwear,2023-04-10,2023-04,2,188.1,0,376.2,161.77,0,376.2,161.77,Organic Search,Desktop
ORD0007171,CUST01264,PROD0041,Beauty,2022-12-22,2022-12,3,68.34,0,205.02,123.01,1,0.0,0.0,Organic Search,Desktop
ORD0007172,CUST01265,PROD0001,Accessories,2023-03-12,2023-03,2,40.31,0.1,72.56,25.4,0,72.56,25.4,Paid Social,Mobile
ORD0007173,CUST01265,PROD0026,Footwear,2023-07-10,2023-07,3,66.28,0.05,188.9,49.11,0,188.9,49.11,Paid Social,Mobile
ORD0007174,CUST01266,PROD0082,Beauty,2022-12-06,2022-12,3,20.0,0,60.0,39.0,1,0.0,0.0,Email,Desktop
ORD0007175,CUST01267,PROD0140,Home & Living,2023-05-15,2023-05,2,34.26,0,68.52,37.69,1,0.0,0.0,Paid Social,Desktop
ORD0007176,CUST01267,PROD0044,Footwear,2023-07-09,2023-07,2,185.76,0,371.52,182.04,1,0.0,0.0,Paid Social,Desktop
ORD0007177,CUST01267,PROD0150,Beauty,2022-10-02,2022-10,1,24.66,0,24.66,12.08,0,24.66,12.08,Paid Social,Desktop
ORD0007178,CUST01267,PROD0162,Home & Living,2022-11-04,2022-11,1,81.32,0.1,73.19,32.2,0,73.19,32.2,Paid Social,Desktop
ORD0007179,CUST01267,PROD0015,Footwear,2023-06-03,2023-06,2,131.63,0.1,236.93,97.14,0,236.93,97.14,Paid Social,Desktop
ORD0007180,CUST01267,PROD0157,Sports,2022-10-21,2022-10,2,101.12,0.05,192.13,80.69,0,192.13,80.69,Paid Social,Desktop
ORD0007181,CUST01267,PROD0114,Beauty,2023-05-11,2023-05,1,25.83,0,25.83,10.59,1,0.0,0.0,Paid Social,Desktop
ORD0007182,CUST01267,PROD0198,Sports,2023-12-21,2023-12,3,59.63,0,178.89,75.13,0,178.89,75.13,Paid Social,Desktop
ORD0007183,CUST01267,PROD0146,Accessories,2023-09-17,2023-09,1,80.98,0,80.98,28.34,1,0.0,0.0,Paid Social,Desktop
ORD0007184,CUST01267,PROD0086,Clothing,2023-04-02,2023-04,3,82.15,0,246.45,140.48,1,0.0,0.0,Paid Social,Desktop
ORD0007185,CUST01268,PROD0014,Beauty,2023-04-02,2023-04,2,56.06,0,112.12,70.64,0,112.12,70.64,Referral,Mobile
ORD0007186,CUST01268,PROD0080,Sports,2023-03-16,2023-03,2,42.1,0,84.2,42.1,0,84.2,42.1,Referral,Mobile
ORD0007187,CUST01268,PROD0091,Beauty,2022-12-07,2022-12,3,39.11,0.1,105.6,42.24,0,105.6,42.24,Referral,Mobile
ORD0007188,CUST01269,PROD0015,Footwear,2023-12-29,2023-12,3,131.63,0.1,355.4,145.71,0,355.4,145.71,Referral,Desktop
ORD0007189,CUST01269,PROD0159,Beauty,2023-10-19,2023-10,3,20.79,0.1,56.13,17.4,0,56.13,17.4,Referral,Desktop
ORD0007190,CUST01269,PROD0145,Clothing,2024-03-25,2024-03,1,70.32,0,70.32,42.19,0,70.32,42.19,Referral,Desktop
ORD0007191,CUST01269,PROD0190,Beauty,2023-06-08,2023-06,1,23.73,0,23.73,10.44,0,23.73,10.44,Referral,Desktop
ORD0007192,CUST01270,PROD0177,Accessories,2024-01-19,2024-01,1,31.44,0,31.44,11.95,1,0.0,0.0,Referral,Mobile
ORD0007193,CUST01270,PROD0163,Beauty,2023-07-18,2023-07,1,20.18,0.1,18.16,8.72,0,18.16,8.72,Referral,Mobile
ORD0007194,CUST01270,PROD0086,Clothing,2024-01-14,2024-01,1,82.15,0,82.15,46.83,0,82.15,46.83,Referral,Mobile
ORD0007195,CUST01270,PROD0130,Home & Living,2022-12-25,2022-12,3,126.57,0,379.71,220.23,0,379.71,220.23,Referral,Mobile
ORD0007196,CUST01270,PROD0061,Home & Living,2022-08-26,2022-08,1,136.85,0.1,123.16,45.57,0,123.16,45.57,Referral,Mobile
ORD0007197,CUST01270,PROD0054,Sports,2024-03-27,2024-03,2,142.4,0.1,256.32,128.16,0,256.32,128.16,Referral,Mobile
ORD0007198,CUST01270,PROD0189,Home & Living,2022-05-19,2022-05,1,100.23,0,100.23,61.14,0,100.23,61.14,Referral,Mobile
ORD0007199,CUST01270,PROD0147,Home & Living,2022-07-11,2022-07,3,133.32,0.1,359.96,165.58,0,359.96,165.58,Referral,Mobile
ORD0007200,CUST01270,PROD0062,Accessories,2023-10-30,2023-10,2,85.04,0.1,153.07,64.29,0,153.07,64.29,Referral,Mobile
ORD0007201,CUST01270,PROD0200,Footwear,2023-10-12,2023-10,1,43.07,0,43.07,24.55,0,43.07,24.55,Referral,Mobile
ORD0007202,CUST01270,PROD0144,Beauty,2023-05-21,2023-05,3,34.94,0,104.82,57.65,0,104.82,57.65,Referral,Mobile
ORD0007203,CUST01271,PROD0062,Accessories,2023-02-07,2023-02,3,85.04,0.1,229.61,96.44,0,229.61,96.44,Referral,Mobile
ORD0007204,CUST01272,PROD0136,Accessories,2022-12-26,2022-12,1,78.97,0.1,71.07,26.3,0,71.07,26.3,Paid Social,Mobile
ORD0007205,CUST01272,PROD0146,Accessories,2022-10-23,2022-10,3,80.98,0,242.94,85.03,1,0.0,0.0,Paid Social,Mobile
ORD0007206,CUST01272,PROD0083,Clothing,2022-09-11,2022-09,3,25.2,0.05,71.82,38.78,1,0.0,0.0,Paid Social,Mobile
ORD0007207,CUST01272,PROD0119,Beauty,2023-12-29,2023-12,2,20.14,0.05,38.27,13.78,0,38.27,13.78,Paid Social,Mobile
ORD0007208,CUST01272,PROD0010,Home & Living,2024-02-15,2024-02,3,50.82,0,152.46,57.93,0,152.46,57.93,Paid Social,Mobile
ORD0007209,CUST01273,PROD0148,Beauty,2024-03-03,2024-03,2,56.54,0.1,101.77,55.97,0,101.77,55.97,Email,Mobile
ORD0007210,CUST01273,PROD0117,Accessories,2024-03-10,2024-03,2,65.2,0,130.4,37.82,0,130.4,37.82,Email,Mobile
ORD0007211,CUST01274,PROD0050,Home & Living,2022-12-18,2022-12,3,120.87,0,362.61,97.9,0,362.61,97.9,Email,Desktop
ORD0007212,CUST01274,PROD0088,Accessories,2023-01-24,2023-01,1,42.05,0,42.05,15.56,1,0.0,0.0,Email,Desktop
ORD0007213,CUST01274,PROD0093,Footwear,2023-10-23,2023-10,3,85.42,0.1,230.63,131.46,1,0.0,0.0,Email,Desktop
ORD0007214,CUST01274,PROD0121,Clothing,2023-06-10,2023-06,1,86.37,0,86.37,42.32,1,0.0,0.0,Email,Desktop
ORD0007215,CUST01274,PROD0026,Footwear,2023-11-03,2023-11,3,66.28,0.1,178.96,46.53,1,0.0,0.0,Email,Desktop
ORD0007216,CUST01274,PROD0023,Clothing,2023-12-27,2023-12,1,85.59,0.15,72.75,25.46,1,0.0,0.0,Email,Desktop
ORD0007217,CUST01274,PROD0110,Footwear,2024-02-09,2024-02,3,106.03,0.1,286.28,154.59,0,286.28,154.59,Email,Desktop
ORD0007218,CUST01274,PROD0006,Accessories,2022-04-30,2022-04,2,25.71,0,51.42,24.17,1,0.0,0.0,Email,Desktop
ORD0007219,CUST01274,PROD0002,Clothing,2024-01-20,2024-01,2,48.81,0,97.62,61.5,0,97.62,61.5,Email,Desktop
ORD0007220,CUST01274,PROD0001,Accessories,2022-07-11,2022-07,3,40.31,0,120.93,42.33,1,0.0,0.0,Email,Desktop
ORD0007221,CUST01274,PROD0123,Clothing,2022-08-17,2022-08,3,40.48,0,121.44,31.57,0,121.44,31.57,Email,Desktop
ORD0007222,CUST01274,PROD0087,Home & Living,2023-05-15,2023-05,3,45.63,0.1,123.2,71.46,0,123.2,71.46,Email,Desktop
ORD0007223,CUST01275,PROD0191,Accessories,2023-12-25,2023-12,2,42.93,0,85.86,42.07,0,85.86,42.07,Email,Desktop
ORD0007224,CUST01275,PROD0060,Footwear,2024-01-15,2024-01,2,104.31,0.15,177.33,51.43,1,0.0,0.0,Email,Desktop
ORD0007225,CUST01275,PROD0120,Home & Living,2023-11-10,2023-11,3,118.52,0.2,284.45,88.18,1,0.0,0.0,Email,Desktop
ORD0007226,CUST01275,PROD0049,Home & Living,2024-01-23,2024-01,1,60.55,0.2,48.44,18.89,1,0.0,0.0,Email,Desktop
ORD0007227,CUST01275,PROD0059,Sports,2023-12-09,2023-12,3,76.4,0.15,194.82,99.36,0,194.82,99.36,Email,Desktop
ORD0007228,CUST01275,PROD0194,Accessories,2023-12-23,2023-12,3,80.84,0.15,206.14,105.13,1,0.0,0.0,Email,Desktop
ORD0007229,CUST01276,PROD0111,Clothing,2023-09-04,2023-09,1,72.51,0.1,65.26,39.81,1,0.0,0.0,Referral,Tablet
ORD0007230,CUST01276,PROD0151,Clothing,2022-07-24,2022-07,3,30.88,0,92.64,40.76,0,92.64,40.76,Referral,Tablet
ORD0007231,CUST01276,PROD0088,Accessories,2023-12-06,2023-12,3,42.05,0,126.15,46.68,0,126.15,46.68,Referral,Tablet
ORD0007232,CUST01276,PROD0116,Footwear,2022-08-11,2022-08,3,141.52,0,424.56,186.81,0,424.56,186.81,Referral,Tablet
ORD0007233,CUST01276,PROD0008,Footwear,2023-10-19,2023-10,3,151.56,0,454.68,277.35,1,0.0,0.0,Referral,Tablet
ORD0007234,CUST01277,PROD0130,Home & Living,2024-01-05,2024-01,2,126.57,0.1,227.83,132.14,0,227.83,132.14,Email,Desktop
ORD0007235,CUST01277,PROD0137,Home & Living,2023-09-24,2023-09,1,99.54,0.15,84.61,33.0,1,0.0,0.0,Email,Desktop
ORD0007236,CUST01277,PROD0053,Footwear,2023-03-10,2023-03,2,46.14,0.1,83.05,46.51,0,83.05,46.51,Email,Desktop
ORD0007237,CUST01277,PROD0097,Clothing,2023-03-08,2023-03,3,60.58,0,181.74,52.7,0,181.74,52.7,Email,Desktop
ORD0007238,CUST01277,PROD0097,Clothing,2024-01-02,2024-01,1,60.58,0.1,54.52,15.81,0,54.52,15.81,Email,Desktop
ORD0007239,CUST01277,PROD0054,Sports,2024-03-31,2024-03,2,142.4,0.1,256.32,128.16,1,0.0,0.0,Email,Desktop
ORD0007240,CUST01277,PROD0014,Beauty,2023-02-23,2023-02,1,56.06,0.15,47.65,30.02,1,0.0,0.0,Email,Desktop
ORD0007241,CUST01277,PROD0168,Clothing,2023-07-01,2023-07,2,45.57,0.15,77.47,32.54,1,0.0,0.0,Email,Desktop
ORD0007242,CUST01277,PROD0005,Footwear,2023-02-26,2023-02,3,121.17,0,363.51,210.84,1,0.0,0.0,Email,Desktop
ORD0007243,CUST01277,PROD0144,Beauty,2024-02-04,2024-02,1,34.94,0.2,27.95,15.37,0,27.95,15.37,Email,Desktop
ORD0007244,CUST01278,PROD0172,Beauty,2024-01-22,2024-01,1,19.11,0.1,17.2,7.4,0,17.2,7.4,Paid Social,Mobile
ORD0007245,CUST01278,PROD0123,Clothing,2024-02-16,2024-02,1,40.48,0.05,38.46,10.0,0,38.46,10.0,Paid Social,Mobile
ORD0007246,CUST01278,PROD0197,Clothing,2024-03-11,2024-03,1,92.45,0,92.45,33.28,0,92.45,33.28,Paid Social,Mobile
ORD0007247,CUST01278,PROD0021,Beauty,2023-09-17,2023-09,3,65.25,0.05,185.96,115.3,0,185.96,115.3,Paid Social,Mobile
ORD0007248,CUST01278,PROD0052,Clothing,2023-09-16,2023-09,2,61.19,0,122.38,35.49,0,122.38,35.49,Paid Social,Mobile
ORD0007249,CUST01279,PROD0102,Footwear,2023-02-04,2023-02,3,44.77,0,134.31,34.92,0,134.31,34.92,Influencer,Tablet
ORD0007250,CUST01279,PROD0189,Home & Living,2022-11-29,2022-11,1,100.23,0,100.23,61.14,0,100.23,61.14,Influencer,Tablet
ORD0007251,CUST01279,PROD0010,Home & Living,2023-03-27,2023-03,1,50.82,0,50.82,19.31,0,50.82,19.31,Influencer,Tablet
ORD0007252,CUST01279,PROD0194,Accessories,2023-08-27,2023-08,1,80.84,0,80.84,41.23,1,0.0,0.0,Influencer,Tablet
ORD0007253,CUST01279,PROD0034,Clothing,2024-03-12,2024-03,3,108.12,0,324.36,129.74,0,324.36,129.74,Influencer,Tablet
ORD0007254,CUST01279,PROD0120,Home & Living,2023-04-14,2023-04,2,118.52,0,237.04,73.48,1,0.0,0.0,Influencer,Tablet
ORD0007255,CUST01279,PROD0010,Home & Living,2023-06-22,2023-06,2,50.82,0,101.64,38.62,1,0.0,0.0,Influencer,Tablet
ORD0007256,CUST01279,PROD0182,Accessories,2023-07-23,2023-07,1,22.63,0,22.63,8.6,0,22.63,8.6,Influencer,Tablet
ORD0007257,CUST01279,PROD0001,Accessories,2024-01-11,2024-01,1,40.31,0,40.31,14.11,0,40.31,14.11,Influencer,Tablet
ORD0007258,CUST01279,PROD0190,Beauty,2023-11-15,2023-11,2,23.73,0,47.46,20.88,0,47.46,20.88,Influencer,Tablet
ORD0007259,CUST01279,PROD0095,Accessories,2023-07-16,2023-07,3,33.53,0,100.59,57.34,0,100.59,57.34,Influencer,Tablet
ORD0007260,CUST01280,PROD0121,Clothing,2023-11-29,2023-11,3,86.37,0,259.11,126.96,0,259.11,126.96,Organic Search,Mobile
ORD0007261,CUST01280,PROD0041,Beauty,2023-03-16,2023-03,1,68.34,0,68.34,41.0,0,68.34,41.0,Organic Search,Mobile
ORD0007262,CUST01280,PROD0128,Clothing,2024-03-28,2024-03,1,28.95,0,28.95,12.16,0,28.95,12.16,Organic Search,Mobile
ORD0007263,CUST01280,PROD0009,Sports,2024-01-03,2024-01,2,39.16,0,78.32,46.21,0,78.32,46.21,Organic Search,Mobile
ORD0007264,CUST01280,PROD0057,Beauty,2023-06-25,2023-06,2,25.42,0,50.84,24.4,0,50.84,24.4,Organic Search,Mobile
ORD0007265,CUST01281,PROD0130,Home & Living,2023-06-05,2023-06,1,126.57,0,126.57,73.41,0,126.57,73.41,Email,Mobile
ORD0007266,CUST01281,PROD0086,Clothing,2023-05-24,2023-05,1,82.15,0,82.15,46.83,0,82.15,46.83,Email,Mobile
ORD0007267,CUST01281,PROD0076,Clothing,2023-07-01,2023-07,3,54.02,0.15,137.75,42.7,0,137.75,42.7,Email,Mobile
ORD0007268,CUST01281,PROD0160,Accessories,2024-01-02,2024-01,2,31.12,0.2,49.79,27.88,0,49.79,27.88,Email,Mobile
ORD0007269,CUST01282,PROD0083,Clothing,2024-01-09,2024-01,3,25.2,0,75.6,40.82,1,0.0,0.0,Influencer,Desktop
ORD0007270,CUST01282,PROD0115,Accessories,2023-09-07,2023-09,3,74.34,0,223.02,129.35,0,223.02,129.35,Influencer,Desktop
ORD0007271,CUST01282,PROD0132,Home & Living,2023-12-12,2023-12,3,31.95,0,95.85,55.59,0,95.85,55.59,Influencer,Desktop
ORD0007272,CUST01282,PROD0047,Footwear,2023-11-06,2023-11,3,144.43,0,433.29,168.98,0,433.29,168.98,Influencer,Desktop
ORD0007273,CUST01282,PROD0106,Footwear,2023-10-20,2023-10,2,188.1,0,376.2,161.77,1,0.0,0.0,Influencer,Desktop
ORD0007274,CUST01283,PROD0097,Clothing,2022-07-28,2022-07,1,60.58,0.05,57.55,16.69,0,57.55,16.69,Paid Social,Mobile
ORD0007275,CUST01283,PROD0073,Sports,2023-11-18,2023-11,2,66.61,0.05,126.56,45.56,1,0.0,0.0,Paid Social,Mobile
ORD0007276,CUST01283,PROD0111,Clothing,2022-08-26,2022-08,3,72.51,0,217.53,132.69,0,217.53,132.69,Paid Social,Mobile
ORD0007277,CUST01283,PROD0016,Beauty,2023-09-15,2023-09,1,14.72,0,14.72,9.42,0,14.72,9.42,Paid Social,Mobile
ORD0007278,CUST01283,PROD0164,Accessories,2023-01-15,2023-01,1,18.66,0.05,17.73,5.14,0,17.73,5.14,Paid Social,Mobile
ORD0007279,CUST01283,PROD0195,Accessories,2023-09-26,2023-09,2,33.68,0,67.36,41.09,0,67.36,41.09,Paid Social,Mobile
ORD0007280,CUST01283,PROD0099,Home & Living,2022-10-07,2022-10,3,113.39,0,340.17,125.86,0,340.17,125.86,Paid Social,Mobile
ORD0007281,CUST01283,PROD0052,Clothing,2023-01-18,2023-01,2,61.19,0.05,116.26,33.72,1,0.0,0.0,Paid Social,Mobile
ORD0007282,CUST01284,PROD0091,Beauty,2022-12-30,2022-12,1,39.11,0.15,33.24,13.3,1,0.0,0.0,Email,Mobile
ORD0007283,CUST01284,PROD0157,Sports,2023-03-02,2023-03,1,101.12,0,101.12,42.47,0,101.12,42.47,Email,Mobile
ORD0007284,CUST01284,PROD0033,Sports,2024-02-29,2024-02,1,54.48,0,54.48,15.25,0,54.48,15.25,Email,Mobile
ORD0007285,CUST01285,PROD0032,Home & Living,2024-02-29,2024-02,2,43.05,0,86.1,24.97,1,0.0,0.0,Organic Search,Desktop
ORD0007286,CUST01285,PROD0036,Home & Living,2023-10-23,2023-10,1,74.59,0,74.59,26.11,0,74.59,26.11,Organic Search,Desktop
ORD0007287,CUST01286,PROD0036,Home & Living,2022-10-31,2022-10,2,74.59,0.1,134.26,46.99,0,134.26,46.99,Paid Social,Desktop
ORD0007288,CUST01286,PROD0153,Accessories,2023-10-16,2023-10,2,85.5,0,171.0,95.76,0,171.0,95.76,Paid Social,Desktop
ORD0007289,CUST01286,PROD0137,Home & Living,2023-03-29,2023-03,2,99.54,0,199.08,77.64,1,0.0,0.0,Paid Social,Desktop
ORD0007290,CUST01286,PROD0186,Home & Living,2023-08-17,2023-08,2,126.59,0.1,227.86,66.08,0,227.86,66.08,Paid Social,Desktop
ORD0007291,CUST01287,PROD0143,Beauty,2023-12-22,2023-12,2,15.9,0.15,27.03,17.3,0,27.03,17.3,Email,Desktop
ORD0007292,CUST01287,PROD0081,Home & Living,2023-04-07,2023-04,3,97.71,0,293.13,76.21,0,293.13,76.21,Email,Desktop
ORD0007293,CUST01287,PROD0022,Sports,2024-02-04,2024-02,2,30.09,0,60.18,34.3,0,60.18,34.3,Email,Desktop
ORD0007294,CUST01287,PROD0126,Sports,2023-12-22,2023-12,2,92.2,0.1,165.96,106.21,0,165.96,106.21,Email,Desktop
ORD0007295,CUST01287,PROD0170,Beauty,2023-05-29,2023-05,3,69.97,0.15,178.42,114.19,0,178.42,114.19,Email,Desktop
ORD0007296,CUST01287,PROD0159,Beauty,2024-03-29,2024-03,2,20.79,0,41.58,12.89,1,0.0,0.0,Email,Desktop
ORD0007297,CUST01287,PROD0043,Footwear,2023-07-18,2023-07,3,62.01,0,186.03,115.34,0,186.03,115.34,Email,Desktop
ORD0007298,CUST01287,PROD0111,Clothing,2023-10-20,2023-10,1,72.51,0,72.51,44.23,0,72.51,44.23,Email,Desktop
ORD0007299,CUST01287,PROD0035,Beauty,2023-04-09,2023-04,2,43.82,0,87.64,50.83,0,87.64,50.83,Email,Desktop
ORD0007300,CUST01287,PROD0170,Beauty,2023-04-14,2023-04,3,69.97,0,209.91,134.34,1,0.0,0.0,Email,Desktop
ORD0007301,CUST01287,PROD0115,Accessories,2024-02-21,2024-02,3,74.34,0.1,200.72,116.42,0,200.72,116.42,Email,Desktop
ORD0007302,CUST01287,PROD0193,Sports,2023-11-26,2023-11,2,95.75,0.15,162.78,52.09,1,0.0,0.0,Email,Desktop
ORD0007303,CUST01288,PROD0035,Beauty,2023-04-13,2023-04,2,43.82,0,87.64,50.83,0,87.64,50.83,Email,Desktop
ORD0007304,CUST01288,PROD0159,Beauty,2023-10-22,2023-10,2,20.79,0.15,35.34,10.96,0,35.34,10.96,Email,Desktop
ORD0007305,CUST01288,PROD0151,Clothing,2023-06-15,2023-06,3,30.88,0.2,74.11,32.61,0,74.11,32.61,Email,Desktop
ORD0007306,CUST01288,PROD0095,Accessories,2022-11-10,2022-11,3,33.53,0,100.59,57.34,0,100.59,57.34,Email,Desktop
ORD0007307,CUST01288,PROD0020,Clothing,2024-02-11,2024-02,2,35.77,0.1,64.39,29.62,0,64.39,29.62,Email,Desktop
ORD0007308,CUST01288,PROD0056,Home & Living,2022-10-08,2022-10,2,70.19,0.15,119.32,64.43,0,119.32,64.43,Email,Desktop
ORD0007309,CUST01288,PROD0156,Sports,2022-05-12,2022-05,3,96.17,0,288.51,167.34,0,288.51,167.34,Email,Desktop
ORD0007310,CUST01288,PROD0077,Footwear,2024-01-01,2024-01,2,66.48,0.1,119.66,53.85,1,0.0,0.0,Email,Desktop
ORD0007311,CUST01288,PROD0139,Home & Living,2023-08-17,2023-08,1,121.16,0.2,96.93,58.16,0,96.93,58.16,Email,Desktop
ORD0007312,CUST01288,PROD0135,Beauty,2023-11-29,2023-11,1,31.76,0.15,27.0,16.74,0,27.0,16.74,Email,Desktop
ORD0007313,CUST01288,PROD0043,Footwear,2023-10-09,2023-10,1,62.01,0.2,49.61,30.76,0,49.61,30.76,Email,Desktop
ORD0007314,CUST01289,PROD0153,Accessories,2022-06-11,2022-06,3,85.5,0.05,243.67,136.46,0,243.67,136.46,Paid Social,Mobile
ORD0007315,CUST01289,PROD0067,Clothing,2022-09-17,2022-09,3,47.62,0,142.86,45.72,0,142.86,45.72,Paid Social,Mobile
ORD0007316,CUST01289,PROD0119,Beauty,2023-01-08,2023-01,3,20.14,0,60.42,21.75,1,0.0,0.0,Paid Social,Mobile
ORD0007317,CUST01289,PROD0093,Footwear,2023-10-31,2023-10,2,85.42,0.05,162.3,92.51,1,0.0,0.0,Paid Social,Mobile
ORD0007318,CUST01289,PROD0029,Accessories,2023-07-23,2023-07,3,59.38,0,178.14,106.88,1,0.0,0.0,Paid Social,Mobile
ORD0007319,CUST01289,PROD0090,Home & Living,2023-01-22,2023-01,2,99.94,0.05,189.89,119.63,0,189.89,119.63,Paid Social,Mobile
ORD0007320,CUST01289,PROD0082,Beauty,2022-05-28,2022-05,3,20.0,0,60.0,39.0,0,60.0,39.0,Paid Social,Mobile
ORD0007321,CUST01290,PROD0063,Accessories,2023-07-08,2023-07,3,72.45,0,217.35,73.9,0,217.35,73.9,Direct,Mobile
ORD0007322,CUST01290,PROD0036,Home & Living,2023-08-23,2023-08,2,74.59,0,149.18,52.21,0,149.18,52.21,Direct,Mobile
ORD0007323,CUST01290,PROD0070,Home & Living,2023-07-07,2023-07,2,75.93,0,151.86,89.6,0,151.86,89.6,Direct,Mobile
ORD0007324,CUST01290,PROD0062,Accessories,2023-03-16,2023-03,3,85.04,0,255.12,107.15,1,0.0,0.0,Direct,Mobile
ORD0007325,CUST01290,PROD0171,Clothing,2023-04-27,2023-04,3,49.46,0,148.38,37.09,0,148.38,37.09,Direct,Mobile
ORD0007326,CUST01290,PROD0152,Accessories,2023-12-17,2023-12,3,36.62,0,109.86,48.34,0,109.86,48.34,Direct,Mobile
ORD0007327,CUST01290,PROD0147,Home & Living,2023-12-09,2023-12,3,133.32,0,399.96,183.98,1,0.0,0.0,Direct,Mobile
ORD0007328,CUST01290,PROD0058,Accessories,2023-08-31,2023-08,1,50.31,0,50.31,16.6,0,50.31,16.6,Direct,Mobile
ORD0007329,CUST01291,PROD0051,Footwear,2023-04-28,2023-04,1,119.28,0.05,113.32,64.59,0,113.32,64.59,Paid Social,Mobile
ORD0007330,CUST01291,PROD0091,Beauty,2023-11-23,2023-11,3,39.11,0.05,111.46,44.58,0,111.46,44.58,Paid Social,Mobile
ORD0007331,CUST01291,PROD0125,Sports,2024-01-16,2024-01,3,126.04,0,378.12,147.47,0,378.12,147.47,Paid Social,Mobile
ORD0007332,CUST01292,PROD0169,Accessories,2023-09-01,2023-09,1,66.47,0,66.47,33.9,0,66.47,33.9,Referral,Mobile
ORD0007333,CUST01292,PROD0085,Accessories,2023-06-03,2023-06,2,53.78,0,107.56,51.63,1,0.0,0.0,Referral,Mobile
ORD0007334,CUST01292,PROD0089,Sports,2022-10-01,2022-10,1,40.38,0,40.38,13.33,0,40.38,13.33,Referral,Mobile
ORD0007335,CUST01292,PROD0034,Clothing,2023-06-21,2023-06,2,108.12,0.1,194.62,77.85,0,194.62,77.85,Referral,Mobile
ORD0007336,CUST01292,PROD0161,Home & Living,2024-01-02,2024-01,1,33.22,0,33.22,19.6,1,0.0,0.0,Referral,Mobile
ORD0007337,CUST01292,PROD0052,Clothing,2022-04-30,2022-04,1,61.19,0.1,55.07,15.97,0,55.07,15.97,Referral,Mobile
ORD0007338,CUST01292,PROD0083,Clothing,2023-08-07,2023-08,2,25.2,0,50.4,27.22,0,50.4,27.22,Referral,Mobile
ORD0007339,CUST01292,PROD0014,Beauty,2024-01-12,2024-01,2,56.06,0.1,100.91,63.57,0,100.91,63.57,Referral,Mobile
ORD0007340,CUST01292,PROD0004,Accessories,2023-03-01,2023-03,1,19.48,0.1,17.53,11.04,1,0.0,0.0,Referral,Mobile
ORD0007341,CUST01292,PROD0075,Accessories,2023-08-17,2023-08,3,80.95,0,242.85,97.14,0,242.85,97.14,Referral,Mobile
ORD0007342,CUST01292,PROD0064,Footwear,2022-06-29,2022-06,2,190.18,0,380.36,148.34,0,380.36,148.34,Referral,Mobile
ORD0007343,CUST01292,PROD0083,Clothing,2023-01-20,2023-01,1,25.2,0.1,22.68,12.25,0,22.68,12.25,Referral,Mobile
ORD0007344,CUST01293,PROD0098,Home & Living,2024-02-04,2024-02,1,101.77,0,101.77,42.74,0,101.77,42.74,Referral,Desktop
ORD0007345,CUST01293,PROD0063,Accessories,2023-03-30,2023-03,2,72.45,0,144.9,49.27,0,144.9,49.27,Referral,Desktop
ORD0007346,CUST01293,PROD0129,Accessories,2023-03-08,2023-03,2,45.01,0,90.02,27.91,0,90.02,27.91,Referral,Desktop
ORD0007347,CUST01293,PROD0030,Beauty,2024-02-13,2024-02,2,30.52,0.1,54.94,19.78,0,54.94,19.78,Referral,Desktop
ORD0007348,CUST01293,PROD0038,Accessories,2023-02-02,2023-02,1,85.41,0.1,76.87,42.28,0,76.87,42.28,Referral,Desktop
ORD0007349,CUST01293,PROD0009,Sports,2023-06-29,2023-06,3,39.16,0,117.48,69.31,0,117.48,69.31,Referral,Desktop
ORD0007350,CUST01293,PROD0044,Footwear,2023-07-07,2023-07,3,185.76,0,557.28,273.07,0,557.28,273.07,Referral,Desktop
ORD0007351,CUST01293,PROD0043,Footwear,2023-02-19,2023-02,3,62.01,0,186.03,115.34,1,0.0,0.0,Referral,Desktop
ORD0007352,CUST01293,PROD0194,Accessories,2024-01-01,2024-01,1,80.84,0,80.84,41.23,1,0.0,0.0,Referral,Desktop
ORD0007353,CUST01293,PROD0187,Clothing,2023-03-20,2023-03,2,104.59,0.1,188.26,82.83,1,0.0,0.0,Referral,Desktop
ORD0007354,CUST01293,PROD0104,Sports,2023-07-19,2023-07,3,40.92,0,122.76,44.19,0,122.76,44.19,Referral,Desktop
ORD0007355,CUST01293,PROD0135,Beauty,2023-11-15,2023-11,2,31.76,0.1,57.17,35.45,0,57.17,35.45,Referral,Desktop
ORD0007356,CUST01293,PROD0005,Footwear,2023-09-13,2023-09,1,121.17,0,121.17,70.28,0,121.17,70.28,Referral,Desktop
ORD0007357,CUST01293,PROD0189,Home & Living,2023-08-16,2023-08,1,100.23,0.1,90.21,55.03,0,90.21,55.03,Referral,Desktop
ORD0007358,CUST01294,PROD0193,Sports,2023-07-14,2023-07,3,95.75,0,287.25,91.92,0,287.25,91.92,Paid Social,Desktop
ORD0007359,CUST01294,PROD0035,Beauty,2024-03-21,2024-03,3,43.82,0,131.46,76.25,0,131.46,76.25,Paid Social,Desktop
ORD0007360,CUST01295,PROD0166,Clothing,2023-04-13,2023-04,3,87.15,0,261.45,162.1,0,261.45,162.1,Email,Tablet
ORD0007361,CUST01295,PROD0030,Beauty,2023-10-06,2023-10,1,30.52,0.1,27.47,9.89,0,27.47,9.89,Email,Tablet
ORD0007362,CUST01295,PROD0188,Footwear,2024-02-14,2024-02,3,148.41,0.15,378.45,223.29,0,378.45,223.29,Email,Tablet
ORD0007363,CUST01295,PROD0197,Clothing,2023-05-21,2023-05,2,92.45,0.1,166.41,59.91,0,166.41,59.91,Email,Tablet
ORD0007364,CUST01295,PROD0083,Clothing,2024-01-16,2024-01,3,25.2,0.15,64.26,34.7,1,0.0,0.0,Email,Tablet
ORD0007365,CUST01295,PROD0149,Beauty,2023-07-26,2023-07,3,65.53,0.1,176.93,92.0,0,176.93,92.0,Email,Tablet
ORD0007366,CUST01296,PROD0028,Sports,2023-01-20,2023-01,2,115.45,0,230.9,113.14,0,230.9,113.14,Direct,Mobile
ORD0007367,CUST01296,PROD0137,Home & Living,2022-08-31,2022-08,3,99.54,0,298.62,116.46,1,0.0,0.0,Direct,Mobile
ORD0007368,CUST01296,PROD0192,Sports,2023-03-27,2023-03,2,82.92,0,165.84,86.24,0,165.84,86.24,Direct,Mobile
ORD0007369,CUST01296,PROD0037,Clothing,2023-01-26,2023-01,3,99.72,0,299.16,113.68,0,299.16,113.68,Direct,Mobile
ORD0007370,CUST01297,PROD0139,Home & Living,2023-07-31,2023-07,2,121.16,0,242.32,145.39,0,242.32,145.39,Email,Mobile
ORD0007371,CUST01297,PROD0147,Home & Living,2023-07-05,2023-07,1,133.32,0.2,106.66,49.06,1,0.0,0.0,Email,Mobile
ORD0007372,CUST01297,PROD0123,Clothing,2022-11-24,2022-11,2,40.48,0.1,72.86,18.94,0,72.86,18.94,Email,Mobile
ORD0007373,CUST01298,PROD0015,Footwear,2023-12-20,2023-12,2,131.63,0.05,250.1,102.54,0,250.1,102.54,Paid Social,Desktop
ORD0007374,CUST01298,PROD0151,Clothing,2023-05-31,2023-05,1,30.88,0.1,27.79,12.23,0,27.79,12.23,Paid Social,Desktop
ORD0007375,CUST01298,PROD0135,Beauty,2023-12-28,2023-12,3,31.76,0,95.28,59.07,1,0.0,0.0,Paid Social,Desktop
ORD0007376,CUST01298,PROD0086,Clothing,2023-05-03,2023-05,1,82.15,0.05,78.04,44.48,1,0.0,0.0,Paid Social,Desktop
ORD0007377,CUST01298,PROD0010,Home & Living,2024-03-06,2024-03,1,50.82,0,50.82,19.31,0,50.82,19.31,Paid Social,Desktop
ORD0007378,CUST01298,PROD0178,Clothing,2022-11-04,2022-11,2,60.67,0.05,115.27,46.11,1,0.0,0.0,Paid Social,Desktop
ORD0007379,CUST01299,PROD0124,Beauty,2024-03-28,2024-03,2,20.18,0,40.36,18.97,1,0.0,0.0,Paid Social,Mobile
ORD0007380,CUST01299,PROD0014,Beauty,2024-02-01,2024-02,3,56.06,0,168.18,105.95,0,168.18,105.95,Paid Social,Mobile
ORD0007381,CUST01299,PROD0077,Footwear,2023-11-02,2023-11,2,66.48,0,132.96,59.83,0,132.96,59.83,Paid Social,Mobile
ORD0007382,CUST01299,PROD0172,Beauty,2023-03-23,2023-03,3,19.11,0,57.33,24.65,0,57.33,24.65,Paid Social,Mobile
ORD0007383,CUST01299,PROD0137,Home & Living,2023-11-18,2023-11,2,99.54,0.1,179.17,69.88,1,0.0,0.0,Paid Social,Mobile
ORD0007384,CUST01300,PROD0167,Footwear,2024-01-29,2024-01,2,62.12,0,124.24,36.03,1,0.0,0.0,Paid Social,Mobile
ORD0007385,CUST01300,PROD0061,Home & Living,2024-01-28,2024-01,2,136.85,0.05,260.01,96.2,0,260.01,96.2,Paid Social,Mobile
ORD0007386,CUST01300,PROD0188,Footwear,2024-03-16,2024-03,2,148.41,0,296.82,175.12,0,296.82,175.12,Paid Social,Mobile
ORD0007387,CUST01300,PROD0178,Clothing,2023-10-19,2023-10,2,60.67,0.05,115.27,46.11,0,115.27,46.11,Paid Social,Mobile
ORD0007388,CUST01300,PROD0145,Clothing,2023-11-10,2023-11,1,70.32,0,70.32,42.19,0,70.32,42.19,Paid Social,Mobile
ORD0007389,CUST01301,PROD0132,Home & Living,2024-01-29,2024-01,1,31.95,0,31.95,18.53,0,31.95,18.53,Paid Social,Desktop
ORD0007390,CUST01301,PROD0157,Sports,2024-02-24,2024-02,3,101.12,0.05,288.19,121.04,0,288.19,121.04,Paid Social,Desktop
ORD0007391,CUST01301,PROD0024,Beauty,2023-09-06,2023-09,1,20.35,0,20.35,8.34,0,20.35,8.34,Paid Social,Desktop
ORD0007392,CUST01301,PROD0083,Clothing,2024-03-28,2024-03,3,25.2,0.05,71.82,38.78,0,71.82,38.78,Paid Social,Desktop
ORD0007393,CUST01302,PROD0198,Sports,2023-07-14,2023-07,1,59.63,0,59.63,25.04,0,59.63,25.04,Paid Social,Mobile
ORD0007394,CUST01302,PROD0182,Accessories,2023-11-22,2023-11,1,22.63,0.1,20.37,7.74,1,0.0,0.0,Paid Social,Mobile
ORD0007395,CUST01302,PROD0020,Clothing,2023-09-04,2023-09,3,35.77,0.05,101.94,46.89,0,101.94,46.89,Paid Social,Mobile
ORD0007396,CUST01303,PROD0146,Accessories,2024-02-16,2024-02,1,80.98,0,80.98,28.34,0,80.98,28.34,Influencer,Mobile
ORD0007397,CUST01303,PROD0094,Home & Living,2024-01-27,2024-01,2,56.47,0,112.94,71.15,0,112.94,71.15,Influencer,Mobile
ORD0007398,CUST01303,PROD0192,Sports,2023-07-31,2023-07,3,82.92,0,248.76,129.36,0,248.76,129.36,Influencer,Mobile
ORD0007399,CUST01303,PROD0117,Accessories,2023-11-27,2023-11,3,65.2,0,195.6,56.72,0,195.6,56.72,Influencer,Mobile
ORD0007400,CUST01304,PROD0185,Footwear,2022-05-19,2022-05,2,196.58,0,393.16,200.51,0,393.16,200.51,Organic Search,Mobile
ORD0007401,CUST01304,PROD0092,Beauty,2023-09-26,2023-09,2,19.38,0,38.76,12.4,0,38.76,12.4,Organic Search,Mobile
ORD0007402,CUST01304,PROD0026,Footwear,2022-09-29,2022-09,2,66.28,0,132.56,34.47,1,0.0,0.0,Organic Search,Mobile
ORD0007403,CUST01304,PROD0124,Beauty,2023-02-03,2023-02,2,20.18,0,40.36,18.97,0,40.36,18.97,Organic Search,Mobile
ORD0007404,CUST01304,PROD0190,Beauty,2022-04-07,2022-04,3,23.73,0,71.19,31.32,0,71.19,31.32,Organic Search,Mobile
ORD0007405,CUST01304,PROD0038,Accessories,2024-03-23,2024-03,3,85.41,0,256.23,140.93,1,0.0,0.0,Organic Search,Mobile
ORD0007406,CUST01305,PROD0013,Sports,2023-10-27,2023-10,2,147.02,0,294.04,114.68,0,294.04,114.68,Email,Mobile
ORD0007407,CUST01305,PROD0108,Accessories,2022-12-31,2022-12,1,82.14,0,82.14,24.64,0,82.14,24.64,Email,Mobile
ORD0007408,CUST01305,PROD0017,Home & Living,2023-06-28,2023-06,1,31.84,0,31.84,12.42,0,31.84,12.42,Email,Mobile
ORD0007409,CUST01305,PROD0010,Home & Living,2023-09-08,2023-09,2,50.82,0.1,91.48,34.76,1,0.0,0.0,Email,Mobile
ORD0007410,CUST01306,PROD0167,Footwear,2022-12-06,2022-12,1,62.12,0,62.12,18.01,0,62.12,18.01,Organic Search,Desktop
ORD0007411,CUST01306,PROD0026,Footwear,2023-03-06,2023-03,3,66.28,0,198.84,51.7,0,198.84,51.7,Organic Search,Desktop
ORD0007412,CUST01306,PROD0102,Footwear,2024-01-03,2024-01,3,44.77,0,134.31,34.92,0,134.31,34.92,Organic Search,Desktop
ORD0007413,CUST01306,PROD0091,Beauty,2023-11-26,2023-11,3,39.11,0,117.33,46.93,1,0.0,0.0,Organic Search,Desktop
ORD0007414,CUST01306,PROD0065,Accessories,2023-07-27,2023-07,3,54.38,0,163.14,70.15,0,163.14,70.15,Organic Search,Desktop
ORD0007415,CUST01307,PROD0137,Home & Living,2023-03-06,2023-03,3,99.54,0.05,283.69,110.64,1,0.0,0.0,Paid Social,Desktop
ORD0007416,CUST01307,PROD0195,Accessories,2022-06-12,2022-06,1,33.68,0.05,32.0,19.52,0,32.0,19.52,Paid Social,Desktop
ORD0007417,CUST01307,PROD0016,Beauty,2022-06-11,2022-06,1,14.72,0.1,13.25,8.48,0,13.25,8.48,Paid Social,Desktop
ORD0007418,CUST01307,PROD0130,Home & Living,2022-09-01,2022-09,3,126.57,0,379.71,220.23,1,0.0,0.0,Paid Social,Desktop
ORD0007419,CUST01307,PROD0098,Home & Living,2023-05-13,2023-05,2,101.77,0,203.54,85.49,0,203.54,85.49,Paid Social,Desktop
ORD0007420,CUST01307,PROD0089,Sports,2024-03-04,2024-03,3,40.38,0.05,115.08,37.98,0,115.08,37.98,Paid Social,Desktop
ORD0007421,CUST01308,PROD0138,Home & Living,2024-02-22,2024-02,3,126.57,0.05,360.72,162.32,1,0.0,0.0,Paid Social,Desktop
ORD0007422,CUST01309,PROD0046,Sports,2023-11-06,2023-11,2,44.39,0,88.78,47.05,0,88.78,47.05,Influencer,Mobile
ORD0007423,CUST01309,PROD0121,Clothing,2024-01-09,2024-01,2,86.37,0,172.74,84.64,0,172.74,84.64,Influencer,Mobile
ORD0007424,CUST01309,PROD0069,Beauty,2023-12-21,2023-12,2,52.71,0,105.42,63.25,0,105.42,63.25,Influencer,Mobile
ORD0007425,CUST01309,PROD0047,Footwear,2024-02-29,2024-02,2,144.43,0,288.86,112.66,0,288.86,112.66,Influencer,Mobile
ORD0007426,CUST01309,PROD0117,Accessories,2024-01-27,2024-01,3,65.2,0,195.6,56.72,0,195.6,56.72,Influencer,Mobile
ORD0007427,CUST01309,PROD0028,Sports,2023-08-02,2023-08,1,115.45,0,115.45,56.57,0,115.45,56.57,Influencer,Mobile
ORD0007428,CUST01310,PROD0086,Clothing,2024-03-09,2024-03,3,82.15,0,246.45,140.48,0,246.45,140.48,Referral,Desktop
ORD0007429,CUST01310,PROD0012,Sports,2023-08-09,2023-08,1,146.79,0.1,132.11,47.56,0,132.11,47.56,Referral,Desktop
ORD0007430,CUST01310,PROD0144,Beauty,2023-12-13,2023-12,1,34.94,0,34.94,19.22,0,34.94,19.22,Referral,Desktop
ORD0007431,CUST01311,PROD0166,Clothing,2022-09-14,2022-09,2,87.15,0,174.3,108.07,0,174.3,108.07,Paid Social,Mobile
ORD0007432,CUST01311,PROD0033,Sports,2023-06-08,2023-06,2,54.48,0,108.96,30.51,0,108.96,30.51,Paid Social,Mobile
ORD0007433,CUST01311,PROD0081,Home & Living,2022-12-29,2022-12,2,97.71,0,195.42,50.81,1,0.0,0.0,Paid Social,Mobile
ORD0007434,CUST01311,PROD0147,Home & Living,2023-02-18,2023-02,1,133.32,0,133.32,61.33,0,133.32,61.33,Paid Social,Mobile
ORD0007435,CUST01311,PROD0173,Footwear,2022-07-16,2022-07,2,87.72,0.05,166.67,71.67,0,166.67,71.67,Paid Social,Mobile
ORD0007436,CUST01311,PROD0188,Footwear,2022-12-24,2022-12,1,148.41,0,148.41,87.56,0,148.41,87.56,Paid Social,Mobile
ORD0007437,CUST01311,PROD0123,Clothing,2023-11-13,2023-11,2,40.48,0.05,76.91,20.0,0,76.91,20.0,Paid Social,Mobile
ORD0007438,CUST01311,PROD0188,Footwear,2023-12-07,2023-12,2,148.41,0.05,281.98,166.37,0,281.98,166.37,Paid Social,Mobile
ORD0007439,CUST01312,PROD0059,Sports,2023-11-07,2023-11,2,76.4,0,152.8,77.93,0,152.8,77.93,Paid Social,Mobile
ORD0007440,CUST01313,PROD0140,Home & Living,2024-01-06,2024-01,3,34.26,0,102.78,56.53,0,102.78,56.53,Paid Social,Mobile
ORD0007441,CUST01313,PROD0137,Home & Living,2023-05-02,2023-05,2,99.54,0,199.08,77.64,0,199.08,77.64,Paid Social,Mobile
ORD0007442,CUST01314,PROD0116,Footwear,2023-08-01,2023-08,1,141.52,0,141.52,62.27,1,0.0,0.0,Paid Social,Mobile
ORD0007443,CUST01315,PROD0127,Accessories,2022-10-17,2022-10,2,49.21,0,98.42,30.51,1,0.0,0.0,Paid Social,Mobile
ORD0007444,CUST01315,PROD0188,Footwear,2022-05-14,2022-05,2,148.41,0,296.82,175.12,0,296.82,175.12,Paid Social,Mobile
ORD0007445,CUST01316,PROD0106,Footwear,2023-08-23,2023-08,1,188.1,0,188.1,80.88,0,188.1,80.88,Referral,Tablet
ORD0007446,CUST01316,PROD0133,Clothing,2024-01-15,2024-01,3,70.11,0,210.33,119.89,0,210.33,119.89,Referral,Tablet
ORD0007447,CUST01316,PROD0191,Accessories,2023-06-04,2023-06,1,42.93,0,42.93,21.04,0,42.93,21.04,Referral,Tablet
ORD0007448,CUST01316,PROD0034,Clothing,2023-05-19,2023-05,1,108.12,0.1,97.31,38.92,1,0.0,0.0,Referral,Tablet
ORD0007449,CUST01317,PROD0084,Accessories,2023-09-08,2023-09,1,45.9,0,45.9,12.85,0,45.9,12.85,Influencer,Mobile
ORD0007450,CUST01317,PROD0068,Accessories,2023-09-27,2023-09,1,58.26,0,58.26,24.47,1,0.0,0.0,Influencer,Mobile
ORD0007451,CUST01317,PROD0018,Clothing,2023-01-12,2023-01,1,45.54,0,45.54,20.49,0,45.54,20.49,Influencer,Mobile
ORD0007452,CUST01318,PROD0088,Accessories,2023-12-22,2023-12,1,42.05,0,42.05,15.56,1,0.0,0.0,Email,Desktop
ORD0007453,CUST01319,PROD0145,Clothing,2022-08-28,2022-08,1,70.32,0.1,63.29,37.97,0,63.29,37.97,Email,Mobile
ORD0007454,CUST01319,PROD0021,Beauty,2023-11-28,2023-11,3,65.25,0.1,176.18,109.23,0,176.18,109.23,Email,Mobile
ORD0007455,CUST01319,PROD0007,Beauty,2023-05-20,2023-05,2,25.48,0.1,45.86,15.13,0,45.86,15.13,Email,Mobile
ORD0007456,CUST01319,PROD0133,Clothing,2023-05-12,2023-05,1,70.11,0.1,63.1,35.97,0,63.1,35.97,Email,Mobile
ORD0007457,CUST01319,PROD0181,Home & Living,2023-03-03,2023-03,3,68.65,0.15,175.06,99.78,1,0.0,0.0,Email,Mobile
ORD0007458,CUST01319,PROD0081,Home & Living,2023-10-18,2023-10,3,97.71,0.15,249.16,64.78,1,0.0,0.0,Email,Mobile
ORD0007459,CUST01319,PROD0116,Footwear,2023-05-09,2023-05,2,141.52,0.2,226.43,99.63,0,226.43,99.63,Email,Mobile
ORD0007460,CUST01319,PROD0064,Footwear,2023-07-20,2023-07,2,190.18,0,380.36,148.34,0,380.36,148.34,Email,Mobile
ORD0007461,CUST01319,PROD0051,Footwear,2023-09-02,2023-09,3,119.28,0.2,286.27,163.17,0,286.27,163.17,Email,Mobile
ORD0007462,CUST01319,PROD0026,Footwear,2022-09-01,2022-09,2,66.28,0,132.56,34.47,1,0.0,0.0,Email,Mobile
ORD0007463,CUST01319,PROD0007,Beauty,2022-08-12,2022-08,1,25.48,0,25.48,8.41,0,25.48,8.41,Email,Mobile
ORD0007464,CUST01319,PROD0007,Beauty,2022-12-28,2022-12,2,25.48,0.15,43.32,14.3,0,43.32,14.3,Email,Mobile
ORD0007465,CUST01319,PROD0049,Home & Living,2023-04-04,2023-04,2,60.55,0.15,102.93,40.14,0,102.93,40.14,Email,Mobile
ORD0007466,CUST01320,PROD0196,Sports,2022-07-03,2022-07,3,92.93,0,278.79,172.85,0,278.79,172.85,Paid Social,Mobile
ORD0007467,CUST01320,PROD0008,Footwear,2022-06-04,2022-06,3,151.56,0,454.68,277.35,1,0.0,0.0,Paid Social,Mobile
ORD0007468,CUST01320,PROD0131,Beauty,2022-07-13,2022-07,3,36.76,0.1,99.25,34.74,0,99.25,34.74,Paid Social,Mobile
ORD0007469,CUST01320,PROD0182,Accessories,2023-06-20,2023-06,2,22.63,0,45.26,17.2,0,45.26,17.2,Paid Social,Mobile
ORD0007470,CUST01320,PROD0018,Clothing,2022-02-04,2022-02,2,45.54,0,91.08,40.99,0,91.08,40.99,Paid Social,Mobile
ORD0007471,CUST01321,PROD0126,Sports,2023-04-12,2023-04,2,92.2,0,184.4,118.02,0,184.4,118.02,Organic Search,Desktop
ORD0007472,CUST01321,PROD0125,Sports,2023-12-13,2023-12,1,126.04,0,126.04,49.16,0,126.04,49.16,Organic Search,Desktop
ORD0007473,CUST01321,PROD0111,Clothing,2023-10-16,2023-10,3,72.51,0,217.53,132.69,0,217.53,132.69,Organic Search,Desktop
ORD0007474,CUST01321,PROD0060,Footwear,2023-05-01,2023-05,3,104.31,0,312.93,90.75,0,312.93,90.75,Organic Search,Desktop
ORD0007475,CUST01321,PROD0096,Sports,2023-06-29,2023-06,1,59.98,0,59.98,38.39,0,59.98,38.39,Organic Search,Desktop
ORD0007476,CUST01322,PROD0176,Home & Living,2022-09-11,2022-09,1,51.13,0.05,48.57,13.6,0,48.57,13.6,Paid Social,Desktop
ORD0007477,CUST01322,PROD0005,Footwear,2022-04-20,2022-04,3,121.17,0,363.51,210.84,1,0.0,0.0,Paid Social,Desktop
ORD0007478,CUST01322,PROD0092,Beauty,2023-07-17,2023-07,2,19.38,0,38.76,12.4,1,0.0,0.0,Paid Social,Desktop
ORD0007479,CUST01322,PROD0179,Footwear,2022-10-27,2022-10,1,56.4,0.1,50.76,31.47,0,50.76,31.47,Paid Social,Desktop
ORD0007480,CUST01322,PROD0042,Home & Living,2022-08-16,2022-08,3,61.51,0.1,166.08,46.5,0,166.08,46.5,Paid Social,Desktop
ORD0007481,CUST01322,PROD0116,Footwear,2023-03-15,2023-03,2,141.52,0.05,268.89,118.31,0,268.89,118.31,Paid Social,Desktop
ORD0007482,CUST01322,PROD0062,Accessories,2023-02-26,2023-02,2,85.04,0.1,153.07,64.29,0,153.07,64.29,Paid Social,Desktop
ORD0007483,CUST01322,PROD0111,Clothing,2023-07-09,2023-07,1,72.51,0.1,65.26,39.81,0,65.26,39.81,Paid Social,Desktop
ORD0007484,CUST01322,PROD0104,Sports,2022-12-26,2022-12,1,40.92,0.05,38.87,13.99,0,38.87,13.99,Paid Social,Desktop
ORD0007485,CUST01322,PROD0038,Accessories,2022-05-08,2022-05,2,85.41,0.1,153.74,84.56,0,153.74,84.56,Paid Social,Desktop
ORD0007486,CUST01323,PROD0049,Home & Living,2023-12-02,2023-12,1,60.55,0,60.55,23.61,0,60.55,23.61,Referral,Desktop
ORD0007487,CUST01323,PROD0081,Home & Living,2024-03-13,2024-03,2,97.71,0,195.42,50.81,0,195.42,50.81,Referral,Desktop
ORD0007488,CUST01323,PROD0054,Sports,2023-02-19,2023-02,3,142.4,0.1,384.48,192.24,0,384.48,192.24,Referral,Desktop
ORD0007489,CUST01323,PROD0055,Sports,2022-12-15,2022-12,3,136.99,0.1,369.87,107.26,0,369.87,107.26,Referral,Desktop
ORD0007490,CUST01323,PROD0129,Accessories,2023-12-08,2023-12,3,45.01,0.1,121.53,37.67,0,121.53,37.67,Referral,Desktop
ORD0007491,CUST01323,PROD0030,Beauty,2022-12-16,2022-12,1,30.52,0,30.52,10.99,0,30.52,10.99,Referral,Desktop
ORD0007492,CUST01323,PROD0171,Clothing,2023-06-06,2023-06,3,49.46,0,148.38,37.09,1,0.0,0.0,Referral,Desktop
ORD0007493,CUST01324,PROD0032,Home & Living,2024-02-06,2024-02,2,43.05,0,86.1,24.97,1,0.0,0.0,Organic Search,Desktop
ORD0007494,CUST01324,PROD0181,Home & Living,2023-10-02,2023-10,3,68.65,0,205.95,117.39,0,205.95,117.39,Organic Search,Desktop
ORD0007495,CUST01324,PROD0162,Home & Living,2023-11-07,2023-11,3,81.32,0,243.96,107.34,0,243.96,107.34,Organic Search,Desktop
ORD0007496,CUST01324,PROD0051,Footwear,2024-03-07,2024-03,3,119.28,0,357.84,203.97,0,357.84,203.97,Organic Search,Desktop
ORD0007497,CUST01324,PROD0101,Footwear,2024-03-02,2024-03,1,191.81,0,191.81,84.4,1,0.0,0.0,Organic Search,Desktop
ORD0007498,CUST01325,PROD0035,Beauty,2023-02-16,2023-02,2,43.82,0.15,74.49,43.2,0,74.49,43.2,Email,Desktop
ORD0007499,CUST01325,PROD0133,Clothing,2024-03-11,2024-03,1,70.11,0.15,59.59,33.97,1,0.0,0.0,Email,Desktop
ORD0007500,CUST01325,PROD0008,Footwear,2023-11-25,2023-11,1,151.56,0,151.56,92.45,0,151.56,92.45,Email,Desktop
ORD0007501,CUST01325,PROD0088,Accessories,2023-07-31,2023-07,1,42.05,0.1,37.84,14.0,1,0.0,0.0,Email,Desktop
ORD0007502,CUST01325,PROD0117,Accessories,2023-02-08,2023-02,1,65.2,0,65.2,18.91,0,65.2,18.91,Email,Desktop
ORD0007503,CUST01325,PROD0120,Home & Living,2023-01-04,2023-01,1,118.52,0.15,100.74,31.23,0,100.74,31.23,Email,Desktop
ORD0007504,CUST01325,PROD0136,Accessories,2023-10-01,2023-10,1,78.97,0.15,67.12,24.83,0,67.12,24.83,Email,Desktop
ORD0007505,CUST01325,PROD0181,Home & Living,2023-08-27,2023-08,1,68.65,0.15,58.35,33.26,0,58.35,33.26,Email,Desktop
ORD0007506,CUST01326,PROD0058,Accessories,2023-11-21,2023-11,2,50.31,0,100.62,33.2,0,100.62,33.2,Organic Search,Mobile
ORD0007507,CUST01326,PROD0055,Sports,2023-10-25,2023-10,1,136.99,0,136.99,39.73,0,136.99,39.73,Organic Search,Mobile
ORD0007508,CUST01326,PROD0024,Beauty,2023-10-27,2023-10,1,20.35,0,20.35,8.34,0,20.35,8.34,Organic Search,Mobile
ORD0007509,CUST01327,PROD0032,Home & Living,2023-09-23,2023-09,2,43.05,0.1,77.49,22.47,1,0.0,0.0,Email,Mobile
ORD0007510,CUST01327,PROD0167,Footwear,2024-03-02,2024-03,1,62.12,0,62.12,18.01,0,62.12,18.01,Email,Mobile
ORD0007511,CUST01327,PROD0122,Home & Living,2023-08-04,2023-08,2,74.99,0,149.98,59.99,0,149.98,59.99,Email,Mobile
ORD0007512,CUST01327,PROD0114,Beauty,2023-11-22,2023-11,2,25.83,0,51.66,21.18,0,51.66,21.18,Email,Mobile
ORD0007513,CUST01327,PROD0025,Footwear,2024-03-22,2024-03,3,78.3,0.15,199.66,65.89,0,199.66,65.89,Email,Mobile
ORD0007514,CUST01327,PROD0021,Beauty,2023-12-10,2023-12,1,65.25,0.15,55.46,34.39,0,55.46,34.39,Email,Mobile
ORD0007515,CUST01328,PROD0072,Sports,2024-03-03,2024-03,2,81.55,0.1,146.79,80.73,0,146.79,80.73,Paid Social,Mobile
ORD0007516,CUST01328,PROD0085,Accessories,2024-03-05,2024-03,1,53.78,0.05,51.09,24.52,0,51.09,24.52,Paid Social,Mobile
ORD0007517,CUST01328,PROD0027,Footwear,2022-07-18,2022-07,1,147.27,0,147.27,82.47,0,147.27,82.47,Paid Social,Mobile
ORD0007518,CUST01328,PROD0101,Footwear,2023-03-13,2023-03,3,191.81,0,575.43,253.19,0,575.43,253.19,Paid Social,Mobile
ORD0007519,CUST01328,PROD0126,Sports,2022-12-05,2022-12,3,92.2,0,276.6,177.02,0,276.6,177.02,Paid Social,Mobile
ORD0007520,CUST01329,PROD0008,Footwear,2023-12-23,2023-12,1,151.56,0.1,136.4,83.2,1,0.0,0.0,Paid Social,Mobile
ORD0007521,CUST01329,PROD0001,Accessories,2023-05-08,2023-05,2,40.31,0,80.62,28.22,1,0.0,0.0,Paid Social,Mobile
ORD0007522,CUST01329,PROD0010,Home & Living,2024-03-21,2024-03,3,50.82,0,152.46,57.93,0,152.46,57.93,Paid Social,Mobile
ORD0007523,CUST01329,PROD0086,Clothing,2023-10-07,2023-10,2,82.15,0.1,147.87,84.29,1,0.0,0.0,Paid Social,Mobile
ORD0007524,CUST01329,PROD0086,Clothing,2023-04-25,2023-04,1,82.15,0.1,73.94,42.15,0,73.94,42.15,Paid Social,Mobile
ORD0007525,CUST01329,PROD0083,Clothing,2024-02-23,2024-02,3,25.2,0.05,71.82,38.78,0,71.82,38.78,Paid Social,Mobile
ORD0007526,CUST01329,PROD0191,Accessories,2023-07-04,2023-07,2,42.93,0.1,77.27,37.86,0,77.27,37.86,Paid Social,Mobile
ORD0007527,CUST01330,PROD0042,Home & Living,2023-07-28,2023-07,3,61.51,0,184.53,51.67,0,184.53,51.67,Influencer,Mobile
ORD0007528,CUST01330,PROD0114,Beauty,2024-01-24,2024-01,1,25.83,0,25.83,10.59,0,25.83,10.59,Influencer,Mobile
ORD0007529,CUST01330,PROD0126,Sports,2024-02-20,2024-02,2,92.2,0,184.4,118.02,0,184.4,118.02,Influencer,Mobile
ORD0007530,CUST01330,PROD0073,Sports,2023-11-20,2023-11,1,66.61,0,66.61,23.98,0,66.61,23.98,Influencer,Mobile
ORD0007531,CUST01331,PROD0161,Home & Living,2022-08-04,2022-08,3,33.22,0,99.66,58.8,0,99.66,58.8,Paid Social,Mobile
ORD0007532,CUST01331,PROD0013,Sports,2023-10-04,2023-10,1,147.02,0.1,132.32,51.6,0,132.32,51.6,Paid Social,Mobile
ORD0007533,CUST01331,PROD0021,Beauty,2023-11-12,2023-11,1,65.25,0,65.25,40.45,0,65.25,40.45,Paid Social,Mobile
ORD0007534,CUST01331,PROD0097,Clothing,2023-02-25,2023-02,2,60.58,0.1,109.04,31.62,0,109.04,31.62,Paid Social,Mobile
ORD0007535,CUST01331,PROD0168,Clothing,2023-09-10,2023-09,2,45.57,0,91.14,38.28,0,91.14,38.28,Paid Social,Mobile
ORD0007536,CUST01331,PROD0088,Accessories,2023-12-18,2023-12,3,42.05,0,126.15,46.68,0,126.15,46.68,Paid Social,Mobile
ORD0007537,CUST01331,PROD0096,Sports,2023-08-20,2023-08,1,59.98,0,59.98,38.39,0,59.98,38.39,Paid Social,Mobile
ORD0007538,CUST01332,PROD0070,Home & Living,2023-04-25,2023-04,1,75.93,0,75.93,44.8,0,75.93,44.8,Influencer,Mobile
ORD0007539,CUST01332,PROD0191,Accessories,2023-02-28,2023-02,2,42.93,0,85.86,42.07,0,85.86,42.07,Influencer,Mobile
ORD0007540,CUST01332,PROD0009,Sports,2023-11-19,2023-11,1,39.16,0,39.16,23.1,0,39.16,23.1,Influencer,Mobile
ORD0007541,CUST01332,PROD0125,Sports,2022-12-15,2022-12,2,126.04,0,252.08,98.31,1,0.0,0.0,Influencer,Mobile
ORD0007542,CUST01332,PROD0115,Accessories,2023-01-18,2023-01,1,74.34,0,74.34,43.12,0,74.34,43.12,Influencer,Mobile
ORD0007543,CUST01333,PROD0161,Home & Living,2024-01-03,2024-01,2,33.22,0,66.44,39.2,0,66.44,39.2,Organic Search,Desktop
ORD0007544,CUST01333,PROD0034,Clothing,2023-07-26,2023-07,1,108.12,0,108.12,43.25,1,0.0,0.0,Organic Search,Desktop
ORD0007545,CUST01333,PROD0023,Clothing,2023-07-31,2023-07,2,85.59,0,171.18,59.91,0,171.18,59.91,Organic Search,Desktop
ORD0007546,CUST01334,PROD0120,Home & Living,2022-12-28,2022-12,3,118.52,0,355.56,110.22,1,0.0,0.0,Influencer,Desktop
ORD0007547,CUST01334,PROD0119,Beauty,2023-09-01,2023-09,1,20.14,0,20.14,7.25,0,20.14,7.25,Influencer,Desktop
ORD0007548,CUST01334,PROD0101,Footwear,2023-10-31,2023-10,2,191.81,0,383.62,168.79,0,383.62,168.79,Influencer,Desktop
ORD0007549,CUST01334,PROD0010,Home & Living,2022-09-18,2022-09,1,50.82,0,50.82,19.31,0,50.82,19.31,Influencer,Desktop
ORD0007550,CUST01334,PROD0044,Footwear,2022-10-16,2022-10,2,185.76,0,371.52,182.04,0,371.52,182.04,Influencer,Desktop
ORD0007551,CUST01334,PROD0014,Beauty,2023-03-29,2023-03,1,56.06,0,56.06,35.32,1,0.0,0.0,Influencer,Desktop
ORD0007552,CUST01334,PROD0139,Home & Living,2023-09-26,2023-09,1,121.16,0,121.16,72.7,1,0.0,0.0,Influencer,Desktop
ORD0007553,CUST01335,PROD0102,Footwear,2023-09-12,2023-09,2,44.77,0,89.54,23.28,0,89.54,23.28,Direct,Mobile
ORD0007554,CUST01335,PROD0084,Accessories,2024-03-24,2024-03,3,45.9,0,137.7,38.56,0,137.7,38.56,Direct,Mobile
ORD0007555,CUST01335,PROD0122,Home & Living,2022-12-22,2022-12,1,74.99,0,74.99,30.0,1,0.0,0.0,Direct,Mobile
ORD0007556,CUST01335,PROD0046,Sports,2023-05-23,2023-05,1,44.39,0,44.39,23.53,0,44.39,23.53,Direct,Mobile
ORD0007557,CUST01335,PROD0089,Sports,2023-11-15,2023-11,2,40.38,0,80.76,26.65,0,80.76,26.65,Direct,Mobile
ORD0007558,CUST01335,PROD0059,Sports,2023-02-12,2023-02,1,76.4,0,76.4,38.96,1,0.0,0.0,Direct,Mobile
ORD0007559,CUST01335,PROD0067,Clothing,2022-12-11,2022-12,1,47.62,0,47.62,15.24,0,47.62,15.24,Direct,Mobile
ORD0007560,CUST01335,PROD0184,Sports,2023-04-12,2023-04,1,135.08,0,135.08,36.47,0,135.08,36.47,Direct,Mobile
ORD0007561,CUST01336,PROD0107,Clothing,2023-11-02,2023-11,2,91.09,0.1,163.96,101.66,0,163.96,101.66,Paid Social,Mobile
ORD0007562,CUST01336,PROD0054,Sports,2023-05-27,2023-05,2,142.4,0.05,270.56,135.28,1,0.0,0.0,Paid Social,Mobile
ORD0007563,CUST01337,PROD0078,Accessories,2023-10-12,2023-10,2,83.84,0.15,142.53,85.52,0,142.53,85.52,Email,Desktop
ORD0007564,CUST01337,PROD0067,Clothing,2024-01-13,2024-01,2,47.62,0,95.24,30.48,0,95.24,30.48,Email,Desktop
ORD0007565,CUST01337,PROD0138,Home & Living,2023-07-04,2023-07,2,126.57,0,253.14,113.91,0,253.14,113.91,Email,Desktop
ORD0007566,CUST01337,PROD0071,Beauty,2024-01-03,2024-01,1,65.25,0,65.25,39.8,0,65.25,39.8,Email,Desktop
ORD0007567,CUST01337,PROD0086,Clothing,2023-07-01,2023-07,1,82.15,0.15,69.83,39.8,0,69.83,39.8,Email,Desktop
ORD0007568,CUST01337,PROD0089,Sports,2024-03-18,2024-03,3,40.38,0,121.14,39.98,0,121.14,39.98,Email,Desktop
ORD0007569,CUST01337,PROD0157,Sports,2023-01-29,2023-01,1,101.12,0.1,91.01,38.22,1,0.0,0.0,Email,Desktop
ORD0007570,CUST01338,PROD0160,Accessories,2023-07-14,2023-07,3,31.12,0,93.36,52.28,0,93.36,52.28,Referral,Tablet
ORD0007571,CUST01338,PROD0123,Clothing,2023-06-12,2023-06,2,40.48,0.1,72.86,18.94,0,72.86,18.94,Referral,Tablet
ORD0007572,CUST01339,PROD0067,Clothing,2023-11-17,2023-11,3,47.62,0,142.86,45.72,0,142.86,45.72,Organic Search,Desktop
ORD0007573,CUST01339,PROD0140,Home & Living,2023-04-16,2023-04,2,34.26,0,68.52,37.69,0,68.52,37.69,Organic Search,Desktop
ORD0007574,CUST01339,PROD0170,Beauty,2023-09-11,2023-09,3,69.97,0,209.91,134.34,0,209.91,134.34,Organic Search,Desktop
ORD0007575,CUST01340,PROD0092,Beauty,2024-01-03,2024-01,1,19.38,0.2,15.5,4.96,1,0.0,0.0,Email,Desktop
ORD0007576,CUST01340,PROD0182,Accessories,2023-06-26,2023-06,2,22.63,0.1,40.73,15.48,1,0.0,0.0,Email,Desktop
ORD0007577,CUST01340,PROD0103,Accessories,2023-11-20,2023-11,2,84.89,0.15,144.31,64.94,1,0.0,0.0,Email,Desktop
ORD0007578,CUST01340,PROD0074,Beauty,2024-03-05,2024-03,2,52.12,0.1,93.82,24.39,0,93.82,24.39,Email,Desktop
ORD0007579,CUST01340,PROD0064,Footwear,2023-09-28,2023-09,2,190.18,0,380.36,148.34,0,380.36,148.34,Email,Desktop
ORD0007580,CUST01340,PROD0026,Footwear,2024-02-17,2024-02,3,66.28,0.2,159.07,41.36,1,0.0,0.0,Email,Desktop
ORD0007581,CUST01341,PROD0051,Footwear,2023-09-03,2023-09,2,119.28,0,238.56,135.98,0,238.56,135.98,Referral,Mobile
ORD0007582,CUST01341,PROD0135,Beauty,2024-03-25,2024-03,2,31.76,0.1,57.17,35.45,0,57.17,35.45,Referral,Mobile
ORD0007583,CUST01341,PROD0127,Accessories,2022-04-26,2022-04,2,49.21,0,98.42,30.51,0,98.42,30.51,Referral,Mobile
ORD0007584,CUST01341,PROD0034,Clothing,2022-01-13,2022-01,2,108.12,0.1,194.62,77.85,1,0.0,0.0,Referral,Mobile
ORD0007585,CUST01341,PROD0190,Beauty,2022-11-16,2022-11,3,23.73,0,71.19,31.32,0,71.19,31.32,Referral,Mobile
ORD0007586,CUST01342,PROD0132,Home & Living,2022-05-17,2022-05,1,31.95,0,31.95,18.53,0,31.95,18.53,Organic Search,Mobile
ORD0007587,CUST01342,PROD0119,Beauty,2023-10-01,2023-10,3,20.14,0,60.42,21.75,0,60.42,21.75,Organic Search,Mobile
ORD0007588,CUST01342,PROD0054,Sports,2022-11-11,2022-11,2,142.4,0,284.8,142.4,1,0.0,0.0,Organic Search,Mobile
ORD0007589,CUST01342,PROD0167,Footwear,2022-07-29,2022-07,2,62.12,0,124.24,36.03,0,124.24,36.03,Organic Search,Mobile
ORD0007590,CUST01342,PROD0103,Accessories,2024-01-12,2024-01,1,84.89,0,84.89,38.2,0,84.89,38.2,Organic Search,Mobile
ORD0007591,CUST01342,PROD0145,Clothing,2024-03-19,2024-03,3,70.32,0,210.96,126.58,0,210.96,126.58,Organic Search,Mobile
ORD0007592,CUST01342,PROD0007,Beauty,2023-10-10,2023-10,3,25.48,0,76.44,25.23,0,76.44,25.23,Organic Search,Mobile
ORD0007593,CUST01342,PROD0172,Beauty,2022-07-03,2022-07,1,19.11,0,19.11,8.22,0,19.11,8.22,Organic Search,Mobile
ORD0007594,CUST01343,PROD0185,Footwear,2024-03-22,2024-03,2,196.58,0,393.16,200.51,0,393.16,200.51,Email,Desktop
ORD0007595,CUST01343,PROD0096,Sports,2023-08-20,2023-08,3,59.98,0,179.94,115.16,0,179.94,115.16,Email,Desktop
ORD0007596,CUST01343,PROD0163,Beauty,2023-07-04,2023-07,2,20.18,0.15,34.31,16.47,0,34.31,16.47,Email,Desktop
ORD0007597,CUST01343,PROD0071,Beauty,2024-01-14,2024-01,3,65.25,0,195.75,119.41,0,195.75,119.41,Email,Desktop
ORD0007598,CUST01343,PROD0159,Beauty,2023-03-05,2023-03,3,20.79,0,62.37,19.33,0,62.37,19.33,Email,Desktop
ORD0007599,CUST01343,PROD0001,Accessories,2023-04-25,2023-04,1,40.31,0,40.31,14.11,1,0.0,0.0,Email,Desktop
ORD0007600,CUST01344,PROD0080,Sports,2023-08-24,2023-08,3,42.1,0,126.3,63.15,0,126.3,63.15,Paid Social,Desktop
ORD0007601,CUST01345,PROD0006,Accessories,2023-12-09,2023-12,3,25.71,0,77.13,36.25,0,77.13,36.25,Paid Social,Desktop
ORD0007602,CUST01345,PROD0017,Home & Living,2024-03-02,2024-03,2,31.84,0.1,57.31,22.35,0,57.31,22.35,Paid Social,Desktop
ORD0007603,CUST01345,PROD0053,Footwear,2022-09-11,2022-09,2,46.14,0.1,83.05,46.51,0,83.05,46.51,Paid Social,Desktop
ORD0007604,CUST01345,PROD0150,Beauty,2023-12-09,2023-12,2,24.66,0.05,46.85,22.96,1,0.0,0.0,Paid Social,Desktop
ORD0007605,CUST01345,PROD0108,Accessories,2023-10-10,2023-10,2,82.14,0.05,156.07,46.82,0,156.07,46.82,Paid Social,Desktop
ORD0007606,CUST01346,PROD0092,Beauty,2023-05-29,2023-05,2,19.38,0,38.76,12.4,0,38.76,12.4,Organic Search,Desktop
ORD0007607,CUST01346,PROD0085,Accessories,2023-05-08,2023-05,1,53.78,0,53.78,25.81,0,53.78,25.81,Organic Search,Desktop
ORD0007608,CUST01346,PROD0198,Sports,2024-01-02,2024-01,2,59.63,0,119.26,50.09,0,119.26,50.09,Organic Search,Desktop
ORD0007609,CUST01346,PROD0174,Clothing,2024-03-03,2024-03,1,69.83,0,69.83,18.16,0,69.83,18.16,Organic Search,Desktop
ORD0007610,CUST01346,PROD0036,Home & Living,2024-03-05,2024-03,1,74.59,0,74.59,26.11,0,74.59,26.11,Organic Search,Desktop
ORD0007611,CUST01347,PROD0080,Sports,2023-09-24,2023-09,1,42.1,0.1,37.89,18.95,0,37.89,18.95,Paid Social,Mobile
ORD0007612,CUST01347,PROD0063,Accessories,2023-08-24,2023-08,2,72.45,0.05,137.66,46.8,0,137.66,46.8,Paid Social,Mobile
ORD0007613,CUST01348,PROD0156,Sports,2023-08-14,2023-08,3,96.17,0,288.51,167.34,0,288.51,167.34,Organic Search,Mobile
ORD0007614,CUST01348,PROD0047,Footwear,2023-12-06,2023-12,2,144.43,0,288.86,112.66,0,288.86,112.66,Organic Search,Mobile
ORD0007615,CUST01348,PROD0031,Footwear,2023-10-29,2023-10,2,42.93,0,85.86,37.78,0,85.86,37.78,Organic Search,Mobile
ORD0007616,CUST01348,PROD0110,Footwear,2023-03-27,2023-03,3,106.03,0,318.09,171.77,0,318.09,171.77,Organic Search,Mobile
ORD0007617,CUST01348,PROD0140,Home & Living,2023-10-15,2023-10,1,34.26,0,34.26,18.84,0,34.26,18.84,Organic Search,Mobile
ORD0007618,CUST01349,PROD0082,Beauty,2024-01-07,2024-01,1,20.0,0,20.0,13.0,0,20.0,13.0,Referral,Desktop
ORD0007619,CUST01349,PROD0078,Accessories,2023-07-11,2023-07,1,83.84,0,83.84,50.3,0,83.84,50.3,Referral,Desktop
ORD0007620,CUST01349,PROD0017,Home & Living,2023-11-17,2023-11,1,31.84,0,31.84,12.42,0,31.84,12.42,Referral,Desktop
ORD0007621,CUST01349,PROD0065,Accessories,2023-10-17,2023-10,2,54.38,0.1,97.88,42.09,0,97.88,42.09,Referral,Desktop
ORD0007622,CUST01349,PROD0030,Beauty,2023-08-08,2023-08,1,30.52,0.1,27.47,9.89,0,27.47,9.89,Referral,Desktop
ORD0007623,CUST01349,PROD0093,Footwear,2023-10-03,2023-10,3,85.42,0.1,230.63,131.46,0,230.63,131.46,Referral,Desktop
ORD0007624,CUST01349,PROD0192,Sports,2023-11-17,2023-11,1,82.92,0,82.92,43.12,0,82.92,43.12,Referral,Desktop
ORD0007625,CUST01350,PROD0176,Home & Living,2024-01-17,2024-01,2,51.13,0.05,97.15,27.2,0,97.15,27.2,Paid Social,Mobile
ORD0007626,CUST01350,PROD0123,Clothing,2023-09-30,2023-09,3,40.48,0.1,109.3,28.42,0,109.3,28.42,Paid Social,Mobile
ORD0007627,CUST01351,PROD0011,Sports,2023-09-30,2023-09,1,85.35,0,85.35,23.9,0,85.35,23.9,Organic Search,Mobile
ORD0007628,CUST01351,PROD0162,Home & Living,2023-05-31,2023-05,1,81.32,0,81.32,35.78,0,81.32,35.78,Organic Search,Mobile
ORD0007629,CUST01351,PROD0063,Accessories,2023-12-28,2023-12,1,72.45,0,72.45,24.63,0,72.45,24.63,Organic Search,Mobile
ORD0007630,CUST01351,PROD0115,Accessories,2023-07-21,2023-07,3,74.34,0,223.02,129.35,0,223.02,129.35,Organic Search,Mobile
ORD0007631,CUST01351,PROD0185,Footwear,2024-02-02,2024-02,2,196.58,0,393.16,200.51,1,0.0,0.0,Organic Search,Mobile
ORD0007632,CUST01351,PROD0171,Clothing,2024-02-08,2024-02,3,49.46,0,148.38,37.09,0,148.38,37.09,Organic Search,Mobile
ORD0007633,CUST01351,PROD0178,Clothing,2024-02-16,2024-02,3,60.67,0,182.01,72.8,0,182.01,72.8,Organic Search,Mobile
ORD0007634,CUST01351,PROD0130,Home & Living,2024-01-26,2024-01,3,126.57,0,379.71,220.23,0,379.71,220.23,Organic Search,Mobile
ORD0007635,CUST01351,PROD0194,Accessories,2023-11-25,2023-11,3,80.84,0,242.52,123.69,0,242.52,123.69,Organic Search,Mobile
ORD0007636,CUST01351,PROD0109,Sports,2023-07-27,2023-07,2,60.91,0,121.82,37.76,0,121.82,37.76,Organic Search,Mobile
ORD0007637,CUST01352,PROD0040,Beauty,2024-03-06,2024-03,1,42.24,0,42.24,17.32,0,42.24,17.32,Email,Mobile
ORD0007638,CUST01352,PROD0069,Beauty,2024-01-09,2024-01,2,52.71,0.2,84.34,50.6,0,84.34,50.6,Email,Mobile
ORD0007639,CUST01352,PROD0190,Beauty,2024-02-25,2024-02,3,23.73,0,71.19,31.32,0,71.19,31.32,Email,Mobile
ORD0007640,CUST01352,PROD0157,Sports,2024-01-28,2024-01,1,101.12,0.1,91.01,38.22,0,91.01,38.22,Email,Mobile
ORD0007641,CUST01353,PROD0057,Beauty,2022-09-11,2022-09,1,25.42,0,25.42,12.2,0,25.42,12.2,Referral,Mobile
ORD0007642,CUST01353,PROD0177,Accessories,2023-09-19,2023-09,2,31.44,0,62.88,23.89,0,62.88,23.89,Referral,Mobile
ORD0007643,CUST01353,PROD0040,Beauty,2023-11-07,2023-11,3,42.24,0,126.72,51.96,0,126.72,51.96,Referral,Mobile
ORD0007644,CUST01353,PROD0102,Footwear,2022-09-26,2022-09,1,44.77,0.1,40.29,10.48,1,0.0,0.0,Referral,Mobile
ORD0007645,CUST01353,PROD0024,Beauty,2022-10-10,2022-10,1,20.35,0.1,18.32,7.51,0,18.32,7.51,Referral,Mobile
ORD0007646,CUST01354,PROD0060,Footwear,2023-08-19,2023-08,1,104.31,0.1,93.88,27.23,1,0.0,0.0,Email,Mobile
ORD0007647,CUST01354,PROD0013,Sports,2023-09-19,2023-09,3,147.02,0.1,396.95,154.81,0,396.95,154.81,Email,Mobile
ORD0007648,CUST01354,PROD0157,Sports,2023-11-14,2023-11,2,101.12,0.1,182.02,76.45,0,182.02,76.45,Email,Mobile
ORD0007649,CUST01354,PROD0128,Clothing,2023-12-25,2023-12,1,28.95,0,28.95,12.16,1,0.0,0.0,Email,Mobile
ORD0007650,CUST01355,PROD0157,Sports,2023-08-11,2023-08,1,101.12,0.1,91.01,38.22,1,0.0,0.0,Paid Social,Tablet
ORD0007651,CUST01355,PROD0143,Beauty,2023-01-21,2023-01,1,15.9,0.05,15.11,9.67,0,15.11,9.67,Paid Social,Tablet
ORD0007652,CUST01355,PROD0041,Beauty,2023-01-20,2023-01,3,68.34,0,205.02,123.01,0,205.02,123.01,Paid Social,Tablet
ORD0007653,CUST01355,PROD0157,Sports,2024-02-04,2024-02,2,101.12,0.1,182.02,76.45,0,182.02,76.45,Paid Social,Tablet
ORD0007654,CUST01355,PROD0018,Clothing,2023-02-08,2023-02,3,45.54,0,136.62,61.48,0,136.62,61.48,Paid Social,Tablet
ORD0007655,CUST01356,PROD0009,Sports,2023-09-30,2023-09,1,39.16,0,39.16,23.1,0,39.16,23.1,Direct,Tablet
ORD0007656,CUST01356,PROD0047,Footwear,2024-03-26,2024-03,1,144.43,0,144.43,56.33,0,144.43,56.33,Direct,Tablet
ORD0007657,CUST01356,PROD0119,Beauty,2023-06-08,2023-06,2,20.14,0,40.28,14.5,0,40.28,14.5,Direct,Tablet
ORD0007658,CUST01356,PROD0194,Accessories,2024-03-17,2024-03,1,80.84,0,80.84,41.23,1,0.0,0.0,Direct,Tablet
ORD0007659,CUST01357,PROD0138,Home & Living,2023-04-10,2023-04,3,126.57,0,379.71,170.87,0,379.71,170.87,Organic Search,Mobile
ORD0007660,CUST01357,PROD0140,Home & Living,2023-01-04,2023-01,3,34.26,0,102.78,56.53,1,0.0,0.0,Organic Search,Mobile
ORD0007661,CUST01358,PROD0115,Accessories,2023-12-05,2023-12,2,74.34,0.1,133.81,77.61,0,133.81,77.61,Referral,Mobile
ORD0007662,CUST01358,PROD0021,Beauty,2024-01-19,2024-01,3,65.25,0,195.75,121.36,1,0.0,0.0,Referral,Mobile
ORD0007663,CUST01358,PROD0127,Accessories,2023-07-13,2023-07,3,49.21,0.1,132.87,41.19,0,132.87,41.19,Referral,Mobile
ORD0007664,CUST01358,PROD0199,Sports,2023-12-22,2023-12,2,40.52,0,81.04,25.93,0,81.04,25.93,Referral,Mobile
ORD0007665,CUST01358,PROD0130,Home & Living,2023-10-18,2023-10,2,126.57,0,253.14,146.82,0,253.14,146.82,Referral,Mobile
ORD0007666,CUST01358,PROD0140,Home & Living,2023-06-25,2023-06,3,34.26,0,102.78,56.53,0,102.78,56.53,Referral,Mobile
ORD0007667,CUST01358,PROD0155,Beauty,2023-04-30,2023-04,1,35.29,0.1,31.76,13.02,0,31.76,13.02,Referral,Mobile
ORD0007668,CUST01358,PROD0028,Sports,2023-08-18,2023-08,3,115.45,0,346.35,169.71,0,346.35,169.71,Referral,Mobile
ORD0007669,CUST01358,PROD0130,Home & Living,2022-11-09,2022-11,3,126.57,0,379.71,220.23,0,379.71,220.23,Referral,Mobile
ORD0007670,CUST01358,PROD0186,Home & Living,2023-04-12,2023-04,1,126.59,0,126.59,36.71,0,126.59,36.71,Referral,Mobile
ORD0007671,CUST01358,PROD0187,Clothing,2023-04-17,2023-04,1,104.59,0.1,94.13,41.42,1,0.0,0.0,Referral,Mobile
ORD0007672,CUST01358,PROD0041,Beauty,2023-11-23,2023-11,2,68.34,0.1,123.01,73.81,0,123.01,73.81,Referral,Mobile
ORD0007673,CUST01359,PROD0001,Accessories,2024-02-02,2024-02,2,40.31,0.1,72.56,25.4,0,72.56,25.4,Paid Social,Desktop
ORD0007674,CUST01359,PROD0036,Home & Living,2022-10-31,2022-10,3,74.59,0,223.77,78.32,1,0.0,0.0,Paid Social,Desktop
ORD0007675,CUST01359,PROD0090,Home & Living,2024-03-24,2024-03,1,99.94,0,99.94,62.96,0,99.94,62.96,Paid Social,Desktop
ORD0007676,CUST01359,PROD0073,Sports,2023-09-04,2023-09,2,66.61,0.05,126.56,45.56,0,126.56,45.56,Paid Social,Desktop
ORD0007677,CUST01360,PROD0182,Accessories,2024-02-09,2024-02,1,22.63,0,22.63,8.6,0,22.63,8.6,Organic Search,Mobile
ORD0007678,CUST01360,PROD0158,Home & Living,2024-02-08,2024-02,1,50.83,0,50.83,23.89,0,50.83,23.89,Organic Search,Mobile
ORD0007679,CUST01360,PROD0100,Clothing,2023-01-16,2023-01,1,80.73,0,80.73,36.33,0,80.73,36.33,Organic Search,Mobile
ORD0007680,CUST01360,PROD0139,Home & Living,2023-12-20,2023-12,3,121.16,0,363.48,218.09,0,363.48,218.09,Organic Search,Mobile
ORD0007681,CUST01360,PROD0103,Accessories,2023-06-04,2023-06,3,84.89,0,254.67,114.6,0,254.67,114.6,Organic Search,Mobile
ORD0007682,CUST01360,PROD0094,Home & Living,2022-09-18,2022-09,3,56.47,0,169.41,106.73,1,0.0,0.0,Organic Search,Mobile
ORD0007683,CUST01360,PROD0185,Footwear,2022-11-12,2022-11,2,196.58,0,393.16,200.51,0,393.16,200.51,Organic Search,Mobile
ORD0007684,CUST01361,PROD0038,Accessories,2023-12-09,2023-12,3,85.41,0,256.23,140.93,0,256.23,140.93,Influencer,Mobile
ORD0007685,CUST01361,PROD0160,Accessories,2023-08-15,2023-08,2,31.12,0,62.24,34.85,0,62.24,34.85,Influencer,Mobile
ORD0007686,CUST01361,PROD0144,Beauty,2023-08-31,2023-08,2,34.94,0,69.88,38.43,0,69.88,38.43,Influencer,Mobile
ORD0007687,CUST01361,PROD0088,Accessories,2023-09-05,2023-09,2,42.05,0,84.1,31.12,0,84.1,31.12,Influencer,Mobile
ORD0007688,CUST01361,PROD0167,Footwear,2023-10-16,2023-10,2,62.12,0,124.24,36.03,0,124.24,36.03,Influencer,Mobile
ORD0007689,CUST01361,PROD0011,Sports,2023-11-18,2023-11,3,85.35,0,256.05,71.69,1,0.0,0.0,Influencer,Mobile
ORD0007690,CUST01361,PROD0026,Footwear,2024-03-02,2024-03,2,66.28,0,132.56,34.47,0,132.56,34.47,Influencer,Mobile
ORD0007691,CUST01361,PROD0091,Beauty,2024-03-21,2024-03,2,39.11,0,78.22,31.29,0,78.22,31.29,Influencer,Mobile
ORD0007692,CUST01361,PROD0180,Sports,2023-09-07,2023-09,3,57.83,0,173.49,97.15,0,173.49,97.15,Influencer,Mobile
ORD0007693,CUST01361,PROD0035,Beauty,2024-03-17,2024-03,1,43.82,0,43.82,25.42,0,43.82,25.42,Influencer,Mobile
ORD0007694,CUST01362,PROD0105,Sports,2023-11-26,2023-11,3,41.5,0,124.5,78.44,0,124.5,78.44,Direct,Desktop
ORD0007695,CUST01362,PROD0086,Clothing,2024-01-16,2024-01,1,82.15,0,82.15,46.83,0,82.15,46.83,Direct,Desktop
ORD0007696,CUST01362,PROD0172,Beauty,2023-11-12,2023-11,2,19.11,0,38.22,16.43,0,38.22,16.43,Direct,Desktop
ORD0007697,CUST01362,PROD0032,Home & Living,2023-07-05,2023-07,1,43.05,0,43.05,12.48,0,43.05,12.48,Direct,Desktop
ORD0007698,CUST01362,PROD0199,Sports,2024-01-07,2024-01,2,40.52,0,81.04,25.93,0,81.04,25.93,Direct,Desktop
ORD0007699,CUST01362,PROD0005,Footwear,2024-01-28,2024-01,1,121.17,0,121.17,70.28,0,121.17,70.28,Direct,Desktop
ORD0007700,CUST01363,PROD0009,Sports,2024-03-27,2024-03,3,39.16,0,117.48,69.31,1,0.0,0.0,Email,Mobile
ORD0007701,CUST01363,PROD0159,Beauty,2023-05-22,2023-05,2,20.79,0,41.58,12.89,1,0.0,0.0,Email,Mobile
ORD0007702,CUST01363,PROD0089,Sports,2024-01-05,2024-01,1,40.38,0,40.38,13.33,1,0.0,0.0,Email,Mobile
ORD0007703,CUST01363,PROD0085,Accessories,2023-06-16,2023-06,3,53.78,0.15,137.14,65.83,1,0.0,0.0,Email,Mobile
ORD0007704,CUST01363,PROD0031,Footwear,2024-03-29,2024-03,3,42.93,0.1,115.91,51.0,0,115.91,51.0,Email,Mobile
ORD0007705,CUST01364,PROD0065,Accessories,2022-07-20,2022-07,3,54.38,0,163.14,70.15,0,163.14,70.15,Referral,Mobile
ORD0007706,CUST01364,PROD0041,Beauty,2022-09-17,2022-09,3,68.34,0,205.02,123.01,0,205.02,123.01,Referral,Mobile
ORD0007707,CUST01364,PROD0131,Beauty,2022-10-07,2022-10,3,36.76,0,110.28,38.6,0,110.28,38.6,Referral,Mobile
ORD0007708,CUST01364,PROD0138,Home & Living,2024-03-10,2024-03,2,126.57,0.1,227.83,102.52,0,227.83,102.52,Referral,Mobile
ORD0007709,CUST01364,PROD0051,Footwear,2023-02-01,2023-02,2,119.28,0.1,214.7,122.38,0,214.7,122.38,Referral,Mobile
ORD0007710,CUST01364,PROD0128,Clothing,2023-07-30,2023-07,1,28.95,0,28.95,12.16,0,28.95,12.16,Referral,Mobile
ORD0007711,CUST01364,PROD0193,Sports,2023-08-23,2023-08,2,95.75,0.1,172.35,55.15,0,172.35,55.15,Referral,Mobile
ORD0007712,CUST01365,PROD0064,Footwear,2023-10-23,2023-10,2,190.18,0,380.36,148.34,0,380.36,148.34,Referral,Mobile
ORD0007713,CUST01365,PROD0120,Home & Living,2023-11-02,2023-11,3,118.52,0.1,320.0,99.2,0,320.0,99.2,Referral,Mobile
ORD0007714,CUST01365,PROD0092,Beauty,2023-10-26,2023-10,3,19.38,0,58.14,18.6,0,58.14,18.6,Referral,Mobile
ORD0007715,CUST01365,PROD0001,Accessories,2024-01-14,2024-01,2,40.31,0,80.62,28.22,0,80.62,28.22,Referral,Mobile
ORD0007716,CUST01365,PROD0012,Sports,2023-12-08,2023-12,3,146.79,0.1,396.33,142.68,0,396.33,142.68,Referral,Mobile
ORD0007717,CUST01365,PROD0175,Footwear,2023-10-28,2023-10,3,69.53,0.1,187.73,56.32,0,187.73,56.32,Referral,Mobile
ORD0007718,CUST01365,PROD0090,Home & Living,2023-12-12,2023-12,3,99.94,0,299.82,188.89,0,299.82,188.89,Referral,Mobile
ORD0007719,CUST01365,PROD0090,Home & Living,2024-01-05,2024-01,1,99.94,0,99.94,62.96,0,99.94,62.96,Referral,Mobile
ORD0007720,CUST01365,PROD0005,Footwear,2024-02-22,2024-02,2,121.17,0.1,218.11,126.5,0,218.11,126.5,Referral,Mobile
ORD0007721,CUST01366,PROD0118,Clothing,2024-03-22,2024-03,1,33.04,0.1,29.74,14.28,0,29.74,14.28,Referral,Mobile
ORD0007722,CUST01366,PROD0116,Footwear,2022-06-07,2022-06,2,141.52,0.1,254.74,112.09,0,254.74,112.09,Referral,Mobile
ORD0007723,CUST01366,PROD0076,Clothing,2022-05-15,2022-05,2,54.02,0,108.04,33.49,0,108.04,33.49,Referral,Mobile
ORD0007724,CUST01367,PROD0071,Beauty,2022-08-24,2022-08,2,65.25,0.1,117.45,71.64,0,117.45,71.64,Referral,Desktop
ORD0007725,CUST01367,PROD0061,Home & Living,2022-12-04,2022-12,2,136.85,0,273.7,101.27,0,273.7,101.27,Referral,Desktop
ORD0007726,CUST01367,PROD0033,Sports,2022-08-07,2022-08,2,54.48,0,108.96,30.51,0,108.96,30.51,Referral,Desktop
ORD0007727,CUST01367,PROD0195,Accessories,2022-02-12,2022-02,3,33.68,0,101.04,61.63,0,101.04,61.63,Referral,Desktop
ORD0007728,CUST01367,PROD0071,Beauty,2022-04-13,2022-04,3,65.25,0,195.75,119.41,0,195.75,119.41,Referral,Desktop
ORD0007729,CUST01367,PROD0172,Beauty,2023-04-26,2023-04,2,19.11,0,38.22,16.43,0,38.22,16.43,Referral,Desktop
ORD0007730,CUST01367,PROD0089,Sports,2023-09-09,2023-09,2,40.38,0.1,72.68,23.98,1,0.0,0.0,Referral,Desktop
ORD0007731,CUST01367,PROD0042,Home & Living,2023-06-25,2023-06,1,61.51,0,61.51,17.22,0,61.51,17.22,Referral,Desktop
ORD0007732,CUST01367,PROD0111,Clothing,2022-10-21,2022-10,1,72.51,0,72.51,44.23,0,72.51,44.23,Referral,Desktop
ORD0007733,CUST01367,PROD0031,Footwear,2024-03-04,2024-03,3,42.93,0.1,115.91,51.0,0,115.91,51.0,Referral,Desktop
ORD0007734,CUST01367,PROD0072,Sports,2023-05-12,2023-05,3,81.55,0,244.65,134.56,0,244.65,134.56,Referral,Desktop
ORD0007735,CUST01367,PROD0002,Clothing,2023-10-11,2023-10,2,48.81,0.1,87.86,55.35,0,87.86,55.35,Referral,Desktop
ORD0007736,CUST01368,PROD0121,Clothing,2023-12-22,2023-12,1,86.37,0.1,77.73,38.09,0,77.73,38.09,Referral,Mobile
ORD0007737,CUST01368,PROD0020,Clothing,2023-08-19,2023-08,3,35.77,0.1,96.58,44.43,0,96.58,44.43,Referral,Mobile
ORD0007738,CUST01368,PROD0173,Footwear,2023-03-23,2023-03,3,87.72,0.1,236.84,101.84,0,236.84,101.84,Referral,Mobile
ORD0007739,CUST01368,PROD0193,Sports,2022-06-15,2022-06,2,95.75,0.1,172.35,55.15,0,172.35,55.15,Referral,Mobile
ORD0007740,CUST01368,PROD0181,Home & Living,2023-10-26,2023-10,3,68.65,0,205.95,117.39,0,205.95,117.39,Referral,Mobile
ORD0007741,CUST01368,PROD0136,Accessories,2023-12-15,2023-12,1,78.97,0.1,71.07,26.3,0,71.07,26.3,Referral,Mobile
ORD0007742,CUST01368,PROD0043,Footwear,2023-04-23,2023-04,3,62.01,0,186.03,115.34,0,186.03,115.34,Referral,Mobile
ORD0007743,CUST01368,PROD0008,Footwear,2023-06-29,2023-06,1,151.56,0.1,136.4,83.2,1,0.0,0.0,Referral,Mobile
ORD0007744,CUST01369,PROD0127,Accessories,2023-07-09,2023-07,2,49.21,0.15,83.66,25.93,0,83.66,25.93,Email,Desktop
ORD0007745,CUST01369,PROD0113,Home & Living,2024-01-29,2024-01,3,30.82,0.2,73.97,39.2,0,73.97,39.2,Email,Desktop
ORD0007746,CUST01369,PROD0155,Beauty,2023-05-30,2023-05,3,35.29,0.15,89.99,36.9,0,89.99,36.9,Email,Desktop
ORD0007747,CUST01369,PROD0200,Footwear,2023-11-12,2023-11,3,43.07,0,129.21,73.65,0,129.21,73.65,Email,Desktop
ORD0007748,CUST01369,PROD0191,Accessories,2023-06-17,2023-06,3,42.93,0.1,115.91,56.8,0,115.91,56.8,Email,Desktop
ORD0007749,CUST01369,PROD0169,Accessories,2024-03-01,2024-03,2,66.47,0,132.94,67.8,0,132.94,67.8,Email,Desktop
ORD0007750,CUST01369,PROD0059,Sports,2023-04-26,2023-04,3,76.4,0,229.2,116.89,0,229.2,116.89,Email,Desktop
ORD0007751,CUST01369,PROD0050,Home & Living,2023-08-10,2023-08,1,120.87,0.2,96.7,26.11,0,96.7,26.11,Email,Desktop
ORD0007752,CUST01369,PROD0043,Footwear,2023-10-13,2023-10,2,62.01,0.1,111.62,69.2,0,111.62,69.2,Email,Desktop
ORD0007753,CUST01369,PROD0064,Footwear,2024-02-27,2024-02,2,190.18,0.15,323.31,126.09,0,323.31,126.09,Email,Desktop
ORD0007754,CUST01369,PROD0095,Accessories,2023-04-18,2023-04,1,33.53,0.2,26.82,15.29,0,26.82,15.29,Email,Desktop
ORD0007755,CUST01369,PROD0103,Accessories,2023-12-03,2023-12,2,84.89,0.15,144.31,64.94,0,144.31,64.94,Email,Desktop
ORD0007756,CUST01369,PROD0025,Footwear,2024-01-23,2024-01,2,78.3,0.1,140.94,46.51,1,0.0,0.0,Email,Desktop
ORD0007757,CUST01369,PROD0169,Accessories,2023-03-23,2023-03,3,66.47,0.15,169.5,86.45,0,169.5,86.45,Email,Desktop
ORD0007758,CUST01370,PROD0183,Clothing,2023-02-28,2023-02,1,78.37,0,78.37,47.02,0,78.37,47.02,Organic Search,Mobile
ORD0007759,CUST01370,PROD0086,Clothing,2022-09-08,2022-09,1,82.15,0,82.15,46.83,1,0.0,0.0,Organic Search,Mobile
ORD0007760,CUST01370,PROD0080,Sports,2022-11-26,2022-11,1,42.1,0,42.1,21.05,0,42.1,21.05,Organic Search,Mobile
ORD0007761,CUST01370,PROD0146,Accessories,2023-03-29,2023-03,2,80.98,0,161.96,56.69,0,161.96,56.69,Organic Search,Mobile
ORD0007762,CUST01370,PROD0090,Home & Living,2022-09-18,2022-09,2,99.94,0,199.88,125.92,1,0.0,0.0,Organic Search,Mobile
ORD0007763,CUST01370,PROD0180,Sports,2023-05-20,2023-05,1,57.83,0,57.83,32.38,1,0.0,0.0,Organic Search,Mobile
ORD0007764,CUST01370,PROD0087,Home & Living,2022-11-14,2022-11,2,45.63,0,91.26,52.93,1,0.0,0.0,Organic Search,Mobile
ORD0007765,CUST01370,PROD0035,Beauty,2022-12-31,2022-12,3,43.82,0,131.46,76.25,0,131.46,76.25,Organic Search,Mobile
ORD0007766,CUST01371,PROD0125,Sports,2023-10-11,2023-10,1,126.04,0,126.04,49.16,0,126.04,49.16,Organic Search,Desktop
ORD0007767,CUST01371,PROD0168,Clothing,2024-03-06,2024-03,2,45.57,0,91.14,38.28,0,91.14,38.28,Organic Search,Desktop
ORD0007768,CUST01371,PROD0132,Home & Living,2023-10-14,2023-10,2,31.95,0,63.9,37.06,0,63.9,37.06,Organic Search,Desktop
ORD0007769,CUST01371,PROD0086,Clothing,2023-07-29,2023-07,3,82.15,0,246.45,140.48,1,0.0,0.0,Organic Search,Desktop
ORD0007770,CUST01371,PROD0117,Accessories,2023-07-31,2023-07,3,65.2,0,195.6,56.72,1,0.0,0.0,Organic Search,Desktop
ORD0007771,CUST01371,PROD0170,Beauty,2024-01-15,2024-01,2,69.97,0,139.94,89.56,0,139.94,89.56,Organic Search,Desktop
ORD0007772,CUST01371,PROD0029,Accessories,2024-03-24,2024-03,1,59.38,0,59.38,35.63,1,0.0,0.0,Organic Search,Desktop
ORD0007773,CUST01371,PROD0166,Clothing,2024-03-15,2024-03,3,87.15,0,261.45,162.1,0,261.45,162.1,Organic Search,Desktop
ORD0007774,CUST01372,PROD0032,Home & Living,2023-11-21,2023-11,3,43.05,0.1,116.23,33.71,0,116.23,33.71,Referral,Mobile
ORD0007775,CUST01372,PROD0066,Footwear,2023-06-20,2023-06,2,151.36,0.1,272.45,79.01,0,272.45,79.01,Referral,Mobile
ORD0007776,CUST01372,PROD0077,Footwear,2022-08-28,2022-08,1,66.48,0.1,59.83,26.92,0,59.83,26.92,Referral,Mobile
ORD0007777,CUST01372,PROD0019,Beauty,2022-07-04,2022-07,2,17.13,0,34.26,15.07,0,34.26,15.07,Referral,Mobile
ORD0007778,CUST01372,PROD0025,Footwear,2023-07-13,2023-07,2,78.3,0,156.6,51.68,0,156.6,51.68,Referral,Mobile
ORD0007779,CUST01372,PROD0054,Sports,2024-02-10,2024-02,1,142.4,0,142.4,71.2,0,142.4,71.2,Referral,Mobile
ORD0007780,CUST01372,PROD0095,Accessories,2022-08-25,2022-08,2,33.53,0.1,60.35,34.4,0,60.35,34.4,Referral,Mobile
ORD0007781,CUST01372,PROD0167,Footwear,2022-06-16,2022-06,1,62.12,0,62.12,18.01,0,62.12,18.01,Referral,Mobile
ORD0007782,CUST01373,PROD0186,Home & Living,2023-05-27,2023-05,3,126.59,0.2,303.82,88.11,1,0.0,0.0,Email,Desktop
ORD0007783,CUST01373,PROD0148,Beauty,2024-03-28,2024-03,1,56.54,0.15,48.06,26.43,0,48.06,26.43,Email,Desktop
ORD0007784,CUST01373,PROD0144,Beauty,2024-01-08,2024-01,2,34.94,0.15,59.4,32.67,0,59.4,32.67,Email,Desktop
ORD0007785,CUST01373,PROD0101,Footwear,2023-01-24,2023-01,3,191.81,0,575.43,253.19,0,575.43,253.19,Email,Desktop
ORD0007786,CUST01373,PROD0171,Clothing,2024-01-22,2024-01,2,49.46,0.2,79.14,19.79,0,79.14,19.79,Email,Desktop
ORD0007787,CUST01374,PROD0089,Sports,2023-12-29,2023-12,3,40.38,0,121.14,39.98,1,0.0,0.0,Organic Search,Mobile
ORD0007788,CUST01374,PROD0047,Footwear,2022-07-26,2022-07,3,144.43,0,433.29,168.98,1,0.0,0.0,Organic Search,Mobile
ORD0007789,CUST01374,PROD0184,Sports,2023-05-06,2023-05,1,135.08,0,135.08,36.47,0,135.08,36.47,Organic Search,Mobile
ORD0007790,CUST01374,PROD0023,Clothing,2023-07-04,2023-07,1,85.59,0,85.59,29.96,1,0.0,0.0,Organic Search,Mobile
ORD0007791,CUST01374,PROD0068,Accessories,2022-06-15,2022-06,3,58.26,0,174.78,73.41,1,0.0,0.0,Organic Search,Mobile
ORD0007792,CUST01374,PROD0019,Beauty,2022-10-02,2022-10,2,17.13,0,34.26,15.07,0,34.26,15.07,Organic Search,Mobile
ORD0007793,CUST01374,PROD0107,Clothing,2023-10-25,2023-10,3,91.09,0,273.27,169.43,0,273.27,169.43,Organic Search,Mobile
ORD0007794,CUST01374,PROD0190,Beauty,2024-03-13,2024-03,3,23.73,0,71.19,31.32,0,71.19,31.32,Organic Search,Mobile
ORD0007795,CUST01374,PROD0145,Clothing,2023-02-24,2023-02,1,70.32,0,70.32,42.19,1,0.0,0.0,Organic Search,Mobile
ORD0007796,CUST01374,PROD0051,Footwear,2022-09-14,2022-09,2,119.28,0,238.56,135.98,0,238.56,135.98,Organic Search,Mobile
ORD0007797,CUST01374,PROD0155,Beauty,2024-03-31,2024-03,3,35.29,0,105.87,43.41,0,105.87,43.41,Organic Search,Mobile
ORD0007798,CUST01375,PROD0046,Sports,2022-02-07,2022-02,3,44.39,0,133.17,70.58,0,133.17,70.58,Direct,Mobile
ORD0007799,CUST01375,PROD0105,Sports,2022-04-02,2022-04,2,41.5,0,83.0,52.29,0,83.0,52.29,Direct,Mobile
ORD0007800,CUST01376,PROD0025,Footwear,2023-01-11,2023-01,3,78.3,0,234.9,77.52,0,234.9,77.52,Direct,Mobile
ORD0007801,CUST01376,PROD0091,Beauty,2024-02-28,2024-02,1,39.11,0,39.11,15.64,0,39.11,15.64,Direct,Mobile
ORD0007802,CUST01376,PROD0125,Sports,2023-09-03,2023-09,1,126.04,0,126.04,49.16,0,126.04,49.16,Direct,Mobile
ORD0007803,CUST01376,PROD0066,Footwear,2022-11-16,2022-11,1,151.36,0,151.36,43.89,0,151.36,43.89,Direct,Mobile
ORD0007804,CUST01376,PROD0047,Footwear,2023-05-08,2023-05,1,144.43,0,144.43,56.33,0,144.43,56.33,Direct,Mobile
ORD0007805,CUST01376,PROD0004,Accessories,2023-01-21,2023-01,1,19.48,0,19.48,12.27,0,19.48,12.27,Direct,Mobile
ORD0007806,CUST01376,PROD0169,Accessories,2024-02-07,2024-02,3,66.47,0,199.41,101.7,0,199.41,101.7,Direct,Mobile
ORD0007807,CUST01376,PROD0090,Home & Living,2023-10-25,2023-10,3,99.94,0,299.82,188.89,0,299.82,188.89,Direct,Mobile
ORD0007808,CUST01377,PROD0195,Accessories,2023-11-10,2023-11,2,33.68,0,67.36,41.09,0,67.36,41.09,Organic Search,Mobile
ORD0007809,CUST01377,PROD0030,Beauty,2023-07-21,2023-07,1,30.52,0,30.52,10.99,0,30.52,10.99,Organic Search,Mobile
ORD0007810,CUST01378,PROD0182,Accessories,2022-10-30,2022-10,1,22.63,0.05,21.5,8.17,0,21.5,8.17,Paid Social,Mobile
ORD0007811,CUST01378,PROD0124,Beauty,2023-05-30,2023-05,2,20.18,0,40.36,18.97,1,0.0,0.0,Paid Social,Mobile
ORD0007812,CUST01378,PROD0068,Accessories,2022-06-02,2022-06,3,58.26,0,174.78,73.41,0,174.78,73.41,Paid Social,Mobile
ORD0007813,CUST01378,PROD0118,Clothing,2023-10-17,2023-10,3,33.04,0,99.12,47.58,0,99.12,47.58,Paid Social,Mobile
ORD0007814,CUST01378,PROD0013,Sports,2023-07-17,2023-07,2,147.02,0.1,264.64,103.21,0,264.64,103.21,Paid Social,Mobile
ORD0007815,CUST01378,PROD0117,Accessories,2024-03-19,2024-03,2,65.2,0.05,123.88,35.93,0,123.88,35.93,Paid Social,Mobile
ORD0007816,CUST01378,PROD0088,Accessories,2023-08-06,2023-08,1,42.05,0,42.05,15.56,1,0.0,0.0,Paid Social,Mobile
ORD0007817,CUST01379,PROD0094,Home & Living,2024-02-16,2024-02,2,56.47,0.1,101.65,64.04,0,101.65,64.04,Email,Desktop
ORD0007818,CUST01379,PROD0053,Footwear,2024-01-23,2024-01,2,46.14,0,92.28,51.68,0,92.28,51.68,Email,Desktop
ORD0007819,CUST01379,PROD0163,Beauty,2023-06-11,2023-06,3,20.18,0,60.54,29.06,0,60.54,29.06,Email,Desktop
ORD0007820,CUST01379,PROD0198,Sports,2022-12-24,2022-12,2,59.63,0.15,101.37,42.58,1,0.0,0.0,Email,Desktop
ORD0007821,CUST01379,PROD0027,Footwear,2022-12-29,2022-12,3,147.27,0,441.81,247.41,0,441.81,247.41,Email,Desktop
ORD0007822,CUST01379,PROD0147,Home & Living,2023-01-02,2023-01,1,133.32,0.2,106.66,49.06,1,0.0,0.0,Email,Desktop
ORD0007823,CUST01379,PROD0116,Footwear,2023-07-03,2023-07,3,141.52,0,424.56,186.81,0,424.56,186.81,Email,Desktop
ORD0007824,CUST01379,PROD0187,Clothing,2023-05-11,2023-05,2,104.59,0.15,177.8,78.23,1,0.0,0.0,Email,Desktop
ORD0007825,CUST01380,PROD0124,Beauty,2023-07-07,2023-07,1,20.18,0,20.18,9.48,0,20.18,9.48,Direct,Desktop
ORD0007826,CUST01380,PROD0067,Clothing,2024-01-21,2024-01,1,47.62,0,47.62,15.24,0,47.62,15.24,Direct,Desktop
ORD0007827,CUST01380,PROD0193,Sports,2023-06-04,2023-06,3,95.75,0,287.25,91.92,1,0.0,0.0,Direct,Desktop
ORD0007828,CUST01380,PROD0058,Accessories,2023-08-11,2023-08,3,50.31,0,150.93,49.81,0,150.93,49.81,Direct,Desktop
ORD0007829,CUST01380,PROD0156,Sports,2023-09-12,2023-09,1,96.17,0,96.17,55.78,0,96.17,55.78,Direct,Desktop
ORD0007830,CUST01380,PROD0158,Home & Living,2023-04-10,2023-04,3,50.83,0,152.49,71.67,0,152.49,71.67,Direct,Desktop
ORD0007831,CUST01380,PROD0175,Footwear,2024-02-23,2024-02,2,69.53,0,139.06,41.72,0,139.06,41.72,Direct,Desktop
ORD0007832,CUST01380,PROD0011,Sports,2023-04-25,2023-04,1,85.35,0,85.35,23.9,0,85.35,23.9,Direct,Desktop
ORD0007833,CUST01380,PROD0099,Home & Living,2023-04-04,2023-04,2,113.39,0,226.78,83.91,0,226.78,83.91,Direct,Desktop
ORD0007834,CUST01380,PROD0118,Clothing,2023-09-26,2023-09,3,33.04,0,99.12,47.58,1,0.0,0.0,Direct,Desktop
ORD0007835,CUST01380,PROD0016,Beauty,2023-08-28,2023-08,1,14.72,0,14.72,9.42,0,14.72,9.42,Direct,Desktop
ORD0007836,CUST01381,PROD0020,Clothing,2023-09-06,2023-09,2,35.77,0,71.54,32.91,0,71.54,32.91,Organic Search,Mobile
ORD0007837,CUST01381,PROD0080,Sports,2024-02-27,2024-02,2,42.1,0,84.2,42.1,0,84.2,42.1,Organic Search,Mobile
ORD0007838,CUST01381,PROD0144,Beauty,2023-09-13,2023-09,2,34.94,0,69.88,38.43,0,69.88,38.43,Organic Search,Mobile
ORD0007839,CUST01381,PROD0154,Sports,2023-11-23,2023-11,2,137.38,0,274.76,74.19,0,274.76,74.19,Organic Search,Mobile
ORD0007840,CUST01381,PROD0150,Beauty,2023-07-25,2023-07,3,24.66,0,73.98,36.25,1,0.0,0.0,Organic Search,Mobile
ORD0007841,CUST01382,PROD0042,Home & Living,2022-04-07,2022-04,1,61.51,0.1,55.36,15.5,1,0.0,0.0,Paid Social,Desktop
ORD0007842,CUST01382,PROD0192,Sports,2024-02-12,2024-02,2,82.92,0,165.84,86.24,1,0.0,0.0,Paid Social,Desktop
ORD0007843,CUST01382,PROD0157,Sports,2022-10-07,2022-10,1,101.12,0.1,91.01,38.22,1,0.0,0.0,Paid Social,Desktop
ORD0007844,CUST01383,PROD0174,Clothing,2022-09-13,2022-09,2,69.83,0,139.66,36.31,0,139.66,36.31,Email,Desktop
ORD0007845,CUST01383,PROD0014,Beauty,2024-02-02,2024-02,3,56.06,0.15,142.95,90.06,1,0.0,0.0,Email,Desktop
ORD0007846,CUST01383,PROD0054,Sports,2023-07-18,2023-07,3,142.4,0,427.2,213.6,0,427.2,213.6,Email,Desktop
ORD0007847,CUST01383,PROD0142,Sports,2022-07-23,2022-07,1,114.73,0,114.73,55.07,0,114.73,55.07,Email,Desktop
ORD0007848,CUST01383,PROD0084,Accessories,2022-07-10,2022-07,1,45.9,0.15,39.02,10.93,0,39.02,10.93,Email,Desktop
ORD0007849,CUST01384,PROD0089,Sports,2024-03-09,2024-03,3,40.38,0,121.14,39.98,0,121.14,39.98,Direct,Desktop
ORD0007850,CUST01384,PROD0164,Accessories,2023-02-15,2023-02,2,18.66,0,37.32,10.82,1,0.0,0.0,Direct,Desktop
ORD0007851,CUST01384,PROD0130,Home & Living,2023-01-17,2023-01,3,126.57,0,379.71,220.23,0,379.71,220.23,Direct,Desktop
ORD0007852,CUST01384,PROD0142,Sports,2022-06-05,2022-06,1,114.73,0,114.73,55.07,0,114.73,55.07,Direct,Desktop
ORD0007853,CUST01384,PROD0010,Home & Living,2022-08-05,2022-08,2,50.82,0,101.64,38.62,0,101.64,38.62,Direct,Desktop
ORD0007854,CUST01384,PROD0052,Clothing,2023-08-23,2023-08,1,61.19,0,61.19,17.75,0,61.19,17.75,Direct,Desktop
ORD0007855,CUST01384,PROD0040,Beauty,2024-03-17,2024-03,3,42.24,0,126.72,51.96,0,126.72,51.96,Direct,Desktop
ORD0007856,CUST01384,PROD0121,Clothing,2022-10-03,2022-10,2,86.37,0,172.74,84.64,0,172.74,84.64,Direct,Desktop
ORD0007857,CUST01385,PROD0035,Beauty,2023-10-14,2023-10,2,43.82,0,87.64,50.83,0,87.64,50.83,Influencer,Mobile
ORD0007858,CUST01385,PROD0170,Beauty,2023-09-21,2023-09,2,69.97,0,139.94,89.56,0,139.94,89.56,Influencer,Mobile
ORD0007859,CUST01385,PROD0127,Accessories,2023-09-27,2023-09,1,49.21,0,49.21,15.26,0,49.21,15.26,Influencer,Mobile
ORD0007860,CUST01385,PROD0062,Accessories,2023-11-24,2023-11,3,85.04,0,255.12,107.15,1,0.0,0.0,Influencer,Mobile
ORD0007861,CUST01385,PROD0136,Accessories,2023-08-16,2023-08,2,78.97,0,157.94,58.44,0,157.94,58.44,Influencer,Mobile
ORD0007862,CUST01385,PROD0079,Footwear,2023-08-13,2023-08,1,67.68,0,67.68,28.43,0,67.68,28.43,Influencer,Mobile
ORD0007863,CUST01385,PROD0078,Accessories,2023-10-08,2023-10,3,83.84,0,251.52,150.91,0,251.52,150.91,Influencer,Mobile
ORD0007864,CUST01385,PROD0180,Sports,2023-10-08,2023-10,1,57.83,0,57.83,32.38,1,0.0,0.0,Influencer,Mobile
ORD0007865,CUST01385,PROD0037,Clothing,2023-11-09,2023-11,3,99.72,0,299.16,113.68,1,0.0,0.0,Influencer,Mobile
ORD0007866,CUST01385,PROD0138,Home & Living,2023-11-16,2023-11,1,126.57,0,126.57,56.96,0,126.57,56.96,Influencer,Mobile
ORD0007867,CUST01386,PROD0003,Footwear,2023-12-20,2023-12,1,63.28,0.2,50.62,25.31,1,0.0,0.0,Email,Desktop
ORD0007868,CUST01386,PROD0124,Beauty,2023-08-17,2023-08,1,20.18,0,20.18,9.48,0,20.18,9.48,Email,Desktop
ORD0007869,CUST01386,PROD0003,Footwear,2024-01-03,2024-01,1,63.28,0,63.28,31.64,1,0.0,0.0,Email,Desktop
ORD0007870,CUST01386,PROD0028,Sports,2023-08-31,2023-08,1,115.45,0.15,98.13,48.08,1,0.0,0.0,Email,Desktop
ORD0007871,CUST01386,PROD0181,Home & Living,2023-02-26,2023-02,2,68.65,0.15,116.71,66.52,0,116.71,66.52,Email,Desktop
ORD0007872,CUST01386,PROD0035,Beauty,2023-09-24,2023-09,3,43.82,0.15,111.74,64.81,0,111.74,64.81,Email,Desktop
ORD0007873,CUST01386,PROD0165,Footwear,2024-02-24,2024-02,1,116.35,0,116.35,74.46,1,0.0,0.0,Email,Desktop
ORD0007874,CUST01386,PROD0192,Sports,2023-07-28,2023-07,3,82.92,0.2,199.01,103.49,0,199.01,103.49,Email,Desktop
ORD0007875,CUST01386,PROD0073,Sports,2023-01-25,2023-01,1,66.61,0,66.61,23.98,1,0.0,0.0,Email,Desktop
ORD0007876,CUST01386,PROD0028,Sports,2023-05-23,2023-05,3,115.45,0.15,294.4,144.26,1,0.0,0.0,Email,Desktop
ORD0007877,CUST01386,PROD0038,Accessories,2023-07-17,2023-07,2,85.41,0.15,145.2,79.86,1,0.0,0.0,Email,Desktop
ORD0007878,CUST01387,PROD0145,Clothing,2024-02-06,2024-02,3,70.32,0,210.96,126.58,0,210.96,126.58,Organic Search,Mobile
ORD0007879,CUST01387,PROD0043,Footwear,2023-07-12,2023-07,3,62.01,0,186.03,115.34,0,186.03,115.34,Organic Search,Mobile
ORD0007880,CUST01387,PROD0106,Footwear,2023-12-18,2023-12,1,188.1,0,188.1,80.88,1,0.0,0.0,Organic Search,Mobile
ORD0007881,CUST01387,PROD0097,Clothing,2023-04-08,2023-04,3,60.58,0,181.74,52.7,0,181.74,52.7,Organic Search,Mobile
ORD0007882,CUST01387,PROD0179,Footwear,2024-03-18,2024-03,3,56.4,0,169.2,104.9,0,169.2,104.9,Organic Search,Mobile
ORD0007883,CUST01387,PROD0049,Home & Living,2023-07-17,2023-07,1,60.55,0,60.55,23.61,0,60.55,23.61,Organic Search,Mobile
ORD0007884,CUST01388,PROD0019,Beauty,2022-06-26,2022-06,2,17.13,0,34.26,15.07,0,34.26,15.07,Direct,Mobile
ORD0007885,CUST01388,PROD0057,Beauty,2022-06-19,2022-06,3,25.42,0,76.26,36.6,0,76.26,36.6,Direct,Mobile
ORD0007886,CUST01389,PROD0008,Footwear,2022-10-30,2022-10,2,151.56,0,303.12,184.9,0,303.12,184.9,Direct,Desktop
ORD0007887,CUST01389,PROD0034,Clothing,2023-02-09,2023-02,3,108.12,0,324.36,129.74,0,324.36,129.74,Direct,Desktop
ORD0007888,CUST01389,PROD0094,Home & Living,2023-10-22,2023-10,1,56.47,0,56.47,35.58,0,56.47,35.58,Direct,Desktop
ORD0007889,CUST01390,PROD0109,Sports,2023-10-05,2023-10,2,60.91,0,121.82,37.76,0,121.82,37.76,Referral,Mobile
ORD0007890,CUST01390,PROD0124,Beauty,2023-11-06,2023-11,1,20.18,0,20.18,9.48,0,20.18,9.48,Referral,Mobile
ORD0007891,CUST01390,PROD0067,Clothing,2024-02-21,2024-02,3,47.62,0,142.86,45.72,0,142.86,45.72,Referral,Mobile
ORD0007892,CUST01390,PROD0099,Home & Living,2024-03-26,2024-03,2,113.39,0.1,204.1,75.52,1,0.0,0.0,Referral,Mobile
ORD0007893,CUST01391,PROD0119,Beauty,2023-01-09,2023-01,2,20.14,0,40.28,14.5,0,40.28,14.5,Paid Social,Mobile
ORD0007894,CUST01391,PROD0036,Home & Living,2023-08-16,2023-08,2,74.59,0,149.18,52.21,0,149.18,52.21,Paid Social,Mobile
ORD0007895,CUST01392,PROD0066,Footwear,2024-02-20,2024-02,2,151.36,0,302.72,87.79,0,302.72,87.79,Email,Mobile
ORD0007896,CUST01392,PROD0151,Clothing,2023-09-05,2023-09,2,30.88,0,61.76,27.17,0,61.76,27.17,Email,Mobile
ORD0007897,CUST01392,PROD0175,Footwear,2024-01-30,2024-01,3,69.53,0,208.59,62.58,1,0.0,0.0,Email,Mobile
ORD0007898,CUST01392,PROD0124,Beauty,2024-01-06,2024-01,2,20.18,0.15,34.31,16.13,0,34.31,16.13,Email,Mobile
ORD0007899,CUST01392,PROD0178,Clothing,2023-10-25,2023-10,3,60.67,0.2,145.61,58.24,1,0.0,0.0,Email,Mobile
ORD0007900,CUST01392,PROD0062,Accessories,2023-09-07,2023-09,1,85.04,0.1,76.54,32.15,0,76.54,32.15,Email,Mobile
ORD0007901,CUST01392,PROD0170,Beauty,2024-02-04,2024-02,1,69.97,0.1,62.97,40.3,0,62.97,40.3,Email,Mobile
ORD0007902,CUST01392,PROD0180,Sports,2023-11-24,2023-11,3,57.83,0,173.49,97.15,0,173.49,97.15,Email,Mobile
ORD0007903,CUST01392,PROD0090,Home & Living,2024-01-03,2024-01,2,99.94,0.1,179.89,113.33,0,179.89,113.33,Email,Mobile
ORD0007904,CUST01392,PROD0198,Sports,2023-11-16,2023-11,3,59.63,0.15,152.06,63.87,0,152.06,63.87,Email,Mobile
ORD0007905,CUST01392,PROD0141,Beauty,2023-10-03,2023-10,3,60.76,0,182.28,61.98,0,182.28,61.98,Email,Mobile
ORD0007906,CUST01393,PROD0109,Sports,2023-10-26,2023-10,3,60.91,0,182.73,56.65,0,182.73,56.65,Referral,Mobile
ORD0007907,CUST01393,PROD0195,Accessories,2023-12-22,2023-12,1,33.68,0.1,30.31,18.49,0,30.31,18.49,Referral,Mobile
ORD0007908,CUST01393,PROD0099,Home & Living,2022-04-15,2022-04,2,113.39,0,226.78,83.91,0,226.78,83.91,Referral,Mobile
ORD0007909,CUST01393,PROD0060,Footwear,2022-03-15,2022-03,2,104.31,0,208.62,60.5,0,208.62,60.5,Referral,Mobile
ORD0007910,CUST01394,PROD0092,Beauty,2024-01-04,2024-01,3,19.38,0,58.14,18.6,0,58.14,18.6,Referral,Mobile
ORD0007911,CUST01394,PROD0089,Sports,2023-02-03,2023-02,1,40.38,0,40.38,13.33,0,40.38,13.33,Referral,Mobile
ORD0007912,CUST01394,PROD0119,Beauty,2022-05-23,2022-05,2,20.14,0,40.28,14.5,0,40.28,14.5,Referral,Mobile
ORD0007913,CUST01394,PROD0185,Footwear,2023-09-22,2023-09,2,196.58,0.1,353.84,180.46,0,353.84,180.46,Referral,Mobile
ORD0007914,CUST01394,PROD0134,Accessories,2023-06-18,2023-06,2,24.1,0,48.2,26.99,0,48.2,26.99,Referral,Mobile
ORD0007915,CUST01394,PROD0114,Beauty,2022-11-03,2022-11,1,25.83,0,25.83,10.59,0,25.83,10.59,Referral,Mobile
ORD0007916,CUST01394,PROD0132,Home & Living,2024-01-20,2024-01,2,31.95,0,63.9,37.06,0,63.9,37.06,Referral,Mobile
ORD0007917,CUST01394,PROD0079,Footwear,2022-08-05,2022-08,1,67.68,0,67.68,28.43,0,67.68,28.43,Referral,Mobile
ORD0007918,CUST01394,PROD0084,Accessories,2022-03-23,2022-03,1,45.9,0.1,41.31,11.57,0,41.31,11.57,Referral,Mobile
ORD0007919,CUST01394,PROD0057,Beauty,2022-05-26,2022-05,2,25.42,0.1,45.76,21.96,0,45.76,21.96,Referral,Mobile
ORD0007920,CUST01394,PROD0002,Clothing,2023-01-09,2023-01,3,48.81,0.1,131.79,83.03,0,131.79,83.03,Referral,Mobile
ORD0007921,CUST01394,PROD0080,Sports,2022-10-04,2022-10,2,42.1,0.1,75.78,37.89,0,75.78,37.89,Referral,Mobile
ORD0007922,CUST01394,PROD0121,Clothing,2023-05-14,2023-05,1,86.37,0,86.37,42.32,0,86.37,42.32,Referral,Mobile
ORD0007923,CUST01395,PROD0107,Clothing,2023-10-28,2023-10,3,91.09,0,273.27,169.43,1,0.0,0.0,Paid Social,Desktop
ORD0007924,CUST01395,PROD0172,Beauty,2024-01-18,2024-01,2,19.11,0,38.22,16.43,0,38.22,16.43,Paid Social,Desktop
ORD0007925,CUST01395,PROD0129,Accessories,2023-11-23,2023-11,1,45.01,0.05,42.76,13.26,0,42.76,13.26,Paid Social,Desktop
ORD0007926,CUST01395,PROD0179,Footwear,2024-01-08,2024-01,2,56.4,0,112.8,69.94,0,112.8,69.94,Paid Social,Desktop
ORD0007927,CUST01395,PROD0015,Footwear,2024-02-19,2024-02,3,131.63,0,394.89,161.9,1,0.0,0.0,Paid Social,Desktop
ORD0007928,CUST01395,PROD0155,Beauty,2024-03-18,2024-03,2,35.29,0,70.58,28.94,1,0.0,0.0,Paid Social,Desktop
ORD0007929,CUST01395,PROD0035,Beauty,2024-03-25,2024-03,1,43.82,0.05,41.63,24.15,0,41.63,24.15,Paid Social,Desktop
ORD0007930,CUST01395,PROD0198,Sports,2024-01-16,2024-01,1,59.63,0,59.63,25.04,0,59.63,25.04,Paid Social,Desktop
ORD0007931,CUST01396,PROD0021,Beauty,2023-05-23,2023-05,2,65.25,0,130.5,80.91,1,0.0,0.0,Email,Tablet
ORD0007932,CUST01396,PROD0124,Beauty,2024-03-04,2024-03,3,20.18,0,60.54,28.45,0,60.54,28.45,Email,Tablet
ORD0007933,CUST01396,PROD0194,Accessories,2023-11-16,2023-11,3,80.84,0,242.52,123.69,0,242.52,123.69,Email,Tablet
ORD0007934,CUST01396,PROD0038,Accessories,2023-09-28,2023-09,2,85.41,0.2,136.66,75.16,1,0.0,0.0,Email,Tablet
ORD0007935,CUST01396,PROD0145,Clothing,2023-06-17,2023-06,1,70.32,0,70.32,42.19,0,70.32,42.19,Email,Tablet
ORD0007936,CUST01396,PROD0199,Sports,2023-09-30,2023-09,2,40.52,0.1,72.94,23.34,0,72.94,23.34,Email,Tablet
ORD0007937,CUST01397,PROD0016,Beauty,2024-02-23,2024-02,1,14.72,0.05,13.98,8.95,1,0.0,0.0,Paid Social,Mobile
ORD0007938,CUST01397,PROD0135,Beauty,2022-09-08,2022-09,2,31.76,0,63.52,39.38,0,63.52,39.38,Paid Social,Mobile
ORD0007939,CUST01397,PROD0111,Clothing,2024-03-14,2024-03,1,72.51,0,72.51,44.23,0,72.51,44.23,Paid Social,Mobile
ORD0007940,CUST01398,PROD0052,Clothing,2024-01-31,2024-01,2,61.19,0,122.38,35.49,0,122.38,35.49,Influencer,Mobile
ORD0007941,CUST01398,PROD0019,Beauty,2022-11-29,2022-11,2,17.13,0,34.26,15.07,1,0.0,0.0,Influencer,Mobile
ORD0007942,CUST01398,PROD0038,Accessories,2022-06-07,2022-06,3,85.41,0,256.23,140.93,0,256.23,140.93,Influencer,Mobile
ORD0007943,CUST01399,PROD0095,Accessories,2023-10-16,2023-10,1,33.53,0.1,30.18,17.2,0,30.18,17.2,Paid Social,Mobile
ORD0007944,CUST01399,PROD0174,Clothing,2023-02-24,2023-02,1,69.83,0,69.83,18.16,0,69.83,18.16,Paid Social,Mobile
ORD0007945,CUST01399,PROD0179,Footwear,2023-07-29,2023-07,2,56.4,0,112.8,69.94,1,0.0,0.0,Paid Social,Mobile
ORD0007946,CUST01400,PROD0130,Home & Living,2024-02-08,2024-02,2,126.57,0,253.14,146.82,0,253.14,146.82,Email,Mobile
ORD0007947,CUST01400,PROD0184,Sports,2024-03-02,2024-03,2,135.08,0,270.16,72.94,0,270.16,72.94,Email,Mobile
ORD0007948,CUST01400,PROD0145,Clothing,2022-06-17,2022-06,1,70.32,0.1,63.29,37.97,1,0.0,0.0,Email,Mobile
ORD0007949,CUST01400,PROD0144,Beauty,2022-05-28,2022-05,1,34.94,0.15,29.7,16.34,1,0.0,0.0,Email,Mobile
ORD0007950,CUST01400,PROD0157,Sports,2022-12-15,2022-12,3,101.12,0.2,242.69,101.93,0,242.69,101.93,Email,Mobile
ORD0007951,CUST01400,PROD0088,Accessories,2023-02-20,2023-02,3,42.05,0.2,100.92,37.34,0,100.92,37.34,Email,Mobile
ORD0007952,CUST01401,PROD0098,Home & Living,2023-08-11,2023-08,1,101.77,0,101.77,42.74,0,101.77,42.74,Organic Search,Mobile
ORD0007953,CUST01401,PROD0092,Beauty,2023-09-20,2023-09,3,19.38,0,58.14,18.6,1,0.0,0.0,Organic Search,Mobile
ORD0007954,CUST01401,PROD0101,Footwear,2023-09-18,2023-09,1,191.81,0,191.81,84.4,0,191.81,84.4,Organic Search,Mobile
ORD0007955,CUST01401,PROD0198,Sports,2023-05-29,2023-05,3,59.63,0,178.89,75.13,0,178.89,75.13,Organic Search,Mobile
ORD0007956,CUST01401,PROD0131,Beauty,2023-12-31,2023-12,3,36.76,0,110.28,38.6,1,0.0,0.0,Organic Search,Mobile
ORD0007957,CUST01401,PROD0035,Beauty,2024-01-16,2024-01,2,43.82,0,87.64,50.83,0,87.64,50.83,Organic Search,Mobile
ORD0007958,CUST01401,PROD0013,Sports,2024-01-11,2024-01,3,147.02,0,441.06,172.01,0,441.06,172.01,Organic Search,Mobile
ORD0007959,CUST01402,PROD0148,Beauty,2023-11-24,2023-11,3,56.54,0.05,161.14,88.63,0,161.14,88.63,Paid Social,Mobile
ORD0007960,CUST01402,PROD0124,Beauty,2024-03-05,2024-03,3,20.18,0,60.54,28.45,0,60.54,28.45,Paid Social,Mobile
ORD0007961,CUST01402,PROD0146,Accessories,2023-05-25,2023-05,1,80.98,0,80.98,28.34,0,80.98,28.34,Paid Social,Mobile
ORD0007962,CUST01402,PROD0113,Home & Living,2023-01-01,2023-01,2,30.82,0,61.64,32.67,1,0.0,0.0,Paid Social,Mobile
ORD0007963,CUST01403,PROD0029,Accessories,2023-04-11,2023-04,2,59.38,0,118.76,71.26,0,118.76,71.26,Organic Search,Desktop
ORD0007964,CUST01403,PROD0066,Footwear,2023-09-24,2023-09,1,151.36,0,151.36,43.89,0,151.36,43.89,Organic Search,Desktop
ORD0007965,CUST01403,PROD0177,Accessories,2023-11-29,2023-11,1,31.44,0,31.44,11.95,0,31.44,11.95,Organic Search,Desktop
ORD0007966,CUST01403,PROD0148,Beauty,2023-10-26,2023-10,2,56.54,0,113.08,62.19,1,0.0,0.0,Organic Search,Desktop
ORD0007967,CUST01404,PROD0126,Sports,2023-08-25,2023-08,2,92.2,0.1,165.96,106.21,0,165.96,106.21,Email,Desktop
ORD0007968,CUST01404,PROD0114,Beauty,2023-09-24,2023-09,3,25.83,0.15,65.87,27.01,0,65.87,27.01,Email,Desktop
ORD0007969,CUST01404,PROD0019,Beauty,2023-10-01,2023-10,1,17.13,0,17.13,7.54,1,0.0,0.0,Email,Desktop
ORD0007970,CUST01404,PROD0099,Home & Living,2023-08-02,2023-08,3,113.39,0,340.17,125.86,0,340.17,125.86,Email,Desktop
ORD0007971,CUST01404,PROD0129,Accessories,2023-11-19,2023-11,1,45.01,0,45.01,13.95,0,45.01,13.95,Email,Desktop
ORD0007972,CUST01404,PROD0068,Accessories,2023-08-25,2023-08,3,58.26,0.2,139.82,58.72,0,139.82,58.72,Email,Desktop
ORD0007973,CUST01405,PROD0033,Sports,2023-08-31,2023-08,2,54.48,0,108.96,30.51,0,108.96,30.51,Organic Search,Mobile
ORD0007974,CUST01406,PROD0155,Beauty,2023-09-21,2023-09,1,35.29,0.1,31.76,13.02,0,31.76,13.02,Email,Mobile
ORD0007975,CUST01406,PROD0032,Home & Living,2024-03-29,2024-03,1,43.05,0.2,34.44,9.99,1,0.0,0.0,Email,Mobile
ORD0007976,CUST01406,PROD0049,Home & Living,2023-12-12,2023-12,1,60.55,0,60.55,23.61,0,60.55,23.61,Email,Mobile
ORD0007977,CUST01407,PROD0013,Sports,2023-06-20,2023-06,2,147.02,0.05,279.34,108.94,0,279.34,108.94,Paid Social,Mobile
ORD0007978,CUST01407,PROD0158,Home & Living,2023-11-25,2023-11,3,50.83,0.1,137.24,64.5,0,137.24,64.5,Paid Social,Mobile
ORD0007979,CUST01407,PROD0050,Home & Living,2024-01-03,2024-01,2,120.87,0,241.74,65.27,1,0.0,0.0,Paid Social,Mobile
ORD0007980,CUST01407,PROD0125,Sports,2023-12-20,2023-12,2,126.04,0,252.08,98.31,0,252.08,98.31,Paid Social,Mobile
ORD0007981,CUST01407,PROD0031,Footwear,2023-10-15,2023-10,3,42.93,0,128.79,56.67,0,128.79,56.67,Paid Social,Mobile
ORD0007982,CUST01408,PROD0075,Accessories,2023-01-27,2023-01,2,80.95,0.1,145.71,58.28,0,145.71,58.28,Paid Social,Tablet
ORD0007983,CUST01408,PROD0081,Home & Living,2023-02-13,2023-02,2,97.71,0.05,185.65,48.27,1,0.0,0.0,Paid Social,Tablet
ORD0007984,CUST01408,PROD0184,Sports,2022-10-09,2022-10,2,135.08,0.05,256.65,69.3,0,256.65,69.3,Paid Social,Tablet
ORD0007985,CUST01409,PROD0033,Sports,2023-12-07,2023-12,3,54.48,0,163.44,45.76,1,0.0,0.0,Referral,Desktop
ORD0007986,CUST01409,PROD0049,Home & Living,2022-12-10,2022-12,1,60.55,0,60.55,23.61,0,60.55,23.61,Referral,Desktop
ORD0007987,CUST01409,PROD0198,Sports,2023-11-29,2023-11,2,59.63,0,119.26,50.09,0,119.26,50.09,Referral,Desktop
ORD0007988,CUST01409,PROD0101,Footwear,2024-01-28,2024-01,1,191.81,0.1,172.63,75.96,0,172.63,75.96,Referral,Desktop
ORD0007989,CUST01409,PROD0063,Accessories,2023-03-12,2023-03,2,72.45,0.1,130.41,44.34,0,130.41,44.34,Referral,Desktop
ORD0007990,CUST01410,PROD0070,Home & Living,2023-06-04,2023-06,1,75.93,0,75.93,44.8,1,0.0,0.0,Email,Tablet
ORD0007991,CUST01410,PROD0039,Beauty,2023-02-25,2023-02,1,69.16,0.15,58.79,32.92,1,0.0,0.0,Email,Tablet
ORD0007992,CUST01410,PROD0032,Home & Living,2023-12-13,2023-12,3,43.05,0.1,116.23,33.71,1,0.0,0.0,Email,Tablet
ORD0007993,CUST01410,PROD0113,Home & Living,2023-04-05,2023-04,3,30.82,0,92.46,49.0,1,0.0,0.0,Email,Tablet
ORD0007994,CUST01410,PROD0200,Footwear,2023-02-04,2023-02,3,43.07,0,129.21,73.65,0,129.21,73.65,Email,Tablet
ORD0007995,CUST01410,PROD0064,Footwear,2023-09-03,2023-09,1,190.18,0.1,171.16,66.75,0,171.16,66.75,Email,Tablet
ORD0007996,CUST01411,PROD0120,Home & Living,2024-01-20,2024-01,2,118.52,0,237.04,73.48,0,237.04,73.48,Influencer,Mobile
ORD0007997,CUST01411,PROD0095,Accessories,2023-12-16,2023-12,2,33.53,0,67.06,38.22,0,67.06,38.22,Influencer,Mobile
ORD0007998,CUST01411,PROD0150,Beauty,2023-03-19,2023-03,1,24.66,0,24.66,12.08,0,24.66,12.08,Influencer,Mobile
ORD0007999,CUST01411,PROD0131,Beauty,2023-07-08,2023-07,1,36.76,0,36.76,12.87,1,0.0,0.0,Influencer,Mobile
ORD0008000,CUST01411,PROD0052,Clothing,2023-05-30,2023-05,1,61.19,0,61.19,17.75,0,61.19,17.75,Influencer,Mobile
ORD0008001,CUST01412,PROD0024,Beauty,2023-06-12,2023-06,1,20.35,0,20.35,8.34,0,20.35,8.34,Direct,Mobile
ORD0008002,CUST01412,PROD0151,Clothing,2023-05-29,2023-05,2,30.88,0,61.76,27.17,0,61.76,27.17,Direct,Mobile
ORD0008003,CUST01412,PROD0180,Sports,2023-06-18,2023-06,2,57.83,0,115.66,64.77,0,115.66,64.77,Direct,Mobile
ORD0008004,CUST01412,PROD0152,Accessories,2023-05-22,2023-05,3,36.62,0,109.86,48.34,1,0.0,0.0,Direct,Mobile
ORD0008005,CUST01412,PROD0159,Beauty,2022-12-23,2022-12,2,20.79,0,41.58,12.89,0,41.58,12.89,Direct,Mobile
ORD0008006,CUST01412,PROD0181,Home & Living,2022-10-17,2022-10,1,68.65,0,68.65,39.13,0,68.65,39.13,Direct,Mobile
ORD0008007,CUST01412,PROD0098,Home & Living,2022-09-22,2022-09,1,101.77,0,101.77,42.74,0,101.77,42.74,Direct,Mobile
ORD0008008,CUST01412,PROD0014,Beauty,2023-07-18,2023-07,3,56.06,0,168.18,105.95,0,168.18,105.95,Direct,Mobile
ORD0008009,CUST01412,PROD0001,Accessories,2023-10-25,2023-10,3,40.31,0,120.93,42.33,0,120.93,42.33,Direct,Mobile
ORD0008010,CUST01413,PROD0033,Sports,2023-02-16,2023-02,3,54.48,0,163.44,45.76,1,0.0,0.0,Email,Mobile
ORD0008011,CUST01413,PROD0062,Accessories,2024-03-12,2024-03,2,85.04,0.1,153.07,64.29,1,0.0,0.0,Email,Mobile
ORD0008012,CUST01414,PROD0103,Accessories,2023-10-05,2023-10,2,84.89,0.15,144.31,64.94,1,0.0,0.0,Email,Mobile
ORD0008013,CUST01414,PROD0110,Footwear,2023-12-07,2023-12,1,106.03,0.15,90.13,48.67,0,90.13,48.67,Email,Mobile
ORD0008014,CUST01415,PROD0102,Footwear,2023-06-08,2023-06,2,44.77,0.2,71.63,18.62,0,71.63,18.62,Email,Mobile
ORD0008015,CUST01415,PROD0182,Accessories,2022-09-13,2022-09,2,22.63,0,45.26,17.2,1,0.0,0.0,Email,Mobile
ORD0008016,CUST01415,PROD0004,Accessories,2023-01-12,2023-01,1,19.48,0.1,17.53,11.04,0,17.53,11.04,Email,Mobile
ORD0008017,CUST01415,PROD0158,Home & Living,2024-03-08,2024-03,2,50.83,0.15,86.41,40.61,0,86.41,40.61,Email,Mobile
ORD0008018,CUST01415,PROD0058,Accessories,2022-10-02,2022-10,2,50.31,0,100.62,33.2,0,100.62,33.2,Email,Mobile
ORD0008019,CUST01415,PROD0131,Beauty,2024-02-11,2024-02,1,36.76,0,36.76,12.87,1,0.0,0.0,Email,Mobile
ORD0008020,CUST01416,PROD0126,Sports,2023-11-05,2023-11,1,92.2,0.05,87.59,56.06,0,87.59,56.06,Paid Social,Mobile
ORD0008021,CUST01416,PROD0026,Footwear,2024-02-22,2024-02,3,66.28,0.05,188.9,49.11,0,188.9,49.11,Paid Social,Mobile
ORD0008022,CUST01416,PROD0054,Sports,2023-06-05,2023-06,2,142.4,0.05,270.56,135.28,0,270.56,135.28,Paid Social,Mobile
ORD0008023,CUST01416,PROD0117,Accessories,2024-01-03,2024-01,2,65.2,0,130.4,37.82,0,130.4,37.82,Paid Social,Mobile
ORD0008024,CUST01416,PROD0179,Footwear,2024-03-28,2024-03,1,56.4,0,56.4,34.97,0,56.4,34.97,Paid Social,Mobile
ORD0008025,CUST01417,PROD0109,Sports,2022-11-08,2022-11,2,60.91,0.2,97.46,30.21,0,97.46,30.21,Email,Mobile
ORD0008026,CUST01417,PROD0056,Home & Living,2022-11-04,2022-11,3,70.19,0.1,189.51,102.34,0,189.51,102.34,Email,Mobile
ORD0008027,CUST01417,PROD0144,Beauty,2024-01-29,2024-01,1,34.94,0,34.94,19.22,0,34.94,19.22,Email,Mobile
ORD0008028,CUST01417,PROD0046,Sports,2022-11-20,2022-11,2,44.39,0,88.78,47.05,0,88.78,47.05,Email,Mobile
ORD0008029,CUST01417,PROD0148,Beauty,2023-07-30,2023-07,3,56.54,0.1,152.66,83.96,1,0.0,0.0,Email,Mobile
ORD0008030,CUST01417,PROD0152,Accessories,2023-05-10,2023-05,2,36.62,0,73.24,32.23,0,73.24,32.23,Email,Mobile
ORD0008031,CUST01417,PROD0092,Beauty,2023-10-12,2023-10,3,19.38,0.2,46.51,14.88,1,0.0,0.0,Email,Mobile
ORD0008032,CUST01417,PROD0020,Clothing,2023-02-01,2023-02,2,35.77,0,71.54,32.91,0,71.54,32.91,Email,Mobile
ORD0008033,CUST01417,PROD0014,Beauty,2023-09-18,2023-09,3,56.06,0.1,151.36,95.36,0,151.36,95.36,Email,Mobile
ORD0008034,CUST01417,PROD0079,Footwear,2024-02-16,2024-02,1,67.68,0,67.68,28.43,0,67.68,28.43,Email,Mobile
ORD0008035,CUST01418,PROD0104,Sports,2023-06-15,2023-06,1,40.92,0,40.92,14.73,0,40.92,14.73,Paid Social,Mobile
ORD0008036,CUST01418,PROD0087,Home & Living,2023-01-26,2023-01,2,45.63,0,91.26,52.93,1,0.0,0.0,Paid Social,Mobile
ORD0008037,CUST01418,PROD0049,Home & Living,2023-07-13,2023-07,1,60.55,0.05,57.52,22.43,0,57.52,22.43,Paid Social,Mobile
ORD0008038,CUST01419,PROD0174,Clothing,2023-11-09,2023-11,2,69.83,0,139.66,36.31,0,139.66,36.31,Paid Social,Mobile
ORD0008039,CUST01419,PROD0104,Sports,2023-10-07,2023-10,2,40.92,0.05,77.75,27.99,0,77.75,27.99,Paid Social,Mobile
ORD0008040,CUST01419,PROD0146,Accessories,2024-03-16,2024-03,3,80.98,0,242.94,85.03,0,242.94,85.03,Paid Social,Mobile
ORD0008041,CUST01419,PROD0195,Accessories,2024-01-08,2024-01,1,33.68,0,33.68,20.54,0,33.68,20.54,Paid Social,Mobile
ORD0008042,CUST01419,PROD0070,Home & Living,2023-09-15,2023-09,1,75.93,0.05,72.13,42.56,0,72.13,42.56,Paid Social,Mobile
ORD0008043,CUST01420,PROD0069,Beauty,2022-03-23,2022-03,2,52.71,0,105.42,63.25,1,0.0,0.0,Organic Search,Desktop
ORD0008044,CUST01420,PROD0055,Sports,2023-03-02,2023-03,1,136.99,0,136.99,39.73,0,136.99,39.73,Organic Search,Desktop
ORD0008045,CUST01420,PROD0063,Accessories,2023-02-10,2023-02,3,72.45,0,217.35,73.9,0,217.35,73.9,Organic Search,Desktop
ORD0008046,CUST01420,PROD0156,Sports,2023-02-09,2023-02,1,96.17,0,96.17,55.78,0,96.17,55.78,Organic Search,Desktop
ORD0008047,CUST01421,PROD0003,Footwear,2023-12-09,2023-12,1,63.28,0,63.28,31.64,1,0.0,0.0,Email,Mobile
ORD0008048,CUST01421,PROD0124,Beauty,2024-02-11,2024-02,1,20.18,0,20.18,9.48,0,20.18,9.48,Email,Mobile
ORD0008049,CUST01421,PROD0029,Accessories,2024-01-30,2024-01,1,59.38,0.15,50.47,30.28,0,50.47,30.28,Email,Mobile
ORD0008050,CUST01421,PROD0180,Sports,2023-08-29,2023-08,3,57.83,0,173.49,97.15,0,173.49,97.15,Email,Mobile
ORD0008051,CUST01421,PROD0014,Beauty,2023-10-15,2023-10,3,56.06,0,168.18,105.95,0,168.18,105.95,Email,Mobile
ORD0008052,CUST01421,PROD0180,Sports,2023-09-13,2023-09,1,57.83,0,57.83,32.38,1,0.0,0.0,Email,Mobile
ORD0008053,CUST01421,PROD0144,Beauty,2023-12-30,2023-12,1,34.94,0,34.94,19.22,0,34.94,19.22,Email,Mobile
ORD0008054,CUST01422,PROD0188,Footwear,2022-10-23,2022-10,1,148.41,0,148.41,87.56,0,148.41,87.56,Organic Search,Mobile
ORD0008055,CUST01423,PROD0142,Sports,2023-03-09,2023-03,2,114.73,0,229.46,110.14,0,229.46,110.14,Organic Search,Mobile
ORD0008056,CUST01423,PROD0172,Beauty,2023-08-22,2023-08,1,19.11,0,19.11,8.22,0,19.11,8.22,Organic Search,Mobile
ORD0008057,CUST01423,PROD0076,Clothing,2023-11-07,2023-11,2,54.02,0,108.04,33.49,0,108.04,33.49,Organic Search,Mobile
ORD0008058,CUST01423,PROD0089,Sports,2022-09-03,2022-09,3,40.38,0,121.14,39.98,0,121.14,39.98,Organic Search,Mobile
ORD0008059,CUST01423,PROD0033,Sports,2023-11-18,2023-11,1,54.48,0,54.48,15.25,0,54.48,15.25,Organic Search,Mobile
ORD0008060,CUST01423,PROD0194,Accessories,2022-08-16,2022-08,3,80.84,0,242.52,123.69,1,0.0,0.0,Organic Search,Mobile
ORD0008061,CUST01423,PROD0155,Beauty,2023-10-18,2023-10,2,35.29,0,70.58,28.94,0,70.58,28.94,Organic Search,Mobile
ORD0008062,CUST01423,PROD0080,Sports,2023-08-28,2023-08,2,42.1,0,84.2,42.1,0,84.2,42.1,Organic Search,Mobile
ORD0008063,CUST01423,PROD0177,Accessories,2023-03-18,2023-03,3,31.44,0,94.32,35.84,0,94.32,35.84,Organic Search,Mobile
ORD0008064,CUST01424,PROD0094,Home & Living,2024-03-26,2024-03,1,56.47,0.05,53.65,33.8,0,53.65,33.8,Paid Social,Desktop
ORD0008065,CUST01424,PROD0063,Accessories,2023-08-26,2023-08,3,72.45,0.05,206.48,70.2,0,206.48,70.2,Paid Social,Desktop
ORD0008066,CUST01424,PROD0179,Footwear,2023-12-26,2023-12,1,56.4,0.05,53.58,33.22,0,53.58,33.22,Paid Social,Desktop
ORD0008067,CUST01424,PROD0124,Beauty,2023-08-19,2023-08,2,20.18,0,40.36,18.97,1,0.0,0.0,Paid Social,Desktop
ORD0008068,CUST01424,PROD0042,Home & Living,2023-07-03,2023-07,2,61.51,0.05,116.87,32.72,0,116.87,32.72,Paid Social,Desktop
ORD0008069,CUST01424,PROD0159,Beauty,2023-07-17,2023-07,3,20.79,0.1,56.13,17.4,0,56.13,17.4,Paid Social,Desktop
ORD0008070,CUST01424,PROD0024,Beauty,2024-01-10,2024-01,1,20.35,0.1,18.32,7.51,0,18.32,7.51,Paid Social,Desktop
ORD0008071,CUST01424,PROD0160,Accessories,2023-10-12,2023-10,1,31.12,0.05,29.56,16.55,0,29.56,16.55,Paid Social,Desktop
ORD0008072,CUST01424,PROD0163,Beauty,2023-04-03,2023-04,3,20.18,0.1,54.49,26.16,1,0.0,0.0,Paid Social,Desktop
ORD0008073,CUST01425,PROD0186,Home & Living,2023-11-27,2023-11,1,126.59,0,126.59,36.71,0,126.59,36.71,Direct,Mobile
ORD0008074,CUST01425,PROD0061,Home & Living,2023-01-08,2023-01,2,136.85,0,273.7,101.27,1,0.0,0.0,Direct,Mobile
ORD0008075,CUST01426,PROD0074,Beauty,2023-03-23,2023-03,2,52.12,0,104.24,27.1,0,104.24,27.1,Organic Search,Mobile
ORD0008076,CUST01427,PROD0191,Accessories,2023-10-04,2023-10,3,42.93,0,128.79,63.11,0,128.79,63.11,Paid Social,Mobile
ORD0008077,CUST01427,PROD0168,Clothing,2023-09-03,2023-09,3,45.57,0,136.71,57.42,0,136.71,57.42,Paid Social,Mobile
ORD0008078,CUST01427,PROD0047,Footwear,2023-01-16,2023-01,2,144.43,0.1,259.97,101.39,0,259.97,101.39,Paid Social,Mobile
ORD0008079,CUST01427,PROD0132,Home & Living,2024-02-04,2024-02,3,31.95,0,95.85,55.59,0,95.85,55.59,Paid Social,Mobile
ORD0008080,CUST01427,PROD0073,Sports,2023-06-08,2023-06,3,66.61,0,199.83,71.94,1,0.0,0.0,Paid Social,Mobile
ORD0008081,CUST01427,PROD0020,Clothing,2023-06-26,2023-06,3,35.77,0.1,96.58,44.43,0,96.58,44.43,Paid Social,Mobile
ORD0008082,CUST01427,PROD0041,Beauty,2024-03-23,2024-03,1,68.34,0,68.34,41.0,0,68.34,41.0,Paid Social,Mobile
ORD0008083,CUST01428,PROD0001,Accessories,2024-03-02,2024-03,2,40.31,0,80.62,28.22,1,0.0,0.0,Organic Search,Tablet
ORD0008084,CUST01428,PROD0031,Footwear,2024-03-19,2024-03,1,42.93,0,42.93,18.89,0,42.93,18.89,Organic Search,Tablet
ORD0008085,CUST01428,PROD0169,Accessories,2023-05-08,2023-05,3,66.47,0,199.41,101.7,1,0.0,0.0,Organic Search,Tablet
ORD0008086,CUST01428,PROD0178,Clothing,2023-08-31,2023-08,2,60.67,0,121.34,48.54,1,0.0,0.0,Organic Search,Tablet
ORD0008087,CUST01428,PROD0174,Clothing,2024-02-03,2024-02,2,69.83,0,139.66,36.31,0,139.66,36.31,Organic Search,Tablet
ORD0008088,CUST01428,PROD0156,Sports,2023-05-23,2023-05,2,96.17,0,192.34,111.56,0,192.34,111.56,Organic Search,Tablet
ORD0008089,CUST01428,PROD0064,Footwear,2023-02-10,2023-02,2,190.18,0,380.36,148.34,0,380.36,148.34,Organic Search,Tablet
ORD0008090,CUST01428,PROD0107,Clothing,2023-08-20,2023-08,1,91.09,0,91.09,56.48,1,0.0,0.0,Organic Search,Tablet
ORD0008091,CUST01428,PROD0133,Clothing,2023-07-07,2023-07,1,70.11,0,70.11,39.96,0,70.11,39.96,Organic Search,Tablet
ORD0008092,CUST01428,PROD0112,Home & Living,2023-04-12,2023-04,2,48.0,0,96.0,54.72,0,96.0,54.72,Organic Search,Tablet
ORD0008093,CUST01428,PROD0152,Accessories,2023-02-26,2023-02,3,36.62,0,109.86,48.34,0,109.86,48.34,Organic Search,Tablet
ORD0008094,CUST01428,PROD0093,Footwear,2022-08-02,2022-08,3,85.42,0,256.26,146.07,0,256.26,146.07,Organic Search,Tablet
ORD0008095,CUST01428,PROD0002,Clothing,2024-02-08,2024-02,2,48.81,0,97.62,61.5,0,97.62,61.5,Organic Search,Tablet
ORD0008096,CUST01428,PROD0172,Beauty,2023-12-24,2023-12,2,19.11,0,38.22,16.43,0,38.22,16.43,Organic Search,Tablet
ORD0008097,CUST01429,PROD0054,Sports,2024-01-23,2024-01,1,142.4,0,142.4,71.2,0,142.4,71.2,Influencer,Desktop
ORD0008098,CUST01429,PROD0136,Accessories,2023-10-02,2023-10,3,78.97,0,236.91,87.66,0,236.91,87.66,Influencer,Desktop
ORD0008099,CUST01429,PROD0009,Sports,2024-03-04,2024-03,1,39.16,0,39.16,23.1,0,39.16,23.1,Influencer,Desktop
ORD0008100,CUST01430,PROD0123,Clothing,2023-08-11,2023-08,2,40.48,0,80.96,21.05,0,80.96,21.05,Influencer,Mobile
ORD0008101,CUST01430,PROD0061,Home & Living,2023-06-15,2023-06,3,136.85,0,410.55,151.9,0,410.55,151.9,Influencer,Mobile
ORD0008102,CUST01431,PROD0127,Accessories,2023-07-19,2023-07,2,49.21,0,98.42,30.51,0,98.42,30.51,Organic Search,Desktop
ORD0008103,CUST01431,PROD0002,Clothing,2023-12-28,2023-12,3,48.81,0,146.43,92.25,0,146.43,92.25,Organic Search,Desktop
ORD0008104,CUST01431,PROD0116,Footwear,2023-07-28,2023-07,2,141.52,0,283.04,124.54,0,283.04,124.54,Organic Search,Desktop
ORD0008105,CUST01431,PROD0194,Accessories,2023-10-29,2023-10,2,80.84,0,161.68,82.46,0,161.68,82.46,Organic Search,Desktop
ORD0008106,CUST01431,PROD0016,Beauty,2024-03-09,2024-03,1,14.72,0,14.72,9.42,0,14.72,9.42,Organic Search,Desktop
ORD0008107,CUST01431,PROD0170,Beauty,2023-09-09,2023-09,3,69.97,0,209.91,134.34,0,209.91,134.34,Organic Search,Desktop
ORD0008108,CUST01432,PROD0155,Beauty,2023-10-20,2023-10,1,35.29,0,35.29,14.47,1,0.0,0.0,Influencer,Mobile
ORD0008109,CUST01432,PROD0067,Clothing,2023-09-14,2023-09,2,47.62,0,95.24,30.48,0,95.24,30.48,Influencer,Mobile
ORD0008110,CUST01432,PROD0077,Footwear,2023-04-19,2023-04,1,66.48,0,66.48,29.92,0,66.48,29.92,Influencer,Mobile
ORD0008111,CUST01433,PROD0028,Sports,2022-12-20,2022-12,1,115.45,0.1,103.91,50.92,0,103.91,50.92,Paid Social,Mobile
ORD0008112,CUST01433,PROD0167,Footwear,2022-10-19,2022-10,1,62.12,0.1,55.91,16.21,0,55.91,16.21,Paid Social,Mobile
ORD0008113,CUST01434,PROD0183,Clothing,2023-07-26,2023-07,3,78.37,0,235.11,141.07,1,0.0,0.0,Email,Desktop
ORD0008114,CUST01434,PROD0133,Clothing,2023-06-22,2023-06,2,70.11,0.1,126.2,71.93,0,126.2,71.93,Email,Desktop
ORD0008115,CUST01435,PROD0038,Accessories,2022-11-22,2022-11,2,85.41,0,170.82,93.95,1,0.0,0.0,Direct,Mobile
ORD0008116,CUST01435,PROD0157,Sports,2023-08-14,2023-08,3,101.12,0,303.36,127.41,1,0.0,0.0,Direct,Mobile
ORD0008117,CUST01436,PROD0158,Home & Living,2023-07-15,2023-07,3,50.83,0,152.49,71.67,0,152.49,71.67,Influencer,Desktop
ORD0008118,CUST01436,PROD0004,Accessories,2023-11-29,2023-11,2,19.48,0,38.96,24.54,1,0.0,0.0,Influencer,Desktop
ORD0008119,CUST01436,PROD0190,Beauty,2024-01-08,2024-01,1,23.73,0,23.73,10.44,0,23.73,10.44,Influencer,Desktop
ORD0008120,CUST01436,PROD0123,Clothing,2023-04-19,2023-04,1,40.48,0,40.48,10.52,0,40.48,10.52,Influencer,Desktop
ORD0008121,CUST01437,PROD0047,Footwear,2023-02-05,2023-02,1,144.43,0.05,137.21,53.51,1,0.0,0.0,Paid Social,Tablet
ORD0008122,CUST01438,PROD0199,Sports,2023-01-31,2023-01,2,40.52,0,81.04,25.93,0,81.04,25.93,Organic Search,Mobile
ORD0008123,CUST01438,PROD0067,Clothing,2023-02-01,2023-02,3,47.62,0,142.86,45.72,0,142.86,45.72,Organic Search,Mobile
ORD0008124,CUST01438,PROD0010,Home & Living,2023-02-08,2023-02,1,50.82,0,50.82,19.31,0,50.82,19.31,Organic Search,Mobile
ORD0008125,CUST01438,PROD0148,Beauty,2022-09-10,2022-09,3,56.54,0,169.62,93.29,0,169.62,93.29,Organic Search,Mobile
ORD0008126,CUST01438,PROD0127,Accessories,2023-02-22,2023-02,2,49.21,0,98.42,30.51,0,98.42,30.51,Organic Search,Mobile
ORD0008127,CUST01438,PROD0123,Clothing,2023-05-02,2023-05,2,40.48,0,80.96,21.05,1,0.0,0.0,Organic Search,Mobile
ORD0008128,CUST01438,PROD0131,Beauty,2022-10-30,2022-10,3,36.76,0,110.28,38.6,0,110.28,38.6,Organic Search,Mobile
ORD0008129,CUST01439,PROD0135,Beauty,2023-12-30,2023-12,3,31.76,0,95.28,59.07,0,95.28,59.07,Influencer,Mobile
ORD0008130,CUST01439,PROD0026,Footwear,2023-07-29,2023-07,1,66.28,0,66.28,17.23,1,0.0,0.0,Influencer,Mobile
ORD0008131,CUST01439,PROD0134,Accessories,2023-09-29,2023-09,2,24.1,0,48.2,26.99,1,0.0,0.0,Influencer,Mobile
ORD0008132,CUST01439,PROD0180,Sports,2023-08-19,2023-08,2,57.83,0,115.66,64.77,0,115.66,64.77,Influencer,Mobile
ORD0008133,CUST01439,PROD0150,Beauty,2024-02-24,2024-02,1,24.66,0,24.66,12.08,1,0.0,0.0,Influencer,Mobile
ORD0008134,CUST01439,PROD0095,Accessories,2023-09-08,2023-09,3,33.53,0,100.59,57.34,0,100.59,57.34,Influencer,Mobile
ORD0008135,CUST01439,PROD0061,Home & Living,2024-01-05,2024-01,1,136.85,0,136.85,50.63,1,0.0,0.0,Influencer,Mobile
ORD0008136,CUST01440,PROD0161,Home & Living,2024-03-02,2024-03,1,33.22,0,33.22,19.6,0,33.22,19.6,Paid Social,Desktop
ORD0008137,CUST01440,PROD0022,Sports,2023-09-16,2023-09,1,30.09,0.1,27.08,15.44,0,27.08,15.44,Paid Social,Desktop
ORD0008138,CUST01440,PROD0077,Footwear,2023-10-03,2023-10,1,66.48,0.05,63.16,28.42,1,0.0,0.0,Paid Social,Desktop
ORD0008139,CUST01440,PROD0190,Beauty,2024-02-17,2024-02,2,23.73,0.1,42.71,18.79,0,42.71,18.79,Paid Social,Desktop
ORD0008140,CUST01440,PROD0027,Footwear,2023-10-31,2023-10,1,147.27,0.05,139.91,78.35,0,139.91,78.35,Paid Social,Desktop
ORD0008141,CUST01441,PROD0126,Sports,2022-10-15,2022-10,2,92.2,0,184.4,118.02,0,184.4,118.02,Organic Search,Desktop
ORD0008142,CUST01441,PROD0175,Footwear,2022-10-06,2022-10,1,69.53,0,69.53,20.86,0,69.53,20.86,Organic Search,Desktop
ORD0008143,CUST01441,PROD0076,Clothing,2023-09-24,2023-09,3,54.02,0,162.06,50.24,0,162.06,50.24,Organic Search,Desktop
ORD0008144,CUST01441,PROD0017,Home & Living,2023-02-14,2023-02,3,31.84,0,95.52,37.25,0,95.52,37.25,Organic Search,Desktop
ORD0008145,CUST01442,PROD0048,Home & Living,2024-03-10,2024-03,2,96.14,0.05,182.67,115.08,0,182.67,115.08,Paid Social,Desktop
ORD0008146,CUST01442,PROD0043,Footwear,2023-07-28,2023-07,1,62.01,0,62.01,38.45,0,62.01,38.45,Paid Social,Desktop
ORD0008147,CUST01442,PROD0060,Footwear,2023-12-14,2023-12,1,104.31,0,104.31,30.25,0,104.31,30.25,Paid Social,Desktop
ORD0008148,CUST01442,PROD0197,Clothing,2023-06-23,2023-06,2,92.45,0,184.9,66.56,0,184.9,66.56,Paid Social,Desktop
ORD0008149,CUST01443,PROD0165,Footwear,2023-11-24,2023-11,2,116.35,0,232.7,148.93,0,232.7,148.93,Organic Search,Mobile
ORD0008150,CUST01443,PROD0055,Sports,2023-12-24,2023-12,1,136.99,0,136.99,39.73,0,136.99,39.73,Organic Search,Mobile
ORD0008151,CUST01443,PROD0200,Footwear,2023-02-02,2023-02,3,43.07,0,129.21,73.65,0,129.21,73.65,Organic Search,Mobile
ORD0008152,CUST01443,PROD0170,Beauty,2023-03-29,2023-03,2,69.97,0,139.94,89.56,0,139.94,89.56,Organic Search,Mobile
ORD0008153,CUST01443,PROD0077,Footwear,2023-03-28,2023-03,1,66.48,0,66.48,29.92,0,66.48,29.92,Organic Search,Mobile
ORD0008154,CUST01443,PROD0062,Accessories,2023-10-31,2023-10,2,85.04,0,170.08,71.43,0,170.08,71.43,Organic Search,Mobile
ORD0008155,CUST01443,PROD0160,Accessories,2023-08-06,2023-08,1,31.12,0,31.12,17.43,0,31.12,17.43,Organic Search,Mobile
ORD0008156,CUST01443,PROD0067,Clothing,2023-12-05,2023-12,3,47.62,0,142.86,45.72,0,142.86,45.72,Organic Search,Mobile
ORD0008157,CUST01444,PROD0081,Home & Living,2023-12-10,2023-12,3,97.71,0.05,278.47,72.4,0,278.47,72.4,Paid Social,Mobile
ORD0008158,CUST01445,PROD0063,Accessories,2023-09-08,2023-09,3,72.45,0,217.35,73.9,0,217.35,73.9,Direct,Mobile
ORD0008159,CUST01445,PROD0181,Home & Living,2024-01-04,2024-01,1,68.65,0,68.65,39.13,0,68.65,39.13,Direct,Mobile
ORD0008160,CUST01445,PROD0020,Clothing,2023-07-31,2023-07,1,35.77,0,35.77,16.45,0,35.77,16.45,Direct,Mobile
ORD0008161,CUST01446,PROD0068,Accessories,2024-01-17,2024-01,1,58.26,0.1,52.43,22.02,0,52.43,22.02,Email,Desktop
ORD0008162,CUST01446,PROD0097,Clothing,2023-11-13,2023-11,3,60.58,0.1,163.57,47.44,0,163.57,47.44,Email,Desktop
ORD0008163,CUST01446,PROD0144,Beauty,2023-06-28,2023-06,2,34.94,0.1,62.89,34.59,0,62.89,34.59,Email,Desktop
ORD0008164,CUST01446,PROD0015,Footwear,2022-06-18,2022-06,1,131.63,0,131.63,53.97,0,131.63,53.97,Email,Desktop
ORD0008165,CUST01446,PROD0099,Home & Living,2022-06-07,2022-06,1,113.39,0,113.39,41.95,0,113.39,41.95,Email,Desktop
ORD0008166,CUST01446,PROD0036,Home & Living,2022-04-13,2022-04,2,74.59,0.15,126.8,44.38,0,126.8,44.38,Email,Desktop
ORD0008167,CUST01446,PROD0078,Accessories,2023-10-28,2023-10,2,83.84,0.1,150.91,90.55,1,0.0,0.0,Email,Desktop
ORD0008168,CUST01446,PROD0160,Accessories,2023-09-13,2023-09,2,31.12,0.2,49.79,27.88,0,49.79,27.88,Email,Desktop
ORD0008169,CUST01447,PROD0153,Accessories,2022-06-21,2022-06,2,85.5,0,171.0,95.76,1,0.0,0.0,Paid Social,Mobile
ORD0008170,CUST01447,PROD0162,Home & Living,2023-09-30,2023-09,3,81.32,0,243.96,107.34,1,0.0,0.0,Paid Social,Mobile
ORD0008171,CUST01448,PROD0194,Accessories,2023-09-28,2023-09,3,80.84,0,242.52,123.69,0,242.52,123.69,Referral,Mobile
ORD0008172,CUST01448,PROD0066,Footwear,2024-01-23,2024-01,2,151.36,0,302.72,87.79,0,302.72,87.79,Referral,Mobile
ORD0008173,CUST01448,PROD0008,Footwear,2023-09-28,2023-09,1,151.56,0,151.56,92.45,0,151.56,92.45,Referral,Mobile
ORD0008174,CUST01448,PROD0180,Sports,2023-05-08,2023-05,1,57.83,0,57.83,32.38,0,57.83,32.38,Referral,Mobile
ORD0008175,CUST01448,PROD0137,Home & Living,2023-04-18,2023-04,1,99.54,0.1,89.59,34.94,0,89.59,34.94,Referral,Mobile
ORD0008176,CUST01448,PROD0044,Footwear,2023-10-13,2023-10,1,185.76,0.1,167.18,81.92,0,167.18,81.92,Referral,Mobile
ORD0008177,CUST01449,PROD0035,Beauty,2023-12-22,2023-12,3,43.82,0,131.46,76.25,1,0.0,0.0,Organic Search,Mobile
ORD0008178,CUST01449,PROD0061,Home & Living,2024-01-13,2024-01,2,136.85,0,273.7,101.27,0,273.7,101.27,Organic Search,Mobile
ORD0008179,CUST01449,PROD0049,Home & Living,2023-11-16,2023-11,3,60.55,0,181.65,70.84,0,181.65,70.84,Organic Search,Mobile
ORD0008180,CUST01449,PROD0033,Sports,2023-04-08,2023-04,2,54.48,0,108.96,30.51,0,108.96,30.51,Organic Search,Mobile
ORD0008181,CUST01450,PROD0148,Beauty,2023-04-07,2023-04,2,56.54,0,113.08,62.19,0,113.08,62.19,Paid Social,Mobile
ORD0008182,CUST01450,PROD0054,Sports,2023-09-22,2023-09,3,142.4,0,427.2,213.6,0,427.2,213.6,Paid Social,Mobile
ORD0008183,CUST01450,PROD0193,Sports,2023-06-29,2023-06,2,95.75,0,191.5,61.28,1,0.0,0.0,Paid Social,Mobile
ORD0008184,CUST01450,PROD0160,Accessories,2024-01-24,2024-01,1,31.12,0,31.12,17.43,0,31.12,17.43,Paid Social,Mobile
ORD0008185,CUST01450,PROD0024,Beauty,2023-12-25,2023-12,1,20.35,0,20.35,8.34,0,20.35,8.34,Paid Social,Mobile
ORD0008186,CUST01450,PROD0007,Beauty,2024-02-29,2024-02,2,25.48,0,50.96,16.82,0,50.96,16.82,Paid Social,Mobile
ORD0008187,CUST01450,PROD0149,Beauty,2023-10-25,2023-10,2,65.53,0.05,124.51,64.75,0,124.51,64.75,Paid Social,Mobile
ORD0008188,CUST01450,PROD0146,Accessories,2023-11-30,2023-11,1,80.98,0,80.98,28.34,1,0.0,0.0,Paid Social,Mobile
ORD0008189,CUST01451,PROD0019,Beauty,2023-08-25,2023-08,2,17.13,0.05,32.55,14.32,1,0.0,0.0,Paid Social,Mobile
ORD0008190,CUST01451,PROD0059,Sports,2023-05-07,2023-05,3,76.4,0.1,206.28,105.2,0,206.28,105.2,Paid Social,Mobile
ORD0008191,CUST01451,PROD0138,Home & Living,2024-03-17,2024-03,3,126.57,0.05,360.72,162.32,0,360.72,162.32,Paid Social,Mobile
ORD0008192,CUST01451,PROD0153,Accessories,2023-06-28,2023-06,2,85.5,0.05,162.45,90.97,1,0.0,0.0,Paid Social,Mobile
ORD0008193,CUST01451,PROD0098,Home & Living,2023-04-27,2023-04,1,101.77,0.05,96.68,40.61,0,96.68,40.61,Paid Social,Mobile
ORD0008194,CUST01451,PROD0043,Footwear,2023-05-11,2023-05,2,62.01,0,124.02,76.89,1,0.0,0.0,Paid Social,Mobile
ORD0008195,CUST01451,PROD0131,Beauty,2024-02-20,2024-02,3,36.76,0.05,104.77,36.67,1,0.0,0.0,Paid Social,Mobile
ORD0008196,CUST01451,PROD0161,Home & Living,2023-03-19,2023-03,3,33.22,0.1,89.69,52.92,0,89.69,52.92,Paid Social,Mobile
ORD0008197,CUST01451,PROD0177,Accessories,2023-05-16,2023-05,1,31.44,0,31.44,11.95,0,31.44,11.95,Paid Social,Mobile
ORD0008198,CUST01452,PROD0178,Clothing,2022-12-07,2022-12,2,60.67,0,121.34,48.54,0,121.34,48.54,Influencer,Tablet
ORD0008199,CUST01452,PROD0018,Clothing,2022-10-20,2022-10,3,45.54,0,136.62,61.48,1,0.0,0.0,Influencer,Tablet
ORD0008200,CUST01452,PROD0075,Accessories,2023-06-30,2023-06,2,80.95,0,161.9,64.76,0,161.9,64.76,Influencer,Tablet
ORD0008201,CUST01452,PROD0053,Footwear,2024-01-15,2024-01,1,46.14,0,46.14,25.84,0,46.14,25.84,Influencer,Tablet
ORD0008202,CUST01452,PROD0031,Footwear,2024-01-04,2024-01,3,42.93,0,128.79,56.67,0,128.79,56.67,Influencer,Tablet
ORD0008203,CUST01453,PROD0019,Beauty,2022-12-01,2022-12,3,17.13,0,51.39,22.61,1,0.0,0.0,Paid Social,Mobile
ORD0008204,CUST01453,PROD0123,Clothing,2022-10-12,2022-10,2,40.48,0,80.96,21.05,0,80.96,21.05,Paid Social,Mobile
ORD0008205,CUST01453,PROD0136,Accessories,2024-03-03,2024-03,2,78.97,0,157.94,58.44,0,157.94,58.44,Paid Social,Mobile
ORD0008206,CUST01453,PROD0190,Beauty,2023-02-18,2023-02,1,23.73,0,23.73,10.44,0,23.73,10.44,Paid Social,Mobile
ORD0008207,CUST01453,PROD0149,Beauty,2023-08-13,2023-08,2,65.53,0,131.06,68.15,0,131.06,68.15,Paid Social,Mobile
ORD0008208,CUST01453,PROD0189,Home & Living,2023-09-09,2023-09,3,100.23,0.05,285.66,174.25,0,285.66,174.25,Paid Social,Mobile
ORD0008209,CUST01454,PROD0193,Sports,2023-03-12,2023-03,3,95.75,0,287.25,91.92,1,0.0,0.0,Direct,Desktop
ORD0008210,CUST01454,PROD0007,Beauty,2024-02-24,2024-02,2,25.48,0,50.96,16.82,1,0.0,0.0,Direct,Desktop
ORD0008211,CUST01454,PROD0031,Footwear,2023-04-23,2023-04,1,42.93,0,42.93,18.89,0,42.93,18.89,Direct,Desktop
ORD0008212,CUST01454,PROD0169,Accessories,2023-11-17,2023-11,3,66.47,0,199.41,101.7,0,199.41,101.7,Direct,Desktop
ORD0008213,CUST01454,PROD0009,Sports,2023-05-10,2023-05,1,39.16,0,39.16,23.1,0,39.16,23.1,Direct,Desktop
ORD0008214,CUST01455,PROD0092,Beauty,2022-12-02,2022-12,3,19.38,0.1,52.33,16.75,0,52.33,16.75,Email,Mobile
ORD0008215,CUST01455,PROD0076,Clothing,2023-03-08,2023-03,1,54.02,0.15,45.92,14.24,0,45.92,14.24,Email,Mobile
ORD0008216,CUST01455,PROD0135,Beauty,2023-06-13,2023-06,3,31.76,0.2,76.22,47.26,0,76.22,47.26,Email,Mobile
ORD0008217,CUST01455,PROD0130,Home & Living,2023-01-23,2023-01,3,126.57,0,379.71,220.23,1,0.0,0.0,Email,Mobile
ORD0008218,CUST01455,PROD0014,Beauty,2024-01-28,2024-01,1,56.06,0.15,47.65,30.02,0,47.65,30.02,Email,Mobile
ORD0008219,CUST01455,PROD0117,Accessories,2023-09-09,2023-09,3,65.2,0.15,166.26,48.22,1,0.0,0.0,Email,Mobile
ORD0008220,CUST01455,PROD0191,Accessories,2023-02-15,2023-02,1,42.93,0.2,34.34,16.83,0,34.34,16.83,Email,Mobile
ORD0008221,CUST01455,PROD0085,Accessories,2024-01-13,2024-01,1,53.78,0.15,45.71,21.94,0,45.71,21.94,Email,Mobile
ORD0008222,CUST01455,PROD0040,Beauty,2024-01-10,2024-01,2,42.24,0.15,71.81,29.44,0,71.81,29.44,Email,Mobile
ORD0008223,CUST01455,PROD0200,Footwear,2023-09-14,2023-09,3,43.07,0.15,109.83,62.6,0,109.83,62.6,Email,Mobile
ORD0008224,CUST01455,PROD0164,Accessories,2023-01-10,2023-01,3,18.66,0.15,47.58,13.8,1,0.0,0.0,Email,Mobile
ORD0008225,CUST01455,PROD0029,Accessories,2022-12-16,2022-12,3,59.38,0,178.14,106.88,0,178.14,106.88,Email,Mobile
ORD0008226,CUST01455,PROD0097,Clothing,2024-03-01,2024-03,3,60.58,0.1,163.57,47.44,0,163.57,47.44,Email,Mobile
ORD0008227,CUST01455,PROD0163,Beauty,2022-12-14,2022-12,2,20.18,0.2,32.29,15.5,0,32.29,15.5,Email,Mobile
ORD0008228,CUST01456,PROD0046,Sports,2023-12-03,2023-12,1,44.39,0.1,39.95,21.17,0,39.95,21.17,Email,Tablet
ORD0008229,CUST01456,PROD0079,Footwear,2023-10-22,2023-10,1,67.68,0.1,60.91,25.58,0,60.91,25.58,Email,Tablet
ORD0008230,CUST01457,PROD0092,Beauty,2023-10-08,2023-10,2,19.38,0.1,34.88,11.16,0,34.88,11.16,Referral,Mobile
ORD0008231,CUST01457,PROD0039,Beauty,2023-06-12,2023-06,2,69.16,0,138.32,77.46,0,138.32,77.46,Referral,Mobile
ORD0008232,CUST01457,PROD0116,Footwear,2024-03-11,2024-03,1,141.52,0,141.52,62.27,0,141.52,62.27,Referral,Mobile
ORD0008233,CUST01457,PROD0117,Accessories,2023-04-29,2023-04,2,65.2,0,130.4,37.82,0,130.4,37.82,Referral,Mobile
ORD0008234,CUST01457,PROD0185,Footwear,2023-08-17,2023-08,1,196.58,0,196.58,100.26,0,196.58,100.26,Referral,Mobile
ORD0008235,CUST01458,PROD0171,Clothing,2023-01-18,2023-01,3,49.46,0,148.38,37.09,1,0.0,0.0,Influencer,Mobile
ORD0008236,CUST01458,PROD0162,Home & Living,2024-03-15,2024-03,2,81.32,0,162.64,71.56,0,162.64,71.56,Influencer,Mobile
ORD0008237,CUST01458,PROD0007,Beauty,2023-11-05,2023-11,1,25.48,0,25.48,8.41,0,25.48,8.41,Influencer,Mobile
ORD0008238,CUST01458,PROD0008,Footwear,2024-02-18,2024-02,3,151.56,0,454.68,277.35,0,454.68,277.35,Influencer,Mobile
ORD0008239,CUST01458,PROD0075,Accessories,2022-07-24,2022-07,1,80.95,0,80.95,32.38,0,80.95,32.38,Influencer,Mobile
ORD0008240,CUST01458,PROD0020,Clothing,2024-01-11,2024-01,2,35.77,0,71.54,32.91,0,71.54,32.91,Influencer,Mobile
ORD0008241,CUST01459,PROD0104,Sports,2023-01-09,2023-01,2,40.92,0.1,73.66,26.52,0,73.66,26.52,Referral,Desktop
ORD0008242,CUST01459,PROD0005,Footwear,2023-05-18,2023-05,2,121.17,0,242.34,140.56,0,242.34,140.56,Referral,Desktop
ORD0008243,CUST01459,PROD0009,Sports,2022-11-06,2022-11,1,39.16,0,39.16,23.1,0,39.16,23.1,Referral,Desktop
ORD0008244,CUST01459,PROD0098,Home & Living,2023-11-19,2023-11,1,101.77,0,101.77,42.74,0,101.77,42.74,Referral,Desktop
ORD0008245,CUST01460,PROD0027,Footwear,2024-03-10,2024-03,1,147.27,0,147.27,82.47,0,147.27,82.47,Email,Mobile
ORD0008246,CUST01460,PROD0070,Home & Living,2024-03-20,2024-03,1,75.93,0.15,64.54,38.08,1,0.0,0.0,Email,Mobile
ORD0008247,CUST01460,PROD0136,Accessories,2023-12-01,2023-12,2,78.97,0.2,126.35,46.75,0,126.35,46.75,Email,Mobile
ORD0008248,CUST01460,PROD0082,Beauty,2023-10-14,2023-10,2,20.0,0.15,34.0,22.1,0,34.0,22.1,Email,Mobile
ORD0008249,CUST01460,PROD0121,Clothing,2023-09-10,2023-09,2,86.37,0.1,155.47,76.18,1,0.0,0.0,Email,Mobile
ORD0008250,CUST01460,PROD0129,Accessories,2023-04-10,2023-04,2,45.01,0.2,72.02,22.33,0,72.02,22.33,Email,Mobile
ORD0008251,CUST01460,PROD0032,Home & Living,2023-06-26,2023-06,2,43.05,0,86.1,24.97,1,0.0,0.0,Email,Mobile
ORD0008252,CUST01460,PROD0088,Accessories,2023-10-25,2023-10,2,42.05,0.2,67.28,24.89,1,0.0,0.0,Email,Mobile
ORD0008253,CUST01460,PROD0196,Sports,2023-12-23,2023-12,3,92.93,0.1,250.91,155.56,0,250.91,155.56,Email,Mobile
ORD0008254,CUST01461,PROD0098,Home & Living,2023-06-03,2023-06,1,101.77,0.1,91.59,38.47,0,91.59,38.47,Referral,Desktop
ORD0008255,CUST01461,PROD0024,Beauty,2023-10-22,2023-10,1,20.35,0.1,18.32,7.51,0,18.32,7.51,Referral,Desktop
ORD0008256,CUST01461,PROD0170,Beauty,2023-01-09,2023-01,1,69.97,0,69.97,44.78,0,69.97,44.78,Referral,Desktop
ORD0008257,CUST01461,PROD0095,Accessories,2024-01-19,2024-01,3,33.53,0.1,90.53,51.6,0,90.53,51.6,Referral,Desktop
ORD0008258,CUST01461,PROD0162,Home & Living,2023-04-17,2023-04,2,81.32,0.1,146.38,64.41,1,0.0,0.0,Referral,Desktop
ORD0008259,CUST01461,PROD0064,Footwear,2023-10-27,2023-10,1,190.18,0,190.18,74.17,1,0.0,0.0,Referral,Desktop
ORD0008260,CUST01462,PROD0141,Beauty,2023-07-03,2023-07,1,60.76,0.05,57.72,19.62,0,57.72,19.62,Paid Social,Desktop
ORD0008261,CUST01462,PROD0114,Beauty,2023-11-08,2023-11,2,25.83,0.1,46.49,19.06,0,46.49,19.06,Paid Social,Desktop
ORD0008262,CUST01463,PROD0114,Beauty,2023-11-07,2023-11,3,25.83,0,77.49,31.77,0,77.49,31.77,Referral,Desktop
ORD0008263,CUST01463,PROD0037,Clothing,2024-01-07,2024-01,3,99.72,0.1,269.24,102.31,0,269.24,102.31,Referral,Desktop
ORD0008264,CUST01463,PROD0093,Footwear,2023-11-30,2023-11,2,85.42,0.1,153.76,87.64,1,0.0,0.0,Referral,Desktop
ORD0008265,CUST01464,PROD0197,Clothing,2023-10-04,2023-10,2,92.45,0,184.9,66.56,0,184.9,66.56,Email,Tablet
ORD0008266,CUST01464,PROD0076,Clothing,2023-10-09,2023-10,2,54.02,0.1,97.24,30.14,0,97.24,30.14,Email,Tablet
ORD0008267,CUST01464,PROD0113,Home & Living,2023-12-25,2023-12,1,30.82,0.2,24.66,13.07,0,24.66,13.07,Email,Tablet
ORD0008268,CUST01464,PROD0082,Beauty,2024-03-17,2024-03,1,20.0,0,20.0,13.0,1,0.0,0.0,Email,Tablet
ORD0008269,CUST01464,PROD0162,Home & Living,2023-04-25,2023-04,1,81.32,0.1,73.19,32.2,0,73.19,32.2,Email,Tablet
ORD0008270,CUST01464,PROD0064,Footwear,2023-05-21,2023-05,1,190.18,0.1,171.16,66.75,1,0.0,0.0,Email,Tablet
ORD0008271,CUST01464,PROD0008,Footwear,2024-03-24,2024-03,3,151.56,0,454.68,277.35,1,0.0,0.0,Email,Tablet
ORD0008272,CUST01464,PROD0062,Accessories,2023-11-19,2023-11,3,85.04,0.1,229.61,96.44,0,229.61,96.44,Email,Tablet
ORD0008273,CUST01465,PROD0122,Home & Living,2024-01-04,2024-01,2,74.99,0,149.98,59.99,0,149.98,59.99,Direct,Mobile
ORD0008274,CUST01465,PROD0100,Clothing,2023-04-27,2023-04,3,80.73,0,242.19,108.99,0,242.19,108.99,Direct,Mobile
ORD0008275,CUST01466,PROD0094,Home & Living,2023-08-23,2023-08,3,56.47,0,169.41,106.73,0,169.41,106.73,Organic Search,Mobile
ORD0008276,CUST01466,PROD0128,Clothing,2023-04-06,2023-04,2,28.95,0,57.9,24.32,0,57.9,24.32,Organic Search,Mobile
ORD0008277,CUST01466,PROD0165,Footwear,2023-08-14,2023-08,1,116.35,0,116.35,74.46,0,116.35,74.46,Organic Search,Mobile
ORD0008278,CUST01466,PROD0109,Sports,2023-04-29,2023-04,3,60.91,0,182.73,56.65,0,182.73,56.65,Organic Search,Mobile
ORD0008279,CUST01466,PROD0063,Accessories,2023-02-23,2023-02,2,72.45,0,144.9,49.27,0,144.9,49.27,Organic Search,Mobile
ORD0008280,CUST01466,PROD0122,Home & Living,2022-12-03,2022-12,2,74.99,0,149.98,59.99,1,0.0,0.0,Organic Search,Mobile
ORD0008281,CUST01466,PROD0055,Sports,2022-09-11,2022-09,2,136.99,0,273.98,79.45,0,273.98,79.45,Organic Search,Mobile
ORD0008282,CUST01466,PROD0119,Beauty,2023-06-25,2023-06,1,20.14,0,20.14,7.25,0,20.14,7.25,Organic Search,Mobile
ORD0008283,CUST01466,PROD0099,Home & Living,2024-02-23,2024-02,2,113.39,0,226.78,83.91,1,0.0,0.0,Organic Search,Mobile
ORD0008284,CUST01466,PROD0174,Clothing,2024-03-09,2024-03,2,69.83,0,139.66,36.31,0,139.66,36.31,Organic Search,Mobile
ORD0008285,CUST01466,PROD0137,Home & Living,2023-02-15,2023-02,2,99.54,0,199.08,77.64,0,199.08,77.64,Organic Search,Mobile
ORD0008286,CUST01467,PROD0025,Footwear,2023-03-19,2023-03,2,78.3,0.1,140.94,46.51,0,140.94,46.51,Paid Social,Mobile
ORD0008287,CUST01467,PROD0103,Accessories,2022-09-30,2022-09,2,84.89,0,169.78,76.4,0,169.78,76.4,Paid Social,Mobile
ORD0008288,CUST01467,PROD0125,Sports,2023-03-11,2023-03,3,126.04,0.1,340.31,132.72,0,340.31,132.72,Paid Social,Mobile
ORD0008289,CUST01467,PROD0056,Home & Living,2023-10-16,2023-10,1,70.19,0,70.19,37.9,1,0.0,0.0,Paid Social,Mobile
ORD0008290,CUST01467,PROD0200,Footwear,2023-07-12,2023-07,2,43.07,0,86.14,49.1,0,86.14,49.1,Paid Social,Mobile
ORD0008291,CUST01467,PROD0028,Sports,2023-05-17,2023-05,3,115.45,0,346.35,169.71,0,346.35,169.71,Paid Social,Mobile
ORD0008292,CUST01468,PROD0016,Beauty,2024-01-15,2024-01,2,14.72,0,29.44,18.84,0,29.44,18.84,Organic Search,Mobile
ORD0008293,CUST01468,PROD0136,Accessories,2023-06-08,2023-06,3,78.97,0,236.91,87.66,0,236.91,87.66,Organic Search,Mobile
ORD0008294,CUST01469,PROD0025,Footwear,2023-12-14,2023-12,2,78.3,0.05,148.77,49.09,0,148.77,49.09,Paid Social,Mobile
ORD0008295,CUST01470,PROD0062,Accessories,2023-07-16,2023-07,2,85.04,0.1,153.07,64.29,1,0.0,0.0,Referral,Tablet
ORD0008296,CUST01470,PROD0193,Sports,2022-06-28,2022-06,1,95.75,0,95.75,30.64,1,0.0,0.0,Referral,Tablet
ORD0008297,CUST01470,PROD0106,Footwear,2023-10-23,2023-10,2,188.1,0.1,338.58,145.59,1,0.0,0.0,Referral,Tablet
ORD0008298,CUST01470,PROD0086,Clothing,2024-01-19,2024-01,1,82.15,0,82.15,46.83,1,0.0,0.0,Referral,Tablet
ORD0008299,CUST01471,PROD0150,Beauty,2022-12-24,2022-12,2,24.66,0,49.32,24.17,0,49.32,24.17,Direct,Mobile
ORD0008300,CUST01471,PROD0163,Beauty,2023-11-04,2023-11,2,20.18,0,40.36,19.37,0,40.36,19.37,Direct,Mobile
ORD0008301,CUST01471,PROD0135,Beauty,2023-06-22,2023-06,3,31.76,0,95.28,59.07,0,95.28,59.07,Direct,Mobile
ORD0008302,CUST01471,PROD0066,Footwear,2023-07-25,2023-07,2,151.36,0,302.72,87.79,0,302.72,87.79,Direct,Mobile
ORD0008303,CUST01471,PROD0049,Home & Living,2022-09-04,2022-09,2,60.55,0,121.1,47.23,1,0.0,0.0,Direct,Mobile
ORD0008304,CUST01471,PROD0191,Accessories,2023-08-15,2023-08,2,42.93,0,85.86,42.07,0,85.86,42.07,Direct,Mobile
ORD0008305,CUST01472,PROD0089,Sports,2023-07-22,2023-07,3,40.38,0.05,115.08,37.98,0,115.08,37.98,Paid Social,Mobile
ORD0008306,CUST01472,PROD0163,Beauty,2024-03-21,2024-03,2,20.18,0.1,36.32,17.43,0,36.32,17.43,Paid Social,Mobile
ORD0008307,CUST01472,PROD0160,Accessories,2023-02-18,2023-02,1,31.12,0,31.12,17.43,0,31.12,17.43,Paid Social,Mobile
ORD0008308,CUST01472,PROD0113,Home & Living,2023-12-06,2023-12,1,30.82,0.05,29.28,15.52,1,0.0,0.0,Paid Social,Mobile
ORD0008309,CUST01473,PROD0090,Home & Living,2023-06-08,2023-06,3,99.94,0,299.82,188.89,0,299.82,188.89,Organic Search,Desktop
ORD0008310,CUST01473,PROD0095,Accessories,2023-07-14,2023-07,3,33.53,0,100.59,57.34,0,100.59,57.34,Organic Search,Desktop
ORD0008311,CUST01473,PROD0131,Beauty,2023-11-24,2023-11,1,36.76,0,36.76,12.87,0,36.76,12.87,Organic Search,Desktop
ORD0008312,CUST01474,PROD0045,Home & Living,2022-11-03,2022-11,1,91.27,0,91.27,41.98,0,91.27,41.98,Email,Mobile
ORD0008313,CUST01474,PROD0144,Beauty,2022-12-21,2022-12,1,34.94,0,34.94,19.22,0,34.94,19.22,Email,Mobile
ORD0008314,CUST01474,PROD0102,Footwear,2023-11-27,2023-11,2,44.77,0,89.54,23.28,0,89.54,23.28,Email,Mobile
ORD0008315,CUST01474,PROD0098,Home & Living,2023-05-15,2023-05,2,101.77,0,203.54,85.49,1,0.0,0.0,Email,Mobile
ORD0008316,CUST01475,PROD0165,Footwear,2023-09-02,2023-09,3,116.35,0,349.05,223.39,1,0.0,0.0,Influencer,Mobile
ORD0008317,CUST01475,PROD0136,Accessories,2023-11-23,2023-11,1,78.97,0,78.97,29.22,0,78.97,29.22,Influencer,Mobile
ORD0008318,CUST01475,PROD0119,Beauty,2023-04-22,2023-04,1,20.14,0,20.14,7.25,1,0.0,0.0,Influencer,Mobile
ORD0008319,CUST01475,PROD0071,Beauty,2023-02-14,2023-02,3,65.25,0,195.75,119.41,0,195.75,119.41,Influencer,Mobile
ORD0008320,CUST01475,PROD0187,Clothing,2023-12-28,2023-12,3,104.59,0,313.77,138.06,0,313.77,138.06,Influencer,Mobile
ORD0008321,CUST01476,PROD0194,Accessories,2023-10-03,2023-10,3,80.84,0,242.52,123.69,0,242.52,123.69,Organic Search,Desktop
ORD0008322,CUST01476,PROD0155,Beauty,2022-12-21,2022-12,1,35.29,0,35.29,14.47,0,35.29,14.47,Organic Search,Desktop
ORD0008323,CUST01476,PROD0102,Footwear,2022-09-21,2022-09,1,44.77,0,44.77,11.64,0,44.77,11.64,Organic Search,Desktop
ORD0008324,CUST01476,PROD0088,Accessories,2023-02-08,2023-02,2,42.05,0,84.1,31.12,0,84.1,31.12,Organic Search,Desktop
ORD0008325,CUST01476,PROD0099,Home & Living,2023-10-03,2023-10,3,113.39,0,340.17,125.86,0,340.17,125.86,Organic Search,Desktop
ORD0008326,CUST01477,PROD0029,Accessories,2024-01-15,2024-01,2,59.38,0,118.76,71.26,0,118.76,71.26,Direct,Tablet
ORD0008327,CUST01477,PROD0198,Sports,2023-07-21,2023-07,2,59.63,0,119.26,50.09,0,119.26,50.09,Direct,Tablet
ORD0008328,CUST01477,PROD0132,Home & Living,2023-10-28,2023-10,2,31.95,0,63.9,37.06,0,63.9,37.06,Direct,Tablet
ORD0008329,CUST01477,PROD0091,Beauty,2023-07-06,2023-07,2,39.11,0,78.22,31.29,0,78.22,31.29,Direct,Tablet
ORD0008330,CUST01477,PROD0184,Sports,2024-01-31,2024-01,1,135.08,0,135.08,36.47,0,135.08,36.47,Direct,Tablet
ORD0008331,CUST01477,PROD0057,Beauty,2023-06-02,2023-06,1,25.42,0,25.42,12.2,0,25.42,12.2,Direct,Tablet
ORD0008332,CUST01477,PROD0111,Clothing,2023-08-03,2023-08,3,72.51,0,217.53,132.69,0,217.53,132.69,Direct,Tablet
ORD0008333,CUST01477,PROD0099,Home & Living,2023-09-01,2023-09,1,113.39,0,113.39,41.95,1,0.0,0.0,Direct,Tablet
ORD0008334,CUST01477,PROD0017,Home & Living,2023-05-24,2023-05,3,31.84,0,95.52,37.25,0,95.52,37.25,Direct,Tablet
ORD0008335,CUST01477,PROD0055,Sports,2023-08-03,2023-08,2,136.99,0,273.98,79.45,0,273.98,79.45,Direct,Tablet
ORD0008336,CUST01478,PROD0177,Accessories,2024-03-20,2024-03,1,31.44,0,31.44,11.95,0,31.44,11.95,Email,Tablet
ORD0008337,CUST01478,PROD0013,Sports,2023-09-06,2023-09,1,147.02,0,147.02,57.34,0,147.02,57.34,Email,Tablet
ORD0008338,CUST01478,PROD0025,Footwear,2024-02-19,2024-02,1,78.3,0.15,66.55,21.96,1,0.0,0.0,Email,Tablet
ORD0008339,CUST01478,PROD0039,Beauty,2024-03-11,2024-03,3,69.16,0.2,165.98,92.95,0,165.98,92.95,Email,Tablet
ORD0008340,CUST01478,PROD0144,Beauty,2023-01-19,2023-01,3,34.94,0.1,94.34,51.89,1,0.0,0.0,Email,Tablet
ORD0008341,CUST01478,PROD0036,Home & Living,2023-09-22,2023-09,1,74.59,0,74.59,26.11,0,74.59,26.11,Email,Tablet
ORD0008342,CUST01478,PROD0079,Footwear,2022-12-20,2022-12,3,67.68,0,203.04,85.28,0,203.04,85.28,Email,Tablet
ORD0008343,CUST01478,PROD0107,Clothing,2023-06-16,2023-06,3,91.09,0,273.27,169.43,1,0.0,0.0,Email,Tablet
ORD0008344,CUST01478,PROD0086,Clothing,2023-09-05,2023-09,3,82.15,0.1,221.81,126.43,1,0.0,0.0,Email,Tablet
ORD0008345,CUST01478,PROD0162,Home & Living,2023-10-22,2023-10,2,81.32,0,162.64,71.56,1,0.0,0.0,Email,Tablet
ORD0008346,CUST01479,PROD0133,Clothing,2023-04-14,2023-04,3,70.11,0,210.33,119.89,0,210.33,119.89,Paid Social,Desktop
ORD0008347,CUST01479,PROD0185,Footwear,2023-02-10,2023-02,3,196.58,0,589.74,300.77,1,0.0,0.0,Paid Social,Desktop
ORD0008348,CUST01479,PROD0176,Home & Living,2023-05-07,2023-05,2,51.13,0,102.26,28.63,0,102.26,28.63,Paid Social,Desktop
ORD0008349,CUST01480,PROD0151,Clothing,2023-06-08,2023-06,2,30.88,0,61.76,27.17,0,61.76,27.17,Organic Search,Mobile
ORD0008350,CUST01480,PROD0123,Clothing,2023-09-05,2023-09,2,40.48,0,80.96,21.05,0,80.96,21.05,Organic Search,Mobile
ORD0008351,CUST01480,PROD0132,Home & Living,2024-03-01,2024-03,1,31.95,0,31.95,18.53,0,31.95,18.53,Organic Search,Mobile
ORD0008352,CUST01480,PROD0023,Clothing,2023-07-20,2023-07,1,85.59,0,85.59,29.96,1,0.0,0.0,Organic Search,Mobile
ORD0008353,CUST01480,PROD0004,Accessories,2023-07-31,2023-07,1,19.48,0,19.48,12.27,0,19.48,12.27,Organic Search,Mobile
ORD0008354,CUST01480,PROD0118,Clothing,2023-11-06,2023-11,2,33.04,0,66.08,31.72,0,66.08,31.72,Organic Search,Mobile
ORD0008355,CUST01480,PROD0045,Home & Living,2024-03-24,2024-03,2,91.27,0,182.54,83.97,0,182.54,83.97,Organic Search,Mobile
ORD0008356,CUST01480,PROD0060,Footwear,2023-08-30,2023-08,3,104.31,0,312.93,90.75,0,312.93,90.75,Organic Search,Mobile
ORD0008357,CUST01481,PROD0168,Clothing,2023-10-05,2023-10,1,45.57,0,45.57,19.14,0,45.57,19.14,Paid Social,Desktop
ORD0008358,CUST01481,PROD0121,Clothing,2023-03-15,2023-03,1,86.37,0,86.37,42.32,0,86.37,42.32,Paid Social,Desktop
ORD0008359,CUST01481,PROD0087,Home & Living,2024-02-10,2024-02,1,45.63,0.05,43.35,25.14,1,0.0,0.0,Paid Social,Desktop
ORD0008360,CUST01482,PROD0068,Accessories,2023-08-28,2023-08,3,58.26,0,174.78,73.41,0,174.78,73.41,Organic Search,Desktop
ORD0008361,CUST01482,PROD0174,Clothing,2024-02-22,2024-02,1,69.83,0,69.83,18.16,0,69.83,18.16,Organic Search,Desktop
ORD0008362,CUST01482,PROD0090,Home & Living,2023-03-09,2023-03,1,99.94,0,99.94,62.96,0,99.94,62.96,Organic Search,Desktop
ORD0008363,CUST01482,PROD0113,Home & Living,2023-05-10,2023-05,2,30.82,0,61.64,32.67,0,61.64,32.67,Organic Search,Desktop
ORD0008364,CUST01482,PROD0023,Clothing,2023-11-27,2023-11,3,85.59,0,256.77,89.87,0,256.77,89.87,Organic Search,Desktop
ORD0008365,CUST01483,PROD0126,Sports,2022-10-14,2022-10,2,92.2,0,184.4,118.02,0,184.4,118.02,Direct,Tablet
ORD0008366,CUST01483,PROD0163,Beauty,2022-06-21,2022-06,2,20.18,0,40.36,19.37,0,40.36,19.37,Direct,Tablet
ORD0008367,CUST01483,PROD0182,Accessories,2023-06-19,2023-06,2,22.63,0,45.26,17.2,0,45.26,17.2,Direct,Tablet
ORD0008368,CUST01484,PROD0167,Footwear,2023-05-12,2023-05,1,62.12,0,62.12,18.01,0,62.12,18.01,Influencer,Mobile
ORD0008369,CUST01484,PROD0043,Footwear,2023-11-05,2023-11,2,62.01,0,124.02,76.89,0,124.02,76.89,Influencer,Mobile
ORD0008370,CUST01484,PROD0057,Beauty,2023-07-18,2023-07,2,25.42,0,50.84,24.4,0,50.84,24.4,Influencer,Mobile
ORD0008371,CUST01484,PROD0084,Accessories,2024-01-07,2024-01,3,45.9,0,137.7,38.56,0,137.7,38.56,Influencer,Mobile
ORD0008372,CUST01484,PROD0061,Home & Living,2023-02-04,2023-02,2,136.85,0,273.7,101.27,0,273.7,101.27,Influencer,Mobile
ORD0008373,CUST01484,PROD0166,Clothing,2023-08-02,2023-08,1,87.15,0,87.15,54.03,0,87.15,54.03,Influencer,Mobile
ORD0008374,CUST01485,PROD0114,Beauty,2023-09-18,2023-09,1,25.83,0.1,23.25,9.53,0,23.25,9.53,Referral,Desktop
ORD0008375,CUST01485,PROD0018,Clothing,2023-06-18,2023-06,2,45.54,0,91.08,40.99,0,91.08,40.99,Referral,Desktop
ORD0008376,CUST01485,PROD0192,Sports,2023-04-01,2023-04,2,82.92,0.1,149.26,77.62,0,149.26,77.62,Referral,Desktop
ORD0008377,CUST01485,PROD0145,Clothing,2023-12-06,2023-12,1,70.32,0,70.32,42.19,0,70.32,42.19,Referral,Desktop
ORD0008378,CUST01485,PROD0141,Beauty,2023-12-05,2023-12,3,60.76,0,182.28,61.98,0,182.28,61.98,Referral,Desktop
ORD0008379,CUST01485,PROD0143,Beauty,2023-07-11,2023-07,3,15.9,0,47.7,30.53,0,47.7,30.53,Referral,Desktop
ORD0008380,CUST01485,PROD0080,Sports,2023-12-28,2023-12,2,42.1,0,84.2,42.1,0,84.2,42.1,Referral,Desktop
ORD0008381,CUST01485,PROD0151,Clothing,2023-12-28,2023-12,3,30.88,0.1,83.38,36.69,0,83.38,36.69,Referral,Desktop
ORD0008382,CUST01485,PROD0056,Home & Living,2023-08-04,2023-08,3,70.19,0.1,189.51,102.34,1,0.0,0.0,Referral,Desktop
ORD0008383,CUST01485,PROD0086,Clothing,2023-04-01,2023-04,2,82.15,0.1,147.87,84.29,0,147.87,84.29,Referral,Desktop
ORD0008384,CUST01485,PROD0003,Footwear,2023-03-25,2023-03,1,63.28,0,63.28,31.64,1,0.0,0.0,Referral,Desktop
ORD0008385,CUST01486,PROD0097,Clothing,2023-08-11,2023-08,1,60.58,0.15,51.49,14.93,0,51.49,14.93,Email,Desktop
ORD0008386,CUST01486,PROD0044,Footwear,2024-03-20,2024-03,2,185.76,0,371.52,182.04,1,0.0,0.0,Email,Desktop
ORD0008387,CUST01486,PROD0149,Beauty,2023-10-28,2023-10,2,65.53,0.1,117.95,61.33,1,0.0,0.0,Email,Desktop
ORD0008388,CUST01486,PROD0067,Clothing,2024-03-11,2024-03,1,47.62,0.1,42.86,13.72,0,42.86,13.72,Email,Desktop
ORD0008389,CUST01486,PROD0120,Home & Living,2023-12-01,2023-12,3,118.52,0,355.56,110.22,0,355.56,110.22,Email,Desktop
ORD0008390,CUST01486,PROD0110,Footwear,2024-03-02,2024-03,1,106.03,0.2,84.82,45.8,0,84.82,45.8,Email,Desktop
ORD0008391,CUST01486,PROD0196,Sports,2023-04-22,2023-04,1,92.93,0,92.93,57.62,0,92.93,57.62,Email,Desktop
ORD0008392,CUST01486,PROD0168,Clothing,2023-05-02,2023-05,2,45.57,0.15,77.47,32.54,0,77.47,32.54,Email,Desktop
ORD0008393,CUST01486,PROD0190,Beauty,2023-08-22,2023-08,1,23.73,0,23.73,10.44,1,0.0,0.0,Email,Desktop
ORD0008394,CUST01486,PROD0037,Clothing,2023-10-16,2023-10,3,99.72,0.1,269.24,102.31,0,269.24,102.31,Email,Desktop
ORD0008395,CUST01486,PROD0005,Footwear,2024-02-29,2024-02,1,121.17,0,121.17,70.28,0,121.17,70.28,Email,Desktop
ORD0008396,CUST01486,PROD0077,Footwear,2023-10-29,2023-10,1,66.48,0.1,59.83,26.92,0,59.83,26.92,Email,Desktop
ORD0008397,CUST01487,PROD0044,Footwear,2024-01-12,2024-01,1,185.76,0.1,167.18,81.92,0,167.18,81.92,Paid Social,Desktop
ORD0008398,CUST01487,PROD0046,Sports,2023-11-20,2023-11,2,44.39,0.1,79.9,42.35,0,79.9,42.35,Paid Social,Desktop
ORD0008399,CUST01487,PROD0197,Clothing,2023-08-05,2023-08,1,92.45,0,92.45,33.28,0,92.45,33.28,Paid Social,Desktop
ORD0008400,CUST01487,PROD0093,Footwear,2024-03-06,2024-03,3,85.42,0,256.26,146.07,0,256.26,146.07,Paid Social,Desktop
ORD0008401,CUST01487,PROD0096,Sports,2024-02-05,2024-02,3,59.98,0.05,170.94,109.4,0,170.94,109.4,Paid Social,Desktop
ORD0008402,CUST01487,PROD0033,Sports,2023-08-30,2023-08,1,54.48,0,54.48,15.25,0,54.48,15.25,Paid Social,Desktop
ORD0008403,CUST01488,PROD0099,Home & Living,2024-03-12,2024-03,3,113.39,0.1,306.15,113.28,0,306.15,113.28,Email,Desktop
ORD0008404,CUST01488,PROD0111,Clothing,2023-04-11,2023-04,1,72.51,0,72.51,44.23,1,0.0,0.0,Email,Desktop
ORD0008405,CUST01488,PROD0080,Sports,2023-08-18,2023-08,1,42.1,0.2,33.68,16.84,0,33.68,16.84,Email,Desktop
ORD0008406,CUST01488,PROD0123,Clothing,2024-01-15,2024-01,3,40.48,0,121.44,31.57,0,121.44,31.57,Email,Desktop
ORD0008407,CUST01488,PROD0095,Accessories,2023-07-18,2023-07,3,33.53,0,100.59,57.34,0,100.59,57.34,Email,Desktop
ORD0008408,CUST01488,PROD0108,Accessories,2024-03-31,2024-03,1,82.14,0.15,69.82,20.95,0,69.82,20.95,Email,Desktop
ORD0008409,CUST01488,PROD0135,Beauty,2024-02-10,2024-02,2,31.76,0,63.52,39.38,0,63.52,39.38,Email,Desktop
ORD0008410,CUST01488,PROD0147,Home & Living,2024-01-12,2024-01,1,133.32,0,133.32,61.33,0,133.32,61.33,Email,Desktop
ORD0008411,CUST01488,PROD0001,Accessories,2023-07-21,2023-07,1,40.31,0.1,36.28,12.7,0,36.28,12.7,Email,Desktop
ORD0008412,CUST01489,PROD0125,Sports,2023-12-06,2023-12,2,126.04,0,252.08,98.31,0,252.08,98.31,Email,Mobile
ORD0008413,CUST01489,PROD0090,Home & Living,2024-03-16,2024-03,1,99.94,0.15,84.95,53.52,1,0.0,0.0,Email,Mobile
ORD0008414,CUST01489,PROD0010,Home & Living,2023-02-17,2023-02,2,50.82,0.15,86.39,32.83,0,86.39,32.83,Email,Mobile
ORD0008415,CUST01490,PROD0036,Home & Living,2023-02-01,2023-02,3,74.59,0.05,212.58,74.4,0,212.58,74.4,Paid Social,Mobile
ORD0008416,CUST01490,PROD0058,Accessories,2023-02-23,2023-02,3,50.31,0.1,135.84,44.83,0,135.84,44.83,Paid Social,Mobile
ORD0008417,CUST01490,PROD0014,Beauty,2023-06-10,2023-06,2,56.06,0.05,106.51,67.1,0,106.51,67.1,Paid Social,Mobile
ORD0008418,CUST01491,PROD0027,Footwear,2022-10-16,2022-10,3,147.27,0,441.81,247.41,0,441.81,247.41,Paid Social,Mobile
ORD0008419,CUST01491,PROD0140,Home & Living,2024-03-18,2024-03,1,34.26,0.1,30.83,16.96,1,0.0,0.0,Paid Social,Mobile
ORD0008420,CUST01491,PROD0177,Accessories,2023-01-26,2023-01,2,31.44,0,62.88,23.89,0,62.88,23.89,Paid Social,Mobile
ORD0008421,CUST01491,PROD0062,Accessories,2023-08-04,2023-08,3,85.04,0.1,229.61,96.44,1,0.0,0.0,Paid Social,Mobile
ORD0008422,CUST01491,PROD0069,Beauty,2023-10-21,2023-10,3,52.71,0,158.13,94.88,1,0.0,0.0,Paid Social,Mobile
ORD0008423,CUST01491,PROD0146,Accessories,2023-02-26,2023-02,1,80.98,0,80.98,28.34,1,0.0,0.0,Paid Social,Mobile
ORD0008424,CUST01491,PROD0067,Clothing,2022-10-09,2022-10,3,47.62,0.05,135.72,43.43,0,135.72,43.43,Paid Social,Mobile
ORD0008425,CUST01491,PROD0038,Accessories,2022-11-15,2022-11,1,85.41,0.1,76.87,42.28,0,76.87,42.28,Paid Social,Mobile
ORD0008426,CUST01491,PROD0031,Footwear,2022-09-29,2022-09,3,42.93,0.1,115.91,51.0,0,115.91,51.0,Paid Social,Mobile
ORD0008427,CUST01491,PROD0032,Home & Living,2023-12-29,2023-12,1,43.05,0,43.05,12.48,0,43.05,12.48,Paid Social,Mobile
ORD0008428,CUST01492,PROD0138,Home & Living,2023-03-09,2023-03,3,126.57,0,379.71,170.87,0,379.71,170.87,Direct,Mobile
ORD0008429,CUST01492,PROD0018,Clothing,2023-09-14,2023-09,1,45.54,0,45.54,20.49,1,0.0,0.0,Direct,Mobile
ORD0008430,CUST01492,PROD0057,Beauty,2023-03-25,2023-03,1,25.42,0,25.42,12.2,0,25.42,12.2,Direct,Mobile
ORD0008431,CUST01492,PROD0095,Accessories,2022-12-29,2022-12,2,33.53,0,67.06,38.22,0,67.06,38.22,Direct,Mobile
ORD0008432,CUST01492,PROD0021,Beauty,2022-12-27,2022-12,2,65.25,0,130.5,80.91,1,0.0,0.0,Direct,Mobile
ORD0008433,CUST01492,PROD0132,Home & Living,2023-05-06,2023-05,2,31.95,0,63.9,37.06,1,0.0,0.0,Direct,Mobile
ORD0008434,CUST01492,PROD0055,Sports,2023-11-21,2023-11,2,136.99,0,273.98,79.45,0,273.98,79.45,Direct,Mobile
ORD0008435,CUST01493,PROD0124,Beauty,2023-11-28,2023-11,3,20.18,0,60.54,28.45,0,60.54,28.45,Organic Search,Desktop
ORD0008436,CUST01493,PROD0004,Accessories,2024-03-17,2024-03,3,19.48,0,58.44,36.82,0,58.44,36.82,Organic Search,Desktop
ORD0008437,CUST01494,PROD0181,Home & Living,2024-01-18,2024-01,2,68.65,0,137.3,78.26,1,0.0,0.0,Organic Search,Mobile
ORD0008438,CUST01494,PROD0183,Clothing,2023-05-27,2023-05,2,78.37,0,156.74,94.04,0,156.74,94.04,Organic Search,Mobile
ORD0008439,CUST01494,PROD0057,Beauty,2023-10-05,2023-10,3,25.42,0,76.26,36.6,1,0.0,0.0,Organic Search,Mobile
ORD0008440,CUST01494,PROD0200,Footwear,2023-07-28,2023-07,3,43.07,0,129.21,73.65,0,129.21,73.65,Organic Search,Mobile
ORD0008441,CUST01494,PROD0039,Beauty,2023-07-29,2023-07,3,69.16,0,207.48,116.19,0,207.48,116.19,Organic Search,Mobile
ORD0008442,CUST01494,PROD0022,Sports,2023-03-13,2023-03,1,30.09,0,30.09,17.15,0,30.09,17.15,Organic Search,Mobile
ORD0008443,CUST01495,PROD0154,Sports,2023-08-06,2023-08,3,137.38,0,412.14,111.28,0,412.14,111.28,Organic Search,Mobile
ORD0008444,CUST01495,PROD0195,Accessories,2022-12-07,2022-12,2,33.68,0,67.36,41.09,0,67.36,41.09,Organic Search,Mobile
ORD0008445,CUST01495,PROD0131,Beauty,2022-06-12,2022-06,2,36.76,0,73.52,25.73,0,73.52,25.73,Organic Search,Mobile
ORD0008446,CUST01495,PROD0194,Accessories,2022-06-30,2022-06,3,80.84,0,242.52,123.69,1,0.0,0.0,Organic Search,Mobile
ORD0008447,CUST01495,PROD0037,Clothing,2023-08-04,2023-08,2,99.72,0,199.44,75.79,0,199.44,75.79,Organic Search,Mobile
ORD0008448,CUST01495,PROD0094,Home & Living,2023-12-05,2023-12,3,56.47,0,169.41,106.73,0,169.41,106.73,Organic Search,Mobile
ORD0008449,CUST01495,PROD0012,Sports,2023-01-31,2023-01,3,146.79,0,440.37,158.53,0,440.37,158.53,Organic Search,Mobile
ORD0008450,CUST01495,PROD0061,Home & Living,2023-08-01,2023-08,2,136.85,0,273.7,101.27,1,0.0,0.0,Organic Search,Mobile
ORD0008451,CUST01495,PROD0187,Clothing,2022-07-02,2022-07,3,104.59,0,313.77,138.06,0,313.77,138.06,Organic Search,Mobile
ORD0008452,CUST01495,PROD0062,Accessories,2023-05-05,2023-05,2,85.04,0,170.08,71.43,1,0.0,0.0,Organic Search,Mobile
ORD0008453,CUST01495,PROD0190,Beauty,2023-10-31,2023-10,2,23.73,0,47.46,20.88,0,47.46,20.88,Organic Search,Mobile
ORD0008454,CUST01495,PROD0187,Clothing,2023-12-30,2023-12,1,104.59,0,104.59,46.02,1,0.0,0.0,Organic Search,Mobile
ORD0008455,CUST01495,PROD0029,Accessories,2022-10-27,2022-10,1,59.38,0,59.38,35.63,0,59.38,35.63,Organic Search,Mobile
ORD0008456,CUST01495,PROD0140,Home & Living,2024-02-23,2024-02,3,34.26,0,102.78,56.53,0,102.78,56.53,Organic Search,Mobile
ORD0008457,CUST01496,PROD0043,Footwear,2024-03-22,2024-03,2,62.01,0,124.02,76.89,0,124.02,76.89,Organic Search,Desktop
ORD0008458,CUST01497,PROD0058,Accessories,2023-07-26,2023-07,2,50.31,0,100.62,33.2,0,100.62,33.2,Direct,Mobile
ORD0008459,CUST01497,PROD0078,Accessories,2023-03-26,2023-03,1,83.84,0,83.84,50.3,0,83.84,50.3,Direct,Mobile
ORD0008460,CUST01498,PROD0055,Sports,2023-12-02,2023-12,1,136.99,0,136.99,39.73,0,136.99,39.73,Paid Social,Tablet
ORD0008461,CUST01498,PROD0029,Accessories,2023-10-28,2023-10,2,59.38,0.1,106.88,64.13,0,106.88,64.13,Paid Social,Tablet
ORD0008462,CUST01498,PROD0098,Home & Living,2024-02-25,2024-02,3,101.77,0,305.31,128.23,1,0.0,0.0,Paid Social,Tablet
ORD0008463,CUST01498,PROD0056,Home & Living,2023-12-03,2023-12,1,70.19,0,70.19,37.9,0,70.19,37.9,Paid Social,Tablet
ORD0008464,CUST01498,PROD0109,Sports,2023-12-09,2023-12,3,60.91,0.05,173.59,53.81,0,173.59,53.81,Paid Social,Tablet
ORD0008465,CUST01498,PROD0025,Footwear,2023-12-15,2023-12,2,78.3,0.1,140.94,46.51,1,0.0,0.0,Paid Social,Tablet
ORD0008466,CUST01498,PROD0075,Accessories,2023-10-15,2023-10,3,80.95,0.05,230.71,92.28,0,230.71,92.28,Paid Social,Tablet
ORD0008467,CUST01498,PROD0006,Accessories,2023-10-30,2023-10,2,25.71,0,51.42,24.17,0,51.42,24.17,Paid Social,Tablet
ORD0008468,CUST01498,PROD0033,Sports,2023-11-06,2023-11,2,54.48,0,108.96,30.51,1,0.0,0.0,Paid Social,Tablet
ORD0008469,CUST01499,PROD0157,Sports,2022-12-05,2022-12,1,101.12,0,101.12,42.47,0,101.12,42.47,Direct,Desktop
ORD0008470,CUST01499,PROD0159,Beauty,2023-07-13,2023-07,2,20.79,0,41.58,12.89,0,41.58,12.89,Direct,Desktop
ORD0008471,CUST01499,PROD0057,Beauty,2023-07-06,2023-07,3,25.42,0,76.26,36.6,0,76.26,36.6,Direct,Desktop
ORD0008472,CUST01499,PROD0019,Beauty,2023-11-26,2023-11,1,17.13,0,17.13,7.54,0,17.13,7.54,Direct,Desktop
ORD0008473,CUST01499,PROD0036,Home & Living,2023-03-24,2023-03,1,74.59,0,74.59,26.11,1,0.0,0.0,Direct,Desktop
ORD0008474,CUST01499,PROD0192,Sports,2022-11-11,2022-11,1,82.92,0,82.92,43.12,0,82.92,43.12,Direct,Desktop
ORD0008475,CUST01499,PROD0123,Clothing,2024-01-28,2024-01,2,40.48,0,80.96,21.05,1,0.0,0.0,Direct,Desktop
ORD0008476,CUST01500,PROD0057,Beauty,2022-10-12,2022-10,1,25.42,0,25.42,12.2,0,25.42,12.2,Direct,Mobile
ORD0008477,CUST01500,PROD0153,Accessories,2023-09-08,2023-09,1,85.5,0,85.5,47.88,0,85.5,47.88,Direct,Mobile
ORD0008478,CUST01500,PROD0010,Home & Living,2023-10-17,2023-10,1,50.82,0,50.82,19.31,1,0.0,0.0,Direct,Mobile
ORD0008479,CUST01500,PROD0076,Clothing,2023-03-22,2023-03,2,54.02,0,108.04,33.49,0,108.04,33.49,Direct,Mobile
ORD0008480,CUST01500,PROD0010,Home & Living,2023-03-31,2023-03,2,50.82,0,101.64,38.62,0,101.64,38.62,Direct,Mobile
ORD0008481,CUST01500,PROD0071,Beauty,2023-04-17,2023-04,1,65.25,0,65.25,39.8,0,65.25,39.8,Direct,Mobile
ORD0008482,CUST01500,PROD0113,Home & Living,2023-11-29,2023-11,2,30.82,0,61.64,32.67,0,61.64,32.67,Direct,Mobile
ORD0008483,CUST01500,PROD0063,Accessories,2023-12-15,2023-12,1,72.45,0,72.45,24.63,0,72.45,24.63,Direct,Mobile
ORD0008484,CUST01500,PROD0127,Accessories,2024-01-28,2024-01,2,49.21,0,98.42,30.51,0,98.42,30.51,Direct,Mobile
ORD0008485,CUST01500,PROD0088,Accessories,2022-09-10,2022-09,1,42.05,0,42.05,15.56,0,42.05,15.56,Direct,Mobile
ORD0008486,CUST01500,PROD0053,Footwear,2022-12-20,2022-12,3,46.14,0,138.42,77.52,0,138.42,77.52,Direct,Mobile
