campaign_id,customer_id,campaign_type,send_date,send_month,opened,clicked,converted,revenue_generated,campaign_cost,roi_pct,segment
CAMP0000001,CUST00001,Email,2023-12-04,2023-12,0,0,0,0,31.05,-100.0,Mid-Range
CAMP0000002,CUST00001,Email,2023-05-05,2023-05,0,0,0,0,47.81,-100.0,Mid-Range
CAMP0000003,CUST00001,SMS,2023-04-28,2023-04,0,0,0,0,119.84,-100.0,Mid-Range
CAMP0000004,CUST00001,Paid Social,2023-05-13,2023-05,0,0,0,0,1963.96,-100.0,Mid-Range
CAMP0000005,CUST00001,Paid Social,2024-02-07,2024-02,0,0,0,0,789.58,-100.0,Mid-Range
CAMP0000006,CUST00001,Influencer,2023-12-26,2023-12,0,0,0,0,674.06,-100.0,Mid-Range
CAMP0000007,CUST00001,Push Notification,2023-10-11,2023-10,1,0,0,0,18.99,-100.0,Mid-Range
CAMP0000008,CUST00002,Push Notification,2023-12-09,2023-12,0,0,0,0,28.71,-100.0,Mid-Range
CAMP0000009,CUST00002,SMS,2023-02-21,2023-02,0,0,0,0,118.45,-100.0,Mid-Range
CAMP0000010,CUST00002,Email,2022-11-12,2022-11,0,0,0,0,39.18,-100.0,Mid-Range
CAMP0000011,CUST00002,SMS,2023-08-13,2023-08,1,0,0,0,68.27,-100.0,Mid-Range
CAMP0000012,CUST00002,Display Ad,2023-04-18,2023-04,0,0,0,0,715.69,-100.0,Mid-Range
CAMP0000013,CUST00002,Paid Social,2023-06-28,2023-06,0,0,0,0,809.8,-100.0,Mid-Range
CAMP0000014,CUST00003,Email,2024-01-19,2024-01,0,0,0,0,39.68,-100.0,Premium
CAMP0000015,CUST00003,Email,2024-01-05,2024-01,1,1,0,0,48.22,-100.0,Premium
CAMP0000016,CUST00003,Display Ad,2023-10-01,2023-10,0,0,0,0,420.5,-100.0,Premium
CAMP0000017,CUST00003,Paid Social,2024-03-16,2024-03,0,0,0,0,1079.79,-100.0,Premium
CAMP0000018,CUST00003,Influencer,2023-09-19,2023-09,0,0,0,0,675.68,-100.0,Premium
CAMP0000019,CUST00003,Email,2023-12-04,2023-12,0,0,0,0,57.76,-100.0,Premium
CAMP0000020,CUST00003,SMS,2023-10-14,2023-10,1,0,0,0,62.35,-100.0,Premium
CAMP0000021,CUST00003,Email,2024-02-07,2024-02,0,0,0,0,53.26,-100.0,Premium
CAMP0000022,CUST00003,Influencer,2024-01-24,2024-01,1,1,0,0,1278.36,-100.0,Premium
CAMP0000023,CUST00004,Push Notification,2023-02-15,2023-02,0,0,0,0,11.66,-100.0,Mid-Range
CAMP0000024,CUST00004,Push Notification,2024-03-18,2024-03,0,0,0,0,27.38,-100.0,Mid-Range
CAMP0000025,CUST00004,Email,2023-05-03,2023-05,1,1,0,0,16.76,-100.0,Mid-Range
CAMP0000026,CUST00004,Paid Social,2024-03-26,2024-03,0,0,0,0,852.34,-100.0,Mid-Range
CAMP0000027,CUST00004,Email,2022-10-31,2022-10,0,0,0,0,16.33,-100.0,Mid-Range
CAMP0000028,CUST00004,SMS,2023-11-13,2023-11,0,0,0,0,51.03,-100.0,Mid-Range
CAMP0000029,CUST00004,Email,2023-09-29,2023-09,0,0,0,0,16.18,-100.0,Mid-Range
CAMP0000030,CUST00004,Email,2022-12-17,2022-12,1,0,0,0,46.98,-100.0,Mid-Range
CAMP0000031,CUST00004,SMS,2024-02-14,2024-02,0,0,0,0,88.34,-100.0,Mid-Range
CAMP0000032,CUST00004,Email,2024-03-15,2024-03,0,0,0,0,36.32,-100.0,Mid-Range
CAMP0000033,CUST00004,Paid Social,2023-04-02,2023-04,0,0,0,0,1884.56,-100.0,Mid-Range
CAMP0000034,CUST00004,Influencer,2023-07-25,2023-07,0,0,0,0,468.96,-100.0,Mid-Range
CAMP0000035,CUST00005,SMS,2022-11-19,2022-11,0,0,0,0,96.95,-100.0,Luxury
CAMP0000036,CUST00005,Paid Social,2022-08-15,2022-08,0,0,0,0,2528.55,-100.0,Luxury
CAMP0000037,CUST00005,Email,2022-07-31,2022-07,0,0,0,0,37.52,-100.0,Luxury
CAMP0000038,CUST00005,Email,2022-03-18,2022-03,0,0,0,0,42.69,-100.0,Luxury
CAMP0000039,CUST00005,Display Ad,2022-09-02,2022-09,1,0,0,0,815.97,-100.0,Luxury
CAMP0000040,CUST00005,Influencer,2022-05-16,2022-05,0,0,0,0,972.45,-100.0,Luxury
CAMP0000041,CUST00005,SMS,2023-11-12,2023-11,0,0,0,0,107.15,-100.0,Luxury
CAMP0000042,CUST00005,Email,2022-07-20,2022-07,0,0,0,0,26.41,-100.0,Luxury
CAMP0000043,CUST00005,Push Notification,2024-01-25,2024-01,0,0,0,0,12.19,-100.0,Luxury
CAMP0000044,CUST00005,Email,2023-04-22,2023-04,0,0,0,0,16.99,-100.0,Luxury
CAMP0000045,CUST00005,Email,2022-11-09,2022-11,0,0,0,0,58.51,-100.0,Luxury
CAMP0000046,CUST00005,Email,2023-11-04,2023-11,0,0,0,0,37.78,-100.0,Luxury
CAMP0000047,CUST00006,Push Notification,2023-07-07,2023-07,0,0,0,0,11.32,-100.0,Budget
CAMP0000048,CUST00006,Influencer,2022-08-09,2022-08,0,0,0,0,922.57,-100.0,Budget
CAMP0000049,CUST00006,Influencer,2023-11-23,2023-11,0,0,0,0,1525.31,-100.0,Budget
CAMP0000050,CUST00006,Paid Social,2023-09-07,2023-09,0,0,0,0,1620.21,-100.0,Budget
CAMP0000051,CUST00007,Paid Social,2024-02-10,2024-02,0,0,0,0,2454.86,-100.0,Budget
CAMP0000052,CUST00007,Display Ad,2023-01-01,2023-01,1,0,0,0,568.8,-100.0,Budget
CAMP0000053,CUST00007,Email,2022-07-22,2022-07,0,0,0,0,29.41,-100.0,Budget
CAMP0000054,CUST00007,Email,2022-05-20,2022-05,0,0,0,0,57.12,-100.0,Budget
CAMP0000055,CUST00007,Paid Social,2023-02-19,2023-02,0,0,0,0,2239.96,-100.0,Budget
CAMP0000056,CUST00007,Email,2023-08-24,2023-08,0,0,0,0,59.55,-100.0,Budget
CAMP0000057,CUST00008,Influencer,2023-12-03,2023-12,0,0,0,0,713.52,-100.0,Luxury
CAMP0000058,CUST00008,Influencer,2024-02-26,2024-02,0,0,0,0,1630.69,-100.0,Luxury
CAMP0000059,CUST00008,Paid Social,2023-05-30,2023-05,0,0,0,0,1704.5,-100.0,Luxury
CAMP0000060,CUST00008,Paid Social,2023-07-04,2023-07,0,0,0,0,1785.17,-100.0,Luxury
CAMP0000061,CUST00008,Paid Social,2023-06-04,2023-06,0,0,0,0,2017.51,-100.0,Luxury
CAMP0000062,CUST00008,Email,2023-02-18,2023-02,1,0,0,0,43.47,-100.0,Luxury
CAMP0000063,CUST00008,Email,2023-06-19,2023-06,0,0,0,0,22.97,-100.0,Luxury
CAMP0000064,CUST00009,Push Notification,2023-05-16,2023-05,0,0,0,0,15.5,-100.0,Mid-Range
CAMP0000065,CUST00009,Push Notification,2023-03-04,2023-03,0,0,0,0,20.52,-100.0,Mid-Range
CAMP0000066,CUST00009,Influencer,2023-03-02,2023-03,0,0,0,0,631.56,-100.0,Mid-Range
CAMP0000067,CUST00009,Display Ad,2023-06-21,2023-06,0,0,0,0,402.9,-100.0,Mid-Range
CAMP0000068,CUST00009,Influencer,2023-04-30,2023-04,1,0,0,0,488.17,-100.0,Mid-Range
CAMP0000069,CUST00009,Email,2023-10-30,2023-10,1,1,1,182.07,19.92,814.0,Mid-Range
CAMP0000070,CUST00010,Email,2022-03-31,2022-03,0,0,0,0,29.26,-100.0,Mid-Range
CAMP0000071,CUST00010,Influencer,2023-02-22,2023-02,1,0,0,0,691.77,-100.0,Mid-Range
CAMP0000072,CUST00010,Display Ad,2023-01-05,2023-01,0,0,0,0,856.93,-100.0,Mid-Range
CAMP0000073,CUST00010,SMS,2024-01-08,2024-01,1,0,0,0,85.6,-100.0,Mid-Range
CAMP0000074,CUST00010,Influencer,2023-06-04,2023-06,0,0,0,0,1043.4,-100.0,Mid-Range
CAMP0000075,CUST00010,Influencer,2023-05-06,2023-05,0,0,0,0,1208.69,-100.0,Mid-Range
CAMP0000076,CUST00010,Push Notification,2022-07-13,2022-07,0,0,0,0,16.94,-100.0,Mid-Range
CAMP0000077,CUST00010,Paid Social,2023-11-25,2023-11,0,0,0,0,1714.71,-100.0,Mid-Range
CAMP0000078,CUST00011,Email,2023-02-07,2023-02,0,0,0,0,28.67,-100.0,Mid-Range
CAMP0000079,CUST00011,SMS,2023-05-29,2023-05,1,0,0,0,85.3,-100.0,Mid-Range
CAMP0000080,CUST00011,Paid Social,2022-09-01,2022-09,0,0,0,0,2085.53,-100.0,Mid-Range
CAMP0000081,CUST00011,Influencer,2023-04-16,2023-04,0,0,0,0,531.12,-100.0,Mid-Range
CAMP0000082,CUST00011,Display Ad,2022-09-19,2022-09,0,0,0,0,911.83,-100.0,Mid-Range
CAMP0000083,CUST00011,Paid Social,2022-09-30,2022-09,0,0,0,0,2297.24,-100.0,Mid-Range
CAMP0000084,CUST00011,Push Notification,2022-10-21,2022-10,0,0,0,0,27.17,-100.0,Mid-Range
CAMP0000085,CUST00012,Email,2022-10-21,2022-10,0,0,0,0,27.75,-100.0,Luxury
CAMP0000086,CUST00012,Paid Social,2024-02-03,2024-02,0,0,0,0,2212.55,-100.0,Luxury
CAMP0000087,CUST00012,Email,2024-01-10,2024-01,1,1,1,151.17,19.5,675.2,Luxury
CAMP0000088,CUST00012,Email,2023-11-04,2023-11,0,0,0,0,42.08,-100.0,Luxury
CAMP0000089,CUST00012,Influencer,2024-02-20,2024-02,0,0,0,0,886.47,-100.0,Luxury
CAMP0000090,CUST00012,Email,2022-11-30,2022-11,0,0,0,0,20.18,-100.0,Luxury
CAMP0000091,CUST00012,Paid Social,2024-01-15,2024-01,0,0,0,0,1541.4,-100.0,Luxury
CAMP0000092,CUST00013,Paid Social,2023-05-04,2023-05,0,0,0,0,1982.89,-100.0,Mid-Range
CAMP0000093,CUST00013,SMS,2023-05-01,2023-05,0,0,0,0,74.69,-100.0,Mid-Range
CAMP0000094,CUST00013,Push Notification,2022-11-16,2022-11,0,0,0,0,12.24,-100.0,Mid-Range
CAMP0000095,CUST00013,Email,2023-11-11,2023-11,1,0,0,0,44.0,-100.0,Mid-Range
CAMP0000096,CUST00013,Paid Social,2023-07-01,2023-07,0,0,0,0,1785.91,-100.0,Mid-Range
CAMP0000097,CUST00013,Paid Social,2022-12-08,2022-12,0,0,0,0,1178.07,-100.0,Mid-Range
CAMP0000098,CUST00013,Display Ad,2023-06-28,2023-06,1,0,0,0,697.28,-100.0,Mid-Range
CAMP0000099,CUST00013,Paid Social,2023-04-07,2023-04,0,0,0,0,2474.67,-100.0,Mid-Range
CAMP0000100,CUST00013,Paid Social,2023-11-11,2023-11,0,0,0,0,2470.42,-100.0,Mid-Range
CAMP0000101,CUST00013,SMS,2023-09-10,2023-09,0,0,0,0,55.13,-100.0,Mid-Range
CAMP0000102,CUST00014,Influencer,2022-10-19,2022-10,0,0,0,0,1194.35,-100.0,Budget
CAMP0000103,CUST00014,Paid Social,2023-12-04,2023-12,0,0,0,0,2452.36,-100.0,Budget
CAMP0000104,CUST00014,Paid Social,2024-03-30,2024-03,0,0,0,0,1062.14,-100.0,Budget
CAMP0000105,CUST00014,Paid Social,2022-10-19,2022-10,0,0,0,0,2208.22,-100.0,Budget
CAMP0000106,CUST00014,Push Notification,2023-12-07,2023-12,0,0,0,0,22.4,-100.0,Budget
CAMP0000107,CUST00014,Email,2022-08-21,2022-08,0,0,0,0,17.0,-100.0,Budget
CAMP0000108,CUST00015,SMS,2023-01-27,2023-01,0,0,0,0,73.19,-100.0,Premium
CAMP0000109,CUST00015,Email,2024-01-31,2024-01,0,0,0,0,35.7,-100.0,Premium
CAMP0000110,CUST00015,Paid Social,2024-01-30,2024-01,0,0,0,0,891.55,-100.0,Premium
CAMP0000111,CUST00015,SMS,2023-08-26,2023-08,1,1,0,0,103.61,-100.0,Premium
CAMP0000112,CUST00015,Display Ad,2023-04-28,2023-04,0,0,0,0,420.63,-100.0,Premium
CAMP0000113,CUST00015,Push Notification,2023-07-08,2023-07,0,0,0,0,28.63,-100.0,Premium
CAMP0000114,CUST00015,Email,2023-08-01,2023-08,1,0,0,0,54.09,-100.0,Premium
CAMP0000115,CUST00015,Email,2023-04-13,2023-04,0,0,0,0,53.2,-100.0,Premium
CAMP0000116,CUST00015,Influencer,2023-10-13,2023-10,1,0,0,0,758.36,-100.0,Premium
CAMP0000117,CUST00016,Paid Social,2022-07-18,2022-07,1,1,0,0,2258.51,-100.0,Premium
CAMP0000118,CUST00016,Paid Social,2022-10-20,2022-10,0,0,0,0,771.59,-100.0,Premium
CAMP0000119,CUST00016,Email,2023-11-23,2023-11,1,1,0,0,42.6,-100.0,Premium
CAMP0000120,CUST00016,SMS,2024-02-16,2024-02,0,0,0,0,45.16,-100.0,Premium
CAMP0000121,CUST00016,SMS,2024-03-05,2024-03,0,0,0,0,98.64,-100.0,Premium
CAMP0000122,CUST00017,Influencer,2024-02-09,2024-02,0,0,0,0,1208.95,-100.0,Budget
CAMP0000123,CUST00017,Paid Social,2022-10-10,2022-10,0,0,0,0,1181.47,-100.0,Budget
CAMP0000124,CUST00017,Paid Social,2022-02-19,2022-02,0,0,0,0,1381.22,-100.0,Budget
CAMP0000125,CUST00017,Paid Social,2023-02-15,2023-02,0,0,0,0,1323.98,-100.0,Budget
CAMP0000126,CUST00017,Influencer,2022-05-09,2022-05,1,1,1,45.62,791.01,-94.2,Budget
CAMP0000127,CUST00018,SMS,2023-02-19,2023-02,0,0,0,0,111.13,-100.0,Budget
CAMP0000128,CUST00018,Email,2022-11-05,2022-11,0,0,0,0,40.35,-100.0,Budget
CAMP0000129,CUST00018,Paid Social,2023-10-18,2023-10,1,0,0,0,2188.9,-100.0,Budget
CAMP0000130,CUST00018,Email,2023-11-24,2023-11,0,0,0,0,56.16,-100.0,Budget
CAMP0000131,CUST00018,Paid Social,2023-09-19,2023-09,0,0,0,0,712.74,-100.0,Budget
CAMP0000132,CUST00018,SMS,2024-03-02,2024-03,0,0,0,0,105.22,-100.0,Budget
CAMP0000133,CUST00018,Paid Social,2023-09-01,2023-09,0,0,0,0,2042.3,-100.0,Budget
CAMP0000134,CUST00018,Push Notification,2023-12-13,2023-12,0,0,0,0,11.63,-100.0,Budget
CAMP0000135,CUST00018,Paid Social,2022-07-18,2022-07,0,0,0,0,1562.93,-100.0,Budget
CAMP0000136,CUST00018,Email,2022-12-14,2022-12,0,0,0,0,17.06,-100.0,Budget
CAMP0000137,CUST00018,Email,2024-03-18,2024-03,0,0,0,0,51.88,-100.0,Budget
CAMP0000138,CUST00018,Influencer,2022-12-05,2022-12,1,1,1,194.07,774.6,-74.9,Budget
CAMP0000139,CUST00019,Email,2023-03-12,2023-03,0,0,0,0,25.14,-100.0,Mid-Range
CAMP0000140,CUST00019,Display Ad,2023-08-21,2023-08,0,0,0,0,445.36,-100.0,Mid-Range
CAMP0000141,CUST00019,Paid Social,2023-07-22,2023-07,1,1,0,0,1224.35,-100.0,Mid-Range
CAMP0000142,CUST00019,Push Notification,2024-01-05,2024-01,1,0,0,0,11.31,-100.0,Mid-Range
CAMP0000143,CUST00019,Email,2024-02-12,2024-02,0,0,0,0,17.85,-100.0,Mid-Range
CAMP0000144,CUST00020,Paid Social,2023-12-16,2023-12,1,0,0,0,1412.1,-100.0,Premium
CAMP0000145,CUST00020,Push Notification,2023-07-07,2023-07,0,0,0,0,24.35,-100.0,Premium
CAMP0000146,CUST00020,SMS,2023-04-16,2023-04,0,0,0,0,83.51,-100.0,Premium
CAMP0000147,CUST00021,Paid Social,2022-11-17,2022-11,1,0,0,0,1075.51,-100.0,Budget
CAMP0000148,CUST00021,Email,2024-02-10,2024-02,1,0,0,0,34.33,-100.0,Budget
CAMP0000149,CUST00021,SMS,2023-04-25,2023-04,0,0,0,0,115.25,-100.0,Budget
CAMP0000150,CUST00021,Email,2023-06-13,2023-06,0,0,0,0,18.48,-100.0,Budget
CAMP0000151,CUST00021,Email,2024-02-06,2024-02,0,0,0,0,52.35,-100.0,Budget
CAMP0000152,CUST00021,Email,2023-04-12,2023-04,0,0,0,0,17.42,-100.0,Budget
CAMP0000153,CUST00021,SMS,2023-12-13,2023-12,0,0,0,0,44.02,-100.0,Budget
CAMP0000154,CUST00021,Email,2023-11-19,2023-11,1,0,0,0,37.77,-100.0,Budget
CAMP0000155,CUST00021,Email,2022-10-25,2022-10,0,0,0,0,41.16,-100.0,Budget
CAMP0000156,CUST00022,Influencer,2022-12-02,2022-12,0,0,0,0,1504.64,-100.0,Premium
CAMP0000157,CUST00022,Influencer,2023-04-04,2023-04,0,0,0,0,664.85,-100.0,Premium
CAMP0000158,CUST00022,SMS,2023-09-18,2023-09,1,1,1,68.23,73.85,-7.6,Premium
CAMP0000159,CUST00022,Paid Social,2022-08-13,2022-08,0,0,0,0,1763.82,-100.0,Premium
CAMP0000160,CUST00022,Email,2022-07-30,2022-07,0,0,0,0,32.12,-100.0,Premium
CAMP0000161,CUST00022,Influencer,2022-10-03,2022-10,0,0,0,0,1618.55,-100.0,Premium
CAMP0000162,CUST00022,Push Notification,2022-10-16,2022-10,0,0,0,0,11.91,-100.0,Premium
CAMP0000163,CUST00022,Display Ad,2023-03-25,2023-03,0,0,0,0,464.69,-100.0,Premium
CAMP0000164,CUST00022,Influencer,2024-02-07,2024-02,1,0,0,0,1587.62,-100.0,Premium
CAMP0000165,CUST00022,Email,2023-12-30,2023-12,0,0,0,0,23.97,-100.0,Premium
CAMP0000166,CUST00022,Email,2024-03-23,2024-03,0,0,0,0,17.88,-100.0,Premium
CAMP0000167,CUST00022,SMS,2023-01-21,2023-01,1,0,0,0,115.04,-100.0,Premium
CAMP0000168,CUST00023,Paid Social,2023-06-27,2023-06,0,0,0,0,1721.26,-100.0,Premium
CAMP0000169,CUST00023,Push Notification,2023-09-08,2023-09,0,0,0,0,29.37,-100.0,Premium
CAMP0000170,CUST00023,Push Notification,2023-06-05,2023-06,0,0,0,0,27.03,-100.0,Premium
CAMP0000171,CUST00023,Push Notification,2024-03-28,2024-03,0,0,0,0,22.51,-100.0,Premium
CAMP0000172,CUST00023,Influencer,2023-10-09,2023-10,0,0,0,0,1416.68,-100.0,Premium
CAMP0000173,CUST00023,Paid Social,2024-03-06,2024-03,1,0,0,0,680.26,-100.0,Premium
CAMP0000174,CUST00023,SMS,2023-11-20,2023-11,0,0,0,0,118.53,-100.0,Premium
CAMP0000175,CUST00023,Display Ad,2023-07-15,2023-07,0,0,0,0,587.78,-100.0,Premium
CAMP0000176,CUST00023,Email,2023-06-17,2023-06,1,0,0,0,45.13,-100.0,Premium
CAMP0000177,CUST00023,Email,2023-08-08,2023-08,0,0,0,0,16.55,-100.0,Premium
CAMP0000178,CUST00023,Email,2023-12-23,2023-12,1,0,0,0,46.28,-100.0,Premium
CAMP0000179,CUST00023,Display Ad,2023-05-28,2023-05,0,0,0,0,851.38,-100.0,Premium
CAMP0000180,CUST00024,Paid Social,2022-09-22,2022-09,1,0,0,0,2325.86,-100.0,Premium
CAMP0000181,CUST00024,Display Ad,2023-04-30,2023-04,0,0,0,0,700.61,-100.0,Premium
CAMP0000182,CUST00024,SMS,2022-05-24,2022-05,0,0,0,0,89.66,-100.0,Premium
CAMP0000183,CUST00024,Paid Social,2023-05-27,2023-05,0,0,0,0,1872.18,-100.0,Premium
CAMP0000184,CUST00024,Display Ad,2022-09-02,2022-09,0,0,0,0,861.17,-100.0,Premium
CAMP0000185,CUST00025,Email,2023-11-26,2023-11,0,0,0,0,55.53,-100.0,Mid-Range
CAMP0000186,CUST00025,Email,2023-04-13,2023-04,1,1,1,56.13,57.51,-2.4,Mid-Range
CAMP0000187,CUST00025,SMS,2023-08-28,2023-08,0,0,0,0,46.49,-100.0,Mid-Range
CAMP0000188,CUST00025,Paid Social,2023-05-07,2023-05,0,0,0,0,895.11,-100.0,Mid-Range
CAMP0000189,CUST00025,Paid Social,2023-10-20,2023-10,1,0,0,0,2458.17,-100.0,Mid-Range
CAMP0000190,CUST00025,Paid Social,2023-10-26,2023-10,0,0,0,0,2299.25,-100.0,Mid-Range
CAMP0000191,CUST00025,Paid Social,2024-02-24,2024-02,0,0,0,0,1929.29,-100.0,Mid-Range
CAMP0000192,CUST00025,Paid Social,2023-05-15,2023-05,0,0,0,0,2157.26,-100.0,Mid-Range
CAMP0000193,CUST00025,Paid Social,2024-02-25,2024-02,1,0,0,0,2109.51,-100.0,Mid-Range
CAMP0000194,CUST00025,Push Notification,2023-09-28,2023-09,1,1,0,0,18.13,-100.0,Mid-Range
CAMP0000195,CUST00025,Paid Social,2023-10-05,2023-10,0,0,0,0,1497.98,-100.0,Mid-Range
CAMP0000196,CUST00026,Email,2024-03-31,2024-03,0,0,0,0,37.4,-100.0,Budget
CAMP0000197,CUST00026,Push Notification,2023-12-01,2023-12,0,0,0,0,15.48,-100.0,Budget
CAMP0000198,CUST00026,Display Ad,2023-02-28,2023-02,0,0,0,0,514.76,-100.0,Budget
CAMP0000199,CUST00027,Paid Social,2023-07-17,2023-07,0,0,0,0,1834.95,-100.0,Mid-Range
CAMP0000200,CUST00027,Email,2024-02-01,2024-02,0,0,0,0,45.4,-100.0,Mid-Range
CAMP0000201,CUST00027,Email,2023-12-30,2023-12,1,0,0,0,24.77,-100.0,Mid-Range
CAMP0000202,CUST00027,Email,2024-02-25,2024-02,0,0,0,0,30.52,-100.0,Mid-Range
CAMP0000203,CUST00027,Push Notification,2023-04-20,2023-04,0,0,0,0,28.21,-100.0,Mid-Range
CAMP0000204,CUST00028,Email,2023-05-19,2023-05,1,0,0,0,44.0,-100.0,Mid-Range
CAMP0000205,CUST00028,Email,2023-02-07,2023-02,0,0,0,0,48.9,-100.0,Mid-Range
CAMP0000206,CUST00028,Email,2023-08-28,2023-08,0,0,0,0,31.77,-100.0,Mid-Range
CAMP0000207,CUST00028,Email,2023-08-17,2023-08,1,0,0,0,29.66,-100.0,Mid-Range
CAMP0000208,CUST00028,SMS,2023-05-09,2023-05,1,1,0,0,98.32,-100.0,Mid-Range
CAMP0000209,CUST00028,Display Ad,2024-03-29,2024-03,0,0,0,0,832.09,-100.0,Mid-Range
CAMP0000210,CUST00028,Paid Social,2023-12-20,2023-12,1,1,1,68.22,2118.45,-96.8,Mid-Range
CAMP0000211,CUST00028,Email,2024-03-16,2024-03,1,0,0,0,48.25,-100.0,Mid-Range
CAMP0000212,CUST00028,Paid Social,2024-02-17,2024-02,0,0,0,0,1514.97,-100.0,Mid-Range
CAMP0000213,CUST00029,Push Notification,2023-01-17,2023-01,0,0,0,0,26.42,-100.0,Mid-Range
CAMP0000214,CUST00029,Paid Social,2023-11-06,2023-11,0,0,0,0,2383.63,-100.0,Mid-Range
CAMP0000215,CUST00029,Email,2023-03-12,2023-03,0,0,0,0,20.51,-100.0,Mid-Range
CAMP0000216,CUST00029,Email,2022-06-12,2022-06,0,0,0,0,21.79,-100.0,Mid-Range
CAMP0000217,CUST00029,SMS,2024-01-07,2024-01,1,0,0,0,35.53,-100.0,Mid-Range
CAMP0000218,CUST00029,Paid Social,2023-05-03,2023-05,0,0,0,0,2250.07,-100.0,Mid-Range
CAMP0000219,CUST00029,Paid Social,2023-10-19,2023-10,0,0,0,0,1703.11,-100.0,Mid-Range
CAMP0000220,CUST00029,Influencer,2023-12-29,2023-12,0,0,0,0,817.22,-100.0,Mid-Range
CAMP0000221,CUST00029,SMS,2023-04-03,2023-04,0,0,0,0,82.74,-100.0,Mid-Range
CAMP0000222,CUST00030,Paid Social,2023-11-18,2023-11,0,0,0,0,982.31,-100.0,Budget
CAMP0000223,CUST00030,Email,2023-09-23,2023-09,0,0,0,0,45.88,-100.0,Budget
CAMP0000224,CUST00030,Display Ad,2023-12-13,2023-12,0,0,0,0,842.86,-100.0,Budget
CAMP0000225,CUST00031,Email,2022-11-07,2022-11,1,1,1,95.39,51.61,84.8,Mid-Range
CAMP0000226,CUST00031,Push Notification,2023-12-03,2023-12,0,0,0,0,15.65,-100.0,Mid-Range
CAMP0000227,CUST00031,SMS,2023-03-19,2023-03,0,0,0,0,74.88,-100.0,Mid-Range
CAMP0000228,CUST00031,Email,2023-08-17,2023-08,0,0,0,0,19.1,-100.0,Mid-Range
CAMP0000229,CUST00032,Paid Social,2023-11-18,2023-11,0,0,0,0,2409.68,-100.0,Luxury
CAMP0000230,CUST00032,Email,2024-01-22,2024-01,0,0,0,0,34.07,-100.0,Luxury
CAMP0000231,CUST00032,Email,2023-12-24,2023-12,1,1,0,0,21.68,-100.0,Luxury
CAMP0000232,CUST00032,SMS,2024-03-01,2024-03,1,0,0,0,72.34,-100.0,Luxury
CAMP0000233,CUST00032,Email,2024-02-20,2024-02,0,0,0,0,24.54,-100.0,Luxury
CAMP0000234,CUST00033,Email,2023-05-02,2023-05,0,0,0,0,32.56,-100.0,Premium
CAMP0000235,CUST00033,Email,2022-09-15,2022-09,1,0,0,0,36.15,-100.0,Premium
CAMP0000236,CUST00033,Paid Social,2022-10-25,2022-10,0,0,0,0,2232.41,-100.0,Premium
CAMP0000237,CUST00033,SMS,2023-05-06,2023-05,0,0,0,0,75.46,-100.0,Premium
CAMP0000238,CUST00033,Display Ad,2022-09-12,2022-09,0,0,0,0,365.68,-100.0,Premium
CAMP0000239,CUST00033,Email,2022-10-05,2022-10,0,0,0,0,34.59,-100.0,Premium
CAMP0000240,CUST00033,Paid Social,2023-02-14,2023-02,0,0,0,0,2410.55,-100.0,Premium
CAMP0000241,CUST00033,Paid Social,2023-01-23,2023-01,0,0,0,0,1913.64,-100.0,Premium
CAMP0000242,CUST00033,Push Notification,2023-02-06,2023-02,0,0,0,0,11.45,-100.0,Premium
CAMP0000243,CUST00033,Paid Social,2023-11-13,2023-11,0,0,0,0,1818.12,-100.0,Premium
CAMP0000244,CUST00033,Paid Social,2023-05-26,2023-05,1,0,0,0,1365.89,-100.0,Premium
CAMP0000245,CUST00033,Paid Social,2022-12-10,2022-12,0,0,0,0,1992.36,-100.0,Premium
CAMP0000246,CUST00034,Email,2024-01-23,2024-01,0,0,0,0,24.87,-100.0,Budget
CAMP0000247,CUST00034,Paid Social,2023-12-02,2023-12,0,0,0,0,1732.05,-100.0,Budget
CAMP0000248,CUST00034,Push Notification,2023-06-10,2023-06,0,0,0,0,17.89,-100.0,Budget
CAMP0000249,CUST00035,Paid Social,2023-08-31,2023-08,0,0,0,0,1019.03,-100.0,Budget
CAMP0000250,CUST00035,Paid Social,2023-12-26,2023-12,0,0,0,0,2139.6,-100.0,Budget
CAMP0000251,CUST00035,Paid Social,2022-11-11,2022-11,0,0,0,0,1609.09,-100.0,Budget
CAMP0000252,CUST00036,Paid Social,2023-10-14,2023-10,0,0,0,0,1028.8,-100.0,Luxury
CAMP0000253,CUST00036,Push Notification,2023-11-20,2023-11,0,0,0,0,9.22,-100.0,Luxury
CAMP0000254,CUST00036,Email,2022-07-27,2022-07,0,0,0,0,43.3,-100.0,Luxury
CAMP0000255,CUST00036,Influencer,2022-10-31,2022-10,0,0,0,0,1296.19,-100.0,Luxury
CAMP0000256,CUST00036,Influencer,2024-03-02,2024-03,1,1,1,135.13,449.65,-69.9,Luxury
CAMP0000257,CUST00036,Email,2024-01-01,2024-01,1,0,0,0,26.72,-100.0,Luxury
CAMP0000258,CUST00036,Paid Social,2023-07-24,2023-07,0,0,0,0,1945.48,-100.0,Luxury
CAMP0000259,CUST00036,Push Notification,2023-04-16,2023-04,0,0,0,0,12.12,-100.0,Luxury
CAMP0000260,CUST00037,Email,2024-02-10,2024-02,0,0,0,0,59.72,-100.0,Mid-Range
CAMP0000261,CUST00037,Paid Social,2023-09-30,2023-09,0,0,0,0,2092.49,-100.0,Mid-Range
CAMP0000262,CUST00037,Display Ad,2023-07-15,2023-07,0,0,0,0,616.44,-100.0,Mid-Range
CAMP0000263,CUST00037,Influencer,2023-04-17,2023-04,1,0,0,0,1635.51,-100.0,Mid-Range
CAMP0000264,CUST00037,Email,2023-08-12,2023-08,0,0,0,0,46.84,-100.0,Mid-Range
CAMP0000265,CUST00037,Email,2023-07-19,2023-07,1,0,0,0,47.13,-100.0,Mid-Range
CAMP0000266,CUST00037,Push Notification,2023-10-16,2023-10,0,0,0,0,13.03,-100.0,Mid-Range
CAMP0000267,CUST00037,Email,2023-12-14,2023-12,0,0,0,0,39.51,-100.0,Mid-Range
CAMP0000268,CUST00037,Email,2023-11-03,2023-11,0,0,0,0,33.38,-100.0,Mid-Range
CAMP0000269,CUST00037,Push Notification,2023-08-17,2023-08,0,0,0,0,15.56,-100.0,Mid-Range
CAMP0000270,CUST00038,Push Notification,2023-12-14,2023-12,1,0,0,0,29.34,-100.0,Mid-Range
CAMP0000271,CUST00038,Email,2024-03-01,2024-03,0,0,0,0,24.5,-100.0,Mid-Range
CAMP0000272,CUST00038,Push Notification,2024-01-20,2024-01,1,0,0,0,18.84,-100.0,Mid-Range
CAMP0000273,CUST00038,Display Ad,2024-01-05,2024-01,0,0,0,0,921.82,-100.0,Mid-Range
CAMP0000274,CUST00039,Influencer,2023-08-04,2023-08,1,1,0,0,648.71,-100.0,Budget
CAMP0000275,CUST00039,Email,2023-10-14,2023-10,0,0,0,0,17.38,-100.0,Budget
CAMP0000276,CUST00039,Email,2023-09-19,2023-09,0,0,0,0,30.54,-100.0,Budget
CAMP0000277,CUST00039,Email,2023-08-05,2023-08,0,0,0,0,18.35,-100.0,Budget
CAMP0000278,CUST00039,Paid Social,2024-01-24,2024-01,0,0,0,0,1057.94,-100.0,Budget
CAMP0000279,CUST00039,Push Notification,2023-04-29,2023-04,0,0,0,0,17.85,-100.0,Budget
CAMP0000280,CUST00039,SMS,2023-01-31,2023-01,0,0,0,0,100.65,-100.0,Budget
CAMP0000281,CUST00039,Email,2024-01-25,2024-01,0,0,0,0,55.97,-100.0,Budget
CAMP0000282,CUST00039,Push Notification,2023-05-07,2023-05,0,0,0,0,22.03,-100.0,Budget
CAMP0000283,CUST00040,Paid Social,2023-06-14,2023-06,0,0,0,0,2435.36,-100.0,Budget
CAMP0000284,CUST00040,Email,2023-03-25,2023-03,1,1,1,43.92,38.45,14.2,Budget
CAMP0000285,CUST00040,Paid Social,2023-03-03,2023-03,0,0,0,0,1960.7,-100.0,Budget
CAMP0000286,CUST00041,Paid Social,2023-07-02,2023-07,0,0,0,0,895.38,-100.0,Premium
CAMP0000287,CUST00041,Push Notification,2024-03-29,2024-03,0,0,0,0,18.8,-100.0,Premium
CAMP0000288,CUST00041,Display Ad,2022-10-11,2022-10,0,0,0,0,635.37,-100.0,Premium
CAMP0000289,CUST00041,Email,2022-11-17,2022-11,0,0,0,0,41.81,-100.0,Premium
CAMP0000290,CUST00041,Email,2023-11-08,2023-11,0,0,0,0,22.19,-100.0,Premium
CAMP0000291,CUST00041,Display Ad,2024-01-20,2024-01,0,0,0,0,829.54,-100.0,Premium
CAMP0000292,CUST00042,Paid Social,2023-10-11,2023-10,0,0,0,0,1999.79,-100.0,Budget
CAMP0000293,CUST00042,Influencer,2023-11-12,2023-11,0,0,0,0,1263.0,-100.0,Budget
CAMP0000294,CUST00042,Push Notification,2023-09-17,2023-09,0,0,0,0,12.39,-100.0,Budget
CAMP0000295,CUST00042,SMS,2024-03-21,2024-03,1,1,0,0,35.7,-100.0,Budget
CAMP0000296,CUST00042,Email,2024-01-06,2024-01,1,0,0,0,28.71,-100.0,Budget
CAMP0000297,CUST00042,Push Notification,2023-02-17,2023-02,0,0,0,0,28.21,-100.0,Budget
CAMP0000298,CUST00042,Email,2023-09-28,2023-09,0,0,0,0,28.5,-100.0,Budget
CAMP0000299,CUST00042,Influencer,2024-03-08,2024-03,1,0,0,0,923.69,-100.0,Budget
CAMP0000300,CUST00042,SMS,2024-03-12,2024-03,0,0,0,0,84.03,-100.0,Budget
CAMP0000301,CUST00042,SMS,2023-04-21,2023-04,1,0,0,0,48.66,-100.0,Budget
CAMP0000302,CUST00042,Email,2023-09-20,2023-09,1,1,1,107.7,55.38,94.5,Budget
CAMP0000303,CUST00042,Email,2024-03-27,2024-03,0,0,0,0,36.2,-100.0,Budget
CAMP0000304,CUST00043,Paid Social,2023-12-04,2023-12,0,0,0,0,1862.45,-100.0,Luxury
CAMP0000305,CUST00043,Influencer,2023-04-15,2023-04,1,0,0,0,1374.91,-100.0,Luxury
CAMP0000306,CUST00043,Email,2023-07-16,2023-07,1,0,0,0,56.01,-100.0,Luxury
CAMP0000307,CUST00043,Influencer,2024-02-24,2024-02,0,0,0,0,1407.62,-100.0,Luxury
CAMP0000308,CUST00043,Push Notification,2023-09-14,2023-09,0,0,0,0,12.03,-100.0,Luxury
CAMP0000309,CUST00043,Influencer,2023-07-11,2023-07,0,0,0,0,516.09,-100.0,Luxury
CAMP0000310,CUST00043,Email,2023-09-05,2023-09,1,0,0,0,34.84,-100.0,Luxury
CAMP0000311,CUST00043,Paid Social,2023-08-19,2023-08,0,0,0,0,833.91,-100.0,Luxury
CAMP0000312,CUST00043,Push Notification,2023-11-02,2023-11,0,0,0,0,18.44,-100.0,Luxury
CAMP0000313,CUST00043,Email,2023-12-24,2023-12,0,0,0,0,32.18,-100.0,Luxury
CAMP0000314,CUST00043,Display Ad,2023-10-10,2023-10,0,0,0,0,315.86,-100.0,Luxury
CAMP0000315,CUST00044,Email,2023-10-03,2023-10,1,0,0,0,30.77,-100.0,Premium
CAMP0000316,CUST00044,Paid Social,2024-01-04,2024-01,1,1,0,0,1224.33,-100.0,Premium
CAMP0000317,CUST00044,SMS,2024-02-20,2024-02,0,0,0,0,101.33,-100.0,Premium
CAMP0000318,CUST00044,SMS,2023-11-25,2023-11,0,0,0,0,53.21,-100.0,Premium
CAMP0000319,CUST00044,SMS,2023-12-15,2023-12,0,0,0,0,47.82,-100.0,Premium
CAMP0000320,CUST00044,Push Notification,2024-01-14,2024-01,0,0,0,0,24.93,-100.0,Premium
CAMP0000321,CUST00044,Email,2024-01-13,2024-01,0,0,0,0,20.65,-100.0,Premium
CAMP0000322,CUST00044,Paid Social,2023-08-12,2023-08,1,0,0,0,922.14,-100.0,Premium
CAMP0000323,CUST00044,Email,2023-09-10,2023-09,0,0,0,0,54.46,-100.0,Premium
CAMP0000324,CUST00044,Influencer,2024-03-14,2024-03,1,0,0,0,588.83,-100.0,Premium
CAMP0000325,CUST00044,Push Notification,2023-08-03,2023-08,0,0,0,0,10.14,-100.0,Premium
CAMP0000326,CUST00045,Display Ad,2024-02-14,2024-02,0,0,0,0,816.34,-100.0,Luxury
CAMP0000327,CUST00045,Email,2022-12-12,2022-12,0,0,0,0,51.13,-100.0,Luxury
CAMP0000328,CUST00045,Paid Social,2023-06-13,2023-06,0,0,0,0,1939.8,-100.0,Luxury
CAMP0000329,CUST00045,SMS,2023-05-24,2023-05,0,0,0,0,58.43,-100.0,Luxury
CAMP0000330,CUST00046,Email,2023-05-09,2023-05,0,0,0,0,25.19,-100.0,Luxury
CAMP0000331,CUST00046,Influencer,2023-11-11,2023-11,0,0,0,0,755.95,-100.0,Luxury
CAMP0000332,CUST00046,Paid Social,2024-01-05,2024-01,0,0,0,0,2170.88,-100.0,Luxury
CAMP0000333,CUST00046,Push Notification,2023-09-20,2023-09,0,0,0,0,14.68,-100.0,Luxury
CAMP0000334,CUST00046,Email,2024-02-06,2024-02,0,0,0,0,44.22,-100.0,Luxury
CAMP0000335,CUST00046,SMS,2023-04-22,2023-04,1,1,0,0,62.47,-100.0,Luxury
CAMP0000336,CUST00047,SMS,2024-01-11,2024-01,0,0,0,0,49.13,-100.0,Budget
CAMP0000337,CUST00047,Email,2024-02-01,2024-02,0,0,0,0,31.76,-100.0,Budget
CAMP0000338,CUST00047,Email,2023-08-13,2023-08,1,1,1,189.55,45.32,318.2,Budget
CAMP0000339,CUST00047,Email,2023-12-21,2023-12,0,0,0,0,39.97,-100.0,Budget
CAMP0000340,CUST00047,Push Notification,2024-03-07,2024-03,0,0,0,0,19.19,-100.0,Budget
CAMP0000341,CUST00047,Push Notification,2023-08-12,2023-08,0,0,0,0,8.83,-100.0,Budget
CAMP0000342,CUST00047,Email,2024-03-08,2024-03,0,0,0,0,30.87,-100.0,Budget
CAMP0000343,CUST00047,Paid Social,2024-02-09,2024-02,1,0,0,0,1244.78,-100.0,Budget
CAMP0000344,CUST00047,SMS,2024-02-24,2024-02,1,1,0,0,46.6,-100.0,Budget
CAMP0000345,CUST00047,Paid Social,2023-10-28,2023-10,0,0,0,0,1915.27,-100.0,Budget
CAMP0000346,CUST00047,Paid Social,2024-02-15,2024-02,0,0,0,0,1975.79,-100.0,Budget
CAMP0000347,CUST00048,SMS,2023-10-29,2023-10,0,0,0,0,90.3,-100.0,Mid-Range
CAMP0000348,CUST00048,Display Ad,2023-07-03,2023-07,0,0,0,0,618.9,-100.0,Mid-Range
CAMP0000349,CUST00048,Display Ad,2024-02-08,2024-02,0,0,0,0,734.0,-100.0,Mid-Range
CAMP0000350,CUST00048,Push Notification,2022-10-18,2022-10,1,1,0,0,25.7,-100.0,Mid-Range
CAMP0000351,CUST00048,Email,2022-10-21,2022-10,1,0,0,0,59.58,-100.0,Mid-Range
CAMP0000352,CUST00048,Email,2023-02-04,2023-02,1,0,0,0,34.11,-100.0,Mid-Range
CAMP0000353,CUST00048,Paid Social,2024-03-28,2024-03,0,0,0,0,1918.51,-100.0,Mid-Range
CAMP0000354,CUST00048,Paid Social,2023-10-23,2023-10,0,0,0,0,2540.79,-100.0,Mid-Range
CAMP0000355,CUST00048,Paid Social,2023-03-02,2023-03,0,0,0,0,2095.94,-100.0,Mid-Range
CAMP0000356,CUST00048,Display Ad,2022-09-09,2022-09,0,0,0,0,928.75,-100.0,Mid-Range
CAMP0000357,CUST00048,Paid Social,2022-07-27,2022-07,0,0,0,0,757.96,-100.0,Mid-Range
CAMP0000358,CUST00048,Push Notification,2023-11-05,2023-11,0,0,0,0,10.12,-100.0,Mid-Range
CAMP0000359,CUST00049,Paid Social,2023-03-24,2023-03,0,0,0,0,1059.5,-100.0,Premium
CAMP0000360,CUST00049,Email,2023-12-15,2023-12,0,0,0,0,28.29,-100.0,Premium
CAMP0000361,CUST00049,Email,2024-03-25,2024-03,0,0,0,0,44.87,-100.0,Premium
CAMP0000362,CUST00049,Display Ad,2023-12-17,2023-12,0,0,0,0,296.75,-100.0,Premium
CAMP0000363,CUST00049,SMS,2023-09-01,2023-09,0,0,0,0,36.62,-100.0,Premium
CAMP0000364,CUST00049,SMS,2023-08-20,2023-08,0,0,0,0,63.07,-100.0,Premium
CAMP0000365,CUST00049,Influencer,2023-02-02,2023-02,0,0,0,0,513.84,-100.0,Premium
CAMP0000366,CUST00049,Email,2024-01-14,2024-01,1,1,0,0,43.19,-100.0,Premium
CAMP0000367,CUST00049,Paid Social,2023-07-05,2023-07,0,0,0,0,2497.65,-100.0,Premium
CAMP0000368,CUST00049,Email,2023-03-21,2023-03,0,0,0,0,39.42,-100.0,Premium
CAMP0000369,CUST00049,Email,2023-05-23,2023-05,0,0,0,0,38.7,-100.0,Premium
CAMP0000370,CUST00050,Paid Social,2023-04-30,2023-04,0,0,0,0,1801.8,-100.0,Budget
CAMP0000371,CUST00050,Email,2022-09-16,2022-09,0,0,0,0,36.69,-100.0,Budget
CAMP0000372,CUST00050,Email,2023-01-18,2023-01,0,0,0,0,48.75,-100.0,Budget
CAMP0000373,CUST00051,Display Ad,2024-01-13,2024-01,0,0,0,0,687.09,-100.0,Premium
CAMP0000374,CUST00051,Paid Social,2023-03-16,2023-03,0,0,0,0,1512.23,-100.0,Premium
CAMP0000375,CUST00051,Paid Social,2022-12-13,2022-12,0,0,0,0,1544.83,-100.0,Premium
CAMP0000376,CUST00052,Paid Social,2023-12-29,2023-12,0,0,0,0,1028.32,-100.0,Mid-Range
CAMP0000377,CUST00052,Email,2023-08-03,2023-08,0,0,0,0,18.02,-100.0,Mid-Range
CAMP0000378,CUST00052,Influencer,2024-03-21,2024-03,0,0,0,0,1645.72,-100.0,Mid-Range
CAMP0000379,CUST00052,Email,2023-09-02,2023-09,0,0,0,0,50.14,-100.0,Mid-Range
CAMP0000380,CUST00052,Email,2023-10-24,2023-10,1,0,0,0,55.93,-100.0,Mid-Range
CAMP0000381,CUST00052,Email,2023-05-10,2023-05,0,0,0,0,18.4,-100.0,Mid-Range
CAMP0000382,CUST00052,Influencer,2024-01-17,2024-01,0,0,0,0,902.84,-100.0,Mid-Range
CAMP0000383,CUST00052,SMS,2023-05-28,2023-05,0,0,0,0,47.2,-100.0,Mid-Range
CAMP0000384,CUST00052,Email,2022-12-14,2022-12,0,0,0,0,53.39,-100.0,Mid-Range
CAMP0000385,CUST00052,Email,2023-09-06,2023-09,0,0,0,0,41.39,-100.0,Mid-Range
CAMP0000386,CUST00053,Email,2023-11-17,2023-11,0,0,0,0,41.76,-100.0,Mid-Range
CAMP0000387,CUST00053,Email,2023-10-07,2023-10,1,1,0,0,56.02,-100.0,Mid-Range
CAMP0000388,CUST00053,Email,2024-03-23,2024-03,1,1,1,169.53,18.1,836.6,Mid-Range
CAMP0000389,CUST00053,Influencer,2024-02-02,2024-02,0,0,0,0,746.75,-100.0,Mid-Range
CAMP0000390,CUST00053,Paid Social,2023-12-30,2023-12,0,0,0,0,1071.87,-100.0,Mid-Range
CAMP0000391,CUST00053,Paid Social,2024-02-22,2024-02,0,0,0,0,1004.82,-100.0,Mid-Range
CAMP0000392,CUST00053,Push Notification,2023-08-03,2023-08,0,0,0,0,9.7,-100.0,Mid-Range
CAMP0000393,CUST00053,Email,2024-02-24,2024-02,1,1,0,0,41.21,-100.0,Mid-Range
CAMP0000394,CUST00053,Email,2023-07-09,2023-07,1,0,0,0,52.33,-100.0,Mid-Range
CAMP0000395,CUST00054,Email,2023-05-14,2023-05,0,0,0,0,17.5,-100.0,Budget
CAMP0000396,CUST00054,Paid Social,2023-06-03,2023-06,1,0,0,0,1860.7,-100.0,Budget
CAMP0000397,CUST00054,SMS,2022-07-16,2022-07,1,0,0,0,42.61,-100.0,Budget
CAMP0000398,CUST00054,Influencer,2023-08-17,2023-08,0,0,0,0,836.25,-100.0,Budget
CAMP0000399,CUST00054,Influencer,2022-03-06,2022-03,0,0,0,0,1645.57,-100.0,Budget
CAMP0000400,CUST00054,Influencer,2022-09-29,2022-09,0,0,0,0,472.16,-100.0,Budget
CAMP0000401,CUST00054,Paid Social,2024-03-17,2024-03,0,0,0,0,1023.54,-100.0,Budget
CAMP0000402,CUST00054,Paid Social,2022-03-09,2022-03,0,0,0,0,1341.58,-100.0,Budget
CAMP0000403,CUST00054,Paid Social,2023-06-17,2023-06,0,0,0,0,1320.84,-100.0,Budget
CAMP0000404,CUST00055,Email,2023-07-27,2023-07,0,0,0,0,29.71,-100.0,Mid-Range
CAMP0000405,CUST00055,Email,2023-06-05,2023-06,0,0,0,0,52.09,-100.0,Mid-Range
CAMP0000406,CUST00055,SMS,2023-03-18,2023-03,0,0,0,0,100.66,-100.0,Mid-Range
CAMP0000407,CUST00055,Email,2023-06-10,2023-06,0,0,0,0,51.37,-100.0,Mid-Range
CAMP0000408,CUST00055,Push Notification,2022-10-16,2022-10,0,0,0,0,21.69,-100.0,Mid-Range
CAMP0000409,CUST00055,Influencer,2022-12-10,2022-12,0,0,0,0,1097.79,-100.0,Mid-Range
CAMP0000410,CUST00056,Email,2022-10-26,2022-10,0,0,0,0,53.05,-100.0,Mid-Range
CAMP0000411,CUST00056,Paid Social,2022-11-21,2022-11,1,0,0,0,1185.5,-100.0,Mid-Range
CAMP0000412,CUST00056,Paid Social,2023-08-28,2023-08,0,0,0,0,1704.28,-100.0,Mid-Range
CAMP0000413,CUST00056,Influencer,2023-06-03,2023-06,0,0,0,0,732.74,-100.0,Mid-Range
CAMP0000414,CUST00056,Email,2022-03-27,2022-03,0,0,0,0,31.84,-100.0,Mid-Range
CAMP0000415,CUST00056,Paid Social,2022-12-29,2022-12,0,0,0,0,1770.1,-100.0,Mid-Range
CAMP0000416,CUST00056,Email,2022-02-09,2022-02,0,0,0,0,20.42,-100.0,Mid-Range
CAMP0000417,CUST00057,Email,2023-06-02,2023-06,0,0,0,0,28.72,-100.0,Premium
CAMP0000418,CUST00057,Email,2023-04-14,2023-04,0,0,0,0,22.49,-100.0,Premium
CAMP0000419,CUST00057,Paid Social,2023-03-19,2023-03,0,0,0,0,2317.44,-100.0,Premium
CAMP0000420,CUST00057,Paid Social,2023-04-08,2023-04,0,0,0,0,1225.2,-100.0,Premium
CAMP0000421,CUST00057,Display Ad,2023-12-13,2023-12,0,0,0,0,1021.25,-100.0,Premium
CAMP0000422,CUST00057,Email,2023-10-02,2023-10,0,0,0,0,25.26,-100.0,Premium
CAMP0000423,CUST00057,Influencer,2023-08-22,2023-08,0,0,0,0,648.45,-100.0,Premium
CAMP0000424,CUST00058,Paid Social,2023-05-24,2023-05,0,0,0,0,2089.81,-100.0,Mid-Range
CAMP0000425,CUST00058,Influencer,2023-11-21,2023-11,0,0,0,0,598.92,-100.0,Mid-Range
CAMP0000426,CUST00058,Push Notification,2023-12-29,2023-12,0,0,0,0,13.07,-100.0,Mid-Range
CAMP0000427,CUST00058,Influencer,2023-09-18,2023-09,0,0,0,0,1542.05,-100.0,Mid-Range
CAMP0000428,CUST00058,Influencer,2023-04-12,2023-04,0,0,0,0,1632.81,-100.0,Mid-Range
CAMP0000429,CUST00058,Paid Social,2023-05-17,2023-05,0,0,0,0,834.88,-100.0,Mid-Range
CAMP0000430,CUST00058,Paid Social,2023-07-01,2023-07,1,0,0,0,1071.43,-100.0,Mid-Range
CAMP0000431,CUST00058,Email,2024-03-22,2024-03,1,1,0,0,40.44,-100.0,Mid-Range
CAMP0000432,CUST00058,SMS,2024-01-01,2024-01,1,1,1,43.45,55.96,-22.4,Mid-Range
CAMP0000433,CUST00059,Email,2023-12-25,2023-12,0,0,0,0,30.74,-100.0,Mid-Range
CAMP0000434,CUST00059,Paid Social,2023-05-31,2023-05,0,0,0,0,1612.8,-100.0,Mid-Range
CAMP0000435,CUST00059,Email,2023-12-23,2023-12,0,0,0,0,41.84,-100.0,Mid-Range
CAMP0000436,CUST00059,Email,2022-12-02,2022-12,0,0,0,0,37.24,-100.0,Mid-Range
CAMP0000437,CUST00059,Influencer,2023-11-21,2023-11,0,0,0,0,1125.05,-100.0,Mid-Range
CAMP0000438,CUST00059,Email,2023-06-06,2023-06,0,0,0,0,19.32,-100.0,Mid-Range
CAMP0000439,CUST00059,SMS,2022-07-05,2022-07,0,0,0,0,44.49,-100.0,Mid-Range
CAMP0000440,CUST00059,Email,2023-09-26,2023-09,0,0,0,0,56.71,-100.0,Mid-Range
CAMP0000441,CUST00059,Influencer,2023-10-05,2023-10,1,1,0,0,961.39,-100.0,Mid-Range
CAMP0000442,CUST00059,Influencer,2022-10-02,2022-10,0,0,0,0,1227.56,-100.0,Mid-Range
CAMP0000443,CUST00060,Paid Social,2023-12-23,2023-12,1,0,0,0,2214.11,-100.0,Mid-Range
CAMP0000444,CUST00060,Display Ad,2023-09-07,2023-09,0,0,0,0,641.04,-100.0,Mid-Range
CAMP0000445,CUST00060,Push Notification,2024-02-07,2024-02,0,0,0,0,17.9,-100.0,Mid-Range
CAMP0000446,CUST00060,Email,2023-09-12,2023-09,0,0,0,0,22.88,-100.0,Mid-Range
CAMP0000447,CUST00060,Email,2023-12-10,2023-12,0,0,0,0,31.64,-100.0,Mid-Range
CAMP0000448,CUST00060,Email,2024-02-25,2024-02,0,0,0,0,22.11,-100.0,Mid-Range
CAMP0000449,CUST00060,Email,2023-10-01,2023-10,0,0,0,0,53.26,-100.0,Mid-Range
CAMP0000450,CUST00060,Email,2024-01-05,2024-01,0,0,0,0,34.47,-100.0,Mid-Range
CAMP0000451,CUST00060,Paid Social,2023-11-26,2023-11,0,0,0,0,1282.18,-100.0,Mid-Range
CAMP0000452,CUST00060,SMS,2024-02-05,2024-02,0,0,0,0,117.75,-100.0,Mid-Range
CAMP0000453,CUST00060,Display Ad,2023-12-23,2023-12,0,0,0,0,429.57,-100.0,Mid-Range
CAMP0000454,CUST00060,Paid Social,2023-11-03,2023-11,1,0,0,0,1709.15,-100.0,Mid-Range
CAMP0000455,CUST00061,Influencer,2024-03-31,2024-03,0,0,0,0,443.87,-100.0,Mid-Range
CAMP0000456,CUST00061,Influencer,2023-12-27,2023-12,1,1,0,0,1171.24,-100.0,Mid-Range
CAMP0000457,CUST00061,Email,2023-07-28,2023-07,1,0,0,0,28.54,-100.0,Mid-Range
CAMP0000458,CUST00061,Email,2023-12-08,2023-12,0,0,0,0,19.38,-100.0,Mid-Range
CAMP0000459,CUST00061,Email,2023-07-06,2023-07,0,0,0,0,42.42,-100.0,Mid-Range
CAMP0000460,CUST00062,Paid Social,2024-02-01,2024-02,0,0,0,0,1265.85,-100.0,Luxury
CAMP0000461,CUST00062,Email,2023-03-09,2023-03,0,0,0,0,59.23,-100.0,Luxury
CAMP0000462,CUST00062,Email,2023-03-16,2023-03,0,0,0,0,45.98,-100.0,Luxury
CAMP0000463,CUST00062,Paid Social,2023-04-01,2023-04,0,0,0,0,1368.53,-100.0,Luxury
CAMP0000464,CUST00062,Paid Social,2023-04-01,2023-04,1,0,0,0,2232.2,-100.0,Luxury
CAMP0000465,CUST00062,SMS,2024-02-07,2024-02,0,0,0,0,116.85,-100.0,Luxury
CAMP0000466,CUST00062,Influencer,2023-10-08,2023-10,0,0,0,0,502.35,-100.0,Luxury
CAMP0000467,CUST00063,Email,2024-03-28,2024-03,0,0,0,0,37.39,-100.0,Budget
CAMP0000468,CUST00063,Paid Social,2023-10-22,2023-10,0,0,0,0,1254.84,-100.0,Budget
CAMP0000469,CUST00063,Email,2023-07-28,2023-07,0,0,0,0,32.45,-100.0,Budget
CAMP0000470,CUST00063,Display Ad,2024-03-08,2024-03,0,0,0,0,585.42,-100.0,Budget
CAMP0000471,CUST00063,Email,2023-08-30,2023-08,0,0,0,0,20.46,-100.0,Budget
CAMP0000472,CUST00063,Push Notification,2023-07-05,2023-07,0,0,0,0,19.31,-100.0,Budget
CAMP0000473,CUST00063,Influencer,2023-07-04,2023-07,0,0,0,0,933.18,-100.0,Budget
CAMP0000474,CUST00063,Email,2024-02-27,2024-02,0,0,0,0,34.19,-100.0,Budget
CAMP0000475,CUST00063,Push Notification,2023-11-13,2023-11,0,0,0,0,24.11,-100.0,Budget
CAMP0000476,CUST00063,Email,2023-09-15,2023-09,1,1,1,88.77,55.48,60.0,Budget
CAMP0000477,CUST00064,Email,2023-08-18,2023-08,1,0,0,0,20.53,-100.0,Luxury
CAMP0000478,CUST00064,Display Ad,2023-03-27,2023-03,0,0,0,0,617.44,-100.0,Luxury
CAMP0000479,CUST00064,Paid Social,2022-12-10,2022-12,0,0,0,0,1570.63,-100.0,Luxury
CAMP0000480,CUST00064,Display Ad,2023-03-09,2023-03,0,0,0,0,445.44,-100.0,Luxury
CAMP0000481,CUST00064,Influencer,2022-11-28,2022-11,0,0,0,0,1012.85,-100.0,Luxury
CAMP0000482,CUST00064,Paid Social,2023-05-01,2023-05,0,0,0,0,916.96,-100.0,Luxury
CAMP0000483,CUST00064,Email,2022-11-02,2022-11,0,0,0,0,24.29,-100.0,Luxury
CAMP0000484,CUST00065,Influencer,2024-02-24,2024-02,0,0,0,0,590.08,-100.0,Premium
CAMP0000485,CUST00065,Paid Social,2023-05-21,2023-05,0,0,0,0,1773.56,-100.0,Premium
CAMP0000486,CUST00065,SMS,2022-04-11,2022-04,0,0,0,0,73.59,-100.0,Premium
CAMP0000487,CUST00065,Influencer,2023-09-30,2023-09,0,0,0,0,1326.61,-100.0,Premium
CAMP0000488,CUST00065,Influencer,2024-02-27,2024-02,1,0,0,0,979.5,-100.0,Premium
CAMP0000489,CUST00065,Email,2022-11-02,2022-11,0,0,0,0,40.8,-100.0,Premium
CAMP0000490,CUST00065,Paid Social,2023-01-24,2023-01,0,0,0,0,1490.8,-100.0,Premium
CAMP0000491,CUST00065,SMS,2023-11-17,2023-11,1,0,0,0,42.13,-100.0,Premium
CAMP0000492,CUST00065,Paid Social,2022-04-02,2022-04,0,0,0,0,2007.39,-100.0,Premium
CAMP0000493,CUST00066,Influencer,2022-06-26,2022-06,1,0,0,0,568.92,-100.0,Mid-Range
CAMP0000494,CUST00066,Email,2023-01-23,2023-01,0,0,0,0,33.21,-100.0,Mid-Range
CAMP0000495,CUST00066,Influencer,2023-01-20,2023-01,0,0,0,0,979.84,-100.0,Mid-Range
CAMP0000496,CUST00066,Paid Social,2024-03-14,2024-03,1,1,1,97.59,1344.35,-92.7,Mid-Range
CAMP0000497,CUST00066,Email,2023-10-22,2023-10,0,0,0,0,23.54,-100.0,Mid-Range
CAMP0000498,CUST00066,Display Ad,2024-02-17,2024-02,0,0,0,0,1017.88,-100.0,Mid-Range
CAMP0000499,CUST00066,Display Ad,2023-09-21,2023-09,1,0,0,0,451.43,-100.0,Mid-Range
CAMP0000500,CUST00066,Paid Social,2024-03-28,2024-03,0,0,0,0,1624.04,-100.0,Mid-Range
CAMP0000501,CUST00067,SMS,2023-05-24,2023-05,0,0,0,0,61.56,-100.0,Premium
CAMP0000502,CUST00067,Influencer,2024-02-03,2024-02,1,1,0,0,872.82,-100.0,Premium
CAMP0000503,CUST00067,Push Notification,2022-09-23,2022-09,0,0,0,0,13.97,-100.0,Premium
CAMP0000504,CUST00067,Influencer,2023-04-08,2023-04,0,0,0,0,1451.68,-100.0,Premium
CAMP0000505,CUST00067,Email,2023-02-21,2023-02,1,1,0,0,24.4,-100.0,Premium
CAMP0000506,CUST00068,Display Ad,2024-02-09,2024-02,0,0,0,0,558.71,-100.0,Budget
CAMP0000507,CUST00068,Influencer,2023-10-10,2023-10,0,0,0,0,1344.91,-100.0,Budget
CAMP0000508,CUST00068,Email,2023-01-15,2023-01,0,0,0,0,44.89,-100.0,Budget
CAMP0000509,CUST00068,Email,2022-11-27,2022-11,0,0,0,0,17.46,-100.0,Budget
CAMP0000510,CUST00068,Email,2022-07-19,2022-07,1,0,0,0,52.6,-100.0,Budget
CAMP0000511,CUST00068,Email,2023-05-23,2023-05,0,0,0,0,38.11,-100.0,Budget
CAMP0000512,CUST00068,Email,2023-01-16,2023-01,0,0,0,0,55.47,-100.0,Budget
CAMP0000513,CUST00069,Push Notification,2023-02-03,2023-02,0,0,0,0,15.12,-100.0,Premium
CAMP0000514,CUST00069,Display Ad,2023-04-08,2023-04,1,0,0,0,636.91,-100.0,Premium
CAMP0000515,CUST00069,SMS,2024-03-16,2024-03,1,0,0,0,87.73,-100.0,Premium
CAMP0000516,CUST00069,Email,2023-03-31,2023-03,0,0,0,0,21.0,-100.0,Premium
CAMP0000517,CUST00069,Paid Social,2023-09-08,2023-09,1,0,0,0,934.99,-100.0,Premium
CAMP0000518,CUST00069,SMS,2024-02-03,2024-02,1,0,0,0,64.44,-100.0,Premium
CAMP0000519,CUST00069,Email,2023-04-06,2023-04,0,0,0,0,28.2,-100.0,Premium
CAMP0000520,CUST00069,Email,2023-03-19,2023-03,1,0,0,0,41.04,-100.0,Premium
CAMP0000521,CUST00069,Email,2023-06-15,2023-06,0,0,0,0,47.73,-100.0,Premium
CAMP0000522,CUST00069,Email,2023-11-14,2023-11,1,0,0,0,56.59,-100.0,Premium
CAMP0000523,CUST00070,Email,2023-07-30,2023-07,0,0,0,0,40.09,-100.0,Budget
CAMP0000524,CUST00070,Display Ad,2024-03-01,2024-03,0,0,0,0,929.48,-100.0,Budget
CAMP0000525,CUST00070,Push Notification,2023-07-21,2023-07,0,0,0,0,24.24,-100.0,Budget
CAMP0000526,CUST00071,SMS,2023-11-23,2023-11,0,0,0,0,84.4,-100.0,Mid-Range
CAMP0000527,CUST00071,Email,2024-02-22,2024-02,0,0,0,0,57.25,-100.0,Mid-Range
CAMP0000528,CUST00071,Display Ad,2023-08-31,2023-08,0,0,0,0,509.23,-100.0,Mid-Range
CAMP0000529,CUST00071,Push Notification,2024-01-22,2024-01,0,0,0,0,16.92,-100.0,Mid-Range
CAMP0000530,CUST00071,Display Ad,2023-10-25,2023-10,0,0,0,0,820.57,-100.0,Mid-Range
CAMP0000531,CUST00071,Push Notification,2024-01-28,2024-01,0,0,0,0,13.95,-100.0,Mid-Range
CAMP0000532,CUST00071,SMS,2023-01-30,2023-01,0,0,0,0,59.88,-100.0,Mid-Range
CAMP0000533,CUST00071,Push Notification,2023-02-03,2023-02,0,0,0,0,10.75,-100.0,Mid-Range
CAMP0000534,CUST00071,Display Ad,2023-10-03,2023-10,0,0,0,0,643.13,-100.0,Mid-Range
CAMP0000535,CUST00072,Paid Social,2023-07-24,2023-07,0,0,0,0,1646.01,-100.0,Premium
CAMP0000536,CUST00072,Email,2022-10-22,2022-10,0,0,0,0,33.01,-100.0,Premium
CAMP0000537,CUST00072,Push Notification,2022-07-26,2022-07,0,0,0,0,25.53,-100.0,Premium
CAMP0000538,CUST00072,Paid Social,2023-07-17,2023-07,0,0,0,0,1880.28,-100.0,Premium
CAMP0000539,CUST00072,Push Notification,2022-05-11,2022-05,0,0,0,0,28.82,-100.0,Premium
CAMP0000540,CUST00072,Push Notification,2023-03-09,2023-03,0,0,0,0,22.99,-100.0,Premium
CAMP0000541,CUST00073,Paid Social,2022-11-20,2022-11,0,0,0,0,1462.4,-100.0,Mid-Range
CAMP0000542,CUST00073,SMS,2023-07-31,2023-07,0,0,0,0,72.82,-100.0,Mid-Range
CAMP0000543,CUST00073,Email,2022-10-24,2022-10,0,0,0,0,28.84,-100.0,Mid-Range
CAMP0000544,CUST00073,Email,2023-06-12,2023-06,1,1,1,77.96,46.1,69.1,Mid-Range
CAMP0000545,CUST00073,Email,2023-11-08,2023-11,0,0,0,0,48.61,-100.0,Mid-Range
CAMP0000546,CUST00073,Paid Social,2023-11-11,2023-11,0,0,0,0,1061.66,-100.0,Mid-Range
CAMP0000547,CUST00073,Email,2022-12-26,2022-12,0,0,0,0,35.92,-100.0,Mid-Range
CAMP0000548,CUST00073,Email,2022-11-04,2022-11,1,0,0,0,34.42,-100.0,Mid-Range
CAMP0000549,CUST00074,Push Notification,2024-01-18,2024-01,0,0,0,0,28.66,-100.0,Budget
CAMP0000550,CUST00074,Push Notification,2023-08-13,2023-08,1,0,0,0,11.3,-100.0,Budget
CAMP0000551,CUST00074,Email,2024-01-07,2024-01,0,0,0,0,49.87,-100.0,Budget
CAMP0000552,CUST00074,Email,2024-01-27,2024-01,0,0,0,0,24.16,-100.0,Budget
CAMP0000553,CUST00074,Push Notification,2023-10-25,2023-10,0,0,0,0,28.34,-100.0,Budget
CAMP0000554,CUST00074,Email,2024-03-04,2024-03,1,0,0,0,50.03,-100.0,Budget
CAMP0000555,CUST00074,Push Notification,2023-08-23,2023-08,0,0,0,0,15.15,-100.0,Budget
CAMP0000556,CUST00074,Paid Social,2024-01-30,2024-01,0,0,0,0,2417.24,-100.0,Budget
CAMP0000557,CUST00075,Email,2024-01-31,2024-01,0,0,0,0,24.2,-100.0,Mid-Range
CAMP0000558,CUST00075,SMS,2023-09-26,2023-09,0,0,0,0,37.54,-100.0,Mid-Range
CAMP0000559,CUST00075,Paid Social,2023-11-09,2023-11,1,0,0,0,1818.5,-100.0,Mid-Range
CAMP0000560,CUST00075,Paid Social,2023-10-13,2023-10,0,0,0,0,1941.44,-100.0,Mid-Range
CAMP0000561,CUST00075,Influencer,2023-09-26,2023-09,0,0,0,0,1516.95,-100.0,Mid-Range
CAMP0000562,CUST00076,Email,2023-08-24,2023-08,0,0,0,0,23.34,-100.0,Premium
CAMP0000563,CUST00076,Paid Social,2023-12-14,2023-12,0,0,0,0,1654.5,-100.0,Premium
CAMP0000564,CUST00076,Paid Social,2024-03-10,2024-03,0,0,0,0,2449.21,-100.0,Premium
CAMP0000565,CUST00077,Email,2023-10-04,2023-10,0,0,0,0,38.79,-100.0,Mid-Range
CAMP0000566,CUST00077,Push Notification,2023-10-18,2023-10,0,0,0,0,13.88,-100.0,Mid-Range
CAMP0000567,CUST00077,Push Notification,2023-09-27,2023-09,0,0,0,0,10.26,-100.0,Mid-Range
CAMP0000568,CUST00077,Display Ad,2023-11-16,2023-11,0,0,0,0,526.88,-100.0,Mid-Range
CAMP0000569,CUST00077,SMS,2023-08-24,2023-08,1,0,0,0,40.19,-100.0,Mid-Range
CAMP0000570,CUST00077,Push Notification,2024-02-14,2024-02,0,0,0,0,20.49,-100.0,Mid-Range
CAMP0000571,CUST00078,Influencer,2024-03-07,2024-03,0,0,0,0,1185.05,-100.0,Mid-Range
CAMP0000572,CUST00078,SMS,2023-12-03,2023-12,0,0,0,0,109.66,-100.0,Mid-Range
CAMP0000573,CUST00078,Email,2023-09-14,2023-09,1,1,1,153.02,26.87,469.5,Mid-Range
CAMP0000574,CUST00078,Paid Social,2022-11-02,2022-11,0,0,0,0,903.87,-100.0,Mid-Range
CAMP0000575,CUST00078,SMS,2023-01-27,2023-01,0,0,0,0,43.87,-100.0,Mid-Range
CAMP0000576,CUST00078,Influencer,2022-10-20,2022-10,0,0,0,0,1572.23,-100.0,Mid-Range
CAMP0000577,CUST00078,Paid Social,2023-02-10,2023-02,0,0,0,0,990.67,-100.0,Mid-Range
CAMP0000578,CUST00079,SMS,2023-11-13,2023-11,0,0,0,0,77.49,-100.0,Mid-Range
CAMP0000579,CUST00079,Email,2023-12-20,2023-12,0,0,0,0,35.16,-100.0,Mid-Range
CAMP0000580,CUST00079,Email,2023-11-12,2023-11,1,0,0,0,23.88,-100.0,Mid-Range
CAMP0000581,CUST00079,Paid Social,2024-02-10,2024-02,0,0,0,0,2145.98,-100.0,Mid-Range
CAMP0000582,CUST00079,Influencer,2023-10-07,2023-10,0,0,0,0,874.74,-100.0,Mid-Range
CAMP0000583,CUST00079,Email,2024-01-01,2024-01,1,0,0,0,19.47,-100.0,Mid-Range
CAMP0000584,CUST00079,Paid Social,2023-12-25,2023-12,1,0,0,0,1321.09,-100.0,Mid-Range
CAMP0000585,CUST00080,Influencer,2023-09-14,2023-09,0,0,0,0,785.89,-100.0,Budget
CAMP0000586,CUST00080,Display Ad,2022-11-05,2022-11,0,0,0,0,334.92,-100.0,Budget
CAMP0000587,CUST00080,Paid Social,2023-04-20,2023-04,0,0,0,0,1818.76,-100.0,Budget
CAMP0000588,CUST00080,Influencer,2023-09-06,2023-09,0,0,0,0,924.03,-100.0,Budget
CAMP0000589,CUST00080,Email,2022-12-15,2022-12,1,0,0,0,40.14,-100.0,Budget
CAMP0000590,CUST00081,Paid Social,2023-03-31,2023-03,0,0,0,0,2347.19,-100.0,Budget
CAMP0000591,CUST00081,Paid Social,2022-04-06,2022-04,0,0,0,0,959.13,-100.0,Budget
CAMP0000592,CUST00081,Display Ad,2023-11-21,2023-11,0,0,0,0,536.72,-100.0,Budget
CAMP0000593,CUST00081,Push Notification,2022-03-18,2022-03,0,0,0,0,26.32,-100.0,Budget
CAMP0000594,CUST00081,Influencer,2023-11-11,2023-11,0,0,0,0,1191.39,-100.0,Budget
CAMP0000595,CUST00081,Email,2023-01-02,2023-01,0,0,0,0,41.96,-100.0,Budget
CAMP0000596,CUST00082,Influencer,2023-11-22,2023-11,1,1,0,0,908.88,-100.0,Premium
CAMP0000597,CUST00082,Paid Social,2023-07-24,2023-07,0,0,0,0,885.02,-100.0,Premium
CAMP0000598,CUST00082,SMS,2023-12-03,2023-12,0,0,0,0,42.69,-100.0,Premium
CAMP0000599,CUST00082,Paid Social,2024-01-10,2024-01,0,0,0,0,1786.65,-100.0,Premium
CAMP0000600,CUST00083,Influencer,2023-05-28,2023-05,0,0,0,0,473.1,-100.0,Budget
CAMP0000601,CUST00083,Push Notification,2024-01-30,2024-01,0,0,0,0,8.87,-100.0,Budget
CAMP0000602,CUST00083,Email,2023-12-15,2023-12,0,0,0,0,16.94,-100.0,Budget
CAMP0000603,CUST00083,SMS,2024-01-18,2024-01,1,1,1,117.46,44.28,165.3,Budget
CAMP0000604,CUST00083,SMS,2024-03-06,2024-03,0,0,0,0,107.02,-100.0,Budget
CAMP0000605,CUST00084,Paid Social,2024-03-01,2024-03,1,1,1,169.89,2220.14,-92.3,Budget
CAMP0000606,CUST00084,SMS,2024-03-20,2024-03,1,1,1,84.94,64.29,32.1,Budget
CAMP0000607,CUST00084,SMS,2023-11-27,2023-11,0,0,0,0,46.36,-100.0,Budget
CAMP0000608,CUST00084,Paid Social,2023-12-14,2023-12,1,0,0,0,974.57,-100.0,Budget
CAMP0000609,CUST00084,Push Notification,2024-02-27,2024-02,0,0,0,0,16.45,-100.0,Budget
CAMP0000610,CUST00084,Paid Social,2023-11-12,2023-11,1,1,0,0,1651.44,-100.0,Budget
CAMP0000611,CUST00084,Paid Social,2024-03-25,2024-03,0,0,0,0,903.4,-100.0,Budget
CAMP0000612,CUST00084,Paid Social,2023-09-11,2023-09,0,0,0,0,2374.38,-100.0,Budget
CAMP0000613,CUST00084,Email,2023-12-29,2023-12,0,0,0,0,36.85,-100.0,Budget
CAMP0000614,CUST00084,Display Ad,2023-10-24,2023-10,1,0,0,0,567.23,-100.0,Budget
CAMP0000615,CUST00085,Push Notification,2023-08-07,2023-08,0,0,0,0,15.96,-100.0,Mid-Range
CAMP0000616,CUST00085,Influencer,2023-10-23,2023-10,0,0,0,0,1457.59,-100.0,Mid-Range
CAMP0000617,CUST00085,Email,2023-10-09,2023-10,0,0,0,0,40.93,-100.0,Mid-Range
CAMP0000618,CUST00085,Paid Social,2024-01-19,2024-01,0,0,0,0,1888.92,-100.0,Mid-Range
CAMP0000619,CUST00085,Display Ad,2024-03-13,2024-03,0,0,0,0,291.09,-100.0,Mid-Range
CAMP0000620,CUST00085,Email,2023-08-21,2023-08,0,0,0,0,42.07,-100.0,Mid-Range
CAMP0000621,CUST00085,SMS,2023-12-23,2023-12,0,0,0,0,57.63,-100.0,Mid-Range
CAMP0000622,CUST00086,Influencer,2022-12-21,2022-12,1,0,0,0,784.27,-100.0,Budget
CAMP0000623,CUST00086,Influencer,2023-10-23,2023-10,1,0,0,0,573.5,-100.0,Budget
CAMP0000624,CUST00086,Push Notification,2022-09-21,2022-09,0,0,0,0,17.88,-100.0,Budget
CAMP0000625,CUST00086,Email,2023-01-15,2023-01,0,0,0,0,21.25,-100.0,Budget
CAMP0000626,CUST00086,Email,2024-02-16,2024-02,0,0,0,0,31.18,-100.0,Budget
CAMP0000627,CUST00086,Influencer,2023-11-15,2023-11,0,0,0,0,517.36,-100.0,Budget
CAMP0000628,CUST00086,Paid Social,2024-03-16,2024-03,0,0,0,0,2043.43,-100.0,Budget
CAMP0000629,CUST00087,Push Notification,2023-02-19,2023-02,0,0,0,0,16.02,-100.0,Mid-Range
CAMP0000630,CUST00087,SMS,2023-07-12,2023-07,0,0,0,0,76.95,-100.0,Mid-Range
CAMP0000631,CUST00087,Push Notification,2022-11-26,2022-11,0,0,0,0,12.16,-100.0,Mid-Range
CAMP0000632,CUST00087,SMS,2022-03-24,2022-03,0,0,0,0,100.45,-100.0,Mid-Range
CAMP0000633,CUST00088,Email,2024-01-29,2024-01,1,0,0,0,59.35,-100.0,Budget
CAMP0000634,CUST00088,Influencer,2022-11-08,2022-11,0,0,0,0,1378.07,-100.0,Budget
CAMP0000635,CUST00088,Paid Social,2023-04-11,2023-04,1,0,0,0,2207.89,-100.0,Budget
CAMP0000636,CUST00088,Paid Social,2024-02-23,2024-02,0,0,0,0,1957.92,-100.0,Budget
CAMP0000637,CUST00088,Paid Social,2023-01-26,2023-01,0,0,0,0,1994.58,-100.0,Budget
CAMP0000638,CUST00088,Paid Social,2023-09-17,2023-09,0,0,0,0,1841.75,-100.0,Budget
CAMP0000639,CUST00089,Influencer,2023-10-05,2023-10,0,0,0,0,639.21,-100.0,Premium
CAMP0000640,CUST00089,Email,2024-01-22,2024-01,0,0,0,0,17.11,-100.0,Premium
CAMP0000641,CUST00089,Influencer,2023-08-26,2023-08,0,0,0,0,1636.44,-100.0,Premium
CAMP0000642,CUST00089,Paid Social,2023-10-27,2023-10,0,0,0,0,2094.94,-100.0,Premium
CAMP0000643,CUST00089,SMS,2022-11-24,2022-11,0,0,0,0,108.04,-100.0,Premium
CAMP0000644,CUST00089,Influencer,2023-08-12,2023-08,0,0,0,0,1592.65,-100.0,Premium
CAMP0000645,CUST00089,Email,2023-11-21,2023-11,1,0,0,0,56.87,-100.0,Premium
CAMP0000646,CUST00089,Influencer,2023-09-24,2023-09,0,0,0,0,573.26,-100.0,Premium
CAMP0000647,CUST00089,Email,2024-02-27,2024-02,1,0,0,0,22.9,-100.0,Premium
CAMP0000648,CUST00089,Email,2023-04-15,2023-04,0,0,0,0,16.67,-100.0,Premium
CAMP0000649,CUST00090,Push Notification,2023-01-12,2023-01,0,0,0,0,19.73,-100.0,Mid-Range
CAMP0000650,CUST00090,Influencer,2024-01-15,2024-01,0,0,0,0,1409.44,-100.0,Mid-Range
CAMP0000651,CUST00090,Paid Social,2023-11-02,2023-11,1,1,1,184.11,885.16,-79.2,Mid-Range
CAMP0000652,CUST00090,Display Ad,2023-04-12,2023-04,0,0,0,0,641.23,-100.0,Mid-Range
CAMP0000653,CUST00090,Push Notification,2023-06-22,2023-06,0,0,0,0,26.33,-100.0,Mid-Range
CAMP0000654,CUST00091,Push Notification,2023-05-31,2023-05,0,0,0,0,29.0,-100.0,Premium
CAMP0000655,CUST00091,Email,2023-03-14,2023-03,0,0,0,0,18.71,-100.0,Premium
CAMP0000656,CUST00091,Paid Social,2023-02-03,2023-02,0,0,0,0,1197.25,-100.0,Premium
CAMP0000657,CUST00091,Paid Social,2023-10-14,2023-10,0,0,0,0,1393.91,-100.0,Premium
CAMP0000658,CUST00091,Push Notification,2023-01-04,2023-01,0,0,0,0,19.29,-100.0,Premium
CAMP0000659,CUST00091,Push Notification,2023-06-22,2023-06,1,0,0,0,17.76,-100.0,Premium
CAMP0000660,CUST00091,Email,2022-04-10,2022-04,0,0,0,0,24.21,-100.0,Premium
CAMP0000661,CUST00091,Email,2022-06-22,2022-06,0,0,0,0,26.24,-100.0,Premium
CAMP0000662,CUST00091,Display Ad,2022-04-28,2022-04,0,0,0,0,374.2,-100.0,Premium
CAMP0000663,CUST00091,Display Ad,2023-10-02,2023-10,0,0,0,0,965.37,-100.0,Premium
CAMP0000664,CUST00092,Paid Social,2023-12-14,2023-12,0,0,0,0,1135.19,-100.0,Mid-Range
CAMP0000665,CUST00092,Email,2023-01-26,2023-01,0,0,0,0,17.99,-100.0,Mid-Range
CAMP0000666,CUST00092,Influencer,2024-02-05,2024-02,0,0,0,0,667.64,-100.0,Mid-Range
CAMP0000667,CUST00092,SMS,2023-05-29,2023-05,1,1,1,178.53,71.66,149.1,Mid-Range
CAMP0000668,CUST00092,Email,2023-11-24,2023-11,1,0,0,0,16.9,-100.0,Mid-Range
CAMP0000669,CUST00092,Paid Social,2023-09-18,2023-09,0,0,0,0,1160.64,-100.0,Mid-Range
CAMP0000670,CUST00092,Display Ad,2022-10-16,2022-10,0,0,0,0,866.72,-100.0,Mid-Range
CAMP0000671,CUST00092,Email,2023-12-12,2023-12,0,0,0,0,40.82,-100.0,Mid-Range
CAMP0000672,CUST00092,Push Notification,2024-02-02,2024-02,0,0,0,0,25.87,-100.0,Mid-Range
CAMP0000673,CUST00092,SMS,2022-12-10,2022-12,0,0,0,0,85.4,-100.0,Mid-Range
CAMP0000674,CUST00092,Paid Social,2024-03-06,2024-03,0,0,0,0,1653.36,-100.0,Mid-Range
CAMP0000675,CUST00092,Paid Social,2023-09-28,2023-09,0,0,0,0,1796.11,-100.0,Mid-Range
CAMP0000676,CUST00093,Influencer,2023-12-28,2023-12,0,0,0,0,1104.46,-100.0,Luxury
CAMP0000677,CUST00093,Display Ad,2023-11-10,2023-11,0,0,0,0,1005.83,-100.0,Luxury
CAMP0000678,CUST00093,Push Notification,2023-11-20,2023-11,0,0,0,0,14.7,-100.0,Luxury
CAMP0000679,CUST00093,Paid Social,2024-03-14,2024-03,0,0,0,0,2090.37,-100.0,Luxury
CAMP0000680,CUST00093,Email,2024-01-31,2024-01,0,0,0,0,52.96,-100.0,Luxury
CAMP0000681,CUST00093,Paid Social,2024-03-07,2024-03,0,0,0,0,978.42,-100.0,Luxury
CAMP0000682,CUST00093,Email,2024-03-02,2024-03,1,1,0,0,24.94,-100.0,Luxury
CAMP0000683,CUST00093,Paid Social,2023-09-13,2023-09,0,0,0,0,1605.06,-100.0,Luxury
CAMP0000684,CUST00093,Push Notification,2024-01-08,2024-01,0,0,0,0,17.61,-100.0,Luxury
CAMP0000685,CUST00093,Paid Social,2023-10-04,2023-10,0,0,0,0,1131.88,-100.0,Luxury
CAMP0000686,CUST00093,Paid Social,2023-10-03,2023-10,0,0,0,0,2416.66,-100.0,Luxury
CAMP0000687,CUST00094,Email,2023-07-14,2023-07,0,0,0,0,30.4,-100.0,Mid-Range
CAMP0000688,CUST00094,Paid Social,2023-08-24,2023-08,0,0,0,0,2294.22,-100.0,Mid-Range
CAMP0000689,CUST00094,Paid Social,2023-07-05,2023-07,0,0,0,0,1643.94,-100.0,Mid-Range
CAMP0000690,CUST00094,Paid Social,2023-10-02,2023-10,1,0,0,0,1468.65,-100.0,Mid-Range
CAMP0000691,CUST00094,Email,2023-11-28,2023-11,1,0,0,0,48.17,-100.0,Mid-Range
CAMP0000692,CUST00094,Influencer,2024-02-21,2024-02,0,0,0,0,510.22,-100.0,Mid-Range
CAMP0000693,CUST00094,Paid Social,2022-12-10,2022-12,0,0,0,0,2456.59,-100.0,Mid-Range
CAMP0000694,CUST00094,Email,2024-01-27,2024-01,0,0,0,0,46.12,-100.0,Mid-Range
CAMP0000695,CUST00095,Push Notification,2023-09-10,2023-09,0,0,0,0,29.61,-100.0,Premium
CAMP0000696,CUST00095,Push Notification,2023-12-16,2023-12,0,0,0,0,29.44,-100.0,Premium
CAMP0000697,CUST00095,Influencer,2024-03-18,2024-03,0,0,0,0,925.69,-100.0,Premium
CAMP0000698,CUST00095,Display Ad,2023-08-05,2023-08,0,0,0,0,464.02,-100.0,Premium
CAMP0000699,CUST00096,SMS,2024-01-23,2024-01,0,0,0,0,33.31,-100.0,Luxury
CAMP0000700,CUST00096,Email,2023-11-05,2023-11,0,0,0,0,35.39,-100.0,Luxury
CAMP0000701,CUST00096,Email,2023-10-28,2023-10,1,0,0,0,49.82,-100.0,Luxury
CAMP0000702,CUST00096,Email,2022-06-29,2022-06,0,0,0,0,23.87,-100.0,Luxury
CAMP0000703,CUST00096,Email,2023-09-26,2023-09,0,0,0,0,20.07,-100.0,Luxury
CAMP0000704,CUST00096,Email,2023-01-21,2023-01,1,0,0,0,42.77,-100.0,Luxury
CAMP0000705,CUST00096,Push Notification,2023-07-03,2023-07,0,0,0,0,24.21,-100.0,Luxury
CAMP0000706,CUST00096,Email,2023-08-28,2023-08,0,0,0,0,26.2,-100.0,Luxury
CAMP0000707,CUST00096,Influencer,2023-05-13,2023-05,0,0,0,0,622.34,-100.0,Luxury
CAMP0000708,CUST00096,Email,2023-04-22,2023-04,1,0,0,0,35.21,-100.0,Luxury
CAMP0000709,CUST00096,SMS,2023-06-21,2023-06,0,0,0,0,78.14,-100.0,Luxury
CAMP0000710,CUST00097,Influencer,2024-01-10,2024-01,0,0,0,0,1504.95,-100.0,Budget
CAMP0000711,CUST00097,Paid Social,2023-10-02,2023-10,1,0,0,0,2366.76,-100.0,Budget
CAMP0000712,CUST00097,Paid Social,2022-10-13,2022-10,0,0,0,0,1550.6,-100.0,Budget
CAMP0000713,CUST00097,Email,2022-10-13,2022-10,0,0,0,0,35.31,-100.0,Budget
CAMP0000714,CUST00097,Paid Social,2024-03-28,2024-03,0,0,0,0,2150.79,-100.0,Budget
CAMP0000715,CUST00097,Paid Social,2023-01-06,2023-01,0,0,0,0,2349.37,-100.0,Budget
CAMP0000716,CUST00097,Email,2023-04-04,2023-04,1,1,0,0,43.55,-100.0,Budget
CAMP0000717,CUST00098,Paid Social,2023-11-11,2023-11,0,0,0,0,1613.13,-100.0,Premium
CAMP0000718,CUST00098,Email,2023-11-14,2023-11,0,0,0,0,49.18,-100.0,Premium
CAMP0000719,CUST00098,Display Ad,2024-02-11,2024-02,1,0,0,0,436.23,-100.0,Premium
CAMP0000720,CUST00098,Push Notification,2024-03-12,2024-03,0,0,0,0,29.59,-100.0,Premium
CAMP0000721,CUST00098,Email,2023-12-13,2023-12,0,0,0,0,37.37,-100.0,Premium
CAMP0000722,CUST00098,Email,2024-03-08,2024-03,1,1,1,193.72,45.84,322.6,Premium
CAMP0000723,CUST00098,Email,2023-10-23,2023-10,0,0,0,0,51.02,-100.0,Premium
CAMP0000724,CUST00098,Push Notification,2024-01-27,2024-01,0,0,0,0,15.72,-100.0,Premium
CAMP0000725,CUST00099,Paid Social,2023-10-21,2023-10,0,0,0,0,906.79,-100.0,Mid-Range
CAMP0000726,CUST00099,Email,2024-02-04,2024-02,0,0,0,0,40.93,-100.0,Mid-Range
CAMP0000727,CUST00099,Paid Social,2023-07-29,2023-07,0,0,0,0,1062.27,-100.0,Mid-Range
CAMP0000728,CUST00099,Paid Social,2023-08-28,2023-08,0,0,0,0,1829.89,-100.0,Mid-Range
CAMP0000729,CUST00099,Paid Social,2023-12-03,2023-12,0,0,0,0,1622.23,-100.0,Mid-Range
CAMP0000730,CUST00099,Paid Social,2023-12-27,2023-12,0,0,0,0,789.12,-100.0,Mid-Range
CAMP0000731,CUST00099,Email,2023-11-11,2023-11,1,0,0,0,43.61,-100.0,Mid-Range
CAMP0000732,CUST00099,Display Ad,2023-07-15,2023-07,0,0,0,0,626.3,-100.0,Mid-Range
CAMP0000733,CUST00099,Email,2024-03-05,2024-03,1,1,1,137.85,32.76,320.8,Mid-Range
CAMP0000734,CUST00099,Display Ad,2023-08-14,2023-08,0,0,0,0,376.59,-100.0,Mid-Range
CAMP0000735,CUST00099,Push Notification,2023-09-24,2023-09,1,0,0,0,15.33,-100.0,Mid-Range
CAMP0000736,CUST00099,Paid Social,2024-03-23,2024-03,1,0,0,0,2264.64,-100.0,Mid-Range
CAMP0000737,CUST00100,Influencer,2023-10-02,2023-10,1,1,0,0,1301.94,-100.0,Mid-Range
CAMP0000738,CUST00100,Push Notification,2023-11-08,2023-11,0,0,0,0,25.93,-100.0,Mid-Range
CAMP0000739,CUST00100,Push Notification,2023-10-19,2023-10,0,0,0,0,14.47,-100.0,Mid-Range
CAMP0000740,CUST00100,Email,2023-10-11,2023-10,1,0,0,0,22.78,-100.0,Mid-Range
CAMP0000741,CUST00100,SMS,2024-01-15,2024-01,0,0,0,0,36.6,-100.0,Mid-Range
CAMP0000742,CUST00100,Paid Social,2024-01-27,2024-01,0,0,0,0,1817.57,-100.0,Mid-Range
CAMP0000743,CUST00100,Paid Social,2024-02-02,2024-02,0,0,0,0,1287.62,-100.0,Mid-Range
CAMP0000744,CUST00100,Email,2024-01-09,2024-01,0,0,0,0,16.44,-100.0,Mid-Range
CAMP0000745,CUST00100,Paid Social,2023-09-19,2023-09,0,0,0,0,1674.31,-100.0,Mid-Range
CAMP0000746,CUST00100,Display Ad,2024-02-16,2024-02,0,0,0,0,886.45,-100.0,Mid-Range
CAMP0000747,CUST00101,Paid Social,2024-02-02,2024-02,0,0,0,0,2015.31,-100.0,Luxury
CAMP0000748,CUST00101,SMS,2024-03-09,2024-03,0,0,0,0,119.86,-100.0,Luxury
CAMP0000749,CUST00101,Paid Social,2023-09-18,2023-09,0,0,0,0,1531.1,-100.0,Luxury
CAMP0000750,CUST00101,Email,2023-11-13,2023-11,0,0,0,0,29.34,-100.0,Luxury
CAMP0000751,CUST00102,Push Notification,2024-01-31,2024-01,1,1,1,111.26,10.15,996.2,Mid-Range
CAMP0000752,CUST00102,Push Notification,2023-03-09,2023-03,1,0,0,0,20.71,-100.0,Mid-Range
CAMP0000753,CUST00102,Paid Social,2023-04-06,2023-04,0,0,0,0,1238.27,-100.0,Mid-Range
CAMP0000754,CUST00102,SMS,2023-12-07,2023-12,0,0,0,0,76.94,-100.0,Mid-Range
CAMP0000755,CUST00102,Push Notification,2023-07-16,2023-07,0,0,0,0,28.51,-100.0,Mid-Range
CAMP0000756,CUST00103,Email,2023-10-13,2023-10,0,0,0,0,19.94,-100.0,Mid-Range
CAMP0000757,CUST00103,Email,2023-10-24,2023-10,0,0,0,0,23.93,-100.0,Mid-Range
CAMP0000758,CUST00103,Email,2023-08-31,2023-08,0,0,0,0,40.47,-100.0,Mid-Range
CAMP0000759,CUST00103,Display Ad,2023-12-17,2023-12,0,0,0,0,639.84,-100.0,Mid-Range
CAMP0000760,CUST00103,SMS,2023-12-04,2023-12,1,0,0,0,70.32,-100.0,Mid-Range
CAMP0000761,CUST00103,Display Ad,2023-12-08,2023-12,0,0,0,0,437.78,-100.0,Mid-Range
CAMP0000762,CUST00103,Push Notification,2024-01-05,2024-01,0,0,0,0,18.29,-100.0,Mid-Range
CAMP0000763,CUST00103,Paid Social,2023-08-02,2023-08,0,0,0,0,687.07,-100.0,Mid-Range
CAMP0000764,CUST00104,Email,2023-10-28,2023-10,0,0,0,0,27.55,-100.0,Budget
CAMP0000765,CUST00104,Paid Social,2024-03-01,2024-03,0,0,0,0,972.33,-100.0,Budget
CAMP0000766,CUST00104,Influencer,2022-09-14,2022-09,0,0,0,0,1126.43,-100.0,Budget
CAMP0000767,CUST00104,Influencer,2023-03-17,2023-03,0,0,0,0,534.45,-100.0,Budget
CAMP0000768,CUST00104,Push Notification,2023-06-19,2023-06,1,1,1,78.32,12.2,542.0,Budget
CAMP0000769,CUST00104,SMS,2023-11-05,2023-11,0,0,0,0,47.54,-100.0,Budget
CAMP0000770,CUST00104,Email,2023-09-21,2023-09,0,0,0,0,39.15,-100.0,Budget
CAMP0000771,CUST00104,Email,2023-09-25,2023-09,0,0,0,0,17.99,-100.0,Budget
CAMP0000772,CUST00104,Paid Social,2023-01-21,2023-01,0,0,0,0,1710.64,-100.0,Budget
CAMP0000773,CUST00105,Paid Social,2023-05-14,2023-05,0,0,0,0,732.9,-100.0,Budget
CAMP0000774,CUST00105,Paid Social,2023-04-11,2023-04,1,1,1,60.23,1523.66,-96.0,Budget
CAMP0000775,CUST00105,Email,2023-06-25,2023-06,0,0,0,0,26.26,-100.0,Budget
CAMP0000776,CUST00105,Email,2024-03-31,2024-03,0,0,0,0,59.69,-100.0,Budget
CAMP0000777,CUST00105,Paid Social,2024-01-30,2024-01,0,0,0,0,1991.19,-100.0,Budget
CAMP0000778,CUST00105,Influencer,2023-08-30,2023-08,0,0,0,0,1487.04,-100.0,Budget
CAMP0000779,CUST00105,Display Ad,2023-11-02,2023-11,0,0,0,0,390.81,-100.0,Budget
CAMP0000780,CUST00105,Paid Social,2023-08-20,2023-08,0,0,0,0,1430.9,-100.0,Budget
CAMP0000781,CUST00105,Paid Social,2023-07-27,2023-07,0,0,0,0,1876.27,-100.0,Budget
CAMP0000782,CUST00105,SMS,2023-10-17,2023-10,1,0,0,0,43.69,-100.0,Budget
CAMP0000783,CUST00105,Paid Social,2023-11-21,2023-11,1,0,0,0,1828.15,-100.0,Budget
CAMP0000784,CUST00106,SMS,2023-04-03,2023-04,1,1,1,110.76,100.66,10.0,Mid-Range
CAMP0000785,CUST00106,SMS,2023-10-18,2023-10,0,0,0,0,84.26,-100.0,Mid-Range
CAMP0000786,CUST00106,Influencer,2023-05-20,2023-05,0,0,0,0,1217.27,-100.0,Mid-Range
CAMP0000787,CUST00106,Email,2022-10-06,2022-10,0,0,0,0,53.34,-100.0,Mid-Range
CAMP0000788,CUST00106,SMS,2022-03-12,2022-03,1,0,0,0,42.8,-100.0,Mid-Range
CAMP0000789,CUST00106,SMS,2023-06-20,2023-06,1,0,0,0,101.86,-100.0,Mid-Range
CAMP0000790,CUST00106,Email,2023-09-20,2023-09,1,0,0,0,50.13,-100.0,Mid-Range
CAMP0000791,CUST00106,Email,2022-06-21,2022-06,0,0,0,0,28.34,-100.0,Mid-Range
CAMP0000792,CUST00106,Display Ad,2022-09-24,2022-09,0,0,0,0,575.44,-100.0,Mid-Range
CAMP0000793,CUST00106,Paid Social,2022-02-27,2022-02,1,0,0,0,1495.88,-100.0,Mid-Range
CAMP0000794,CUST00106,Email,2022-12-15,2022-12,0,0,0,0,38.84,-100.0,Mid-Range
CAMP0000795,CUST00106,Paid Social,2022-03-01,2022-03,0,0,0,0,1434.74,-100.0,Mid-Range
CAMP0000796,CUST00107,Push Notification,2023-11-28,2023-11,0,0,0,0,18.56,-100.0,Luxury
CAMP0000797,CUST00107,Email,2024-01-13,2024-01,0,0,0,0,46.16,-100.0,Luxury
CAMP0000798,CUST00107,Influencer,2023-05-30,2023-05,0,0,0,0,492.34,-100.0,Luxury
CAMP0000799,CUST00107,SMS,2023-05-18,2023-05,0,0,0,0,51.86,-100.0,Luxury
CAMP0000800,CUST00107,Email,2023-02-16,2023-02,1,0,0,0,17.27,-100.0,Luxury
CAMP0000801,CUST00107,Email,2024-02-15,2024-02,0,0,0,0,49.63,-100.0,Luxury
CAMP0000802,CUST00107,Paid Social,2022-06-25,2022-06,0,0,0,0,1029.08,-100.0,Luxury
CAMP0000803,CUST00107,SMS,2022-10-23,2022-10,1,0,0,0,39.48,-100.0,Luxury
CAMP0000804,CUST00108,Push Notification,2023-04-10,2023-04,0,0,0,0,14.6,-100.0,Budget
CAMP0000805,CUST00108,Paid Social,2023-08-10,2023-08,0,0,0,0,752.23,-100.0,Budget
CAMP0000806,CUST00108,Paid Social,2023-07-03,2023-07,0,0,0,0,2302.06,-100.0,Budget
CAMP0000807,CUST00108,Paid Social,2023-06-13,2023-06,0,0,0,0,2147.93,-100.0,Budget
CAMP0000808,CUST00108,Paid Social,2024-02-13,2024-02,0,0,0,0,891.32,-100.0,Budget
CAMP0000809,CUST00109,Email,2023-08-25,2023-08,0,0,0,0,27.32,-100.0,Premium
CAMP0000810,CUST00109,Email,2023-09-04,2023-09,1,0,0,0,37.59,-100.0,Premium
CAMP0000811,CUST00109,Email,2023-09-19,2023-09,0,0,0,0,53.26,-100.0,Premium
CAMP0000812,CUST00109,SMS,2023-06-19,2023-06,1,1,0,0,42.51,-100.0,Premium
CAMP0000813,CUST00109,Influencer,2023-10-24,2023-10,0,0,0,0,1155.44,-100.0,Premium
CAMP0000814,CUST00109,Display Ad,2024-02-13,2024-02,0,0,0,0,449.85,-100.0,Premium
CAMP0000815,CUST00109,Paid Social,2023-06-01,2023-06,0,0,0,0,1885.72,-100.0,Premium
CAMP0000816,CUST00110,Push Notification,2023-03-18,2023-03,0,0,0,0,21.49,-100.0,Mid-Range
CAMP0000817,CUST00110,Email,2023-08-04,2023-08,0,0,0,0,56.65,-100.0,Mid-Range
CAMP0000818,CUST00110,Display Ad,2023-08-30,2023-08,0,0,0,0,603.68,-100.0,Mid-Range
CAMP0000819,CUST00110,Influencer,2024-02-29,2024-02,0,0,0,0,801.22,-100.0,Mid-Range
CAMP0000820,CUST00110,Influencer,2023-06-05,2023-06,0,0,0,0,610.77,-100.0,Mid-Range
CAMP0000821,CUST00110,Email,2024-03-04,2024-03,0,0,0,0,38.49,-100.0,Mid-Range
CAMP0000822,CUST00110,Push Notification,2023-04-16,2023-04,0,0,0,0,24.45,-100.0,Mid-Range
CAMP0000823,CUST00110,SMS,2024-02-27,2024-02,0,0,0,0,90.28,-100.0,Mid-Range
CAMP0000824,CUST00110,Paid Social,2024-01-08,2024-01,0,0,0,0,2549.01,-100.0,Mid-Range
CAMP0000825,CUST00110,Email,2024-03-22,2024-03,1,0,0,0,48.52,-100.0,Mid-Range
CAMP0000826,CUST00110,Influencer,2023-08-26,2023-08,0,0,0,0,934.8,-100.0,Mid-Range
CAMP0000827,CUST00111,Display Ad,2023-11-10,2023-11,0,0,0,0,797.77,-100.0,Budget
CAMP0000828,CUST00111,Paid Social,2022-11-15,2022-11,0,0,0,0,2184.78,-100.0,Budget
CAMP0000829,CUST00111,Paid Social,2022-12-12,2022-12,0,0,0,0,833.86,-100.0,Budget
CAMP0000830,CUST00111,Email,2023-09-14,2023-09,1,1,0,0,57.08,-100.0,Budget
CAMP0000831,CUST00111,Push Notification,2023-08-03,2023-08,1,0,0,0,8.47,-100.0,Budget
CAMP0000832,CUST00111,Email,2022-03-09,2022-03,1,0,0,0,57.14,-100.0,Budget
CAMP0000833,CUST00111,Paid Social,2023-06-12,2023-06,0,0,0,0,1927.4,-100.0,Budget
CAMP0000834,CUST00111,Push Notification,2023-06-20,2023-06,0,0,0,0,29.64,-100.0,Budget
CAMP0000835,CUST00112,SMS,2023-02-04,2023-02,1,1,1,83.61,102.85,-18.7,Mid-Range
CAMP0000836,CUST00112,SMS,2022-11-10,2022-11,0,0,0,0,63.82,-100.0,Mid-Range
CAMP0000837,CUST00112,Email,2023-11-08,2023-11,0,0,0,0,29.15,-100.0,Mid-Range
CAMP0000838,CUST00113,SMS,2022-11-05,2022-11,0,0,0,0,110.58,-100.0,Mid-Range
CAMP0000839,CUST00113,Display Ad,2022-07-04,2022-07,0,0,0,0,591.19,-100.0,Mid-Range
CAMP0000840,CUST00113,Email,2023-05-08,2023-05,0,0,0,0,55.0,-100.0,Mid-Range
CAMP0000841,CUST00113,Paid Social,2023-02-17,2023-02,0,0,0,0,1627.45,-100.0,Mid-Range
CAMP0000842,CUST00113,Paid Social,2024-03-29,2024-03,0,0,0,0,964.83,-100.0,Mid-Range
CAMP0000843,CUST00113,Push Notification,2023-03-31,2023-03,0,0,0,0,17.75,-100.0,Mid-Range
CAMP0000844,CUST00113,Email,2023-08-06,2023-08,1,0,0,0,30.99,-100.0,Mid-Range
CAMP0000845,CUST00113,Push Notification,2024-01-30,2024-01,0,0,0,0,25.8,-100.0,Mid-Range
CAMP0000846,CUST00114,SMS,2023-10-05,2023-10,0,0,0,0,45.91,-100.0,Budget
CAMP0000847,CUST00114,Paid Social,2024-01-10,2024-01,0,0,0,0,892.34,-100.0,Budget
CAMP0000848,CUST00114,Push Notification,2023-05-15,2023-05,0,0,0,0,13.33,-100.0,Budget
CAMP0000849,CUST00114,Email,2023-07-10,2023-07,1,0,0,0,18.02,-100.0,Budget
CAMP0000850,CUST00114,Paid Social,2023-01-28,2023-01,0,0,0,0,2193.61,-100.0,Budget
CAMP0000851,CUST00115,Email,2023-10-25,2023-10,1,0,0,0,23.17,-100.0,Premium
CAMP0000852,CUST00115,Email,2024-01-30,2024-01,1,0,0,0,31.31,-100.0,Premium
CAMP0000853,CUST00115,Email,2023-08-10,2023-08,0,0,0,0,54.35,-100.0,Premium
CAMP0000854,CUST00115,Push Notification,2024-03-14,2024-03,1,0,0,0,29.18,-100.0,Premium
CAMP0000855,CUST00115,Paid Social,2023-08-29,2023-08,0,0,0,0,926.7,-100.0,Premium
CAMP0000856,CUST00115,Paid Social,2024-02-25,2024-02,0,0,0,0,2053.93,-100.0,Premium
CAMP0000857,CUST00115,Influencer,2023-12-03,2023-12,0,0,0,0,623.89,-100.0,Premium
CAMP0000858,CUST00115,Email,2023-09-10,2023-09,0,0,0,0,55.06,-100.0,Premium
CAMP0000859,CUST00116,Email,2024-02-21,2024-02,0,0,0,0,21.21,-100.0,Mid-Range
CAMP0000860,CUST00116,Push Notification,2023-03-10,2023-03,0,0,0,0,8.11,-100.0,Mid-Range
CAMP0000861,CUST00116,Paid Social,2023-07-26,2023-07,0,0,0,0,1005.19,-100.0,Mid-Range
CAMP0000862,CUST00117,Paid Social,2023-09-30,2023-09,0,0,0,0,884.79,-100.0,Mid-Range
CAMP0000863,CUST00117,Paid Social,2023-12-30,2023-12,0,0,0,0,706.92,-100.0,Mid-Range
CAMP0000864,CUST00117,Paid Social,2023-10-18,2023-10,0,0,0,0,1256.68,-100.0,Mid-Range
CAMP0000865,CUST00117,Email,2023-09-26,2023-09,0,0,0,0,45.1,-100.0,Mid-Range
CAMP0000866,CUST00117,SMS,2024-03-21,2024-03,1,0,0,0,56.07,-100.0,Mid-Range
CAMP0000867,CUST00117,Email,2023-04-03,2023-04,1,0,0,0,35.09,-100.0,Mid-Range
CAMP0000868,CUST00117,Paid Social,2023-06-01,2023-06,0,0,0,0,2341.64,-100.0,Mid-Range
CAMP0000869,CUST00118,Display Ad,2023-12-06,2023-12,0,0,0,0,993.65,-100.0,Premium
CAMP0000870,CUST00118,Email,2023-06-13,2023-06,1,0,0,0,28.13,-100.0,Premium
CAMP0000871,CUST00118,Push Notification,2023-03-20,2023-03,1,0,0,0,23.49,-100.0,Premium
CAMP0000872,CUST00118,Display Ad,2023-12-30,2023-12,1,0,0,0,300.49,-100.0,Premium
CAMP0000873,CUST00118,SMS,2023-08-07,2023-08,1,1,0,0,34.03,-100.0,Premium
CAMP0000874,CUST00118,Display Ad,2024-03-19,2024-03,0,0,0,0,914.19,-100.0,Premium
CAMP0000875,CUST00118,Email,2023-07-01,2023-07,1,0,0,0,19.64,-100.0,Premium
CAMP0000876,CUST00118,Display Ad,2023-07-30,2023-07,0,0,0,0,959.53,-100.0,Premium
CAMP0000877,CUST00118,SMS,2023-09-24,2023-09,1,0,0,0,98.27,-100.0,Premium
CAMP0000878,CUST00118,Display Ad,2023-11-23,2023-11,0,0,0,0,758.34,-100.0,Premium
CAMP0000879,CUST00118,Display Ad,2024-01-20,2024-01,0,0,0,0,560.34,-100.0,Premium
CAMP0000880,CUST00118,Paid Social,2023-08-31,2023-08,0,0,0,0,1153.95,-100.0,Premium
CAMP0000881,CUST00119,Influencer,2022-12-05,2022-12,0,0,0,0,1345.55,-100.0,Luxury
CAMP0000882,CUST00119,Email,2023-04-02,2023-04,0,0,0,0,29.72,-100.0,Luxury
CAMP0000883,CUST00119,SMS,2023-01-31,2023-01,0,0,0,0,111.88,-100.0,Luxury
CAMP0000884,CUST00119,Email,2024-03-18,2024-03,0,0,0,0,17.63,-100.0,Luxury
CAMP0000885,CUST00119,Paid Social,2023-04-16,2023-04,0,0,0,0,1847.62,-100.0,Luxury
CAMP0000886,CUST00119,SMS,2023-08-19,2023-08,0,0,0,0,118.97,-100.0,Luxury
CAMP0000887,CUST00119,Paid Social,2023-06-01,2023-06,0,0,0,0,836.68,-100.0,Luxury
CAMP0000888,CUST00119,Influencer,2023-01-15,2023-01,0,0,0,0,912.56,-100.0,Luxury
CAMP0000889,CUST00119,Paid Social,2023-03-26,2023-03,0,0,0,0,2049.17,-100.0,Luxury
CAMP0000890,CUST00119,Paid Social,2023-03-17,2023-03,0,0,0,0,751.33,-100.0,Luxury
CAMP0000891,CUST00119,Email,2024-02-06,2024-02,0,0,0,0,24.98,-100.0,Luxury
CAMP0000892,CUST00120,SMS,2023-11-20,2023-11,1,0,0,0,48.39,-100.0,Budget
CAMP0000893,CUST00120,Influencer,2024-03-04,2024-03,1,0,0,0,507.71,-100.0,Budget
CAMP0000894,CUST00120,Email,2024-03-21,2024-03,0,0,0,0,41.46,-100.0,Budget
CAMP0000895,CUST00120,Paid Social,2023-09-22,2023-09,0,0,0,0,1508.47,-100.0,Budget
CAMP0000896,CUST00120,Email,2023-09-16,2023-09,0,0,0,0,31.18,-100.0,Budget
CAMP0000897,CUST00120,Email,2024-02-20,2024-02,0,0,0,0,58.47,-100.0,Budget
CAMP0000898,CUST00120,Paid Social,2023-10-15,2023-10,0,0,0,0,2281.79,-100.0,Budget
CAMP0000899,CUST00120,SMS,2023-07-14,2023-07,1,0,0,0,81.71,-100.0,Budget
CAMP0000900,CUST00120,Paid Social,2024-01-01,2024-01,0,0,0,0,1845.05,-100.0,Budget
CAMP0000901,CUST00120,Email,2023-07-22,2023-07,0,0,0,0,29.28,-100.0,Budget
CAMP0000902,CUST00120,Paid Social,2023-11-13,2023-11,0,0,0,0,1308.55,-100.0,Budget
CAMP0000903,CUST00120,Influencer,2023-12-13,2023-12,0,0,0,0,1396.53,-100.0,Budget
CAMP0000904,CUST00121,Influencer,2023-09-30,2023-09,0,0,0,0,810.95,-100.0,Mid-Range
CAMP0000905,CUST00121,Push Notification,2023-01-21,2023-01,0,0,0,0,21.37,-100.0,Mid-Range
CAMP0000906,CUST00121,Email,2024-03-16,2024-03,1,0,0,0,57.7,-100.0,Mid-Range
CAMP0000907,CUST00121,Push Notification,2023-08-04,2023-08,0,0,0,0,17.32,-100.0,Mid-Range
CAMP0000908,CUST00121,Email,2023-01-02,2023-01,0,0,0,0,46.89,-100.0,Mid-Range
CAMP0000909,CUST00121,Email,2023-04-07,2023-04,1,0,0,0,35.86,-100.0,Mid-Range
CAMP0000910,CUST00121,Display Ad,2023-03-21,2023-03,0,0,0,0,290.49,-100.0,Mid-Range
CAMP0000911,CUST00121,Push Notification,2023-08-01,2023-08,0,0,0,0,28.19,-100.0,Mid-Range
CAMP0000912,CUST00121,Push Notification,2023-08-05,2023-08,0,0,0,0,9.01,-100.0,Mid-Range
CAMP0000913,CUST00121,Email,2023-11-17,2023-11,1,0,0,0,55.83,-100.0,Mid-Range
CAMP0000914,CUST00122,Influencer,2023-10-27,2023-10,0,0,0,0,1551.37,-100.0,Mid-Range
CAMP0000915,CUST00122,Influencer,2022-02-26,2022-02,0,0,0,0,440.53,-100.0,Mid-Range
CAMP0000916,CUST00122,Email,2023-03-07,2023-03,0,0,0,0,47.46,-100.0,Mid-Range
CAMP0000917,CUST00122,Push Notification,2022-10-31,2022-10,1,0,0,0,13.97,-100.0,Mid-Range
CAMP0000918,CUST00122,Paid Social,2023-06-30,2023-06,0,0,0,0,2042.15,-100.0,Mid-Range
CAMP0000919,CUST00122,SMS,2022-07-15,2022-07,0,0,0,0,34.14,-100.0,Mid-Range
CAMP0000920,CUST00122,Email,2022-05-19,2022-05,1,0,0,0,47.77,-100.0,Mid-Range
CAMP0000921,CUST00122,Email,2023-01-01,2023-01,0,0,0,0,22.79,-100.0,Mid-Range
CAMP0000922,CUST00122,Paid Social,2022-08-05,2022-08,0,0,0,0,2214.23,-100.0,Mid-Range
CAMP0000923,CUST00123,SMS,2023-06-22,2023-06,0,0,0,0,57.64,-100.0,Mid-Range
CAMP0000924,CUST00123,Email,2022-07-11,2022-07,0,0,0,0,52.77,-100.0,Mid-Range
CAMP0000925,CUST00123,Email,2023-10-20,2023-10,0,0,0,0,17.04,-100.0,Mid-Range
CAMP0000926,CUST00123,Display Ad,2023-10-01,2023-10,0,0,0,0,650.67,-100.0,Mid-Range
CAMP0000927,CUST00123,Push Notification,2024-02-02,2024-02,0,0,0,0,28.99,-100.0,Mid-Range
CAMP0000928,CUST00123,Email,2024-03-19,2024-03,0,0,0,0,30.79,-100.0,Mid-Range
CAMP0000929,CUST00123,SMS,2023-12-18,2023-12,1,1,1,135.42,54.72,147.5,Mid-Range
CAMP0000930,CUST00123,Paid Social,2022-07-15,2022-07,1,0,0,0,2006.37,-100.0,Mid-Range
CAMP0000931,CUST00123,Influencer,2022-09-03,2022-09,0,0,0,0,1537.81,-100.0,Mid-Range
CAMP0000932,CUST00124,Email,2023-12-16,2023-12,1,0,0,0,55.21,-100.0,Budget
CAMP0000933,CUST00124,Email,2023-08-14,2023-08,0,0,0,0,42.51,-100.0,Budget
CAMP0000934,CUST00124,Email,2023-09-08,2023-09,0,0,0,0,56.38,-100.0,Budget
CAMP0000935,CUST00124,Paid Social,2022-12-01,2022-12,1,0,0,0,2176.73,-100.0,Budget
CAMP0000936,CUST00125,Display Ad,2023-04-05,2023-04,0,0,0,0,713.88,-100.0,Mid-Range
CAMP0000937,CUST00125,Paid Social,2023-12-28,2023-12,1,0,0,0,1662.7,-100.0,Mid-Range
CAMP0000938,CUST00125,SMS,2023-12-24,2023-12,1,0,0,0,112.36,-100.0,Mid-Range
CAMP0000939,CUST00125,Influencer,2023-09-18,2023-09,1,0,0,0,982.66,-100.0,Mid-Range
CAMP0000940,CUST00125,Paid Social,2023-02-17,2023-02,1,1,0,0,1442.29,-100.0,Mid-Range
CAMP0000941,CUST00125,SMS,2023-07-25,2023-07,1,1,1,43.82,113.17,-61.3,Mid-Range
CAMP0000942,CUST00125,Email,2023-04-11,2023-04,1,0,0,0,18.19,-100.0,Mid-Range
CAMP0000943,CUST00125,Influencer,2023-08-26,2023-08,0,0,0,0,1546.18,-100.0,Mid-Range
CAMP0000944,CUST00125,Email,2024-01-09,2024-01,1,0,0,0,38.47,-100.0,Mid-Range
CAMP0000945,CUST00125,Paid Social,2023-08-12,2023-08,0,0,0,0,1342.17,-100.0,Mid-Range
CAMP0000946,CUST00126,Email,2023-06-18,2023-06,1,0,0,0,35.91,-100.0,Budget
CAMP0000947,CUST00126,SMS,2023-09-17,2023-09,0,0,0,0,73.52,-100.0,Budget
CAMP0000948,CUST00126,Paid Social,2023-02-17,2023-02,0,0,0,0,2279.79,-100.0,Budget
CAMP0000949,CUST00126,Influencer,2022-10-03,2022-10,0,0,0,0,1383.31,-100.0,Budget
CAMP0000950,CUST00126,Influencer,2023-12-11,2023-12,1,0,0,0,723.88,-100.0,Budget
CAMP0000951,CUST00126,Paid Social,2023-04-08,2023-04,0,0,0,0,2140.38,-100.0,Budget
CAMP0000952,CUST00126,Push Notification,2023-03-27,2023-03,0,0,0,0,12.12,-100.0,Budget
CAMP0000953,CUST00126,Email,2023-02-05,2023-02,0,0,0,0,55.43,-100.0,Budget
CAMP0000954,CUST00126,Push Notification,2023-04-02,2023-04,0,0,0,0,21.56,-100.0,Budget
CAMP0000955,CUST00126,Influencer,2023-06-05,2023-06,0,0,0,0,1420.01,-100.0,Budget
CAMP0000956,CUST00127,Influencer,2024-02-16,2024-02,0,0,0,0,1590.61,-100.0,Premium
CAMP0000957,CUST00127,Email,2023-08-19,2023-08,0,0,0,0,40.78,-100.0,Premium
CAMP0000958,CUST00127,Influencer,2023-09-11,2023-09,1,1,1,130.92,1104.14,-88.1,Premium
CAMP0000959,CUST00127,Paid Social,2023-12-19,2023-12,1,0,0,0,1891.46,-100.0,Premium
CAMP0000960,CUST00127,Paid Social,2023-10-05,2023-10,0,0,0,0,1390.3,-100.0,Premium
CAMP0000961,CUST00127,Paid Social,2023-10-02,2023-10,1,1,1,91.49,1519.35,-94.0,Premium
CAMP0000962,CUST00127,SMS,2023-10-05,2023-10,0,0,0,0,37.87,-100.0,Premium
CAMP0000963,CUST00127,SMS,2023-02-19,2023-02,1,0,0,0,95.18,-100.0,Premium
CAMP0000964,CUST00128,Email,2023-07-30,2023-07,0,0,0,0,17.21,-100.0,Budget
CAMP0000965,CUST00128,Email,2023-08-16,2023-08,0,0,0,0,43.69,-100.0,Budget
CAMP0000966,CUST00128,Email,2023-12-25,2023-12,1,0,0,0,50.64,-100.0,Budget
CAMP0000967,CUST00128,Email,2023-03-24,2023-03,1,1,1,84.8,43.05,97.0,Budget
CAMP0000968,CUST00128,Paid Social,2023-06-20,2023-06,0,0,0,0,2148.57,-100.0,Budget
CAMP0000969,CUST00128,SMS,2023-05-01,2023-05,0,0,0,0,119.14,-100.0,Budget
CAMP0000970,CUST00128,Paid Social,2023-10-10,2023-10,0,0,0,0,1985.34,-100.0,Budget
CAMP0000971,CUST00128,Email,2023-11-29,2023-11,0,0,0,0,26.32,-100.0,Budget
CAMP0000972,CUST00128,Email,2023-12-22,2023-12,0,0,0,0,36.92,-100.0,Budget
CAMP0000973,CUST00128,Influencer,2023-06-13,2023-06,0,0,0,0,1215.1,-100.0,Budget
CAMP0000974,CUST00129,Email,2024-02-15,2024-02,0,0,0,0,58.76,-100.0,Premium
CAMP0000975,CUST00129,Display Ad,2024-03-05,2024-03,1,1,1,184.38,381.25,-51.6,Premium
CAMP0000976,CUST00129,SMS,2023-10-25,2023-10,1,1,0,0,59.82,-100.0,Premium
CAMP0000977,CUST00130,Email,2023-02-23,2023-02,0,0,0,0,26.41,-100.0,Budget
CAMP0000978,CUST00130,Email,2023-01-24,2023-01,0,0,0,0,59.62,-100.0,Budget
CAMP0000979,CUST00130,SMS,2023-10-01,2023-10,0,0,0,0,34.29,-100.0,Budget
CAMP0000980,CUST00130,Email,2022-11-19,2022-11,0,0,0,0,33.33,-100.0,Budget
CAMP0000981,CUST00130,Paid Social,2023-10-04,2023-10,0,0,0,0,1864.94,-100.0,Budget
CAMP0000982,CUST00130,Push Notification,2023-12-25,2023-12,1,1,0,0,22.77,-100.0,Budget
CAMP0000983,CUST00130,Display Ad,2023-03-24,2023-03,0,0,0,0,465.68,-100.0,Budget
CAMP0000984,CUST00130,SMS,2023-02-06,2023-02,0,0,0,0,100.4,-100.0,Budget
CAMP0000985,CUST00131,Paid Social,2023-12-31,2023-12,0,0,0,0,1346.01,-100.0,Mid-Range
CAMP0000986,CUST00131,Push Notification,2024-01-14,2024-01,0,0,0,0,23.44,-100.0,Mid-Range
CAMP0000987,CUST00131,Push Notification,2023-10-12,2023-10,0,0,0,0,17.48,-100.0,Mid-Range
CAMP0000988,CUST00131,Push Notification,2023-11-25,2023-11,0,0,0,0,19.87,-100.0,Mid-Range
CAMP0000989,CUST00132,Paid Social,2023-02-28,2023-02,1,0,0,0,1926.52,-100.0,Mid-Range
CAMP0000990,CUST00132,Push Notification,2023-05-28,2023-05,0,0,0,0,20.64,-100.0,Mid-Range
CAMP0000991,CUST00132,Email,2023-12-21,2023-12,1,1,0,0,28.64,-100.0,Mid-Range
CAMP0000992,CUST00132,Email,2023-04-18,2023-04,1,0,0,0,48.0,-100.0,Mid-Range
CAMP0000993,CUST00132,Email,2023-12-25,2023-12,0,0,0,0,58.6,-100.0,Mid-Range
CAMP0000994,CUST00132,SMS,2022-12-24,2022-12,1,1,0,0,106.33,-100.0,Mid-Range
CAMP0000995,CUST00132,Display Ad,2023-05-30,2023-05,0,0,0,0,660.55,-100.0,Mid-Range
CAMP0000996,CUST00132,Display Ad,2022-09-26,2022-09,1,0,0,0,339.49,-100.0,Mid-Range
CAMP0000997,CUST00132,Influencer,2024-02-08,2024-02,0,0,0,0,1580.53,-100.0,Mid-Range
CAMP0000998,CUST00132,Influencer,2023-01-27,2023-01,0,0,0,0,594.63,-100.0,Mid-Range
CAMP0000999,CUST00133,Paid Social,2023-07-22,2023-07,1,1,1,63.65,1637.06,-96.1,Budget
CAMP0001000,CUST00133,Influencer,2024-03-13,2024-03,0,0,0,0,662.17,-100.0,Budget
CAMP0001001,CUST00133,Paid Social,2023-06-12,2023-06,0,0,0,0,709.42,-100.0,Budget
CAMP0001002,CUST00133,Influencer,2023-07-23,2023-07,0,0,0,0,1328.03,-100.0,Budget
CAMP0001003,CUST00133,SMS,2023-11-18,2023-11,1,0,0,0,44.94,-100.0,Budget
CAMP0001004,CUST00133,Email,2024-01-04,2024-01,0,0,0,0,53.69,-100.0,Budget
CAMP0001005,CUST00133,Paid Social,2023-11-12,2023-11,0,0,0,0,1615.16,-100.0,Budget
CAMP0001006,CUST00133,Push Notification,2023-07-15,2023-07,1,0,0,0,29.85,-100.0,Budget
CAMP0001007,CUST00133,Email,2023-06-10,2023-06,1,1,0,0,26.23,-100.0,Budget
CAMP0001008,CUST00133,Paid Social,2023-11-21,2023-11,0,0,0,0,1638.16,-100.0,Budget
CAMP0001009,CUST00133,SMS,2023-06-25,2023-06,0,0,0,0,94.33,-100.0,Budget
CAMP0001010,CUST00133,Paid Social,2023-11-15,2023-11,0,0,0,0,2214.53,-100.0,Budget
CAMP0001011,CUST00134,Display Ad,2024-03-19,2024-03,0,0,0,0,605.06,-100.0,Mid-Range
CAMP0001012,CUST00134,Email,2022-12-14,2022-12,0,0,0,0,41.9,-100.0,Mid-Range
CAMP0001013,CUST00134,Influencer,2022-05-07,2022-05,0,0,0,0,1101.2,-100.0,Mid-Range
CAMP0001014,CUST00135,Email,2023-07-18,2023-07,1,1,0,0,41.14,-100.0,Premium
CAMP0001015,CUST00135,Paid Social,2023-02-06,2023-02,0,0,0,0,1829.79,-100.0,Premium
CAMP0001016,CUST00135,Email,2023-03-17,2023-03,0,0,0,0,38.1,-100.0,Premium
CAMP0001017,CUST00135,Push Notification,2023-07-30,2023-07,1,0,0,0,18.71,-100.0,Premium
CAMP0001018,CUST00135,Paid Social,2023-05-02,2023-05,0,0,0,0,1459.77,-100.0,Premium
CAMP0001019,CUST00135,Paid Social,2023-09-28,2023-09,0,0,0,0,2316.88,-100.0,Premium
CAMP0001020,CUST00135,Push Notification,2023-06-12,2023-06,0,0,0,0,13.07,-100.0,Premium
CAMP0001021,CUST00135,SMS,2023-07-19,2023-07,1,1,0,0,99.55,-100.0,Premium
CAMP0001022,CUST00135,Push Notification,2023-12-24,2023-12,0,0,0,0,17.11,-100.0,Premium
CAMP0001023,CUST00135,Email,2023-07-16,2023-07,0,0,0,0,34.72,-100.0,Premium
CAMP0001024,CUST00135,Paid Social,2023-06-19,2023-06,0,0,0,0,1510.36,-100.0,Premium
CAMP0001025,CUST00136,Influencer,2024-03-08,2024-03,0,0,0,0,732.55,-100.0,Budget
CAMP0001026,CUST00136,Influencer,2023-10-14,2023-10,1,1,1,146.04,480.23,-69.6,Budget
CAMP0001027,CUST00136,Email,2024-01-17,2024-01,0,0,0,0,24.84,-100.0,Budget
CAMP0001028,CUST00136,Paid Social,2023-10-13,2023-10,0,0,0,0,1230.66,-100.0,Budget
CAMP0001029,CUST00136,Email,2022-12-08,2022-12,0,0,0,0,17.84,-100.0,Budget
CAMP0001030,CUST00136,Paid Social,2023-05-28,2023-05,0,0,0,0,982.03,-100.0,Budget
CAMP0001031,CUST00136,Push Notification,2023-04-07,2023-04,0,0,0,0,29.57,-100.0,Budget
CAMP0001032,CUST00136,Paid Social,2022-05-31,2022-05,1,0,0,0,1846.53,-100.0,Budget
CAMP0001033,CUST00136,Push Notification,2022-09-21,2022-09,0,0,0,0,13.24,-100.0,Budget
CAMP0001034,CUST00136,Email,2023-08-27,2023-08,0,0,0,0,59.4,-100.0,Budget
CAMP0001035,CUST00136,Email,2024-03-19,2024-03,1,0,0,0,40.55,-100.0,Budget
CAMP0001036,CUST00137,Email,2023-05-20,2023-05,1,1,0,0,22.49,-100.0,Premium
CAMP0001037,CUST00137,Paid Social,2023-01-26,2023-01,0,0,0,0,1787.12,-100.0,Premium
CAMP0001038,CUST00137,Push Notification,2023-07-11,2023-07,0,0,0,0,23.86,-100.0,Premium
CAMP0001039,CUST00137,Email,2024-01-03,2024-01,1,0,0,0,23.54,-100.0,Premium
CAMP0001040,CUST00137,Push Notification,2023-05-05,2023-05,0,0,0,0,15.59,-100.0,Premium
CAMP0001041,CUST00137,SMS,2024-03-20,2024-03,1,0,0,0,41.55,-100.0,Premium
CAMP0001042,CUST00137,Email,2023-02-26,2023-02,0,0,0,0,39.6,-100.0,Premium
CAMP0001043,CUST00137,Display Ad,2023-05-25,2023-05,0,0,0,0,943.36,-100.0,Premium
CAMP0001044,CUST00137,SMS,2023-04-12,2023-04,1,0,0,0,56.82,-100.0,Premium
CAMP0001045,CUST00137,Display Ad,2023-12-01,2023-12,0,0,0,0,954.45,-100.0,Premium
CAMP0001046,CUST00137,Display Ad,2023-08-05,2023-08,0,0,0,0,363.44,-100.0,Premium
CAMP0001047,CUST00137,Influencer,2023-08-11,2023-08,0,0,0,0,702.03,-100.0,Premium
CAMP0001048,CUST00138,Push Notification,2023-04-24,2023-04,0,0,0,0,19.62,-100.0,Premium
CAMP0001049,CUST00138,Influencer,2022-11-20,2022-11,0,0,0,0,1382.22,-100.0,Premium
CAMP0001050,CUST00138,Push Notification,2023-08-05,2023-08,0,0,0,0,29.56,-100.0,Premium
CAMP0001051,CUST00138,Push Notification,2024-02-11,2024-02,0,0,0,0,9.4,-100.0,Premium
CAMP0001052,CUST00139,Influencer,2024-01-11,2024-01,1,1,1,76.97,1149.65,-93.3,Budget
CAMP0001053,CUST00139,Push Notification,2023-12-02,2023-12,0,0,0,0,28.08,-100.0,Budget
CAMP0001054,CUST00139,Influencer,2023-09-14,2023-09,0,0,0,0,1064.96,-100.0,Budget
CAMP0001055,CUST00139,Push Notification,2024-01-06,2024-01,0,0,0,0,16.5,-100.0,Budget
CAMP0001056,CUST00139,Influencer,2023-08-11,2023-08,1,0,0,0,1246.25,-100.0,Budget
CAMP0001057,CUST00139,Email,2023-09-06,2023-09,0,0,0,0,29.72,-100.0,Budget
CAMP0001058,CUST00140,Push Notification,2023-10-05,2023-10,1,0,0,0,18.39,-100.0,Mid-Range
CAMP0001059,CUST00140,Email,2023-08-26,2023-08,0,0,0,0,27.84,-100.0,Mid-Range
CAMP0001060,CUST00140,Push Notification,2023-07-26,2023-07,0,0,0,0,8.7,-100.0,Mid-Range
CAMP0001061,CUST00141,Push Notification,2024-03-07,2024-03,0,0,0,0,9.31,-100.0,Mid-Range
CAMP0001062,CUST00141,Paid Social,2023-06-21,2023-06,1,0,0,0,1012.17,-100.0,Mid-Range
CAMP0001063,CUST00141,Paid Social,2024-01-19,2024-01,0,0,0,0,2273.29,-100.0,Mid-Range
CAMP0001064,CUST00141,Influencer,2024-02-28,2024-02,0,0,0,0,1514.9,-100.0,Mid-Range
CAMP0001065,CUST00141,Paid Social,2023-10-04,2023-10,0,0,0,0,1242.86,-100.0,Mid-Range
CAMP0001066,CUST00141,Email,2024-01-08,2024-01,0,0,0,0,32.32,-100.0,Mid-Range
CAMP0001067,CUST00141,Email,2023-03-08,2023-03,0,0,0,0,24.9,-100.0,Mid-Range
CAMP0001068,CUST00142,SMS,2024-02-09,2024-02,0,0,0,0,106.61,-100.0,Budget
CAMP0001069,CUST00142,Paid Social,2023-02-16,2023-02,0,0,0,0,1680.1,-100.0,Budget
CAMP0001070,CUST00142,Paid Social,2024-03-02,2024-03,0,0,0,0,908.03,-100.0,Budget
CAMP0001071,CUST00142,SMS,2023-09-21,2023-09,0,0,0,0,73.25,-100.0,Budget
CAMP0001072,CUST00142,SMS,2023-08-06,2023-08,0,0,0,0,84.33,-100.0,Budget
CAMP0001073,CUST00142,Paid Social,2023-04-14,2023-04,0,0,0,0,1455.47,-100.0,Budget
CAMP0001074,CUST00143,Paid Social,2022-10-04,2022-10,0,0,0,0,2195.92,-100.0,Mid-Range
CAMP0001075,CUST00143,SMS,2023-02-20,2023-02,0,0,0,0,107.71,-100.0,Mid-Range
CAMP0001076,CUST00143,Email,2023-10-20,2023-10,0,0,0,0,30.37,-100.0,Mid-Range
CAMP0001077,CUST00143,Email,2022-08-09,2022-08,0,0,0,0,52.14,-100.0,Mid-Range
CAMP0001078,CUST00143,Influencer,2023-01-28,2023-01,0,0,0,0,954.52,-100.0,Mid-Range
CAMP0001079,CUST00143,Paid Social,2023-08-22,2023-08,0,0,0,0,1015.87,-100.0,Mid-Range
CAMP0001080,CUST00144,Paid Social,2023-06-26,2023-06,0,0,0,0,1408.23,-100.0,Budget
CAMP0001081,CUST00144,Influencer,2023-09-08,2023-09,0,0,0,0,753.22,-100.0,Budget
CAMP0001082,CUST00144,Email,2023-12-28,2023-12,1,0,0,0,56.86,-100.0,Budget
CAMP0001083,CUST00144,Email,2023-12-24,2023-12,1,0,0,0,30.07,-100.0,Budget
CAMP0001084,CUST00145,Email,2023-12-11,2023-12,0,0,0,0,44.39,-100.0,Budget
CAMP0001085,CUST00145,SMS,2023-12-16,2023-12,0,0,0,0,86.76,-100.0,Budget
CAMP0001086,CUST00145,Push Notification,2024-02-12,2024-02,0,0,0,0,22.79,-100.0,Budget
CAMP0001087,CUST00146,Email,2023-08-18,2023-08,1,0,0,0,42.84,-100.0,Mid-Range
CAMP0001088,CUST00146,Email,2023-07-15,2023-07,1,0,0,0,59.41,-100.0,Mid-Range
CAMP0001089,CUST00146,Paid Social,2023-03-17,2023-03,0,0,0,0,1950.86,-100.0,Mid-Range
CAMP0001090,CUST00146,Influencer,2024-01-08,2024-01,1,0,0,0,553.13,-100.0,Mid-Range
CAMP0001091,CUST00146,Paid Social,2023-10-16,2023-10,0,0,0,0,2336.52,-100.0,Mid-Range
CAMP0001092,CUST00146,Influencer,2024-01-08,2024-01,0,0,0,0,901.12,-100.0,Mid-Range
CAMP0001093,CUST00147,Email,2023-09-23,2023-09,0,0,0,0,37.88,-100.0,Premium
CAMP0001094,CUST00147,Paid Social,2023-11-05,2023-11,0,0,0,0,1473.0,-100.0,Premium
CAMP0001095,CUST00147,Influencer,2024-01-02,2024-01,0,0,0,0,1371.31,-100.0,Premium
CAMP0001096,CUST00147,Push Notification,2023-10-11,2023-10,0,0,0,0,12.07,-100.0,Premium
CAMP0001097,CUST00147,Paid Social,2023-09-25,2023-09,0,0,0,0,1214.66,-100.0,Premium
CAMP0001098,CUST00147,Email,2024-02-07,2024-02,0,0,0,0,43.7,-100.0,Premium
CAMP0001099,CUST00148,Paid Social,2024-02-27,2024-02,1,1,0,0,2356.79,-100.0,Budget
CAMP0001100,CUST00148,Push Notification,2023-06-23,2023-06,0,0,0,0,26.81,-100.0,Budget
CAMP0001101,CUST00148,Push Notification,2023-04-08,2023-04,1,1,0,0,17.25,-100.0,Budget
CAMP0001102,CUST00148,Influencer,2022-03-23,2022-03,0,0,0,0,745.02,-100.0,Budget
CAMP0001103,CUST00148,Email,2023-02-17,2023-02,1,1,0,0,37.01,-100.0,Budget
CAMP0001104,CUST00148,Email,2023-09-22,2023-09,0,0,0,0,53.0,-100.0,Budget
CAMP0001105,CUST00148,Paid Social,2022-12-25,2022-12,0,0,0,0,2448.21,-100.0,Budget
CAMP0001106,CUST00149,Email,2023-11-18,2023-11,0,0,0,0,34.69,-100.0,Mid-Range
CAMP0001107,CUST00149,Email,2023-05-14,2023-05,0,0,0,0,39.7,-100.0,Mid-Range
CAMP0001108,CUST00149,Push Notification,2023-05-13,2023-05,1,1,1,146.45,13.58,978.4,Mid-Range
CAMP0001109,CUST00149,Paid Social,2024-03-07,2024-03,0,0,0,0,723.74,-100.0,Mid-Range
CAMP0001110,CUST00149,Email,2023-10-11,2023-10,1,0,0,0,53.59,-100.0,Mid-Range
CAMP0001111,CUST00149,Paid Social,2023-10-19,2023-10,0,0,0,0,785.75,-100.0,Mid-Range
CAMP0001112,CUST00150,SMS,2023-10-23,2023-10,0,0,0,0,76.97,-100.0,Budget
CAMP0001113,CUST00150,SMS,2023-05-29,2023-05,0,0,0,0,111.65,-100.0,Budget
CAMP0001114,CUST00150,Email,2023-11-01,2023-11,0,0,0,0,24.06,-100.0,Budget
CAMP0001115,CUST00150,Influencer,2024-02-08,2024-02,1,1,0,0,485.06,-100.0,Budget
CAMP0001116,CUST00150,Influencer,2024-03-10,2024-03,0,0,0,0,642.96,-100.0,Budget
CAMP0001117,CUST00150,Email,2023-05-09,2023-05,0,0,0,0,53.0,-100.0,Budget
CAMP0001118,CUST00150,Influencer,2023-07-28,2023-07,0,0,0,0,786.57,-100.0,Budget
CAMP0001119,CUST00151,Paid Social,2023-12-14,2023-12,1,0,0,0,813.03,-100.0,Mid-Range
CAMP0001120,CUST00151,Email,2024-01-02,2024-01,0,0,0,0,17.83,-100.0,Mid-Range
CAMP0001121,CUST00151,Email,2023-11-18,2023-11,0,0,0,0,17.71,-100.0,Mid-Range
CAMP0001122,CUST00151,Paid Social,2023-12-18,2023-12,0,0,0,0,2095.24,-100.0,Mid-Range
CAMP0001123,CUST00151,Influencer,2023-07-04,2023-07,0,0,0,0,463.03,-100.0,Mid-Range
CAMP0001124,CUST00151,Influencer,2023-07-21,2023-07,1,0,0,0,1322.92,-100.0,Mid-Range
CAMP0001125,CUST00152,Email,2024-01-02,2024-01,1,0,0,0,57.57,-100.0,Budget
CAMP0001126,CUST00152,Influencer,2023-12-20,2023-12,0,0,0,0,1415.05,-100.0,Budget
CAMP0001127,CUST00152,Influencer,2023-04-10,2023-04,0,0,0,0,934.13,-100.0,Budget
CAMP0001128,CUST00152,Influencer,2022-05-10,2022-05,0,0,0,0,1320.77,-100.0,Budget
CAMP0001129,CUST00152,Email,2023-12-27,2023-12,0,0,0,0,36.56,-100.0,Budget
CAMP0001130,CUST00152,SMS,2023-06-21,2023-06,0,0,0,0,69.7,-100.0,Budget
CAMP0001131,CUST00152,Paid Social,2024-03-15,2024-03,0,0,0,0,1925.68,-100.0,Budget
CAMP0001132,CUST00152,Paid Social,2022-07-05,2022-07,0,0,0,0,1479.17,-100.0,Budget
CAMP0001133,CUST00152,Paid Social,2022-08-24,2022-08,0,0,0,0,1634.18,-100.0,Budget
CAMP0001134,CUST00153,Influencer,2022-08-30,2022-08,1,1,0,0,1076.85,-100.0,Premium
CAMP0001135,CUST00153,Email,2023-01-05,2023-01,0,0,0,0,27.85,-100.0,Premium
CAMP0001136,CUST00153,Push Notification,2022-10-13,2022-10,0,0,0,0,12.82,-100.0,Premium
CAMP0001137,CUST00153,Push Notification,2023-11-10,2023-11,0,0,0,0,29.04,-100.0,Premium
CAMP0001138,CUST00153,Influencer,2022-08-11,2022-08,0,0,0,0,583.27,-100.0,Premium
CAMP0001139,CUST00153,Paid Social,2022-05-22,2022-05,0,0,0,0,1872.75,-100.0,Premium
CAMP0001140,CUST00153,Paid Social,2022-09-25,2022-09,0,0,0,0,2177.07,-100.0,Premium
CAMP0001141,CUST00154,Paid Social,2023-06-10,2023-06,0,0,0,0,1272.15,-100.0,Premium
CAMP0001142,CUST00154,SMS,2022-11-19,2022-11,0,0,0,0,70.48,-100.0,Premium
CAMP0001143,CUST00154,SMS,2022-08-31,2022-08,1,1,0,0,53.73,-100.0,Premium
CAMP0001144,CUST00154,Influencer,2022-07-24,2022-07,0,0,0,0,489.29,-100.0,Premium
CAMP0001145,CUST00154,Paid Social,2023-07-03,2023-07,0,0,0,0,1650.43,-100.0,Premium
CAMP0001146,CUST00154,Email,2023-02-13,2023-02,0,0,0,0,53.53,-100.0,Premium
CAMP0001147,CUST00154,Email,2022-08-16,2022-08,1,1,1,47.26,23.41,101.9,Premium
CAMP0001148,CUST00154,Push Notification,2024-01-18,2024-01,0,0,0,0,24.73,-100.0,Premium
CAMP0001149,CUST00154,SMS,2023-10-31,2023-10,1,0,0,0,114.85,-100.0,Premium
CAMP0001150,CUST00154,SMS,2023-03-20,2023-03,0,0,0,0,32.6,-100.0,Premium
CAMP0001151,CUST00154,Email,2023-08-07,2023-08,0,0,0,0,22.52,-100.0,Premium
CAMP0001152,CUST00154,SMS,2023-07-26,2023-07,0,0,0,0,80.38,-100.0,Premium
CAMP0001153,CUST00155,Email,2023-03-30,2023-03,1,0,0,0,38.67,-100.0,Luxury
CAMP0001154,CUST00155,Paid Social,2024-02-15,2024-02,0,0,0,0,1491.73,-100.0,Luxury
CAMP0001155,CUST00155,Email,2022-03-13,2022-03,0,0,0,0,32.44,-100.0,Luxury
CAMP0001156,CUST00155,Influencer,2022-02-18,2022-02,0,0,0,0,704.75,-100.0,Luxury
CAMP0001157,CUST00156,Influencer,2023-05-05,2023-05,0,0,0,0,1296.75,-100.0,Mid-Range
CAMP0001158,CUST00156,Email,2022-09-29,2022-09,0,0,0,0,45.9,-100.0,Mid-Range
CAMP0001159,CUST00156,Push Notification,2023-04-03,2023-04,0,0,0,0,29.24,-100.0,Mid-Range
CAMP0001160,CUST00156,Paid Social,2022-10-13,2022-10,1,0,0,0,1188.79,-100.0,Mid-Range
CAMP0001161,CUST00156,Influencer,2024-01-25,2024-01,0,0,0,0,500.61,-100.0,Mid-Range
CAMP0001162,CUST00156,Email,2022-11-04,2022-11,0,0,0,0,50.32,-100.0,Mid-Range
CAMP0001163,CUST00157,Paid Social,2023-12-10,2023-12,0,0,0,0,2369.74,-100.0,Luxury
CAMP0001164,CUST00157,Push Notification,2022-10-13,2022-10,0,0,0,0,25.05,-100.0,Luxury
CAMP0001165,CUST00157,Paid Social,2023-08-06,2023-08,0,0,0,0,1366.28,-100.0,Luxury
CAMP0001166,CUST00157,Push Notification,2024-03-07,2024-03,0,0,0,0,22.96,-100.0,Luxury
CAMP0001167,CUST00157,Influencer,2023-02-17,2023-02,1,1,0,0,613.98,-100.0,Luxury
CAMP0001168,CUST00157,Influencer,2023-10-01,2023-10,0,0,0,0,1492.42,-100.0,Luxury
CAMP0001169,CUST00157,Email,2023-09-13,2023-09,0,0,0,0,30.75,-100.0,Luxury
CAMP0001170,CUST00157,Push Notification,2024-02-19,2024-02,0,0,0,0,10.61,-100.0,Luxury
CAMP0001171,CUST00157,Paid Social,2023-02-13,2023-02,0,0,0,0,727.47,-100.0,Luxury
CAMP0001172,CUST00157,Paid Social,2022-12-28,2022-12,1,0,0,0,1249.45,-100.0,Luxury
CAMP0001173,CUST00158,Email,2023-04-22,2023-04,0,0,0,0,44.75,-100.0,Premium
CAMP0001174,CUST00158,Push Notification,2023-02-11,2023-02,1,1,0,0,8.29,-100.0,Premium
CAMP0001175,CUST00158,Push Notification,2023-03-06,2023-03,1,1,0,0,14.58,-100.0,Premium
CAMP0001176,CUST00158,SMS,2023-04-15,2023-04,1,1,0,0,88.59,-100.0,Premium
CAMP0001177,CUST00158,Push Notification,2022-12-28,2022-12,1,0,0,0,19.08,-100.0,Premium
CAMP0001178,CUST00158,Email,2022-11-05,2022-11,1,1,1,131.79,35.11,275.4,Premium
CAMP0001179,CUST00158,Display Ad,2023-11-09,2023-11,0,0,0,0,910.74,-100.0,Premium
CAMP0001180,CUST00158,Push Notification,2023-04-28,2023-04,1,0,0,0,21.72,-100.0,Premium
CAMP0001181,CUST00158,Display Ad,2024-03-16,2024-03,0,0,0,0,417.11,-100.0,Premium
CAMP0001182,CUST00159,Influencer,2023-11-12,2023-11,0,0,0,0,614.98,-100.0,Budget
CAMP0001183,CUST00159,Email,2022-01-14,2022-01,1,0,0,0,42.27,-100.0,Budget
CAMP0001184,CUST00159,Paid Social,2023-12-16,2023-12,0,0,0,0,1313.25,-100.0,Budget
CAMP0001185,CUST00159,Email,2023-08-18,2023-08,1,0,0,0,20.0,-100.0,Budget
CAMP0001186,CUST00159,Paid Social,2024-01-13,2024-01,0,0,0,0,1903.7,-100.0,Budget
CAMP0001187,CUST00159,Display Ad,2023-08-06,2023-08,1,0,0,0,733.99,-100.0,Budget
CAMP0001188,CUST00159,Display Ad,2022-12-12,2022-12,0,0,0,0,875.1,-100.0,Budget
CAMP0001189,CUST00159,Email,2023-01-01,2023-01,0,0,0,0,36.54,-100.0,Budget
CAMP0001190,CUST00159,SMS,2023-02-22,2023-02,0,0,0,0,73.13,-100.0,Budget
CAMP0001191,CUST00159,Paid Social,2023-03-27,2023-03,1,0,0,0,2441.41,-100.0,Budget
CAMP0001192,CUST00159,Push Notification,2022-07-23,2022-07,1,1,1,89.8,18.36,389.1,Budget
CAMP0001193,CUST00160,Email,2023-03-09,2023-03,1,0,0,0,30.68,-100.0,Premium
CAMP0001194,CUST00160,Email,2022-11-09,2022-11,1,1,0,0,33.31,-100.0,Premium
CAMP0001195,CUST00160,Push Notification,2023-10-25,2023-10,0,0,0,0,23.28,-100.0,Premium
CAMP0001196,CUST00160,Email,2023-07-16,2023-07,0,0,0,0,32.78,-100.0,Premium
CAMP0001197,CUST00160,Influencer,2022-11-07,2022-11,0,0,0,0,1071.48,-100.0,Premium
CAMP0001198,CUST00160,Email,2022-11-23,2022-11,0,0,0,0,38.85,-100.0,Premium
CAMP0001199,CUST00160,Paid Social,2023-06-16,2023-06,1,0,0,0,1550.66,-100.0,Premium
CAMP0001200,CUST00160,Paid Social,2024-01-19,2024-01,0,0,0,0,1823.41,-100.0,Premium
CAMP0001201,CUST00160,Influencer,2023-06-26,2023-06,1,0,0,0,596.34,-100.0,Premium
CAMP0001202,CUST00160,SMS,2023-03-26,2023-03,0,0,0,0,71.21,-100.0,Premium
CAMP0001203,CUST00160,Paid Social,2022-10-05,2022-10,0,0,0,0,2404.83,-100.0,Premium
CAMP0001204,CUST00160,Paid Social,2023-11-16,2023-11,0,0,0,0,2074.78,-100.0,Premium
CAMP0001205,CUST00161,SMS,2023-03-14,2023-03,0,0,0,0,79.36,-100.0,Premium
CAMP0001206,CUST00161,Paid Social,2023-09-13,2023-09,0,0,0,0,2005.39,-100.0,Premium
CAMP0001207,CUST00161,Push Notification,2024-03-05,2024-03,0,0,0,0,9.08,-100.0,Premium
CAMP0001208,CUST00161,Influencer,2023-04-11,2023-04,0,0,0,0,1097.03,-100.0,Premium
CAMP0001209,CUST00161,Paid Social,2023-06-15,2023-06,1,1,1,44.23,1136.74,-96.1,Premium
CAMP0001210,CUST00161,Influencer,2023-12-14,2023-12,0,0,0,0,632.32,-100.0,Premium
CAMP0001211,CUST00161,Paid Social,2023-01-21,2023-01,0,0,0,0,1800.36,-100.0,Premium
CAMP0001212,CUST00161,Paid Social,2023-10-07,2023-10,0,0,0,0,2485.78,-100.0,Premium
CAMP0001213,CUST00161,SMS,2024-03-26,2024-03,0,0,0,0,51.47,-100.0,Premium
CAMP0001214,CUST00161,Email,2023-09-07,2023-09,1,0,0,0,46.85,-100.0,Premium
CAMP0001215,CUST00161,Paid Social,2024-01-18,2024-01,1,1,0,0,1282.51,-100.0,Premium
CAMP0001216,CUST00162,Display Ad,2023-07-03,2023-07,1,0,0,0,887.67,-100.0,Mid-Range
CAMP0001217,CUST00162,Email,2023-12-08,2023-12,0,0,0,0,58.15,-100.0,Mid-Range
CAMP0001218,CUST00162,Email,2024-02-13,2024-02,1,1,1,164.66,24.02,585.5,Mid-Range
CAMP0001219,CUST00162,Email,2023-05-27,2023-05,1,0,0,0,44.23,-100.0,Mid-Range
CAMP0001220,CUST00162,Push Notification,2023-12-23,2023-12,0,0,0,0,29.19,-100.0,Mid-Range
CAMP0001221,CUST00162,Email,2024-01-31,2024-01,0,0,0,0,58.55,-100.0,Mid-Range
CAMP0001222,CUST00162,SMS,2024-03-16,2024-03,0,0,0,0,118.2,-100.0,Mid-Range
CAMP0001223,CUST00162,Push Notification,2023-05-19,2023-05,0,0,0,0,10.42,-100.0,Mid-Range
CAMP0001224,CUST00162,SMS,2023-06-08,2023-06,1,1,0,0,102.57,-100.0,Mid-Range
CAMP0001225,CUST00162,Paid Social,2023-11-19,2023-11,0,0,0,0,2001.48,-100.0,Mid-Range
CAMP0001226,CUST00163,Email,2024-02-17,2024-02,1,1,1,135.09,45.83,194.8,Premium
CAMP0001227,CUST00163,Display Ad,2024-02-18,2024-02,0,0,0,0,716.79,-100.0,Premium
CAMP0001228,CUST00163,Email,2024-01-12,2024-01,0,0,0,0,54.04,-100.0,Premium
CAMP0001229,CUST00163,Paid Social,2024-03-07,2024-03,0,0,0,0,973.94,-100.0,Premium
CAMP0001230,CUST00163,Email,2023-07-26,2023-07,0,0,0,0,53.67,-100.0,Premium
CAMP0001231,CUST00163,Email,2023-11-18,2023-11,0,0,0,0,49.6,-100.0,Premium
CAMP0001232,CUST00163,Influencer,2023-07-31,2023-07,1,0,0,0,559.11,-100.0,Premium
CAMP0001233,CUST00163,SMS,2023-09-22,2023-09,0,0,0,0,111.24,-100.0,Premium
CAMP0001234,CUST00164,Paid Social,2023-12-04,2023-12,0,0,0,0,1258.98,-100.0,Mid-Range
CAMP0001235,CUST00164,Influencer,2023-11-26,2023-11,0,0,0,0,1102.15,-100.0,Mid-Range
CAMP0001236,CUST00164,Paid Social,2023-02-28,2023-02,0,0,0,0,2003.25,-100.0,Mid-Range
CAMP0001237,CUST00164,Push Notification,2023-11-27,2023-11,0,0,0,0,14.85,-100.0,Mid-Range
CAMP0001238,CUST00164,Push Notification,2023-12-29,2023-12,0,0,0,0,29.02,-100.0,Mid-Range
CAMP0001239,CUST00165,Email,2023-02-24,2023-02,0,0,0,0,45.69,-100.0,Budget
CAMP0001240,CUST00165,Push Notification,2024-03-08,2024-03,1,0,0,0,9.0,-100.0,Budget
CAMP0001241,CUST00165,Email,2023-04-26,2023-04,0,0,0,0,52.17,-100.0,Budget
CAMP0001242,CUST00165,Push Notification,2022-11-06,2022-11,0,0,0,0,16.09,-100.0,Budget
CAMP0001243,CUST00165,Display Ad,2022-11-17,2022-11,0,0,0,0,443.25,-100.0,Budget
CAMP0001244,CUST00165,Push Notification,2022-03-24,2022-03,0,0,0,0,26.39,-100.0,Budget
CAMP0001245,CUST00165,Influencer,2023-06-27,2023-06,0,0,0,0,488.87,-100.0,Budget
CAMP0001246,CUST00165,Push Notification,2022-03-19,2022-03,0,0,0,0,24.8,-100.0,Budget
CAMP0001247,CUST00165,Paid Social,2023-07-16,2023-07,0,0,0,0,813.93,-100.0,Budget
CAMP0001248,CUST00165,Email,2022-11-08,2022-11,0,0,0,0,28.12,-100.0,Budget
CAMP0001249,CUST00166,Email,2023-09-02,2023-09,1,0,0,0,50.15,-100.0,Budget
CAMP0001250,CUST00166,Email,2024-01-06,2024-01,0,0,0,0,34.47,-100.0,Budget
CAMP0001251,CUST00166,Influencer,2023-11-24,2023-11,0,0,0,0,1642.85,-100.0,Budget
CAMP0001252,CUST00166,Email,2023-12-08,2023-12,0,0,0,0,52.43,-100.0,Budget
CAMP0001253,CUST00166,Paid Social,2023-09-07,2023-09,0,0,0,0,1802.96,-100.0,Budget
CAMP0001254,CUST00166,Email,2023-12-28,2023-12,0,0,0,0,58.28,-100.0,Budget
CAMP0001255,CUST00166,Influencer,2023-10-31,2023-10,1,1,1,187.72,1087.56,-82.7,Budget
CAMP0001256,CUST00166,Display Ad,2023-12-03,2023-12,0,0,0,0,701.53,-100.0,Budget
CAMP0001257,CUST00166,Email,2023-08-03,2023-08,0,0,0,0,19.16,-100.0,Budget
CAMP0001258,CUST00166,Email,2024-03-08,2024-03,1,0,0,0,26.23,-100.0,Budget
CAMP0001259,CUST00166,Email,2024-03-12,2024-03,1,1,1,86.52,53.08,63.0,Budget
CAMP0001260,CUST00167,Influencer,2023-12-19,2023-12,0,0,0,0,1016.02,-100.0,Budget
CAMP0001261,CUST00167,Email,2023-12-15,2023-12,1,1,1,149.02,43.36,243.7,Budget
CAMP0001262,CUST00167,Paid Social,2023-07-12,2023-07,0,0,0,0,1227.69,-100.0,Budget
CAMP0001263,CUST00167,Email,2023-10-25,2023-10,0,0,0,0,35.41,-100.0,Budget
CAMP0001264,CUST00167,SMS,2023-07-30,2023-07,1,1,1,90.88,78.93,15.1,Budget
CAMP0001265,CUST00167,Paid Social,2023-08-05,2023-08,0,0,0,0,2532.24,-100.0,Budget
CAMP0001266,CUST00168,Push Notification,2023-11-01,2023-11,0,0,0,0,28.9,-100.0,Mid-Range
CAMP0001267,CUST00168,Paid Social,2023-09-07,2023-09,0,0,0,0,1928.39,-100.0,Mid-Range
CAMP0001268,CUST00168,Influencer,2024-03-31,2024-03,0,0,0,0,1253.42,-100.0,Mid-Range
CAMP0001269,CUST00168,Display Ad,2023-09-20,2023-09,0,0,0,0,704.71,-100.0,Mid-Range
CAMP0001270,CUST00168,Influencer,2024-03-17,2024-03,0,0,0,0,1243.99,-100.0,Mid-Range
CAMP0001271,CUST00169,Push Notification,2023-12-28,2023-12,0,0,0,0,13.68,-100.0,Mid-Range
CAMP0001272,CUST00169,Push Notification,2022-11-18,2022-11,0,0,0,0,17.43,-100.0,Mid-Range
CAMP0001273,CUST00169,Email,2024-01-11,2024-01,0,0,0,0,43.22,-100.0,Mid-Range
CAMP0001274,CUST00169,Push Notification,2024-02-06,2024-02,0,0,0,0,12.08,-100.0,Mid-Range
CAMP0001275,CUST00169,Push Notification,2022-06-27,2022-06,1,0,0,0,24.78,-100.0,Mid-Range
CAMP0001276,CUST00169,Email,2023-08-31,2023-08,0,0,0,0,47.64,-100.0,Mid-Range
CAMP0001277,CUST00169,Paid Social,2022-05-27,2022-05,0,0,0,0,1441.11,-100.0,Mid-Range
CAMP0001278,CUST00169,Paid Social,2022-10-17,2022-10,0,0,0,0,1552.86,-100.0,Mid-Range
CAMP0001279,CUST00169,Email,2024-01-15,2024-01,1,0,0,0,26.21,-100.0,Mid-Range
CAMP0001280,CUST00169,Email,2023-08-25,2023-08,1,0,0,0,42.79,-100.0,Mid-Range
CAMP0001281,CUST00169,Email,2022-10-26,2022-10,0,0,0,0,42.17,-100.0,Mid-Range
CAMP0001282,CUST00169,Influencer,2023-08-19,2023-08,1,0,0,0,640.42,-100.0,Mid-Range
CAMP0001283,CUST00170,Push Notification,2022-09-18,2022-09,0,0,0,0,16.47,-100.0,Mid-Range
CAMP0001284,CUST00170,Paid Social,2022-08-28,2022-08,0,0,0,0,1369.11,-100.0,Mid-Range
CAMP0001285,CUST00170,SMS,2023-01-22,2023-01,1,1,0,0,108.06,-100.0,Mid-Range
CAMP0001286,CUST00170,Influencer,2023-02-16,2023-02,0,0,0,0,456.57,-100.0,Mid-Range
CAMP0001287,CUST00170,Paid Social,2023-08-15,2023-08,0,0,0,0,2509.19,-100.0,Mid-Range
CAMP0001288,CUST00170,Display Ad,2023-08-25,2023-08,0,0,0,0,473.91,-100.0,Mid-Range
CAMP0001289,CUST00170,Email,2022-09-20,2022-09,0,0,0,0,20.43,-100.0,Mid-Range
CAMP0001290,CUST00170,Email,2023-05-23,2023-05,0,0,0,0,31.65,-100.0,Mid-Range
CAMP0001291,CUST00170,Push Notification,2023-04-03,2023-04,0,0,0,0,18.51,-100.0,Mid-Range
CAMP0001292,CUST00170,Email,2023-02-11,2023-02,0,0,0,0,21.64,-100.0,Mid-Range
CAMP0001293,CUST00170,SMS,2022-09-11,2022-09,1,1,1,94.12,89.38,5.3,Mid-Range
CAMP0001294,CUST00170,Paid Social,2024-03-30,2024-03,1,0,0,0,1671.61,-100.0,Mid-Range
CAMP0001295,CUST00171,Influencer,2023-07-13,2023-07,0,0,0,0,1157.23,-100.0,Mid-Range
CAMP0001296,CUST00171,Paid Social,2024-02-27,2024-02,0,0,0,0,2243.47,-100.0,Mid-Range
CAMP0001297,CUST00171,Email,2023-09-29,2023-09,1,0,0,0,50.97,-100.0,Mid-Range
CAMP0001298,CUST00171,Paid Social,2024-01-06,2024-01,0,0,0,0,1913.81,-100.0,Mid-Range
CAMP0001299,CUST00171,SMS,2024-01-28,2024-01,1,0,0,0,41.37,-100.0,Mid-Range
CAMP0001300,CUST00171,Paid Social,2023-09-05,2023-09,0,0,0,0,2074.76,-100.0,Mid-Range
CAMP0001301,CUST00171,Email,2023-04-01,2023-04,1,0,0,0,34.81,-100.0,Mid-Range
CAMP0001302,CUST00171,Email,2023-10-14,2023-10,0,0,0,0,57.86,-100.0,Mid-Range
CAMP0001303,CUST00172,Email,2023-06-27,2023-06,0,0,0,0,52.11,-100.0,Budget
CAMP0001304,CUST00172,Display Ad,2023-03-08,2023-03,0,0,0,0,629.61,-100.0,Budget
CAMP0001305,CUST00172,Influencer,2023-04-19,2023-04,0,0,0,0,1423.36,-100.0,Budget
CAMP0001306,CUST00172,Influencer,2024-01-16,2024-01,0,0,0,0,724.04,-100.0,Budget
CAMP0001307,CUST00172,Influencer,2024-01-06,2024-01,0,0,0,0,691.54,-100.0,Budget
CAMP0001308,CUST00172,Paid Social,2023-02-15,2023-02,0,0,0,0,1299.97,-100.0,Budget
CAMP0001309,CUST00172,Push Notification,2024-03-12,2024-03,0,0,0,0,9.45,-100.0,Budget
CAMP0001310,CUST00172,Paid Social,2024-02-01,2024-02,0,0,0,0,2135.65,-100.0,Budget
CAMP0001311,CUST00172,Email,2023-05-24,2023-05,0,0,0,0,16.92,-100.0,Budget
CAMP0001312,CUST00172,Influencer,2023-10-08,2023-10,0,0,0,0,1475.65,-100.0,Budget
CAMP0001313,CUST00173,Push Notification,2023-06-12,2023-06,0,0,0,0,17.8,-100.0,Premium
CAMP0001314,CUST00173,Email,2023-06-17,2023-06,1,0,0,0,22.86,-100.0,Premium
CAMP0001315,CUST00173,Influencer,2023-03-23,2023-03,0,0,0,0,1025.72,-100.0,Premium
CAMP0001316,CUST00174,Display Ad,2023-12-16,2023-12,0,0,0,0,344.41,-100.0,Mid-Range
CAMP0001317,CUST00174,Push Notification,2023-02-28,2023-02,0,0,0,0,11.55,-100.0,Mid-Range
CAMP0001318,CUST00174,Display Ad,2023-07-31,2023-07,0,0,0,0,902.15,-100.0,Mid-Range
CAMP0001319,CUST00174,Influencer,2023-03-28,2023-03,0,0,0,0,1558.64,-100.0,Mid-Range
CAMP0001320,CUST00174,Paid Social,2023-12-15,2023-12,0,0,0,0,788.91,-100.0,Mid-Range
CAMP0001321,CUST00174,Email,2023-10-13,2023-10,1,0,0,0,42.99,-100.0,Mid-Range
CAMP0001322,CUST00174,Influencer,2024-02-14,2024-02,0,0,0,0,836.33,-100.0,Mid-Range
CAMP0001323,CUST00175,SMS,2023-11-08,2023-11,0,0,0,0,110.67,-100.0,Mid-Range
CAMP0001324,CUST00175,SMS,2023-11-07,2023-11,1,0,0,0,52.92,-100.0,Mid-Range
CAMP0001325,CUST00175,Email,2023-08-21,2023-08,1,0,0,0,24.37,-100.0,Mid-Range
CAMP0001326,CUST00175,Paid Social,2024-02-02,2024-02,0,0,0,0,2094.09,-100.0,Mid-Range
CAMP0001327,CUST00176,Email,2023-12-30,2023-12,0,0,0,0,55.81,-100.0,Premium
CAMP0001328,CUST00176,Display Ad,2022-09-23,2022-09,0,0,0,0,929.37,-100.0,Premium
CAMP0001329,CUST00176,SMS,2022-07-06,2022-07,0,0,0,0,48.12,-100.0,Premium
CAMP0001330,CUST00176,Paid Social,2022-02-09,2022-02,0,0,0,0,1503.42,-100.0,Premium
CAMP0001331,CUST00176,Influencer,2023-04-04,2023-04,0,0,0,0,870.66,-100.0,Premium
CAMP0001332,CUST00176,Email,2022-11-03,2022-11,0,0,0,0,59.39,-100.0,Premium
CAMP0001333,CUST00176,Influencer,2023-09-27,2023-09,0,0,0,0,1511.21,-100.0,Premium
CAMP0001334,CUST00176,Email,2022-11-02,2022-11,0,0,0,0,26.63,-100.0,Premium
CAMP0001335,CUST00176,Influencer,2023-03-06,2023-03,0,0,0,0,1214.98,-100.0,Premium
CAMP0001336,CUST00176,Paid Social,2023-05-15,2023-05,0,0,0,0,2135.17,-100.0,Premium
CAMP0001337,CUST00176,Email,2022-06-11,2022-06,0,0,0,0,42.26,-100.0,Premium
CAMP0001338,CUST00177,Email,2022-10-08,2022-10,1,0,0,0,35.34,-100.0,Budget
CAMP0001339,CUST00177,Email,2023-09-18,2023-09,0,0,0,0,22.33,-100.0,Budget
CAMP0001340,CUST00177,Display Ad,2023-03-17,2023-03,0,0,0,0,455.83,-100.0,Budget
CAMP0001341,CUST00177,Paid Social,2023-01-08,2023-01,0,0,0,0,1309.48,-100.0,Budget
CAMP0001342,CUST00177,Push Notification,2023-07-06,2023-07,1,1,1,150.84,16.96,789.4,Budget
CAMP0001343,CUST00177,Influencer,2023-02-25,2023-02,0,0,0,0,602.35,-100.0,Budget
CAMP0001344,CUST00177,Paid Social,2022-06-17,2022-06,0,0,0,0,1316.77,-100.0,Budget
CAMP0001345,CUST00177,Influencer,2022-11-12,2022-11,0,0,0,0,444.97,-100.0,Budget
CAMP0001346,CUST00177,Influencer,2023-04-19,2023-04,0,0,0,0,1574.65,-100.0,Budget
CAMP0001347,CUST00177,Email,2022-11-28,2022-11,0,0,0,0,21.59,-100.0,Budget
CAMP0001348,CUST00178,Paid Social,2023-10-28,2023-10,0,0,0,0,1310.23,-100.0,Mid-Range
CAMP0001349,CUST00178,SMS,2023-10-20,2023-10,1,1,0,0,97.98,-100.0,Mid-Range
CAMP0001350,CUST00178,Email,2023-10-19,2023-10,1,0,0,0,21.6,-100.0,Mid-Range
CAMP0001351,CUST00178,SMS,2024-01-04,2024-01,0,0,0,0,60.8,-100.0,Mid-Range
CAMP0001352,CUST00178,Email,2024-01-25,2024-01,0,0,0,0,53.21,-100.0,Mid-Range
CAMP0001353,CUST00178,Email,2023-08-26,2023-08,0,0,0,0,44.97,-100.0,Mid-Range
CAMP0001354,CUST00178,Paid Social,2024-01-01,2024-01,1,0,0,0,2294.37,-100.0,Mid-Range
CAMP0001355,CUST00178,Paid Social,2023-12-26,2023-12,0,0,0,0,747.75,-100.0,Mid-Range
CAMP0001356,CUST00178,Paid Social,2023-12-10,2023-12,0,0,0,0,908.84,-100.0,Mid-Range
CAMP0001357,CUST00179,Paid Social,2023-06-09,2023-06,0,0,0,0,2373.57,-100.0,Premium
CAMP0001358,CUST00179,SMS,2023-07-05,2023-07,0,0,0,0,106.21,-100.0,Premium
CAMP0001359,CUST00179,Paid Social,2023-05-28,2023-05,1,0,0,0,1543.46,-100.0,Premium
CAMP0001360,CUST00179,SMS,2023-01-18,2023-01,0,0,0,0,89.48,-100.0,Premium
CAMP0001361,CUST00180,Email,2024-02-29,2024-02,1,0,0,0,51.06,-100.0,Budget
CAMP0001362,CUST00180,Paid Social,2022-12-07,2022-12,0,0,0,0,2534.71,-100.0,Budget
CAMP0001363,CUST00180,Influencer,2022-11-16,2022-11,0,0,0,0,1016.95,-100.0,Budget
CAMP0001364,CUST00181,Influencer,2023-01-24,2023-01,0,0,0,0,634.25,-100.0,Budget
CAMP0001365,CUST00181,Paid Social,2023-10-13,2023-10,0,0,0,0,2293.76,-100.0,Budget
CAMP0001366,CUST00181,Paid Social,2023-09-30,2023-09,0,0,0,0,1260.07,-100.0,Budget
CAMP0001367,CUST00181,Push Notification,2023-08-08,2023-08,1,1,0,0,13.68,-100.0,Budget
CAMP0001368,CUST00181,Paid Social,2023-02-13,2023-02,0,0,0,0,938.17,-100.0,Budget
CAMP0001369,CUST00181,SMS,2023-03-15,2023-03,0,0,0,0,91.0,-100.0,Budget
CAMP0001370,CUST00181,SMS,2023-07-15,2023-07,0,0,0,0,103.57,-100.0,Budget
CAMP0001371,CUST00181,Email,2023-05-25,2023-05,0,0,0,0,37.26,-100.0,Budget
CAMP0001372,CUST00182,SMS,2024-01-11,2024-01,0,0,0,0,107.19,-100.0,Premium
CAMP0001373,CUST00182,Email,2023-08-11,2023-08,0,0,0,0,51.01,-100.0,Premium
CAMP0001374,CUST00182,Push Notification,2023-09-28,2023-09,1,1,0,0,24.8,-100.0,Premium
CAMP0001375,CUST00182,Email,2024-02-02,2024-02,0,0,0,0,58.53,-100.0,Premium
CAMP0001376,CUST00182,Paid Social,2023-09-15,2023-09,0,0,0,0,792.14,-100.0,Premium
CAMP0001377,CUST00182,Display Ad,2023-09-07,2023-09,0,0,0,0,643.74,-100.0,Premium
CAMP0001378,CUST00182,Influencer,2023-10-24,2023-10,0,0,0,0,954.74,-100.0,Premium
CAMP0001379,CUST00182,Email,2023-12-14,2023-12,0,0,0,0,25.14,-100.0,Premium
CAMP0001380,CUST00182,Influencer,2023-08-31,2023-08,1,1,0,0,953.07,-100.0,Premium
CAMP0001381,CUST00183,Paid Social,2023-04-02,2023-04,0,0,0,0,1289.44,-100.0,Mid-Range
CAMP0001382,CUST00183,SMS,2022-10-26,2022-10,0,0,0,0,87.61,-100.0,Mid-Range
CAMP0001383,CUST00183,Display Ad,2023-10-05,2023-10,0,0,0,0,626.46,-100.0,Mid-Range
CAMP0001384,CUST00183,Influencer,2023-05-01,2023-05,0,0,0,0,1102.39,-100.0,Mid-Range
CAMP0001385,CUST00183,Influencer,2022-06-18,2022-06,0,0,0,0,1312.93,-100.0,Mid-Range
CAMP0001386,CUST00183,Influencer,2022-07-25,2022-07,0,0,0,0,1556.91,-100.0,Mid-Range
CAMP0001387,CUST00183,Push Notification,2022-11-26,2022-11,0,0,0,0,29.98,-100.0,Mid-Range
CAMP0001388,CUST00183,Email,2022-06-13,2022-06,0,0,0,0,41.02,-100.0,Mid-Range
CAMP0001389,CUST00183,Push Notification,2023-12-06,2023-12,1,0,0,0,16.54,-100.0,Mid-Range
CAMP0001390,CUST00183,Email,2023-03-24,2023-03,0,0,0,0,41.72,-100.0,Mid-Range
CAMP0001391,CUST00183,SMS,2023-11-15,2023-11,0,0,0,0,66.46,-100.0,Mid-Range
CAMP0001392,CUST00183,Push Notification,2023-02-09,2023-02,0,0,0,0,28.38,-100.0,Mid-Range
CAMP0001393,CUST00184,Paid Social,2023-06-06,2023-06,1,0,0,0,1564.34,-100.0,Mid-Range
CAMP0001394,CUST00184,Influencer,2024-03-28,2024-03,0,0,0,0,967.57,-100.0,Mid-Range
CAMP0001395,CUST00184,Influencer,2023-08-01,2023-08,0,0,0,0,1447.08,-100.0,Mid-Range
CAMP0001396,CUST00184,Push Notification,2023-03-04,2023-03,1,0,0,0,12.53,-100.0,Mid-Range
CAMP0001397,CUST00184,Email,2023-04-30,2023-04,1,1,1,112.01,29.18,283.9,Mid-Range
CAMP0001398,CUST00185,Paid Social,2023-07-15,2023-07,0,0,0,0,1150.66,-100.0,Premium
CAMP0001399,CUST00185,Email,2023-11-08,2023-11,1,0,0,0,43.21,-100.0,Premium
CAMP0001400,CUST00185,Paid Social,2024-03-23,2024-03,1,1,1,92.93,965.02,-90.4,Premium
CAMP0001401,CUST00185,Push Notification,2023-01-08,2023-01,0,0,0,0,15.01,-100.0,Premium
CAMP0001402,CUST00185,Paid Social,2023-01-31,2023-01,0,0,0,0,1359.36,-100.0,Premium
CAMP0001403,CUST00185,Paid Social,2023-06-12,2023-06,0,0,0,0,1958.93,-100.0,Premium
CAMP0001404,CUST00185,Push Notification,2023-03-08,2023-03,0,0,0,0,29.05,-100.0,Premium
CAMP0001405,CUST00185,Influencer,2023-07-28,2023-07,0,0,0,0,1640.55,-100.0,Premium
CAMP0001406,CUST00185,Display Ad,2023-04-28,2023-04,0,0,0,0,577.43,-100.0,Premium
CAMP0001407,CUST00185,Email,2023-03-01,2023-03,0,0,0,0,58.87,-100.0,Premium
CAMP0001408,CUST00185,Email,2023-05-20,2023-05,1,1,0,0,43.82,-100.0,Premium
CAMP0001409,CUST00186,Paid Social,2024-03-15,2024-03,0,0,0,0,1745.89,-100.0,Mid-Range
CAMP0001410,CUST00186,Influencer,2023-02-21,2023-02,0,0,0,0,1567.68,-100.0,Mid-Range
CAMP0001411,CUST00186,Influencer,2022-05-18,2022-05,1,0,0,0,545.51,-100.0,Mid-Range
CAMP0001412,CUST00186,Display Ad,2022-04-04,2022-04,0,0,0,0,507.81,-100.0,Mid-Range
CAMP0001413,CUST00186,Paid Social,2023-05-28,2023-05,0,0,0,0,916.14,-100.0,Mid-Range
CAMP0001414,CUST00186,Email,2023-05-21,2023-05,0,0,0,0,31.39,-100.0,Mid-Range
CAMP0001415,CUST00187,Email,2022-07-13,2022-07,1,0,0,0,27.56,-100.0,Budget
CAMP0001416,CUST00187,Email,2022-11-12,2022-11,1,1,0,0,41.79,-100.0,Budget
CAMP0001417,CUST00187,Influencer,2023-03-13,2023-03,0,0,0,0,991.52,-100.0,Budget
CAMP0001418,CUST00187,Email,2022-08-01,2022-08,1,1,1,99.17,18.53,435.2,Budget
CAMP0001419,CUST00187,Influencer,2022-05-22,2022-05,0,0,0,0,1460.66,-100.0,Budget
CAMP0001420,CUST00187,Display Ad,2023-04-20,2023-04,0,0,0,0,638.15,-100.0,Budget
CAMP0001421,CUST00187,Push Notification,2023-05-09,2023-05,0,0,0,0,8.52,-100.0,Budget
CAMP0001422,CUST00187,Email,2023-02-12,2023-02,0,0,0,0,39.3,-100.0,Budget
CAMP0001423,CUST00187,Email,2022-06-02,2022-06,0,0,0,0,17.96,-100.0,Budget
CAMP0001424,CUST00187,Email,2023-06-12,2023-06,0,0,0,0,18.69,-100.0,Budget
CAMP0001425,CUST00187,Paid Social,2023-09-18,2023-09,0,0,0,0,1173.86,-100.0,Budget
CAMP0001426,CUST00188,Email,2023-03-29,2023-03,0,0,0,0,58.97,-100.0,Budget
CAMP0001427,CUST00188,Email,2022-08-04,2022-08,1,0,0,0,35.73,-100.0,Budget
CAMP0001428,CUST00188,Email,2022-12-18,2022-12,0,0,0,0,24.76,-100.0,Budget
CAMP0001429,CUST00188,Email,2024-01-11,2024-01,0,0,0,0,43.14,-100.0,Budget
CAMP0001430,CUST00188,Influencer,2022-12-25,2022-12,1,0,0,0,1172.09,-100.0,Budget
CAMP0001431,CUST00189,Email,2022-09-11,2022-09,0,0,0,0,28.65,-100.0,Mid-Range
CAMP0001432,CUST00189,Display Ad,2024-01-04,2024-01,0,0,0,0,338.36,-100.0,Mid-Range
CAMP0001433,CUST00189,Push Notification,2022-08-20,2022-08,0,0,0,0,19.09,-100.0,Mid-Range
CAMP0001434,CUST00189,Paid Social,2023-07-02,2023-07,1,0,0,0,1371.2,-100.0,Mid-Range
CAMP0001435,CUST00189,Influencer,2023-02-18,2023-02,0,0,0,0,828.74,-100.0,Mid-Range
CAMP0001436,CUST00189,Paid Social,2022-11-19,2022-11,0,0,0,0,1724.92,-100.0,Mid-Range
CAMP0001437,CUST00189,Paid Social,2023-03-28,2023-03,0,0,0,0,2337.7,-100.0,Mid-Range
CAMP0001438,CUST00189,Influencer,2023-07-17,2023-07,0,0,0,0,700.52,-100.0,Mid-Range
CAMP0001439,CUST00189,Paid Social,2022-12-16,2022-12,0,0,0,0,1295.03,-100.0,Mid-Range
CAMP0001440,CUST00190,Push Notification,2024-03-06,2024-03,0,0,0,0,8.13,-100.0,Budget
CAMP0001441,CUST00190,Email,2023-08-05,2023-08,0,0,0,0,25.84,-100.0,Budget
CAMP0001442,CUST00190,Paid Social,2024-01-03,2024-01,0,0,0,0,1812.59,-100.0,Budget
CAMP0001443,CUST00190,Email,2024-03-04,2024-03,1,0,0,0,33.16,-100.0,Budget
CAMP0001444,CUST00190,Push Notification,2023-10-10,2023-10,1,0,0,0,20.8,-100.0,Budget
CAMP0001445,CUST00190,Paid Social,2023-02-17,2023-02,0,0,0,0,933.89,-100.0,Budget
CAMP0001446,CUST00190,Paid Social,2023-07-20,2023-07,0,0,0,0,808.5,-100.0,Budget
CAMP0001447,CUST00190,Influencer,2024-03-24,2024-03,0,0,0,0,912.39,-100.0,Budget
CAMP0001448,CUST00190,Email,2023-01-04,2023-01,0,0,0,0,45.43,-100.0,Budget
CAMP0001449,CUST00190,Influencer,2023-07-22,2023-07,1,0,0,0,849.68,-100.0,Budget
CAMP0001450,CUST00191,SMS,2023-02-22,2023-02,0,0,0,0,34.28,-100.0,Premium
CAMP0001451,CUST00191,Display Ad,2023-06-15,2023-06,1,0,0,0,544.75,-100.0,Premium
CAMP0001452,CUST00191,Influencer,2024-03-17,2024-03,0,0,0,0,1029.43,-100.0,Premium
CAMP0001453,CUST00191,Influencer,2023-04-17,2023-04,0,0,0,0,1084.35,-100.0,Premium
CAMP0001454,CUST00191,Paid Social,2023-07-30,2023-07,0,0,0,0,2007.76,-100.0,Premium
CAMP0001455,CUST00191,Influencer,2023-04-15,2023-04,1,0,0,0,1086.67,-100.0,Premium
CAMP0001456,CUST00192,SMS,2024-02-07,2024-02,1,0,0,0,110.32,-100.0,Mid-Range
CAMP0001457,CUST00192,Influencer,2024-02-02,2024-02,1,0,0,0,1470.75,-100.0,Mid-Range
CAMP0001458,CUST00192,Paid Social,2023-11-30,2023-11,0,0,0,0,2438.91,-100.0,Mid-Range
CAMP0001459,CUST00192,Email,2023-10-13,2023-10,0,0,0,0,52.93,-100.0,Mid-Range
CAMP0001460,CUST00192,Paid Social,2024-01-04,2024-01,0,0,0,0,2470.82,-100.0,Mid-Range
CAMP0001461,CUST00192,Display Ad,2023-10-02,2023-10,0,0,0,0,763.57,-100.0,Mid-Range
CAMP0001462,CUST00192,Influencer,2023-11-02,2023-11,1,1,0,0,1453.96,-100.0,Mid-Range
CAMP0001463,CUST00192,Influencer,2024-01-03,2024-01,0,0,0,0,446.41,-100.0,Mid-Range
CAMP0001464,CUST00192,Influencer,2023-11-14,2023-11,0,0,0,0,1137.18,-100.0,Mid-Range
CAMP0001465,CUST00192,Email,2023-10-06,2023-10,1,1,0,0,40.7,-100.0,Mid-Range
CAMP0001466,CUST00193,Paid Social,2022-10-18,2022-10,0,0,0,0,855.57,-100.0,Budget
CAMP0001467,CUST00193,Email,2023-05-01,2023-05,0,0,0,0,31.12,-100.0,Budget
CAMP0001468,CUST00193,SMS,2023-12-18,2023-12,0,0,0,0,73.28,-100.0,Budget
CAMP0001469,CUST00193,Email,2023-06-19,2023-06,0,0,0,0,24.92,-100.0,Budget
CAMP0001470,CUST00193,Display Ad,2023-10-23,2023-10,0,0,0,0,440.84,-100.0,Budget
CAMP0001471,CUST00193,SMS,2023-12-31,2023-12,0,0,0,0,100.45,-100.0,Budget
CAMP0001472,CUST00193,Influencer,2022-07-16,2022-07,0,0,0,0,500.81,-100.0,Budget
CAMP0001473,CUST00193,Paid Social,2024-01-06,2024-01,0,0,0,0,883.24,-100.0,Budget
CAMP0001474,CUST00193,Display Ad,2022-08-19,2022-08,0,0,0,0,630.39,-100.0,Budget
CAMP0001475,CUST00193,Paid Social,2024-03-12,2024-03,0,0,0,0,1796.25,-100.0,Budget
CAMP0001476,CUST00193,Email,2023-12-22,2023-12,0,0,0,0,54.33,-100.0,Budget
CAMP0001477,CUST00193,Push Notification,2024-01-23,2024-01,0,0,0,0,25.11,-100.0,Budget
CAMP0001478,CUST00194,Paid Social,2023-04-07,2023-04,0,0,0,0,831.63,-100.0,Mid-Range
CAMP0001479,CUST00194,Push Notification,2023-09-29,2023-09,1,0,0,0,10.82,-100.0,Mid-Range
CAMP0001480,CUST00194,Email,2023-01-26,2023-01,1,0,0,0,25.81,-100.0,Mid-Range
CAMP0001481,CUST00194,Email,2023-02-15,2023-02,1,0,0,0,24.26,-100.0,Mid-Range
CAMP0001482,CUST00194,Email,2023-11-12,2023-11,1,0,0,0,51.31,-100.0,Mid-Range
CAMP0001483,CUST00194,Paid Social,2024-02-06,2024-02,0,0,0,0,706.44,-100.0,Mid-Range
CAMP0001484,CUST00194,Paid Social,2022-11-10,2022-11,0,0,0,0,1003.73,-100.0,Mid-Range
CAMP0001485,CUST00194,Display Ad,2023-02-11,2023-02,0,0,0,0,632.79,-100.0,Mid-Range
CAMP0001486,CUST00194,Email,2022-08-28,2022-08,1,0,0,0,35.82,-100.0,Mid-Range
CAMP0001487,CUST00194,Influencer,2023-08-04,2023-08,0,0,0,0,1163.02,-100.0,Mid-Range
CAMP0001488,CUST00194,SMS,2022-12-21,2022-12,0,0,0,0,96.77,-100.0,Mid-Range
CAMP0001489,CUST00195,Email,2022-07-22,2022-07,1,0,0,0,54.19,-100.0,Budget
CAMP0001490,CUST00195,Paid Social,2023-07-04,2023-07,0,0,0,0,1893.47,-100.0,Budget
CAMP0001491,CUST00195,Email,2024-01-26,2024-01,0,0,0,0,54.79,-100.0,Budget
CAMP0001492,CUST00195,Paid Social,2023-04-27,2023-04,0,0,0,0,2341.7,-100.0,Budget
CAMP0001493,CUST00196,Paid Social,2024-01-21,2024-01,0,0,0,0,2517.08,-100.0,Budget
CAMP0001494,CUST00196,SMS,2023-02-20,2023-02,0,0,0,0,37.89,-100.0,Budget
CAMP0001495,CUST00196,Email,2023-11-01,2023-11,1,0,0,0,39.58,-100.0,Budget
CAMP0001496,CUST00196,Push Notification,2023-10-22,2023-10,0,0,0,0,20.75,-100.0,Budget
CAMP0001497,CUST00196,Email,2023-12-11,2023-12,0,0,0,0,20.31,-100.0,Budget
CAMP0001498,CUST00196,Influencer,2023-07-17,2023-07,1,1,0,0,717.77,-100.0,Budget
CAMP0001499,CUST00197,Email,2023-11-06,2023-11,0,0,0,0,21.46,-100.0,Mid-Range
CAMP0001500,CUST00197,Push Notification,2023-12-22,2023-12,0,0,0,0,28.84,-100.0,Mid-Range
CAMP0001501,CUST00197,Email,2023-10-10,2023-10,0,0,0,0,43.42,-100.0,Mid-Range
CAMP0001502,CUST00197,Email,2023-11-12,2023-11,0,0,0,0,34.96,-100.0,Mid-Range
CAMP0001503,CUST00197,Email,2023-09-30,2023-09,0,0,0,0,27.02,-100.0,Mid-Range
CAMP0001504,CUST00197,Paid Social,2024-03-17,2024-03,0,0,0,0,1543.33,-100.0,Mid-Range
CAMP0001505,CUST00198,Email,2022-07-01,2022-07,0,0,0,0,23.3,-100.0,Budget
CAMP0001506,CUST00198,Email,2023-05-27,2023-05,0,0,0,0,48.45,-100.0,Budget
CAMP0001507,CUST00198,Email,2023-12-19,2023-12,1,0,0,0,52.17,-100.0,Budget
CAMP0001508,CUST00199,Push Notification,2023-10-16,2023-10,0,0,0,0,13.72,-100.0,Budget
CAMP0001509,CUST00199,SMS,2023-12-20,2023-12,0,0,0,0,88.36,-100.0,Budget
CAMP0001510,CUST00199,Display Ad,2024-01-25,2024-01,0,0,0,0,582.88,-100.0,Budget
CAMP0001511,CUST00199,Paid Social,2024-03-16,2024-03,0,0,0,0,2312.6,-100.0,Budget
CAMP0001512,CUST00199,Display Ad,2023-10-23,2023-10,0,0,0,0,679.37,-100.0,Budget
CAMP0001513,CUST00199,Paid Social,2023-09-04,2023-09,0,0,0,0,2453.88,-100.0,Budget
CAMP0001514,CUST00200,Email,2023-02-09,2023-02,0,0,0,0,29.59,-100.0,Budget
CAMP0001515,CUST00200,Email,2023-03-20,2023-03,1,0,0,0,44.64,-100.0,Budget
CAMP0001516,CUST00200,SMS,2023-07-03,2023-07,1,0,0,0,50.64,-100.0,Budget
CAMP0001517,CUST00200,Email,2023-09-01,2023-09,0,0,0,0,38.53,-100.0,Budget
CAMP0001518,CUST00200,Display Ad,2024-03-26,2024-03,0,0,0,0,865.33,-100.0,Budget
CAMP0001519,CUST00200,SMS,2023-05-31,2023-05,0,0,0,0,33.94,-100.0,Budget
CAMP0001520,CUST00200,Email,2023-02-21,2023-02,0,0,0,0,34.72,-100.0,Budget
CAMP0001521,CUST00200,Email,2024-01-13,2024-01,0,0,0,0,18.34,-100.0,Budget
CAMP0001522,CUST00200,Email,2023-01-05,2023-01,0,0,0,0,45.91,-100.0,Budget
CAMP0001523,CUST00200,Email,2023-01-10,2023-01,0,0,0,0,17.23,-100.0,Budget
CAMP0001524,CUST00200,Email,2023-03-15,2023-03,0,0,0,0,59.94,-100.0,Budget
CAMP0001525,CUST00200,Push Notification,2023-05-11,2023-05,0,0,0,0,19.24,-100.0,Budget
CAMP0001526,CUST00201,SMS,2023-05-12,2023-05,0,0,0,0,54.34,-100.0,Mid-Range
CAMP0001527,CUST00201,Paid Social,2023-10-31,2023-10,0,0,0,0,1724.74,-100.0,Mid-Range
CAMP0001528,CUST00201,Paid Social,2024-02-04,2024-02,0,0,0,0,985.79,-100.0,Mid-Range
CAMP0001529,CUST00202,Paid Social,2023-03-02,2023-03,1,0,0,0,1282.41,-100.0,Mid-Range
CAMP0001530,CUST00202,Paid Social,2023-10-13,2023-10,0,0,0,0,2370.71,-100.0,Mid-Range
CAMP0001531,CUST00202,Push Notification,2023-03-02,2023-03,0,0,0,0,10.0,-100.0,Mid-Range
CAMP0001532,CUST00202,SMS,2024-02-25,2024-02,0,0,0,0,39.26,-100.0,Mid-Range
CAMP0001533,CUST00202,Push Notification,2023-04-14,2023-04,0,0,0,0,26.32,-100.0,Mid-Range
CAMP0001534,CUST00203,Email,2022-09-06,2022-09,0,0,0,0,25.55,-100.0,Mid-Range
CAMP0001535,CUST00203,Email,2023-07-16,2023-07,0,0,0,0,41.55,-100.0,Mid-Range
CAMP0001536,CUST00203,Paid Social,2024-02-12,2024-02,0,0,0,0,1446.87,-100.0,Mid-Range
CAMP0001537,CUST00203,Email,2023-06-16,2023-06,0,0,0,0,36.18,-100.0,Mid-Range
CAMP0001538,CUST00204,Influencer,2024-02-12,2024-02,0,0,0,0,551.55,-100.0,Budget
CAMP0001539,CUST00204,Paid Social,2024-01-25,2024-01,0,0,0,0,1583.14,-100.0,Budget
CAMP0001540,CUST00204,Paid Social,2023-08-12,2023-08,0,0,0,0,2237.86,-100.0,Budget
CAMP0001541,CUST00204,Push Notification,2024-03-05,2024-03,0,0,0,0,9.02,-100.0,Budget
CAMP0001542,CUST00204,Influencer,2023-11-07,2023-11,0,0,0,0,1067.24,-100.0,Budget
CAMP0001543,CUST00204,Email,2023-05-02,2023-05,1,1,0,0,26.76,-100.0,Budget
CAMP0001544,CUST00204,Email,2024-02-24,2024-02,0,0,0,0,53.5,-100.0,Budget
CAMP0001545,CUST00204,Influencer,2023-12-17,2023-12,0,0,0,0,1166.67,-100.0,Budget
CAMP0001546,CUST00204,Influencer,2023-11-22,2023-11,0,0,0,0,1603.58,-100.0,Budget
CAMP0001547,CUST00205,Email,2024-03-27,2024-03,0,0,0,0,52.0,-100.0,Mid-Range
CAMP0001548,CUST00205,Paid Social,2023-09-07,2023-09,0,0,0,0,2110.8,-100.0,Mid-Range
CAMP0001549,CUST00205,Paid Social,2023-07-12,2023-07,0,0,0,0,1300.54,-100.0,Mid-Range
CAMP0001550,CUST00205,Display Ad,2023-03-14,2023-03,0,0,0,0,464.32,-100.0,Mid-Range
CAMP0001551,CUST00205,Email,2023-06-26,2023-06,0,0,0,0,19.89,-100.0,Mid-Range
CAMP0001552,CUST00205,Email,2023-08-22,2023-08,0,0,0,0,23.06,-100.0,Mid-Range
CAMP0001553,CUST00205,Email,2023-03-08,2023-03,1,1,1,107.14,39.24,173.0,Mid-Range
CAMP0001554,CUST00205,Email,2023-07-02,2023-07,0,0,0,0,47.36,-100.0,Mid-Range
CAMP0001555,CUST00205,Display Ad,2024-02-07,2024-02,0,0,0,0,515.15,-100.0,Mid-Range
CAMP0001556,CUST00206,Paid Social,2024-02-19,2024-02,1,0,0,0,682.83,-100.0,Premium
CAMP0001557,CUST00206,Email,2023-11-16,2023-11,0,0,0,0,40.34,-100.0,Premium
CAMP0001558,CUST00206,Push Notification,2023-11-12,2023-11,0,0,0,0,19.02,-100.0,Premium
CAMP0001559,CUST00206,Display Ad,2023-08-11,2023-08,0,0,0,0,991.09,-100.0,Premium
CAMP0001560,CUST00206,Influencer,2024-03-27,2024-03,0,0,0,0,1252.15,-100.0,Premium
CAMP0001561,CUST00206,Display Ad,2023-11-24,2023-11,1,0,0,0,925.66,-100.0,Premium
CAMP0001562,CUST00206,Paid Social,2024-02-26,2024-02,1,0,0,0,1238.24,-100.0,Premium
CAMP0001563,CUST00206,Push Notification,2024-03-12,2024-03,0,0,0,0,27.47,-100.0,Premium
CAMP0001564,CUST00206,Influencer,2023-08-16,2023-08,1,0,0,0,597.23,-100.0,Premium
CAMP0001565,CUST00206,Influencer,2023-07-26,2023-07,1,0,0,0,1475.27,-100.0,Premium
CAMP0001566,CUST00206,Paid Social,2023-12-13,2023-12,0,0,0,0,1464.72,-100.0,Premium
CAMP0001567,CUST00206,Paid Social,2023-11-18,2023-11,0,0,0,0,1822.53,-100.0,Premium
CAMP0001568,CUST00207,Paid Social,2023-10-27,2023-10,0,0,0,0,1290.38,-100.0,Premium
CAMP0001569,CUST00207,Influencer,2024-01-21,2024-01,0,0,0,0,1213.93,-100.0,Premium
CAMP0001570,CUST00207,Email,2023-12-25,2023-12,0,0,0,0,17.35,-100.0,Premium
CAMP0001571,CUST00208,Display Ad,2024-01-10,2024-01,0,0,0,0,960.57,-100.0,Luxury
CAMP0001572,CUST00208,Push Notification,2023-12-24,2023-12,0,0,0,0,10.36,-100.0,Luxury
CAMP0001573,CUST00208,Display Ad,2023-02-16,2023-02,0,0,0,0,1004.87,-100.0,Luxury
CAMP0001574,CUST00209,Influencer,2023-09-18,2023-09,0,0,0,0,1530.06,-100.0,Mid-Range
CAMP0001575,CUST00209,Paid Social,2023-12-07,2023-12,1,1,0,0,1894.63,-100.0,Mid-Range
CAMP0001576,CUST00209,Influencer,2023-10-04,2023-10,0,0,0,0,1555.16,-100.0,Mid-Range
CAMP0001577,CUST00209,Influencer,2023-12-09,2023-12,0,0,0,0,1381.8,-100.0,Mid-Range
CAMP0001578,CUST00209,Push Notification,2023-12-23,2023-12,0,0,0,0,28.78,-100.0,Mid-Range
CAMP0001579,CUST00209,SMS,2023-04-07,2023-04,1,1,0,0,34.3,-100.0,Mid-Range
CAMP0001580,CUST00210,Display Ad,2023-01-17,2023-01,0,0,0,0,727.49,-100.0,Budget
CAMP0001581,CUST00210,SMS,2022-10-07,2022-10,0,0,0,0,49.06,-100.0,Budget
CAMP0001582,CUST00210,Email,2023-04-05,2023-04,0,0,0,0,39.21,-100.0,Budget
CAMP0001583,CUST00210,Paid Social,2024-03-21,2024-03,0,0,0,0,1217.8,-100.0,Budget
CAMP0001584,CUST00210,Push Notification,2024-01-30,2024-01,0,0,0,0,16.02,-100.0,Budget
CAMP0001585,CUST00210,Influencer,2023-04-07,2023-04,1,1,0,0,706.63,-100.0,Budget
CAMP0001586,CUST00210,Email,2023-09-09,2023-09,0,0,0,0,59.51,-100.0,Budget
CAMP0001587,CUST00210,Push Notification,2023-07-11,2023-07,0,0,0,0,26.71,-100.0,Budget
CAMP0001588,CUST00210,Influencer,2023-03-30,2023-03,1,0,0,0,1583.2,-100.0,Budget
CAMP0001589,CUST00211,Email,2024-02-17,2024-02,0,0,0,0,30.86,-100.0,Premium
CAMP0001590,CUST00211,Email,2023-09-19,2023-09,0,0,0,0,20.17,-100.0,Premium
CAMP0001591,CUST00211,Email,2023-09-06,2023-09,0,0,0,0,19.47,-100.0,Premium
CAMP0001592,CUST00211,Email,2023-11-03,2023-11,1,0,0,0,33.17,-100.0,Premium
CAMP0001593,CUST00212,Email,2023-04-26,2023-04,0,0,0,0,36.92,-100.0,Budget
CAMP0001594,CUST00212,Display Ad,2023-06-18,2023-06,0,0,0,0,804.44,-100.0,Budget
CAMP0001595,CUST00212,Push Notification,2024-01-13,2024-01,0,0,0,0,20.56,-100.0,Budget
CAMP0001596,CUST00213,Paid Social,2023-04-16,2023-04,1,0,0,0,1309.3,-100.0,Budget
CAMP0001597,CUST00213,Email,2024-03-23,2024-03,0,0,0,0,21.39,-100.0,Budget
CAMP0001598,CUST00213,Influencer,2024-03-23,2024-03,0,0,0,0,1043.08,-100.0,Budget
CAMP0001599,CUST00213,Email,2023-11-08,2023-11,0,0,0,0,54.3,-100.0,Budget
CAMP0001600,CUST00213,Push Notification,2023-08-08,2023-08,1,1,1,162.32,21.85,642.9,Budget
CAMP0001601,CUST00213,Email,2023-03-17,2023-03,0,0,0,0,35.61,-100.0,Budget
CAMP0001602,CUST00213,Influencer,2023-10-31,2023-10,0,0,0,0,579.15,-100.0,Budget
CAMP0001603,CUST00213,Paid Social,2023-05-12,2023-05,0,0,0,0,2395.71,-100.0,Budget
CAMP0001604,CUST00213,Influencer,2023-11-04,2023-11,0,0,0,0,1072.02,-100.0,Budget
CAMP0001605,CUST00214,SMS,2024-01-10,2024-01,0,0,0,0,114.34,-100.0,Budget
CAMP0001606,CUST00214,Paid Social,2023-11-08,2023-11,0,0,0,0,1459.3,-100.0,Budget
CAMP0001607,CUST00214,Email,2023-04-26,2023-04,0,0,0,0,43.38,-100.0,Budget
CAMP0001608,CUST00214,Influencer,2023-12-16,2023-12,0,0,0,0,725.11,-100.0,Budget
CAMP0001609,CUST00215,Paid Social,2023-08-25,2023-08,1,0,0,0,1542.94,-100.0,Budget
CAMP0001610,CUST00215,Display Ad,2023-08-23,2023-08,0,0,0,0,576.28,-100.0,Budget
CAMP0001611,CUST00215,Paid Social,2023-11-01,2023-11,0,0,0,0,1310.18,-100.0,Budget
CAMP0001612,CUST00216,Paid Social,2023-03-18,2023-03,0,0,0,0,1456.06,-100.0,Mid-Range
CAMP0001613,CUST00216,Email,2022-06-16,2022-06,1,0,0,0,56.47,-100.0,Mid-Range
CAMP0001614,CUST00216,Display Ad,2022-08-18,2022-08,0,0,0,0,782.97,-100.0,Mid-Range
CAMP0001615,CUST00216,Push Notification,2023-12-31,2023-12,0,0,0,0,8.9,-100.0,Mid-Range
CAMP0001616,CUST00216,Email,2022-06-05,2022-06,1,0,0,0,41.14,-100.0,Mid-Range
CAMP0001617,CUST00216,Email,2022-02-20,2022-02,0,0,0,0,25.73,-100.0,Mid-Range
CAMP0001618,CUST00216,Email,2022-12-21,2022-12,0,0,0,0,56.94,-100.0,Mid-Range
CAMP0001619,CUST00216,Email,2022-03-04,2022-03,0,0,0,0,50.61,-100.0,Mid-Range
CAMP0001620,CUST00216,Push Notification,2023-07-28,2023-07,0,0,0,0,28.14,-100.0,Mid-Range
CAMP0001621,CUST00216,Email,2024-03-08,2024-03,0,0,0,0,33.43,-100.0,Mid-Range
CAMP0001622,CUST00217,Push Notification,2023-01-17,2023-01,0,0,0,0,22.56,-100.0,Mid-Range
CAMP0001623,CUST00217,Paid Social,2023-11-24,2023-11,0,0,0,0,2312.75,-100.0,Mid-Range
CAMP0001624,CUST00217,SMS,2024-02-12,2024-02,0,0,0,0,92.89,-100.0,Mid-Range
CAMP0001625,CUST00217,Email,2023-02-11,2023-02,0,0,0,0,42.83,-100.0,Mid-Range
CAMP0001626,CUST00218,Email,2023-11-10,2023-11,1,0,0,0,37.12,-100.0,Mid-Range
CAMP0001627,CUST00218,Email,2023-06-01,2023-06,0,0,0,0,26.54,-100.0,Mid-Range
CAMP0001628,CUST00218,Email,2022-12-29,2022-12,1,0,0,0,24.38,-100.0,Mid-Range
CAMP0001629,CUST00219,Paid Social,2023-07-28,2023-07,0,0,0,0,1779.73,-100.0,Budget
CAMP0001630,CUST00219,Display Ad,2022-04-17,2022-04,0,0,0,0,627.7,-100.0,Budget
CAMP0001631,CUST00219,Paid Social,2023-04-25,2023-04,0,0,0,0,2139.17,-100.0,Budget
CAMP0001632,CUST00219,Email,2024-01-09,2024-01,0,0,0,0,26.94,-100.0,Budget
CAMP0001633,CUST00219,Email,2023-04-01,2023-04,0,0,0,0,24.28,-100.0,Budget
CAMP0001634,CUST00219,Influencer,2023-01-02,2023-01,0,0,0,0,693.41,-100.0,Budget
CAMP0001635,CUST00220,Email,2023-09-29,2023-09,0,0,0,0,46.7,-100.0,Mid-Range
CAMP0001636,CUST00220,SMS,2023-09-20,2023-09,0,0,0,0,71.32,-100.0,Mid-Range
CAMP0001637,CUST00220,Paid Social,2023-10-02,2023-10,0,0,0,0,2392.13,-100.0,Mid-Range
CAMP0001638,CUST00220,SMS,2023-12-19,2023-12,1,0,0,0,82.73,-100.0,Mid-Range
CAMP0001639,CUST00221,Paid Social,2024-03-26,2024-03,0,0,0,0,1668.7,-100.0,Mid-Range
CAMP0001640,CUST00221,SMS,2024-03-20,2024-03,0,0,0,0,36.51,-100.0,Mid-Range
CAMP0001641,CUST00221,Display Ad,2023-11-12,2023-11,1,0,0,0,684.58,-100.0,Mid-Range
CAMP0001642,CUST00221,Paid Social,2023-05-05,2023-05,1,0,0,0,2157.33,-100.0,Mid-Range
CAMP0001643,CUST00221,Influencer,2023-03-07,2023-03,0,0,0,0,1355.76,-100.0,Mid-Range
CAMP0001644,CUST00221,Influencer,2023-01-01,2023-01,1,0,0,0,967.86,-100.0,Mid-Range
CAMP0001645,CUST00221,Paid Social,2023-08-03,2023-08,0,0,0,0,2348.63,-100.0,Mid-Range
CAMP0001646,CUST00221,Email,2023-04-01,2023-04,0,0,0,0,25.39,-100.0,Mid-Range
CAMP0001647,CUST00221,Influencer,2023-11-15,2023-11,1,1,1,116.9,1527.7,-92.3,Mid-Range
CAMP0001648,CUST00221,Paid Social,2022-11-14,2022-11,0,0,0,0,1991.59,-100.0,Mid-Range
CAMP0001649,CUST00222,Paid Social,2024-01-01,2024-01,0,0,0,0,1840.11,-100.0,Mid-Range
CAMP0001650,CUST00222,Paid Social,2023-05-29,2023-05,0,0,0,0,1143.55,-100.0,Mid-Range
CAMP0001651,CUST00222,Influencer,2023-06-09,2023-06,0,0,0,0,445.3,-100.0,Mid-Range
CAMP0001652,CUST00222,Email,2024-01-06,2024-01,0,0,0,0,51.79,-100.0,Mid-Range
CAMP0001653,CUST00222,SMS,2023-10-18,2023-10,0,0,0,0,67.45,-100.0,Mid-Range
CAMP0001654,CUST00222,Email,2023-03-01,2023-03,1,1,1,125.61,27.28,360.4,Mid-Range
CAMP0001655,CUST00222,Paid Social,2023-04-23,2023-04,0,0,0,0,1371.68,-100.0,Mid-Range
CAMP0001656,CUST00222,Display Ad,2023-02-21,2023-02,0,0,0,0,698.93,-100.0,Mid-Range
CAMP0001657,CUST00222,Email,2023-12-08,2023-12,0,0,0,0,44.14,-100.0,Mid-Range
CAMP0001658,CUST00222,Email,2023-06-14,2023-06,0,0,0,0,43.69,-100.0,Mid-Range
CAMP0001659,CUST00223,Influencer,2023-03-17,2023-03,1,0,0,0,931.32,-100.0,Budget
CAMP0001660,CUST00223,Push Notification,2024-02-06,2024-02,1,0,0,0,28.62,-100.0,Budget
CAMP0001661,CUST00223,Email,2023-04-05,2023-04,1,0,0,0,56.11,-100.0,Budget
CAMP0001662,CUST00223,Influencer,2023-10-04,2023-10,0,0,0,0,1025.35,-100.0,Budget
CAMP0001663,CUST00223,Influencer,2024-03-17,2024-03,0,0,0,0,525.39,-100.0,Budget
CAMP0001664,CUST00223,Push Notification,2024-01-14,2024-01,0,0,0,0,20.2,-100.0,Budget
CAMP0001665,CUST00223,Influencer,2024-02-06,2024-02,0,0,0,0,527.89,-100.0,Budget
CAMP0001666,CUST00224,Email,2022-10-06,2022-10,1,0,0,0,30.61,-100.0,Mid-Range
CAMP0001667,CUST00224,Email,2023-12-30,2023-12,1,0,0,0,54.83,-100.0,Mid-Range
CAMP0001668,CUST00224,Display Ad,2024-03-16,2024-03,1,0,0,0,404.08,-100.0,Mid-Range
CAMP0001669,CUST00224,Display Ad,2022-10-25,2022-10,0,0,0,0,799.43,-100.0,Mid-Range
CAMP0001670,CUST00224,Email,2023-02-26,2023-02,0,0,0,0,53.94,-100.0,Mid-Range
CAMP0001671,CUST00224,SMS,2023-04-14,2023-04,1,0,0,0,92.06,-100.0,Mid-Range
CAMP0001672,CUST00224,Email,2022-12-29,2022-12,0,0,0,0,24.31,-100.0,Mid-Range
CAMP0001673,CUST00224,Display Ad,2023-04-21,2023-04,0,0,0,0,302.14,-100.0,Mid-Range
CAMP0001674,CUST00224,Display Ad,2023-06-23,2023-06,0,0,0,0,793.66,-100.0,Mid-Range
CAMP0001675,CUST00224,Email,2023-02-01,2023-02,1,0,0,0,30.13,-100.0,Mid-Range
CAMP0001676,CUST00225,Influencer,2024-02-04,2024-02,0,0,0,0,1558.27,-100.0,Premium
CAMP0001677,CUST00225,Influencer,2023-09-02,2023-09,0,0,0,0,909.5,-100.0,Premium
CAMP0001678,CUST00225,Email,2022-11-29,2022-11,0,0,0,0,52.34,-100.0,Premium
CAMP0001679,CUST00225,Paid Social,2023-08-11,2023-08,0,0,0,0,2124.69,-100.0,Premium
CAMP0001680,CUST00225,SMS,2022-10-23,2022-10,0,0,0,0,115.96,-100.0,Premium
CAMP0001681,CUST00226,Influencer,2022-12-31,2022-12,0,0,0,0,988.93,-100.0,Luxury
CAMP0001682,CUST00226,Email,2023-03-23,2023-03,0,0,0,0,52.53,-100.0,Luxury
CAMP0001683,CUST00226,Email,2024-01-30,2024-01,0,0,0,0,56.85,-100.0,Luxury
CAMP0001684,CUST00226,Email,2023-07-19,2023-07,0,0,0,0,40.3,-100.0,Luxury
CAMP0001685,CUST00226,Influencer,2024-02-24,2024-02,0,0,0,0,1085.4,-100.0,Luxury
CAMP0001686,CUST00226,Paid Social,2024-03-10,2024-03,0,0,0,0,1463.41,-100.0,Luxury
CAMP0001687,CUST00226,Paid Social,2023-03-20,2023-03,0,0,0,0,878.75,-100.0,Luxury
CAMP0001688,CUST00227,Push Notification,2023-07-22,2023-07,0,0,0,0,26.71,-100.0,Premium
CAMP0001689,CUST00227,Paid Social,2023-11-01,2023-11,0,0,0,0,2531.92,-100.0,Premium
CAMP0001690,CUST00227,SMS,2024-02-22,2024-02,1,0,0,0,97.1,-100.0,Premium
CAMP0001691,CUST00228,Display Ad,2023-09-03,2023-09,0,0,0,0,542.15,-100.0,Mid-Range
CAMP0001692,CUST00228,Email,2023-07-24,2023-07,0,0,0,0,58.72,-100.0,Mid-Range
CAMP0001693,CUST00228,Email,2023-04-04,2023-04,0,0,0,0,21.76,-100.0,Mid-Range
CAMP0001694,CUST00228,Paid Social,2023-08-31,2023-08,0,0,0,0,1522.41,-100.0,Mid-Range
CAMP0001695,CUST00228,Push Notification,2023-08-30,2023-08,0,0,0,0,25.4,-100.0,Mid-Range
CAMP0001696,CUST00228,Email,2023-05-08,2023-05,0,0,0,0,31.03,-100.0,Mid-Range
CAMP0001697,CUST00228,Paid Social,2023-03-28,2023-03,0,0,0,0,2488.25,-100.0,Mid-Range
CAMP0001698,CUST00228,SMS,2024-02-09,2024-02,1,0,0,0,79.97,-100.0,Mid-Range
CAMP0001699,CUST00228,Email,2023-06-06,2023-06,0,0,0,0,51.83,-100.0,Mid-Range
CAMP0001700,CUST00228,Email,2024-01-02,2024-01,0,0,0,0,54.8,-100.0,Mid-Range
CAMP0001701,CUST00229,Display Ad,2022-09-05,2022-09,0,0,0,0,392.34,-100.0,Budget
CAMP0001702,CUST00229,Paid Social,2022-07-30,2022-07,0,0,0,0,1798.78,-100.0,Budget
CAMP0001703,CUST00229,Paid Social,2022-07-12,2022-07,0,0,0,0,2240.25,-100.0,Budget
CAMP0001704,CUST00229,SMS,2023-04-02,2023-04,0,0,0,0,91.36,-100.0,Budget
CAMP0001705,CUST00229,Paid Social,2023-10-20,2023-10,0,0,0,0,2323.59,-100.0,Budget
CAMP0001706,CUST00229,Display Ad,2023-08-31,2023-08,0,0,0,0,609.89,-100.0,Budget
CAMP0001707,CUST00229,Push Notification,2023-11-30,2023-11,0,0,0,0,29.92,-100.0,Budget
CAMP0001708,CUST00229,Influencer,2022-04-28,2022-04,0,0,0,0,564.11,-100.0,Budget
CAMP0001709,CUST00229,Influencer,2022-07-05,2022-07,0,0,0,0,1364.17,-100.0,Budget
CAMP0001710,CUST00229,Push Notification,2022-06-13,2022-06,0,0,0,0,11.22,-100.0,Budget
CAMP0001711,CUST00229,Email,2023-12-03,2023-12,0,0,0,0,20.95,-100.0,Budget
CAMP0001712,CUST00230,SMS,2023-09-01,2023-09,0,0,0,0,37.88,-100.0,Budget
CAMP0001713,CUST00230,Email,2023-09-12,2023-09,1,0,0,0,44.1,-100.0,Budget
CAMP0001714,CUST00230,Influencer,2023-09-12,2023-09,0,0,0,0,840.21,-100.0,Budget
CAMP0001715,CUST00230,SMS,2023-07-08,2023-07,0,0,0,0,98.67,-100.0,Budget
CAMP0001716,CUST00230,SMS,2024-02-01,2024-02,0,0,0,0,47.68,-100.0,Budget
CAMP0001717,CUST00230,Paid Social,2023-08-21,2023-08,0,0,0,0,2280.6,-100.0,Budget
CAMP0001718,CUST00230,Email,2024-02-15,2024-02,0,0,0,0,45.48,-100.0,Budget
CAMP0001719,CUST00230,Influencer,2024-03-13,2024-03,0,0,0,0,900.47,-100.0,Budget
CAMP0001720,CUST00230,Push Notification,2023-09-30,2023-09,0,0,0,0,27.33,-100.0,Budget
CAMP0001721,CUST00230,SMS,2024-03-23,2024-03,0,0,0,0,77.98,-100.0,Budget
CAMP0001722,CUST00231,Email,2022-11-23,2022-11,1,1,1,41.77,27.15,53.8,Mid-Range
CAMP0001723,CUST00231,Email,2023-12-25,2023-12,1,0,0,0,53.58,-100.0,Mid-Range
CAMP0001724,CUST00231,Push Notification,2024-01-14,2024-01,0,0,0,0,28.3,-100.0,Mid-Range
CAMP0001725,CUST00231,Display Ad,2023-10-08,2023-10,0,0,0,0,999.84,-100.0,Mid-Range
CAMP0001726,CUST00231,Display Ad,2023-07-13,2023-07,0,0,0,0,797.05,-100.0,Mid-Range
CAMP0001727,CUST00231,Email,2023-12-22,2023-12,1,0,0,0,58.43,-100.0,Mid-Range
CAMP0001728,CUST00232,Influencer,2023-12-21,2023-12,0,0,0,0,949.3,-100.0,Budget
CAMP0001729,CUST00232,SMS,2024-02-04,2024-02,1,0,0,0,85.37,-100.0,Budget
CAMP0001730,CUST00232,Paid Social,2023-06-20,2023-06,1,0,0,0,825.7,-100.0,Budget
CAMP0001731,CUST00233,Influencer,2022-11-10,2022-11,0,0,0,0,1244.09,-100.0,Mid-Range
CAMP0001732,CUST00233,Paid Social,2023-04-23,2023-04,1,1,0,0,2064.03,-100.0,Mid-Range
CAMP0001733,CUST00233,SMS,2023-02-13,2023-02,0,0,0,0,108.13,-100.0,Mid-Range
CAMP0001734,CUST00233,SMS,2022-11-29,2022-11,0,0,0,0,43.3,-100.0,Mid-Range
CAMP0001735,CUST00234,Influencer,2024-03-17,2024-03,0,0,0,0,742.53,-100.0,Premium
CAMP0001736,CUST00234,SMS,2024-03-02,2024-03,1,0,0,0,88.97,-100.0,Premium
CAMP0001737,CUST00234,SMS,2023-12-28,2023-12,0,0,0,0,43.08,-100.0,Premium
CAMP0001738,CUST00234,Paid Social,2024-03-09,2024-03,0,0,0,0,1701.97,-100.0,Premium
CAMP0001739,CUST00234,SMS,2023-12-31,2023-12,1,0,0,0,100.22,-100.0,Premium
CAMP0001740,CUST00234,Email,2023-06-27,2023-06,1,1,0,0,58.72,-100.0,Premium
CAMP0001741,CUST00234,Email,2024-01-16,2024-01,0,0,0,0,49.63,-100.0,Premium
CAMP0001742,CUST00234,Paid Social,2022-12-28,2022-12,0,0,0,0,878.63,-100.0,Premium
CAMP0001743,CUST00235,Influencer,2024-01-29,2024-01,0,0,0,0,1220.85,-100.0,Mid-Range
CAMP0001744,CUST00235,SMS,2022-09-03,2022-09,0,0,0,0,48.79,-100.0,Mid-Range
CAMP0001745,CUST00235,Email,2023-04-01,2023-04,1,1,0,0,57.24,-100.0,Mid-Range
CAMP0001746,CUST00236,Email,2023-02-05,2023-02,0,0,0,0,30.61,-100.0,Mid-Range
CAMP0001747,CUST00236,Push Notification,2023-12-10,2023-12,0,0,0,0,15.45,-100.0,Mid-Range
CAMP0001748,CUST00236,Paid Social,2024-03-26,2024-03,0,0,0,0,1813.26,-100.0,Mid-Range
CAMP0001749,CUST00237,Paid Social,2023-11-18,2023-11,0,0,0,0,1084.62,-100.0,Mid-Range
CAMP0001750,CUST00237,Email,2023-01-24,2023-01,1,0,0,0,21.84,-100.0,Mid-Range
CAMP0001751,CUST00237,Influencer,2024-03-29,2024-03,0,0,0,0,1462.98,-100.0,Mid-Range
CAMP0001752,CUST00238,Influencer,2022-12-15,2022-12,0,0,0,0,948.66,-100.0,Luxury
CAMP0001753,CUST00238,Email,2023-05-02,2023-05,0,0,0,0,24.03,-100.0,Luxury
CAMP0001754,CUST00238,Display Ad,2023-08-18,2023-08,1,0,0,0,758.78,-100.0,Luxury
CAMP0001755,CUST00238,Email,2023-02-03,2023-02,1,0,0,0,22.79,-100.0,Luxury
CAMP0001756,CUST00238,Paid Social,2023-09-06,2023-09,0,0,0,0,2098.12,-100.0,Luxury
CAMP0001757,CUST00238,Paid Social,2022-08-18,2022-08,1,0,0,0,1454.56,-100.0,Luxury
CAMP0001758,CUST00238,Paid Social,2022-10-03,2022-10,0,0,0,0,2533.66,-100.0,Luxury
CAMP0001759,CUST00239,Email,2023-12-15,2023-12,0,0,0,0,26.28,-100.0,Mid-Range
CAMP0001760,CUST00239,Paid Social,2023-06-18,2023-06,0,0,0,0,1552.88,-100.0,Mid-Range
CAMP0001761,CUST00239,Push Notification,2024-02-23,2024-02,0,0,0,0,12.66,-100.0,Mid-Range
CAMP0001762,CUST00239,Influencer,2023-10-21,2023-10,0,0,0,0,612.63,-100.0,Mid-Range
CAMP0001763,CUST00239,Email,2024-02-02,2024-02,1,0,0,0,42.54,-100.0,Mid-Range
CAMP0001764,CUST00240,Display Ad,2024-01-14,2024-01,0,0,0,0,881.06,-100.0,Premium
CAMP0001765,CUST00240,SMS,2023-04-23,2023-04,1,0,0,0,101.83,-100.0,Premium
CAMP0001766,CUST00240,Paid Social,2023-08-30,2023-08,0,0,0,0,2075.05,-100.0,Premium
CAMP0001767,CUST00240,Display Ad,2023-10-07,2023-10,0,0,0,0,473.17,-100.0,Premium
CAMP0001768,CUST00240,Paid Social,2023-11-08,2023-11,0,0,0,0,966.54,-100.0,Premium
CAMP0001769,CUST00240,Email,2023-04-18,2023-04,0,0,0,0,18.91,-100.0,Premium
CAMP0001770,CUST00240,Paid Social,2024-03-10,2024-03,1,0,0,0,2452.9,-100.0,Premium
CAMP0001771,CUST00240,Email,2023-04-15,2023-04,0,0,0,0,53.46,-100.0,Premium
CAMP0001772,CUST00240,Push Notification,2023-05-23,2023-05,0,0,0,0,21.27,-100.0,Premium
CAMP0001773,CUST00240,Paid Social,2024-01-03,2024-01,0,0,0,0,2396.23,-100.0,Premium
CAMP0001774,CUST00240,Push Notification,2023-07-12,2023-07,0,0,0,0,29.12,-100.0,Premium
CAMP0001775,CUST00241,Paid Social,2023-08-13,2023-08,1,1,1,111.28,2408.76,-95.4,Mid-Range
CAMP0001776,CUST00241,Influencer,2023-11-11,2023-11,0,0,0,0,465.62,-100.0,Mid-Range
CAMP0001777,CUST00241,SMS,2023-03-26,2023-03,1,0,0,0,88.02,-100.0,Mid-Range
CAMP0001778,CUST00241,SMS,2024-01-31,2024-01,0,0,0,0,102.73,-100.0,Mid-Range
CAMP0001779,CUST00241,Paid Social,2023-08-14,2023-08,0,0,0,0,946.61,-100.0,Mid-Range
CAMP0001780,CUST00241,Display Ad,2022-06-19,2022-06,0,0,0,0,365.72,-100.0,Mid-Range
CAMP0001781,CUST00241,Paid Social,2022-08-22,2022-08,0,0,0,0,2029.33,-100.0,Mid-Range
CAMP0001782,CUST00241,SMS,2023-05-30,2023-05,1,0,0,0,36.47,-100.0,Mid-Range
CAMP0001783,CUST00242,Email,2023-10-06,2023-10,0,0,0,0,46.45,-100.0,Mid-Range
CAMP0001784,CUST00242,Paid Social,2023-07-30,2023-07,0,0,0,0,1223.13,-100.0,Mid-Range
CAMP0001785,CUST00242,Paid Social,2022-06-12,2022-06,0,0,0,0,1033.48,-100.0,Mid-Range
CAMP0001786,CUST00242,Influencer,2023-07-12,2023-07,0,0,0,0,940.63,-100.0,Mid-Range
CAMP0001787,CUST00242,SMS,2023-12-14,2023-12,0,0,0,0,66.69,-100.0,Mid-Range
CAMP0001788,CUST00243,Email,2022-07-26,2022-07,0,0,0,0,37.92,-100.0,Budget
CAMP0001789,CUST00243,Paid Social,2023-07-28,2023-07,0,0,0,0,764.2,-100.0,Budget
CAMP0001790,CUST00243,SMS,2023-04-29,2023-04,1,0,0,0,32.49,-100.0,Budget
CAMP0001791,CUST00243,Display Ad,2022-06-09,2022-06,0,0,0,0,661.3,-100.0,Budget
CAMP0001792,CUST00243,Email,2023-03-01,2023-03,0,0,0,0,26.89,-100.0,Budget
CAMP0001793,CUST00243,SMS,2023-06-25,2023-06,1,1,0,0,95.66,-100.0,Budget
CAMP0001794,CUST00243,Paid Social,2022-05-28,2022-05,0,0,0,0,1862.33,-100.0,Budget
CAMP0001795,CUST00243,Push Notification,2023-11-27,2023-11,0,0,0,0,11.43,-100.0,Budget
CAMP0001796,CUST00243,Email,2022-05-22,2022-05,0,0,0,0,32.75,-100.0,Budget
CAMP0001797,CUST00243,Push Notification,2023-05-30,2023-05,1,0,0,0,23.87,-100.0,Budget
CAMP0001798,CUST00244,Email,2023-03-30,2023-03,0,0,0,0,50.72,-100.0,Budget
CAMP0001799,CUST00244,Paid Social,2024-03-07,2024-03,0,0,0,0,1294.15,-100.0,Budget
CAMP0001800,CUST00244,Push Notification,2023-03-22,2023-03,0,0,0,0,27.23,-100.0,Budget
CAMP0001801,CUST00244,Display Ad,2023-11-28,2023-11,0,0,0,0,303.95,-100.0,Budget
CAMP0001802,CUST00244,Paid Social,2022-12-10,2022-12,0,0,0,0,1236.9,-100.0,Budget
CAMP0001803,CUST00244,SMS,2023-05-27,2023-05,0,0,0,0,96.83,-100.0,Budget
CAMP0001804,CUST00245,Email,2023-12-28,2023-12,0,0,0,0,40.48,-100.0,Budget
CAMP0001805,CUST00245,Paid Social,2023-11-07,2023-11,0,0,0,0,1744.32,-100.0,Budget
CAMP0001806,CUST00245,Email,2023-05-21,2023-05,0,0,0,0,33.73,-100.0,Budget
CAMP0001807,CUST00245,Email,2023-03-31,2023-03,0,0,0,0,36.32,-100.0,Budget
CAMP0001808,CUST00245,Paid Social,2023-04-17,2023-04,1,0,0,0,2507.92,-100.0,Budget
CAMP0001809,CUST00245,Influencer,2023-08-26,2023-08,0,0,0,0,464.69,-100.0,Budget
CAMP0001810,CUST00245,Email,2023-12-09,2023-12,0,0,0,0,35.14,-100.0,Budget
CAMP0001811,CUST00245,Influencer,2023-05-12,2023-05,0,0,0,0,545.27,-100.0,Budget
CAMP0001812,CUST00245,Paid Social,2024-02-12,2024-02,0,0,0,0,821.31,-100.0,Budget
CAMP0001813,CUST00245,Influencer,2023-05-26,2023-05,0,0,0,0,974.82,-100.0,Budget
CAMP0001814,CUST00246,Paid Social,2023-12-30,2023-12,1,0,0,0,1230.45,-100.0,Premium
CAMP0001815,CUST00246,Email,2023-07-25,2023-07,0,0,0,0,40.22,-100.0,Premium
CAMP0001816,CUST00246,Display Ad,2023-10-15,2023-10,0,0,0,0,625.75,-100.0,Premium
CAMP0001817,CUST00246,Display Ad,2024-02-28,2024-02,0,0,0,0,631.87,-100.0,Premium
CAMP0001818,CUST00246,Email,2024-03-10,2024-03,0,0,0,0,37.87,-100.0,Premium
CAMP0001819,CUST00246,Email,2024-03-13,2024-03,0,0,0,0,56.35,-100.0,Premium
CAMP0001820,CUST00246,Push Notification,2024-01-07,2024-01,0,0,0,0,25.14,-100.0,Premium
CAMP0001821,CUST00246,Email,2023-11-21,2023-11,0,0,0,0,41.88,-100.0,Premium
CAMP0001822,CUST00246,Email,2024-01-10,2024-01,0,0,0,0,22.08,-100.0,Premium
CAMP0001823,CUST00247,Email,2023-11-27,2023-11,0,0,0,0,47.57,-100.0,Budget
CAMP0001824,CUST00247,Influencer,2024-03-13,2024-03,0,0,0,0,719.45,-100.0,Budget
CAMP0001825,CUST00247,Influencer,2022-12-02,2022-12,0,0,0,0,1049.65,-100.0,Budget
CAMP0001826,CUST00247,Paid Social,2024-01-28,2024-01,1,1,1,160.27,2051.98,-92.2,Budget
CAMP0001827,CUST00247,Email,2022-10-13,2022-10,0,0,0,0,56.52,-100.0,Budget
CAMP0001828,CUST00247,Push Notification,2023-02-20,2023-02,0,0,0,0,9.87,-100.0,Budget
CAMP0001829,CUST00247,Push Notification,2024-02-25,2024-02,0,0,0,0,14.78,-100.0,Budget
CAMP0001830,CUST00247,Paid Social,2023-04-26,2023-04,0,0,0,0,1729.28,-100.0,Budget
CAMP0001831,CUST00247,Email,2023-12-27,2023-12,0,0,0,0,32.65,-100.0,Budget
CAMP0001832,CUST00247,Email,2023-07-22,2023-07,1,0,0,0,27.84,-100.0,Budget
CAMP0001833,CUST00247,Paid Social,2023-08-07,2023-08,0,0,0,0,1097.67,-100.0,Budget
CAMP0001834,CUST00247,Influencer,2023-07-26,2023-07,0,0,0,0,806.71,-100.0,Budget
CAMP0001835,CUST00248,Paid Social,2024-01-29,2024-01,0,0,0,0,1138.42,-100.0,Premium
CAMP0001836,CUST00248,Email,2023-12-03,2023-12,1,0,0,0,51.07,-100.0,Premium
CAMP0001837,CUST00248,Influencer,2023-12-28,2023-12,0,0,0,0,819.23,-100.0,Premium
CAMP0001838,CUST00248,Influencer,2023-06-08,2023-06,0,0,0,0,1039.55,-100.0,Premium
CAMP0001839,CUST00248,Email,2023-12-13,2023-12,0,0,0,0,47.97,-100.0,Premium
CAMP0001840,CUST00248,Email,2024-01-04,2024-01,1,0,0,0,29.73,-100.0,Premium
CAMP0001841,CUST00249,Display Ad,2023-11-15,2023-11,0,0,0,0,351.92,-100.0,Budget
CAMP0001842,CUST00249,Email,2024-01-31,2024-01,1,0,0,0,50.79,-100.0,Budget
CAMP0001843,CUST00249,Paid Social,2023-11-19,2023-11,0,0,0,0,804.56,-100.0,Budget
CAMP0001844,CUST00249,Influencer,2024-03-26,2024-03,0,0,0,0,753.49,-100.0,Budget
CAMP0001845,CUST00249,Push Notification,2023-10-04,2023-10,0,0,0,0,22.54,-100.0,Budget
CAMP0001846,CUST00249,Paid Social,2023-12-22,2023-12,0,0,0,0,883.01,-100.0,Budget
CAMP0001847,CUST00249,Email,2023-08-31,2023-08,0,0,0,0,21.77,-100.0,Budget
CAMP0001848,CUST00249,Paid Social,2023-12-05,2023-12,0,0,0,0,2344.31,-100.0,Budget
CAMP0001849,CUST00249,Influencer,2024-01-25,2024-01,0,0,0,0,1594.08,-100.0,Budget
CAMP0001850,CUST00250,SMS,2023-05-17,2023-05,1,0,0,0,51.96,-100.0,Budget
CAMP0001851,CUST00250,Display Ad,2023-06-06,2023-06,0,0,0,0,960.42,-100.0,Budget
CAMP0001852,CUST00250,Email,2023-09-14,2023-09,0,0,0,0,24.98,-100.0,Budget
CAMP0001853,CUST00250,SMS,2023-07-28,2023-07,1,1,0,0,55.57,-100.0,Budget
CAMP0001854,CUST00250,Paid Social,2024-03-14,2024-03,0,0,0,0,2355.31,-100.0,Budget
CAMP0001855,CUST00250,Paid Social,2022-12-16,2022-12,0,0,0,0,2523.4,-100.0,Budget
CAMP0001856,CUST00250,Display Ad,2023-05-03,2023-05,0,0,0,0,889.75,-100.0,Budget
CAMP0001857,CUST00251,Influencer,2023-08-11,2023-08,1,0,0,0,668.87,-100.0,Budget
CAMP0001858,CUST00251,Email,2023-08-14,2023-08,0,0,0,0,49.0,-100.0,Budget
CAMP0001859,CUST00251,Display Ad,2023-08-25,2023-08,0,0,0,0,986.18,-100.0,Budget
CAMP0001860,CUST00251,Email,2023-04-16,2023-04,0,0,0,0,18.81,-100.0,Budget
CAMP0001861,CUST00251,Influencer,2023-10-25,2023-10,1,0,0,0,1508.99,-100.0,Budget
CAMP0001862,CUST00251,Influencer,2024-01-17,2024-01,0,0,0,0,1279.45,-100.0,Budget
CAMP0001863,CUST00251,Influencer,2024-02-25,2024-02,0,0,0,0,1643.01,-100.0,Budget
CAMP0001864,CUST00251,Push Notification,2023-09-07,2023-09,1,0,0,0,21.41,-100.0,Budget
CAMP0001865,CUST00251,Influencer,2023-03-23,2023-03,0,0,0,0,862.51,-100.0,Budget
CAMP0001866,CUST00251,Email,2024-02-05,2024-02,1,1,0,0,30.66,-100.0,Budget
CAMP0001867,CUST00251,Influencer,2023-09-03,2023-09,0,0,0,0,1531.3,-100.0,Budget
CAMP0001868,CUST00252,Paid Social,2023-08-10,2023-08,0,0,0,0,2145.2,-100.0,Mid-Range
CAMP0001869,CUST00252,Push Notification,2023-07-12,2023-07,0,0,0,0,22.02,-100.0,Mid-Range
CAMP0001870,CUST00252,Display Ad,2023-02-01,2023-02,0,0,0,0,945.76,-100.0,Mid-Range
CAMP0001871,CUST00252,Email,2023-09-24,2023-09,1,0,0,0,25.41,-100.0,Mid-Range
CAMP0001872,CUST00253,SMS,2023-11-12,2023-11,0,0,0,0,73.87,-100.0,Budget
CAMP0001873,CUST00253,Display Ad,2023-09-02,2023-09,0,0,0,0,886.55,-100.0,Budget
CAMP0001874,CUST00253,Paid Social,2023-10-23,2023-10,0,0,0,0,2230.48,-100.0,Budget
CAMP0001875,CUST00253,Display Ad,2023-08-28,2023-08,0,0,0,0,1031.69,-100.0,Budget
CAMP0001876,CUST00253,Paid Social,2023-11-29,2023-11,0,0,0,0,1479.2,-100.0,Budget
CAMP0001877,CUST00253,Influencer,2024-03-18,2024-03,0,0,0,0,516.3,-100.0,Budget
CAMP0001878,CUST00253,Email,2023-08-06,2023-08,0,0,0,0,21.35,-100.0,Budget
CAMP0001879,CUST00253,Paid Social,2023-05-24,2023-05,0,0,0,0,2442.61,-100.0,Budget
CAMP0001880,CUST00253,Email,2023-06-04,2023-06,0,0,0,0,25.76,-100.0,Budget
CAMP0001881,CUST00253,Paid Social,2024-03-06,2024-03,0,0,0,0,2003.77,-100.0,Budget
CAMP0001882,CUST00253,Push Notification,2023-10-12,2023-10,0,0,0,0,21.19,-100.0,Budget
CAMP0001883,CUST00254,Paid Social,2023-10-11,2023-10,0,0,0,0,1734.36,-100.0,Budget
CAMP0001884,CUST00254,Influencer,2024-03-12,2024-03,0,0,0,0,1065.19,-100.0,Budget
CAMP0001885,CUST00254,Email,2023-11-11,2023-11,1,0,0,0,55.58,-100.0,Budget
CAMP0001886,CUST00254,Display Ad,2023-10-16,2023-10,0,0,0,0,357.87,-100.0,Budget
CAMP0001887,CUST00255,SMS,2024-02-27,2024-02,1,0,0,0,84.04,-100.0,Luxury
CAMP0001888,CUST00255,Influencer,2023-08-23,2023-08,1,0,0,0,1219.48,-100.0,Luxury
CAMP0001889,CUST00255,Influencer,2023-08-01,2023-08,0,0,0,0,861.44,-100.0,Luxury
CAMP0001890,CUST00255,Email,2023-09-29,2023-09,0,0,0,0,34.47,-100.0,Luxury
CAMP0001891,CUST00255,Email,2024-02-21,2024-02,0,0,0,0,39.97,-100.0,Luxury
CAMP0001892,CUST00255,Email,2023-07-28,2023-07,1,0,0,0,39.4,-100.0,Luxury
CAMP0001893,CUST00255,Paid Social,2024-02-14,2024-02,1,1,0,0,2357.96,-100.0,Luxury
CAMP0001894,CUST00255,Email,2023-08-14,2023-08,1,0,0,0,54.13,-100.0,Luxury
CAMP0001895,CUST00255,Push Notification,2023-12-24,2023-12,0,0,0,0,29.07,-100.0,Luxury
CAMP0001896,CUST00256,Paid Social,2024-02-23,2024-02,0,0,0,0,1326.71,-100.0,Premium
CAMP0001897,CUST00256,Paid Social,2024-03-15,2024-03,0,0,0,0,1193.91,-100.0,Premium
CAMP0001898,CUST00256,Influencer,2024-03-31,2024-03,0,0,0,0,1443.69,-100.0,Premium
CAMP0001899,CUST00256,Email,2022-08-15,2022-08,1,1,0,0,43.49,-100.0,Premium
CAMP0001900,CUST00256,Paid Social,2023-01-07,2023-01,0,0,0,0,2515.32,-100.0,Premium
CAMP0001901,CUST00256,Email,2023-05-05,2023-05,1,0,0,0,30.45,-100.0,Premium
CAMP0001902,CUST00256,Email,2024-03-18,2024-03,0,0,0,0,51.86,-100.0,Premium
CAMP0001903,CUST00256,Influencer,2022-10-07,2022-10,0,0,0,0,1495.19,-100.0,Premium
CAMP0001904,CUST00256,Paid Social,2023-08-11,2023-08,0,0,0,0,1529.0,-100.0,Premium
CAMP0001905,CUST00256,SMS,2022-11-06,2022-11,0,0,0,0,87.71,-100.0,Premium
CAMP0001906,CUST00256,Paid Social,2023-02-28,2023-02,0,0,0,0,2323.53,-100.0,Premium
CAMP0001907,CUST00256,Email,2023-12-28,2023-12,0,0,0,0,25.77,-100.0,Premium
CAMP0001908,CUST00257,SMS,2023-08-12,2023-08,0,0,0,0,50.67,-100.0,Budget
CAMP0001909,CUST00257,Influencer,2023-04-25,2023-04,0,0,0,0,1058.53,-100.0,Budget
CAMP0001910,CUST00257,Email,2023-07-01,2023-07,0,0,0,0,53.36,-100.0,Budget
CAMP0001911,CUST00257,Email,2023-01-16,2023-01,0,0,0,0,18.54,-100.0,Budget
CAMP0001912,CUST00257,Email,2022-11-17,2022-11,1,0,0,0,53.4,-100.0,Budget
CAMP0001913,CUST00257,Email,2023-07-12,2023-07,0,0,0,0,49.51,-100.0,Budget
CAMP0001914,CUST00257,Email,2023-08-01,2023-08,0,0,0,0,25.76,-100.0,Budget
CAMP0001915,CUST00257,SMS,2023-04-29,2023-04,1,0,0,0,97.9,-100.0,Budget
CAMP0001916,CUST00257,Email,2023-08-13,2023-08,0,0,0,0,51.17,-100.0,Budget
CAMP0001917,CUST00257,Display Ad,2024-01-08,2024-01,0,0,0,0,564.07,-100.0,Budget
CAMP0001918,CUST00257,Email,2023-08-23,2023-08,0,0,0,0,26.08,-100.0,Budget
CAMP0001919,CUST00258,Paid Social,2023-04-02,2023-04,1,0,0,0,1406.09,-100.0,Premium
CAMP0001920,CUST00258,Email,2024-01-04,2024-01,0,0,0,0,21.85,-100.0,Premium
CAMP0001921,CUST00258,Email,2024-03-19,2024-03,0,0,0,0,50.47,-100.0,Premium
CAMP0001922,CUST00258,SMS,2024-03-10,2024-03,1,1,0,0,97.08,-100.0,Premium
CAMP0001923,CUST00258,Paid Social,2023-09-02,2023-09,0,0,0,0,1107.72,-100.0,Premium
CAMP0001924,CUST00259,Paid Social,2024-02-09,2024-02,0,0,0,0,827.51,-100.0,Budget
CAMP0001925,CUST00259,Influencer,2023-11-29,2023-11,1,0,0,0,1338.2,-100.0,Budget
CAMP0001926,CUST00259,Paid Social,2023-12-30,2023-12,0,0,0,0,700.77,-100.0,Budget
CAMP0001927,CUST00259,Influencer,2023-11-23,2023-11,0,0,0,0,505.63,-100.0,Budget
CAMP0001928,CUST00259,Influencer,2023-11-24,2023-11,0,0,0,0,947.86,-100.0,Budget
CAMP0001929,CUST00259,Influencer,2023-12-26,2023-12,0,0,0,0,485.4,-100.0,Budget
CAMP0001930,CUST00259,Push Notification,2024-03-05,2024-03,0,0,0,0,16.3,-100.0,Budget
CAMP0001931,CUST00259,Email,2024-01-18,2024-01,0,0,0,0,20.17,-100.0,Budget
CAMP0001932,CUST00260,Influencer,2023-03-22,2023-03,1,0,0,0,666.11,-100.0,Luxury
CAMP0001933,CUST00260,Influencer,2023-09-07,2023-09,1,0,0,0,661.1,-100.0,Luxury
CAMP0001934,CUST00260,Influencer,2022-04-07,2022-04,1,0,0,0,1004.02,-100.0,Luxury
CAMP0001935,CUST00260,Email,2022-07-09,2022-07,0,0,0,0,42.14,-100.0,Luxury
CAMP0001936,CUST00260,Paid Social,2023-01-15,2023-01,0,0,0,0,1659.73,-100.0,Luxury
CAMP0001937,CUST00260,Email,2022-09-07,2022-09,0,0,0,0,22.13,-100.0,Luxury
CAMP0001938,CUST00260,Paid Social,2024-01-17,2024-01,0,0,0,0,1672.63,-100.0,Luxury
CAMP0001939,CUST00260,Email,2022-11-13,2022-11,0,0,0,0,22.42,-100.0,Luxury
CAMP0001940,CUST00261,Email,2023-07-26,2023-07,0,0,0,0,56.5,-100.0,Premium
CAMP0001941,CUST00261,Email,2023-11-28,2023-11,0,0,0,0,52.8,-100.0,Premium
CAMP0001942,CUST00261,Paid Social,2023-12-17,2023-12,0,0,0,0,1212.71,-100.0,Premium
CAMP0001943,CUST00261,Paid Social,2023-10-17,2023-10,0,0,0,0,830.55,-100.0,Premium
CAMP0001944,CUST00261,Paid Social,2023-10-04,2023-10,0,0,0,0,1357.53,-100.0,Premium
CAMP0001945,CUST00261,Push Notification,2023-12-21,2023-12,0,0,0,0,20.24,-100.0,Premium
CAMP0001946,CUST00261,Email,2023-11-12,2023-11,0,0,0,0,29.45,-100.0,Premium
CAMP0001947,CUST00262,SMS,2023-06-08,2023-06,0,0,0,0,90.93,-100.0,Budget
CAMP0001948,CUST00262,Email,2024-03-24,2024-03,0,0,0,0,37.86,-100.0,Budget
CAMP0001949,CUST00262,Email,2023-07-13,2023-07,0,0,0,0,26.43,-100.0,Budget
CAMP0001950,CUST00263,Push Notification,2024-02-09,2024-02,0,0,0,0,10.57,-100.0,Premium
CAMP0001951,CUST00263,Paid Social,2023-07-21,2023-07,0,0,0,0,1167.46,-100.0,Premium
CAMP0001952,CUST00263,Paid Social,2024-02-02,2024-02,0,0,0,0,746.64,-100.0,Premium
CAMP0001953,CUST00263,SMS,2023-11-17,2023-11,1,0,0,0,113.02,-100.0,Premium
CAMP0001954,CUST00263,Push Notification,2023-07-29,2023-07,1,0,0,0,18.89,-100.0,Premium
CAMP0001955,CUST00264,Email,2023-10-31,2023-10,0,0,0,0,23.69,-100.0,Budget
CAMP0001956,CUST00264,Paid Social,2022-06-14,2022-06,0,0,0,0,1815.91,-100.0,Budget
CAMP0001957,CUST00264,Email,2023-05-09,2023-05,1,0,0,0,42.35,-100.0,Budget
CAMP0001958,CUST00264,SMS,2023-03-08,2023-03,1,0,0,0,82.0,-100.0,Budget
CAMP0001959,CUST00264,Display Ad,2023-08-23,2023-08,0,0,0,0,958.23,-100.0,Budget
CAMP0001960,CUST00264,Paid Social,2022-11-07,2022-11,0,0,0,0,1954.12,-100.0,Budget
CAMP0001961,CUST00264,Display Ad,2023-04-04,2023-04,0,0,0,0,503.41,-100.0,Budget
CAMP0001962,CUST00264,SMS,2024-01-26,2024-01,0,0,0,0,98.32,-100.0,Budget
CAMP0001963,CUST00264,Email,2023-09-14,2023-09,0,0,0,0,16.89,-100.0,Budget
CAMP0001964,CUST00264,Push Notification,2023-11-12,2023-11,0,0,0,0,14.02,-100.0,Budget
CAMP0001965,CUST00264,Email,2022-07-07,2022-07,1,0,0,0,27.93,-100.0,Budget
CAMP0001966,CUST00265,Influencer,2023-10-05,2023-10,0,0,0,0,1618.65,-100.0,Mid-Range
CAMP0001967,CUST00265,SMS,2023-12-04,2023-12,0,0,0,0,109.01,-100.0,Mid-Range
CAMP0001968,CUST00265,Influencer,2024-03-17,2024-03,0,0,0,0,1435.27,-100.0,Mid-Range
CAMP0001969,CUST00265,SMS,2023-09-20,2023-09,1,1,1,198.54,44.16,349.6,Mid-Range
CAMP0001970,CUST00265,Email,2023-09-20,2023-09,1,0,0,0,26.04,-100.0,Mid-Range
CAMP0001971,CUST00265,Paid Social,2024-03-23,2024-03,0,0,0,0,2483.72,-100.0,Mid-Range
CAMP0001972,CUST00265,Paid Social,2024-03-19,2024-03,0,0,0,0,1827.48,-100.0,Mid-Range
CAMP0001973,CUST00265,SMS,2024-02-04,2024-02,0,0,0,0,94.8,-100.0,Mid-Range
CAMP0001974,CUST00265,Paid Social,2024-02-18,2024-02,0,0,0,0,2441.3,-100.0,Mid-Range
CAMP0001975,CUST00265,SMS,2023-10-08,2023-10,1,0,0,0,90.31,-100.0,Mid-Range
CAMP0001976,CUST00266,Push Notification,2022-12-24,2022-12,0,0,0,0,22.5,-100.0,Budget
CAMP0001977,CUST00266,Influencer,2023-04-30,2023-04,0,0,0,0,1307.89,-100.0,Budget
CAMP0001978,CUST00266,Influencer,2023-01-13,2023-01,0,0,0,0,1578.69,-100.0,Budget
CAMP0001979,CUST00266,Email,2022-07-19,2022-07,0,0,0,0,52.28,-100.0,Budget
CAMP0001980,CUST00266,Push Notification,2023-10-06,2023-10,0,0,0,0,9.71,-100.0,Budget
CAMP0001981,CUST00267,Paid Social,2023-12-01,2023-12,0,0,0,0,788.02,-100.0,Luxury
CAMP0001982,CUST00267,Push Notification,2022-10-16,2022-10,0,0,0,0,23.47,-100.0,Luxury
CAMP0001983,CUST00267,Email,2023-12-01,2023-12,0,0,0,0,34.84,-100.0,Luxury
CAMP0001984,CUST00267,SMS,2022-12-11,2022-12,0,0,0,0,108.4,-100.0,Luxury
CAMP0001985,CUST00267,Paid Social,2022-12-23,2022-12,0,0,0,0,1488.5,-100.0,Luxury
CAMP0001986,CUST00267,Display Ad,2024-03-24,2024-03,0,0,0,0,991.64,-100.0,Luxury
CAMP0001987,CUST00267,Influencer,2023-10-04,2023-10,0,0,0,0,1587.91,-100.0,Luxury
CAMP0001988,CUST00267,Email,2024-03-28,2024-03,0,0,0,0,18.51,-100.0,Luxury
CAMP0001989,CUST00267,Paid Social,2024-03-24,2024-03,0,0,0,0,1723.61,-100.0,Luxury
CAMP0001990,CUST00267,Influencer,2023-03-02,2023-03,0,0,0,0,1250.01,-100.0,Luxury
CAMP0001991,CUST00268,Influencer,2023-10-01,2023-10,1,0,0,0,831.3,-100.0,Mid-Range
CAMP0001992,CUST00268,Paid Social,2023-03-14,2023-03,0,0,0,0,858.06,-100.0,Mid-Range
CAMP0001993,CUST00268,Paid Social,2024-02-04,2024-02,0,0,0,0,2268.94,-100.0,Mid-Range
CAMP0001994,CUST00269,Push Notification,2023-12-27,2023-12,0,0,0,0,17.29,-100.0,Premium
CAMP0001995,CUST00269,Email,2023-12-31,2023-12,0,0,0,0,23.12,-100.0,Premium
CAMP0001996,CUST00269,Influencer,2023-12-19,2023-12,0,0,0,0,1099.2,-100.0,Premium
CAMP0001997,CUST00269,Email,2023-11-09,2023-11,0,0,0,0,17.16,-100.0,Premium
CAMP0001998,CUST00269,Email,2024-03-28,2024-03,1,0,0,0,53.46,-100.0,Premium
CAMP0001999,CUST00269,Influencer,2024-03-23,2024-03,0,0,0,0,621.15,-100.0,Premium
CAMP0002000,CUST00269,Display Ad,2023-11-18,2023-11,0,0,0,0,690.9,-100.0,Premium
CAMP0002001,CUST00269,Paid Social,2023-12-13,2023-12,0,0,0,0,1092.24,-100.0,Premium
CAMP0002002,CUST00269,Email,2023-09-22,2023-09,0,0,0,0,28.72,-100.0,Premium
CAMP0002003,CUST00270,Email,2023-08-31,2023-08,1,0,0,0,30.26,-100.0,Budget
CAMP0002004,CUST00270,Email,2024-02-24,2024-02,0,0,0,0,30.68,-100.0,Budget
CAMP0002005,CUST00270,Push Notification,2024-01-29,2024-01,0,0,0,0,17.35,-100.0,Budget
CAMP0002006,CUST00270,Email,2023-11-30,2023-11,1,0,0,0,27.95,-100.0,Budget
CAMP0002007,CUST00270,Push Notification,2023-08-14,2023-08,0,0,0,0,15.06,-100.0,Budget
CAMP0002008,CUST00270,Influencer,2023-07-16,2023-07,0,0,0,0,1627.64,-100.0,Budget
CAMP0002009,CUST00270,SMS,2023-07-19,2023-07,0,0,0,0,95.44,-100.0,Budget
CAMP0002010,CUST00271,Influencer,2024-03-01,2024-03,0,0,0,0,570.84,-100.0,Mid-Range
CAMP0002011,CUST00271,Email,2024-03-20,2024-03,0,0,0,0,27.53,-100.0,Mid-Range
CAMP0002012,CUST00271,Email,2023-07-12,2023-07,0,0,0,0,33.46,-100.0,Mid-Range
CAMP0002013,CUST00271,Influencer,2023-11-22,2023-11,1,0,0,0,1220.76,-100.0,Mid-Range
CAMP0002014,CUST00271,Email,2023-11-08,2023-11,1,0,0,0,33.51,-100.0,Mid-Range
CAMP0002015,CUST00271,Paid Social,2023-09-06,2023-09,1,1,0,0,2448.94,-100.0,Mid-Range
CAMP0002016,CUST00271,Display Ad,2023-11-29,2023-11,0,0,0,0,434.04,-100.0,Mid-Range
CAMP0002017,CUST00271,Paid Social,2023-07-05,2023-07,0,0,0,0,1190.31,-100.0,Mid-Range
CAMP0002018,CUST00271,Push Notification,2024-02-23,2024-02,0,0,0,0,19.9,-100.0,Mid-Range
CAMP0002019,CUST00271,Push Notification,2023-11-08,2023-11,0,0,0,0,8.64,-100.0,Mid-Range
CAMP0002020,CUST00271,Push Notification,2023-09-25,2023-09,0,0,0,0,12.5,-100.0,Mid-Range
CAMP0002021,CUST00272,SMS,2023-11-13,2023-11,1,1,0,0,119.09,-100.0,Luxury
CAMP0002022,CUST00272,Email,2023-10-25,2023-10,1,0,0,0,56.07,-100.0,Luxury
CAMP0002023,CUST00272,Email,2023-10-14,2023-10,0,0,0,0,38.9,-100.0,Luxury
CAMP0002024,CUST00272,Influencer,2023-12-29,2023-12,0,0,0,0,1411.49,-100.0,Luxury
CAMP0002025,CUST00272,Email,2023-09-11,2023-09,0,0,0,0,35.38,-100.0,Luxury
CAMP0002026,CUST00273,Paid Social,2024-03-26,2024-03,0,0,0,0,2380.76,-100.0,Mid-Range
CAMP0002027,CUST00273,SMS,2024-01-09,2024-01,0,0,0,0,68.93,-100.0,Mid-Range
CAMP0002028,CUST00273,Paid Social,2024-03-05,2024-03,0,0,0,0,1220.84,-100.0,Mid-Range
CAMP0002029,CUST00273,Paid Social,2023-12-28,2023-12,1,0,0,0,959.82,-100.0,Mid-Range
CAMP0002030,CUST00273,SMS,2023-08-21,2023-08,0,0,0,0,38.63,-100.0,Mid-Range
CAMP0002031,CUST00273,Email,2023-08-28,2023-08,0,0,0,0,44.97,-100.0,Mid-Range
CAMP0002032,CUST00273,SMS,2023-10-09,2023-10,0,0,0,0,45.02,-100.0,Mid-Range
CAMP0002033,CUST00273,Push Notification,2024-02-28,2024-02,0,0,0,0,10.09,-100.0,Mid-Range
CAMP0002034,CUST00273,SMS,2023-07-30,2023-07,0,0,0,0,107.61,-100.0,Mid-Range
CAMP0002035,CUST00274,Paid Social,2022-06-27,2022-06,1,0,0,0,945.79,-100.0,Mid-Range
CAMP0002036,CUST00274,Paid Social,2022-05-02,2022-05,0,0,0,0,1896.36,-100.0,Mid-Range
CAMP0002037,CUST00274,Email,2023-09-01,2023-09,0,0,0,0,23.24,-100.0,Mid-Range
CAMP0002038,CUST00274,Email,2023-11-07,2023-11,0,0,0,0,33.24,-100.0,Mid-Range
CAMP0002039,CUST00274,Influencer,2023-05-23,2023-05,1,0,0,0,1358.6,-100.0,Mid-Range
CAMP0002040,CUST00274,Email,2022-10-25,2022-10,0,0,0,0,16.33,-100.0,Mid-Range
CAMP0002041,CUST00274,Influencer,2023-06-07,2023-06,0,0,0,0,865.27,-100.0,Mid-Range
CAMP0002042,CUST00275,Paid Social,2024-02-18,2024-02,0,0,0,0,2156.31,-100.0,Mid-Range
CAMP0002043,CUST00275,Email,2023-08-23,2023-08,0,0,0,0,46.34,-100.0,Mid-Range
CAMP0002044,CUST00275,Paid Social,2022-05-07,2022-05,0,0,0,0,2527.55,-100.0,Mid-Range
CAMP0002045,CUST00275,Influencer,2022-12-20,2022-12,0,0,0,0,1438.27,-100.0,Mid-Range
CAMP0002046,CUST00275,Display Ad,2023-12-28,2023-12,0,0,0,0,510.15,-100.0,Mid-Range
CAMP0002047,CUST00275,Paid Social,2022-04-02,2022-04,1,0,0,0,1841.87,-100.0,Mid-Range
CAMP0002048,CUST00275,Push Notification,2022-03-29,2022-03,0,0,0,0,9.23,-100.0,Mid-Range
CAMP0002049,CUST00275,Push Notification,2022-08-08,2022-08,0,0,0,0,13.78,-100.0,Mid-Range
CAMP0002050,CUST00275,Push Notification,2023-04-16,2023-04,0,0,0,0,26.49,-100.0,Mid-Range
CAMP0002051,CUST00275,Paid Social,2022-05-22,2022-05,0,0,0,0,2078.36,-100.0,Mid-Range
CAMP0002052,CUST00275,Email,2022-04-02,2022-04,0,0,0,0,24.03,-100.0,Mid-Range
CAMP0002053,CUST00275,Display Ad,2022-08-05,2022-08,0,0,0,0,842.56,-100.0,Mid-Range
CAMP0002054,CUST00276,Push Notification,2023-12-08,2023-12,1,1,1,107.47,21.05,410.5,Budget
CAMP0002055,CUST00276,SMS,2024-03-13,2024-03,0,0,0,0,46.0,-100.0,Budget
CAMP0002056,CUST00276,Display Ad,2023-08-20,2023-08,0,0,0,0,492.92,-100.0,Budget
CAMP0002057,CUST00276,Email,2023-12-03,2023-12,1,0,0,0,22.17,-100.0,Budget
CAMP0002058,CUST00276,Influencer,2024-02-05,2024-02,0,0,0,0,1312.97,-100.0,Budget
CAMP0002059,CUST00276,Email,2023-11-28,2023-11,0,0,0,0,37.57,-100.0,Budget
CAMP0002060,CUST00276,Email,2024-03-08,2024-03,0,0,0,0,32.76,-100.0,Budget
CAMP0002061,CUST00276,Push Notification,2024-03-21,2024-03,1,1,0,0,29.24,-100.0,Budget
CAMP0002062,CUST00277,Influencer,2023-04-02,2023-04,0,0,0,0,528.85,-100.0,Mid-Range
CAMP0002063,CUST00277,Email,2023-10-06,2023-10,1,0,0,0,55.75,-100.0,Mid-Range
CAMP0002064,CUST00277,Paid Social,2023-01-31,2023-01,0,0,0,0,1151.79,-100.0,Mid-Range
CAMP0002065,CUST00277,Display Ad,2024-03-11,2024-03,0,0,0,0,331.6,-100.0,Mid-Range
CAMP0002066,CUST00277,Push Notification,2023-07-22,2023-07,0,0,0,0,25.31,-100.0,Mid-Range
CAMP0002067,CUST00277,Email,2023-03-11,2023-03,0,0,0,0,37.29,-100.0,Mid-Range
CAMP0002068,CUST00277,Paid Social,2023-04-13,2023-04,0,0,0,0,1161.61,-100.0,Mid-Range
CAMP0002069,CUST00278,Email,2023-08-08,2023-08,0,0,0,0,50.89,-100.0,Budget
CAMP0002070,CUST00278,Push Notification,2023-01-20,2023-01,1,0,0,0,9.86,-100.0,Budget
CAMP0002071,CUST00278,Push Notification,2024-02-20,2024-02,0,0,0,0,15.44,-100.0,Budget
CAMP0002072,CUST00278,Paid Social,2023-12-22,2023-12,0,0,0,0,1383.61,-100.0,Budget
CAMP0002073,CUST00279,Email,2024-03-04,2024-03,0,0,0,0,20.28,-100.0,Budget
CAMP0002074,CUST00279,Email,2023-09-21,2023-09,0,0,0,0,18.74,-100.0,Budget
CAMP0002075,CUST00279,Push Notification,2023-07-27,2023-07,0,0,0,0,26.72,-100.0,Budget
CAMP0002076,CUST00279,SMS,2023-10-23,2023-10,0,0,0,0,103.5,-100.0,Budget
CAMP0002077,CUST00279,Display Ad,2023-09-15,2023-09,0,0,0,0,761.34,-100.0,Budget
CAMP0002078,CUST00280,Email,2022-12-26,2022-12,0,0,0,0,49.34,-100.0,Luxury
CAMP0002079,CUST00280,Paid Social,2023-10-14,2023-10,0,0,0,0,1343.9,-100.0,Luxury
CAMP0002080,CUST00280,Paid Social,2022-11-26,2022-11,0,0,0,0,1234.63,-100.0,Luxury
CAMP0002081,CUST00280,Push Notification,2024-03-31,2024-03,1,0,0,0,12.6,-100.0,Luxury
CAMP0002082,CUST00280,Influencer,2023-03-15,2023-03,0,0,0,0,855.93,-100.0,Luxury
CAMP0002083,CUST00280,Influencer,2024-01-21,2024-01,1,0,0,0,1316.77,-100.0,Luxury
CAMP0002084,CUST00280,Paid Social,2023-10-19,2023-10,1,0,0,0,2289.14,-100.0,Luxury
CAMP0002085,CUST00280,Influencer,2023-09-22,2023-09,0,0,0,0,1461.57,-100.0,Luxury
CAMP0002086,CUST00280,SMS,2024-03-23,2024-03,1,1,1,114.33,49.66,130.2,Luxury
CAMP0002087,CUST00280,Influencer,2023-05-17,2023-05,0,0,0,0,1075.1,-100.0,Luxury
CAMP0002088,CUST00281,Influencer,2023-05-07,2023-05,0,0,0,0,1409.8,-100.0,Premium
CAMP0002089,CUST00281,Push Notification,2023-12-12,2023-12,0,0,0,0,26.48,-100.0,Premium
CAMP0002090,CUST00281,Influencer,2023-03-26,2023-03,0,0,0,0,844.3,-100.0,Premium
CAMP0002091,CUST00281,Paid Social,2023-12-06,2023-12,0,0,0,0,1451.08,-100.0,Premium
CAMP0002092,CUST00281,Paid Social,2023-11-22,2023-11,0,0,0,0,1303.24,-100.0,Premium
CAMP0002093,CUST00281,Push Notification,2023-02-20,2023-02,0,0,0,0,29.62,-100.0,Premium
CAMP0002094,CUST00281,Paid Social,2024-03-07,2024-03,0,0,0,0,953.88,-100.0,Premium
CAMP0002095,CUST00281,SMS,2022-11-29,2022-11,0,0,0,0,57.19,-100.0,Premium
CAMP0002096,CUST00281,Paid Social,2023-03-04,2023-03,0,0,0,0,1132.23,-100.0,Premium
CAMP0002097,CUST00281,Paid Social,2023-03-17,2023-03,0,0,0,0,1656.62,-100.0,Premium
CAMP0002098,CUST00281,Email,2023-02-13,2023-02,0,0,0,0,40.32,-100.0,Premium
CAMP0002099,CUST00282,Paid Social,2024-02-07,2024-02,0,0,0,0,2370.97,-100.0,Budget
CAMP0002100,CUST00282,Push Notification,2024-02-22,2024-02,0,0,0,0,16.64,-100.0,Budget
CAMP0002101,CUST00282,SMS,2024-03-11,2024-03,0,0,0,0,99.93,-100.0,Budget
CAMP0002102,CUST00282,Display Ad,2024-01-24,2024-01,0,0,0,0,994.31,-100.0,Budget
CAMP0002103,CUST00282,Paid Social,2023-12-18,2023-12,0,0,0,0,2205.5,-100.0,Budget
CAMP0002104,CUST00282,SMS,2023-11-20,2023-11,0,0,0,0,101.35,-100.0,Budget
CAMP0002105,CUST00282,SMS,2023-09-20,2023-09,1,0,0,0,97.9,-100.0,Budget
CAMP0002106,CUST00282,SMS,2024-02-06,2024-02,1,0,0,0,43.24,-100.0,Budget
CAMP0002107,CUST00282,Influencer,2023-11-25,2023-11,0,0,0,0,709.04,-100.0,Budget
CAMP0002108,CUST00283,Display Ad,2023-01-30,2023-01,0,0,0,0,836.49,-100.0,Luxury
CAMP0002109,CUST00283,Paid Social,2023-02-16,2023-02,1,0,0,0,2525.54,-100.0,Luxury
CAMP0002110,CUST00283,Paid Social,2023-06-03,2023-06,0,0,0,0,1941.08,-100.0,Luxury
CAMP0002111,CUST00283,Email,2023-07-12,2023-07,0,0,0,0,58.07,-100.0,Luxury
CAMP0002112,CUST00283,Display Ad,2024-01-08,2024-01,0,0,0,0,694.24,-100.0,Luxury
CAMP0002113,CUST00283,Paid Social,2023-07-02,2023-07,0,0,0,0,1574.43,-100.0,Luxury
CAMP0002114,CUST00283,SMS,2023-04-11,2023-04,0,0,0,0,94.68,-100.0,Luxury
CAMP0002115,CUST00283,Paid Social,2023-05-20,2023-05,0,0,0,0,1381.91,-100.0,Luxury
CAMP0002116,CUST00283,Email,2023-11-14,2023-11,0,0,0,0,39.14,-100.0,Luxury
CAMP0002117,CUST00283,Push Notification,2023-03-06,2023-03,0,0,0,0,22.08,-100.0,Luxury
CAMP0002118,CUST00284,SMS,2023-10-27,2023-10,0,0,0,0,90.51,-100.0,Budget
CAMP0002119,CUST00284,SMS,2023-11-24,2023-11,0,0,0,0,33.38,-100.0,Budget
CAMP0002120,CUST00284,Display Ad,2023-04-28,2023-04,0,0,0,0,528.78,-100.0,Budget
CAMP0002121,CUST00284,Paid Social,2024-01-10,2024-01,0,0,0,0,937.87,-100.0,Budget
CAMP0002122,CUST00284,SMS,2023-11-23,2023-11,0,0,0,0,39.52,-100.0,Budget
CAMP0002123,CUST00284,SMS,2023-05-18,2023-05,1,0,0,0,119.37,-100.0,Budget
CAMP0002124,CUST00284,Email,2024-03-10,2024-03,0,0,0,0,45.02,-100.0,Budget
CAMP0002125,CUST00285,Email,2023-06-02,2023-06,0,0,0,0,31.85,-100.0,Mid-Range
CAMP0002126,CUST00285,SMS,2022-08-20,2022-08,1,1,1,76.6,112.35,-31.8,Mid-Range
CAMP0002127,CUST00285,Email,2023-08-07,2023-08,0,0,0,0,47.49,-100.0,Mid-Range
CAMP0002128,CUST00285,Email,2024-01-09,2024-01,0,0,0,0,32.69,-100.0,Mid-Range
CAMP0002129,CUST00285,Email,2023-12-09,2023-12,1,0,0,0,18.11,-100.0,Mid-Range
CAMP0002130,CUST00285,Paid Social,2024-03-04,2024-03,1,1,0,0,1208.23,-100.0,Mid-Range
CAMP0002131,CUST00285,Display Ad,2023-01-13,2023-01,0,0,0,0,369.91,-100.0,Mid-Range
CAMP0002132,CUST00286,Paid Social,2023-04-16,2023-04,0,0,0,0,1440.89,-100.0,Mid-Range
CAMP0002133,CUST00286,Push Notification,2023-11-20,2023-11,0,0,0,0,29.73,-100.0,Mid-Range
CAMP0002134,CUST00286,Email,2023-06-08,2023-06,1,0,0,0,39.86,-100.0,Mid-Range
CAMP0002135,CUST00286,Paid Social,2024-02-13,2024-02,1,0,0,0,1301.83,-100.0,Mid-Range
CAMP0002136,CUST00287,Email,2022-12-09,2022-12,0,0,0,0,53.84,-100.0,Premium
CAMP0002137,CUST00287,Email,2024-02-28,2024-02,0,0,0,0,36.11,-100.0,Premium
CAMP0002138,CUST00287,SMS,2023-12-06,2023-12,1,0,0,0,65.97,-100.0,Premium
CAMP0002139,CUST00287,Email,2022-04-29,2022-04,0,0,0,0,53.36,-100.0,Premium
CAMP0002140,CUST00287,Paid Social,2022-05-01,2022-05,0,0,0,0,1594.69,-100.0,Premium
CAMP0002141,CUST00287,Email,2022-09-09,2022-09,1,0,0,0,58.71,-100.0,Premium
CAMP0002142,CUST00287,Email,2024-03-06,2024-03,0,0,0,0,20.64,-100.0,Premium
CAMP0002143,CUST00287,SMS,2022-04-02,2022-04,0,0,0,0,46.17,-100.0,Premium
CAMP0002144,CUST00287,Paid Social,2022-03-14,2022-03,0,0,0,0,836.06,-100.0,Premium
CAMP0002145,CUST00287,Email,2022-11-07,2022-11,0,0,0,0,35.65,-100.0,Premium
CAMP0002146,CUST00288,SMS,2024-02-02,2024-02,1,1,1,72.64,39.84,82.3,Mid-Range
CAMP0002147,CUST00288,Email,2024-02-04,2024-02,1,1,0,0,43.52,-100.0,Mid-Range
CAMP0002148,CUST00288,Email,2023-12-06,2023-12,0,0,0,0,23.59,-100.0,Mid-Range
CAMP0002149,CUST00288,Influencer,2023-06-21,2023-06,1,0,0,0,795.54,-100.0,Mid-Range
CAMP0002150,CUST00288,Push Notification,2023-08-19,2023-08,0,0,0,0,21.45,-100.0,Mid-Range
CAMP0002151,CUST00288,Paid Social,2023-04-24,2023-04,0,0,0,0,1394.16,-100.0,Mid-Range
CAMP0002152,CUST00288,Influencer,2024-02-09,2024-02,0,0,0,0,1491.13,-100.0,Mid-Range
CAMP0002153,CUST00288,Push Notification,2024-03-20,2024-03,1,1,1,134.48,20.94,542.2,Mid-Range
CAMP0002154,CUST00288,Email,2023-10-08,2023-10,0,0,0,0,49.06,-100.0,Mid-Range
CAMP0002155,CUST00289,Push Notification,2023-07-21,2023-07,0,0,0,0,26.23,-100.0,Premium
CAMP0002156,CUST00289,Email,2023-07-10,2023-07,1,0,0,0,23.1,-100.0,Premium
CAMP0002157,CUST00289,Email,2023-09-09,2023-09,1,1,0,0,39.85,-100.0,Premium
CAMP0002158,CUST00289,SMS,2023-05-06,2023-05,1,1,0,0,62.69,-100.0,Premium
CAMP0002159,CUST00290,Paid Social,2023-02-09,2023-02,0,0,0,0,1722.84,-100.0,Mid-Range
CAMP0002160,CUST00290,Paid Social,2024-01-25,2024-01,0,0,0,0,738.09,-100.0,Mid-Range
CAMP0002161,CUST00290,Email,2024-02-22,2024-02,0,0,0,0,59.14,-100.0,Mid-Range
CAMP0002162,CUST00290,Paid Social,2022-10-26,2022-10,0,0,0,0,796.35,-100.0,Mid-Range
CAMP0002163,CUST00290,Paid Social,2023-05-21,2023-05,0,0,0,0,1194.15,-100.0,Mid-Range
CAMP0002164,CUST00290,Paid Social,2023-09-30,2023-09,0,0,0,0,2440.67,-100.0,Mid-Range
CAMP0002165,CUST00290,Push Notification,2022-11-24,2022-11,0,0,0,0,26.62,-100.0,Mid-Range
CAMP0002166,CUST00290,Email,2023-03-31,2023-03,0,0,0,0,31.65,-100.0,Mid-Range
CAMP0002167,CUST00290,Influencer,2022-11-08,2022-11,0,0,0,0,1536.6,-100.0,Mid-Range
CAMP0002168,CUST00290,Display Ad,2023-11-22,2023-11,0,0,0,0,1036.22,-100.0,Mid-Range
CAMP0002169,CUST00291,Influencer,2022-06-27,2022-06,0,0,0,0,1473.43,-100.0,Luxury
CAMP0002170,CUST00291,Email,2022-07-20,2022-07,0,0,0,0,19.76,-100.0,Luxury
CAMP0002171,CUST00291,Display Ad,2023-12-22,2023-12,0,0,0,0,677.33,-100.0,Luxury
CAMP0002172,CUST00291,Email,2024-01-07,2024-01,0,0,0,0,41.34,-100.0,Luxury
CAMP0002173,CUST00291,Email,2023-08-14,2023-08,0,0,0,0,24.13,-100.0,Luxury
CAMP0002174,CUST00291,Paid Social,2022-09-18,2022-09,1,1,0,0,2174.01,-100.0,Luxury
CAMP0002175,CUST00291,Display Ad,2022-08-21,2022-08,0,0,0,0,664.09,-100.0,Luxury
CAMP0002176,CUST00291,Push Notification,2024-01-15,2024-01,0,0,0,0,21.84,-100.0,Luxury
CAMP0002177,CUST00291,Email,2023-01-16,2023-01,0,0,0,0,16.46,-100.0,Luxury
CAMP0002178,CUST00291,Push Notification,2023-06-16,2023-06,0,0,0,0,28.27,-100.0,Luxury
CAMP0002179,CUST00292,Paid Social,2022-12-17,2022-12,0,0,0,0,956.04,-100.0,Luxury
CAMP0002180,CUST00292,SMS,2023-01-22,2023-01,0,0,0,0,67.68,-100.0,Luxury
CAMP0002181,CUST00292,Display Ad,2023-09-27,2023-09,0,0,0,0,932.38,-100.0,Luxury
CAMP0002182,CUST00292,SMS,2023-10-02,2023-10,0,0,0,0,55.59,-100.0,Luxury
CAMP0002183,CUST00292,Paid Social,2023-03-14,2023-03,0,0,0,0,1980.79,-100.0,Luxury
CAMP0002184,CUST00292,SMS,2022-10-21,2022-10,1,0,0,0,84.59,-100.0,Luxury
CAMP0002185,CUST00293,Email,2023-02-26,2023-02,0,0,0,0,25.13,-100.0,Luxury
CAMP0002186,CUST00293,Paid Social,2024-01-20,2024-01,0,0,0,0,1188.55,-100.0,Luxury
CAMP0002187,CUST00293,Email,2023-08-30,2023-08,0,0,0,0,32.87,-100.0,Luxury
CAMP0002188,CUST00293,Email,2024-01-18,2024-01,0,0,0,0,58.23,-100.0,Luxury
CAMP0002189,CUST00293,Push Notification,2023-06-07,2023-06,1,0,0,0,29.33,-100.0,Luxury
CAMP0002190,CUST00293,Paid Social,2023-07-03,2023-07,0,0,0,0,2045.68,-100.0,Luxury
CAMP0002191,CUST00293,Email,2023-06-21,2023-06,0,0,0,0,53.45,-100.0,Luxury
CAMP0002192,CUST00294,Email,2024-01-08,2024-01,0,0,0,0,27.67,-100.0,Mid-Range
CAMP0002193,CUST00294,Paid Social,2024-01-16,2024-01,0,0,0,0,1536.43,-100.0,Mid-Range
CAMP0002194,CUST00294,Email,2024-03-09,2024-03,0,0,0,0,56.7,-100.0,Mid-Range
CAMP0002195,CUST00294,Influencer,2023-07-13,2023-07,0,0,0,0,1580.12,-100.0,Mid-Range
CAMP0002196,CUST00294,Display Ad,2023-07-22,2023-07,0,0,0,0,424.82,-100.0,Mid-Range
CAMP0002197,CUST00294,Influencer,2023-10-27,2023-10,0,0,0,0,595.04,-100.0,Mid-Range
CAMP0002198,CUST00294,Influencer,2023-08-30,2023-08,0,0,0,0,724.2,-100.0,Mid-Range
CAMP0002199,CUST00295,Display Ad,2023-11-24,2023-11,0,0,0,0,586.16,-100.0,Mid-Range
CAMP0002200,CUST00295,Paid Social,2023-09-10,2023-09,1,1,1,159.36,1434.84,-88.9,Mid-Range
CAMP0002201,CUST00295,SMS,2023-11-22,2023-11,1,0,0,0,52.88,-100.0,Mid-Range
CAMP0002202,CUST00296,Email,2023-06-07,2023-06,0,0,0,0,34.46,-100.0,Mid-Range
CAMP0002203,CUST00296,Influencer,2023-01-13,2023-01,0,0,0,0,1368.48,-100.0,Mid-Range
CAMP0002204,CUST00296,Display Ad,2023-04-05,2023-04,0,0,0,0,876.93,-100.0,Mid-Range
CAMP0002205,CUST00296,Email,2023-03-19,2023-03,0,0,0,0,47.82,-100.0,Mid-Range
CAMP0002206,CUST00296,Push Notification,2023-08-27,2023-08,0,0,0,0,19.01,-100.0,Mid-Range
CAMP0002207,CUST00296,Paid Social,2023-02-27,2023-02,0,0,0,0,2076.9,-100.0,Mid-Range
CAMP0002208,CUST00296,Influencer,2024-02-28,2024-02,0,0,0,0,1635.92,-100.0,Mid-Range
CAMP0002209,CUST00296,SMS,2022-11-24,2022-11,0,0,0,0,55.43,-100.0,Mid-Range
CAMP0002210,CUST00296,Push Notification,2023-10-29,2023-10,0,0,0,0,24.16,-100.0,Mid-Range
CAMP0002211,CUST00296,Email,2023-10-01,2023-10,1,0,0,0,18.92,-100.0,Mid-Range
CAMP0002212,CUST00296,Email,2023-01-06,2023-01,0,0,0,0,57.23,-100.0,Mid-Range
CAMP0002213,CUST00296,Influencer,2023-10-28,2023-10,0,0,0,0,692.05,-100.0,Mid-Range
CAMP0002214,CUST00297,Email,2024-02-15,2024-02,0,0,0,0,54.82,-100.0,Premium
CAMP0002215,CUST00297,Email,2023-06-09,2023-06,0,0,0,0,52.21,-100.0,Premium
CAMP0002216,CUST00297,Paid Social,2023-11-18,2023-11,0,0,0,0,781.85,-100.0,Premium
CAMP0002217,CUST00297,Paid Social,2024-01-05,2024-01,0,0,0,0,2143.73,-100.0,Premium
CAMP0002218,CUST00297,Email,2023-07-10,2023-07,1,0,0,0,35.3,-100.0,Premium
CAMP0002219,CUST00297,Push Notification,2023-12-14,2023-12,1,0,0,0,29.32,-100.0,Premium
CAMP0002220,CUST00297,Paid Social,2023-08-14,2023-08,1,0,0,0,1732.78,-100.0,Premium
CAMP0002221,CUST00297,Paid Social,2023-08-03,2023-08,0,0,0,0,1559.87,-100.0,Premium
CAMP0002222,CUST00297,Email,2023-10-09,2023-10,0,0,0,0,27.51,-100.0,Premium
CAMP0002223,CUST00298,Push Notification,2022-10-29,2022-10,0,0,0,0,25.03,-100.0,Budget
CAMP0002224,CUST00298,Paid Social,2022-08-29,2022-08,0,0,0,0,1936.4,-100.0,Budget
CAMP0002225,CUST00298,Email,2023-10-13,2023-10,1,1,0,0,21.01,-100.0,Budget
CAMP0002226,CUST00298,Email,2023-09-03,2023-09,0,0,0,0,25.07,-100.0,Budget
CAMP0002227,CUST00298,Email,2023-06-19,2023-06,0,0,0,0,26.47,-100.0,Budget
CAMP0002228,CUST00298,Push Notification,2023-12-01,2023-12,1,1,1,169.48,20.76,716.4,Budget
CAMP0002229,CUST00298,Email,2023-04-11,2023-04,1,0,0,0,54.22,-100.0,Budget
CAMP0002230,CUST00298,Email,2024-01-12,2024-01,0,0,0,0,17.84,-100.0,Budget
CAMP0002231,CUST00298,Paid Social,2024-03-12,2024-03,0,0,0,0,897.46,-100.0,Budget
CAMP0002232,CUST00298,Display Ad,2022-10-11,2022-10,0,0,0,0,571.56,-100.0,Budget
CAMP0002233,CUST00299,Push Notification,2022-11-13,2022-11,0,0,0,0,23.14,-100.0,Mid-Range
CAMP0002234,CUST00299,Paid Social,2022-09-03,2022-09,0,0,0,0,2162.08,-100.0,Mid-Range
CAMP0002235,CUST00299,Paid Social,2022-05-16,2022-05,1,0,0,0,2065.16,-100.0,Mid-Range
CAMP0002236,CUST00299,SMS,2023-06-05,2023-06,0,0,0,0,73.23,-100.0,Mid-Range
CAMP0002237,CUST00299,Email,2024-02-08,2024-02,0,0,0,0,57.09,-100.0,Mid-Range
CAMP0002238,CUST00299,Paid Social,2023-03-05,2023-03,1,0,0,0,877.63,-100.0,Mid-Range
CAMP0002239,CUST00300,Email,2023-10-01,2023-10,0,0,0,0,18.49,-100.0,Mid-Range
CAMP0002240,CUST00300,Influencer,2022-11-12,2022-11,0,0,0,0,460.82,-100.0,Mid-Range
CAMP0002241,CUST00300,Influencer,2022-08-03,2022-08,1,0,0,0,1163.04,-100.0,Mid-Range
CAMP0002242,CUST00300,Influencer,2024-03-28,2024-03,1,0,0,0,859.04,-100.0,Mid-Range
CAMP0002243,CUST00300,Display Ad,2022-10-16,2022-10,0,0,0,0,646.58,-100.0,Mid-Range
CAMP0002244,CUST00300,Email,2023-03-19,2023-03,1,1,0,0,25.9,-100.0,Mid-Range
CAMP0002245,CUST00301,SMS,2022-09-23,2022-09,0,0,0,0,41.58,-100.0,Budget
CAMP0002246,CUST00301,Email,2023-02-22,2023-02,0,0,0,0,56.76,-100.0,Budget
CAMP0002247,CUST00301,Paid Social,2022-11-14,2022-11,0,0,0,0,1616.1,-100.0,Budget
CAMP0002248,CUST00301,Paid Social,2022-11-30,2022-11,0,0,0,0,2342.83,-100.0,Budget
CAMP0002249,CUST00301,Push Notification,2024-01-31,2024-01,0,0,0,0,9.14,-100.0,Budget
CAMP0002250,CUST00301,Influencer,2023-12-20,2023-12,0,0,0,0,615.48,-100.0,Budget
CAMP0002251,CUST00301,Push Notification,2023-11-30,2023-11,0,0,0,0,23.37,-100.0,Budget
CAMP0002252,CUST00301,Influencer,2024-02-16,2024-02,1,0,0,0,1281.72,-100.0,Budget
CAMP0002253,CUST00301,SMS,2023-03-25,2023-03,0,0,0,0,95.48,-100.0,Budget
CAMP0002254,CUST00301,Push Notification,2022-08-17,2022-08,0,0,0,0,27.7,-100.0,Budget
CAMP0002255,CUST00302,Paid Social,2023-02-25,2023-02,1,0,0,0,1977.92,-100.0,Mid-Range
CAMP0002256,CUST00302,Email,2023-03-25,2023-03,0,0,0,0,45.41,-100.0,Mid-Range
CAMP0002257,CUST00302,Display Ad,2022-12-12,2022-12,0,0,0,0,914.0,-100.0,Mid-Range
CAMP0002258,CUST00302,Influencer,2024-02-10,2024-02,0,0,0,0,660.25,-100.0,Mid-Range
CAMP0002259,CUST00302,Paid Social,2023-07-08,2023-07,0,0,0,0,1828.28,-100.0,Mid-Range
CAMP0002260,CUST00302,Influencer,2022-11-17,2022-11,0,0,0,0,1211.38,-100.0,Mid-Range
CAMP0002261,CUST00302,Influencer,2023-10-17,2023-10,0,0,0,0,488.33,-100.0,Mid-Range
CAMP0002262,CUST00302,Paid Social,2023-05-10,2023-05,1,1,0,0,1361.52,-100.0,Mid-Range
CAMP0002263,CUST00302,Display Ad,2023-03-17,2023-03,0,0,0,0,406.46,-100.0,Mid-Range
CAMP0002264,CUST00302,Email,2022-08-20,2022-08,0,0,0,0,48.49,-100.0,Mid-Range
CAMP0002265,CUST00303,Email,2023-09-25,2023-09,0,0,0,0,31.03,-100.0,Budget
CAMP0002266,CUST00303,Email,2023-11-24,2023-11,1,0,0,0,32.83,-100.0,Budget
CAMP0002267,CUST00303,Paid Social,2022-10-18,2022-10,0,0,0,0,2121.41,-100.0,Budget
CAMP0002268,CUST00303,Paid Social,2023-01-26,2023-01,0,0,0,0,1370.89,-100.0,Budget
CAMP0002269,CUST00303,Email,2022-10-09,2022-10,0,0,0,0,52.29,-100.0,Budget
CAMP0002270,CUST00303,Influencer,2023-10-02,2023-10,0,0,0,0,449.6,-100.0,Budget
CAMP0002271,CUST00303,Email,2022-04-17,2022-04,1,1,0,0,51.38,-100.0,Budget
CAMP0002272,CUST00303,Paid Social,2024-01-31,2024-01,0,0,0,0,2483.53,-100.0,Budget
CAMP0002273,CUST00304,SMS,2022-11-12,2022-11,0,0,0,0,103.59,-100.0,Mid-Range
CAMP0002274,CUST00304,Push Notification,2022-10-13,2022-10,0,0,0,0,22.24,-100.0,Mid-Range
CAMP0002275,CUST00304,SMS,2023-12-18,2023-12,1,0,0,0,73.37,-100.0,Mid-Range
CAMP0002276,CUST00304,Email,2023-02-28,2023-02,0,0,0,0,34.69,-100.0,Mid-Range
CAMP0002277,CUST00304,Influencer,2023-04-26,2023-04,0,0,0,0,616.34,-100.0,Mid-Range
CAMP0002278,CUST00304,Push Notification,2024-01-11,2024-01,0,0,0,0,11.25,-100.0,Mid-Range
CAMP0002279,CUST00304,SMS,2024-03-12,2024-03,0,0,0,0,108.7,-100.0,Mid-Range
CAMP0002280,CUST00304,Email,2024-03-29,2024-03,1,0,0,0,20.79,-100.0,Mid-Range
CAMP0002281,CUST00304,SMS,2023-04-25,2023-04,0,0,0,0,53.65,-100.0,Mid-Range
CAMP0002282,CUST00304,Email,2024-03-20,2024-03,0,0,0,0,28.35,-100.0,Mid-Range
CAMP0002283,CUST00304,Push Notification,2024-03-01,2024-03,0,0,0,0,25.64,-100.0,Mid-Range
CAMP0002284,CUST00305,Push Notification,2023-09-26,2023-09,0,0,0,0,23.17,-100.0,Premium
CAMP0002285,CUST00305,Email,2023-09-08,2023-09,1,0,0,0,51.08,-100.0,Premium
CAMP0002286,CUST00305,SMS,2023-09-08,2023-09,0,0,0,0,72.29,-100.0,Premium
CAMP0002287,CUST00305,Email,2024-01-04,2024-01,0,0,0,0,36.9,-100.0,Premium
CAMP0002288,CUST00305,Push Notification,2023-12-20,2023-12,1,0,0,0,27.34,-100.0,Premium
CAMP0002289,CUST00305,Paid Social,2024-03-08,2024-03,0,0,0,0,1607.55,-100.0,Premium
CAMP0002290,CUST00305,Paid Social,2024-03-17,2024-03,1,1,0,0,1430.92,-100.0,Premium
CAMP0002291,CUST00305,SMS,2023-10-02,2023-10,0,0,0,0,67.98,-100.0,Premium
CAMP0002292,CUST00305,Influencer,2024-01-20,2024-01,0,0,0,0,828.61,-100.0,Premium
CAMP0002293,CUST00305,Push Notification,2024-03-05,2024-03,0,0,0,0,29.8,-100.0,Premium
CAMP0002294,CUST00305,Paid Social,2024-03-02,2024-03,1,0,0,0,1574.66,-100.0,Premium
CAMP0002295,CUST00305,Paid Social,2023-09-27,2023-09,0,0,0,0,836.59,-100.0,Premium
CAMP0002296,CUST00306,Paid Social,2023-01-04,2023-01,0,0,0,0,1693.42,-100.0,Mid-Range
CAMP0002297,CUST00306,Paid Social,2022-12-14,2022-12,0,0,0,0,1057.15,-100.0,Mid-Range
CAMP0002298,CUST00306,Paid Social,2022-10-24,2022-10,0,0,0,0,1420.66,-100.0,Mid-Range
CAMP0002299,CUST00307,Push Notification,2024-02-13,2024-02,0,0,0,0,15.74,-100.0,Luxury
CAMP0002300,CUST00307,Influencer,2023-09-24,2023-09,0,0,0,0,695.61,-100.0,Luxury
CAMP0002301,CUST00307,Email,2023-03-23,2023-03,0,0,0,0,22.18,-100.0,Luxury
CAMP0002302,CUST00308,Paid Social,2023-12-24,2023-12,0,0,0,0,921.04,-100.0,Budget
CAMP0002303,CUST00308,Email,2023-05-18,2023-05,1,1,0,0,22.85,-100.0,Budget
CAMP0002304,CUST00308,Display Ad,2022-03-29,2022-03,0,0,0,0,470.19,-100.0,Budget
CAMP0002305,CUST00308,Paid Social,2023-10-31,2023-10,0,0,0,0,2249.82,-100.0,Budget
CAMP0002306,CUST00308,Paid Social,2023-10-30,2023-10,0,0,0,0,1989.89,-100.0,Budget
CAMP0002307,CUST00308,Influencer,2023-05-02,2023-05,0,0,0,0,492.7,-100.0,Budget
CAMP0002308,CUST00308,SMS,2023-06-17,2023-06,0,0,0,0,55.71,-100.0,Budget
CAMP0002309,CUST00309,SMS,2023-02-27,2023-02,0,0,0,0,86.71,-100.0,Mid-Range
CAMP0002310,CUST00309,Paid Social,2023-06-12,2023-06,0,0,0,0,2199.81,-100.0,Mid-Range
CAMP0002311,CUST00309,Push Notification,2022-08-09,2022-08,0,0,0,0,22.72,-100.0,Mid-Range
CAMP0002312,CUST00309,Influencer,2023-08-12,2023-08,1,0,0,0,1048.85,-100.0,Mid-Range
CAMP0002313,CUST00309,Email,2023-10-29,2023-10,1,1,1,44.18,37.71,17.2,Mid-Range
CAMP0002314,CUST00309,Email,2022-10-30,2022-10,0,0,0,0,25.64,-100.0,Mid-Range
CAMP0002315,CUST00309,Email,2023-03-26,2023-03,1,0,0,0,20.14,-100.0,Mid-Range
CAMP0002316,CUST00309,Influencer,2023-12-23,2023-12,0,0,0,0,1590.89,-100.0,Mid-Range
CAMP0002317,CUST00309,Paid Social,2023-11-27,2023-11,0,0,0,0,982.7,-100.0,Mid-Range
CAMP0002318,CUST00310,Paid Social,2023-07-18,2023-07,0,0,0,0,1480.69,-100.0,Premium
CAMP0002319,CUST00310,Paid Social,2024-03-28,2024-03,0,0,0,0,1829.69,-100.0,Premium
CAMP0002320,CUST00310,Push Notification,2023-05-13,2023-05,0,0,0,0,21.34,-100.0,Premium
CAMP0002321,CUST00310,Display Ad,2023-12-21,2023-12,0,0,0,0,527.4,-100.0,Premium
CAMP0002322,CUST00310,Influencer,2024-01-22,2024-01,0,0,0,0,1005.76,-100.0,Premium
CAMP0002323,CUST00310,Paid Social,2023-05-11,2023-05,0,0,0,0,1802.76,-100.0,Premium
CAMP0002324,CUST00311,Email,2023-08-31,2023-08,0,0,0,0,22.11,-100.0,Budget
CAMP0002325,CUST00311,Influencer,2023-07-08,2023-07,0,0,0,0,1136.5,-100.0,Budget
CAMP0002326,CUST00311,Influencer,2023-08-17,2023-08,0,0,0,0,448.88,-100.0,Budget
CAMP0002327,CUST00311,Display Ad,2023-11-03,2023-11,0,0,0,0,780.57,-100.0,Budget
CAMP0002328,CUST00311,Email,2024-02-19,2024-02,0,0,0,0,35.51,-100.0,Budget
CAMP0002329,CUST00312,Push Notification,2023-01-04,2023-01,1,0,0,0,20.88,-100.0,Mid-Range
CAMP0002330,CUST00312,Email,2023-04-30,2023-04,0,0,0,0,49.06,-100.0,Mid-Range
CAMP0002331,CUST00312,Influencer,2024-02-29,2024-02,0,0,0,0,1163.05,-100.0,Mid-Range
CAMP0002332,CUST00312,Push Notification,2023-11-23,2023-11,0,0,0,0,17.5,-100.0,Mid-Range
CAMP0002333,CUST00312,Push Notification,2023-03-21,2023-03,0,0,0,0,29.84,-100.0,Mid-Range
CAMP0002334,CUST00313,Email,2023-09-09,2023-09,0,0,0,0,29.82,-100.0,Premium
CAMP0002335,CUST00313,Paid Social,2024-01-03,2024-01,0,0,0,0,1918.77,-100.0,Premium
CAMP0002336,CUST00313,Display Ad,2023-03-07,2023-03,0,0,0,0,933.54,-100.0,Premium
CAMP0002337,CUST00313,SMS,2023-06-06,2023-06,0,0,0,0,72.07,-100.0,Premium
CAMP0002338,CUST00313,Display Ad,2024-02-23,2024-02,1,1,1,136.04,992.45,-86.3,Premium
CAMP0002339,CUST00313,Influencer,2023-04-04,2023-04,0,0,0,0,1509.7,-100.0,Premium
CAMP0002340,CUST00313,SMS,2022-10-20,2022-10,1,0,0,0,53.7,-100.0,Premium
CAMP0002341,CUST00313,SMS,2023-03-15,2023-03,0,0,0,0,54.95,-100.0,Premium
CAMP0002342,CUST00314,Email,2024-03-27,2024-03,1,1,0,0,58.42,-100.0,Mid-Range
CAMP0002343,CUST00314,Email,2023-10-21,2023-10,0,0,0,0,42.28,-100.0,Mid-Range
CAMP0002344,CUST00314,Email,2023-10-04,2023-10,0,0,0,0,39.02,-100.0,Mid-Range
CAMP0002345,CUST00314,Email,2024-03-06,2024-03,0,0,0,0,48.96,-100.0,Mid-Range
CAMP0002346,CUST00314,Paid Social,2024-01-12,2024-01,0,0,0,0,1169.91,-100.0,Mid-Range
CAMP0002347,CUST00314,Paid Social,2023-11-16,2023-11,0,0,0,0,1308.54,-100.0,Mid-Range
CAMP0002348,CUST00314,Paid Social,2023-11-11,2023-11,0,0,0,0,1703.35,-100.0,Mid-Range
CAMP0002349,CUST00314,Push Notification,2023-11-30,2023-11,0,0,0,0,25.6,-100.0,Mid-Range
CAMP0002350,CUST00314,Email,2024-02-10,2024-02,0,0,0,0,52.28,-100.0,Mid-Range
CAMP0002351,CUST00315,Paid Social,2023-10-17,2023-10,1,1,0,0,1902.91,-100.0,Budget
CAMP0002352,CUST00315,Influencer,2024-02-02,2024-02,0,0,0,0,1161.46,-100.0,Budget
CAMP0002353,CUST00315,Influencer,2023-12-19,2023-12,0,0,0,0,1231.55,-100.0,Budget
CAMP0002354,CUST00315,Paid Social,2023-11-11,2023-11,0,0,0,0,2396.8,-100.0,Budget
CAMP0002355,CUST00315,Push Notification,2023-03-09,2023-03,0,0,0,0,9.3,-100.0,Budget
CAMP0002356,CUST00315,SMS,2022-11-12,2022-11,1,0,0,0,54.72,-100.0,Budget
CAMP0002357,CUST00315,Paid Social,2023-10-10,2023-10,1,1,1,80.29,1336.73,-94.0,Budget
CAMP0002358,CUST00315,Display Ad,2023-01-20,2023-01,0,0,0,0,555.37,-100.0,Budget
CAMP0002359,CUST00315,Paid Social,2022-10-20,2022-10,0,0,0,0,2303.92,-100.0,Budget
CAMP0002360,CUST00315,Influencer,2023-09-27,2023-09,0,0,0,0,1348.44,-100.0,Budget
CAMP0002361,CUST00315,SMS,2023-03-31,2023-03,0,0,0,0,49.11,-100.0,Budget
CAMP0002362,CUST00316,Email,2022-07-12,2022-07,0,0,0,0,58.62,-100.0,Mid-Range
CAMP0002363,CUST00316,Paid Social,2023-11-01,2023-11,0,0,0,0,2328.53,-100.0,Mid-Range
CAMP0002364,CUST00316,Paid Social,2022-10-18,2022-10,0,0,0,0,1094.68,-100.0,Mid-Range
CAMP0002365,CUST00316,Paid Social,2023-07-22,2023-07,0,0,0,0,1253.95,-100.0,Mid-Range
CAMP0002366,CUST00316,Influencer,2023-02-19,2023-02,1,0,0,0,1578.1,-100.0,Mid-Range
CAMP0002367,CUST00316,Email,2023-04-28,2023-04,0,0,0,0,37.91,-100.0,Mid-Range
CAMP0002368,CUST00317,SMS,2023-12-03,2023-12,0,0,0,0,64.82,-100.0,Budget
CAMP0002369,CUST00317,Email,2023-12-27,2023-12,0,0,0,0,28.19,-100.0,Budget
CAMP0002370,CUST00317,Email,2023-12-10,2023-12,0,0,0,0,27.79,-100.0,Budget
CAMP0002371,CUST00317,Email,2023-10-02,2023-10,0,0,0,0,54.05,-100.0,Budget
CAMP0002372,CUST00317,Paid Social,2023-12-01,2023-12,0,0,0,0,1209.94,-100.0,Budget
CAMP0002373,CUST00317,Display Ad,2024-02-04,2024-02,1,0,0,0,411.33,-100.0,Budget
CAMP0002374,CUST00317,SMS,2024-02-05,2024-02,1,1,0,0,83.76,-100.0,Budget
CAMP0002375,CUST00317,Paid Social,2024-01-25,2024-01,1,1,0,0,2139.21,-100.0,Budget
CAMP0002376,CUST00317,Influencer,2024-03-30,2024-03,0,0,0,0,1490.08,-100.0,Budget
CAMP0002377,CUST00317,SMS,2024-03-31,2024-03,0,0,0,0,107.3,-100.0,Budget
CAMP0002378,CUST00318,Display Ad,2023-06-06,2023-06,0,0,0,0,410.4,-100.0,Mid-Range
CAMP0002379,CUST00318,Push Notification,2023-10-24,2023-10,0,0,0,0,26.03,-100.0,Mid-Range
CAMP0002380,CUST00318,Influencer,2023-08-20,2023-08,0,0,0,0,920.98,-100.0,Mid-Range
CAMP0002381,CUST00318,Paid Social,2024-03-01,2024-03,0,0,0,0,1241.01,-100.0,Mid-Range
CAMP0002382,CUST00318,Email,2023-12-30,2023-12,1,1,1,46.83,57.98,-19.2,Mid-Range
CAMP0002383,CUST00318,Email,2023-03-17,2023-03,1,0,0,0,39.01,-100.0,Mid-Range
CAMP0002384,CUST00318,Influencer,2023-04-02,2023-04,0,0,0,0,1523.09,-100.0,Mid-Range
CAMP0002385,CUST00318,Email,2023-12-17,2023-12,0,0,0,0,29.88,-100.0,Mid-Range
CAMP0002386,CUST00318,SMS,2023-07-17,2023-07,0,0,0,0,48.29,-100.0,Mid-Range
CAMP0002387,CUST00318,Paid Social,2023-11-05,2023-11,0,0,0,0,1153.0,-100.0,Mid-Range
CAMP0002388,CUST00319,Email,2022-10-20,2022-10,1,0,0,0,56.05,-100.0,Premium
CAMP0002389,CUST00319,Paid Social,2022-03-25,2022-03,0,0,0,0,2510.0,-100.0,Premium
CAMP0002390,CUST00319,Email,2022-05-12,2022-05,1,0,0,0,28.39,-100.0,Premium
CAMP0002391,CUST00319,Paid Social,2022-08-28,2022-08,0,0,0,0,1258.81,-100.0,Premium
CAMP0002392,CUST00320,Email,2023-06-05,2023-06,1,0,0,0,47.45,-100.0,Premium
CAMP0002393,CUST00320,Push Notification,2023-09-13,2023-09,1,0,0,0,18.62,-100.0,Premium
CAMP0002394,CUST00320,Paid Social,2023-12-16,2023-12,0,0,0,0,1536.66,-100.0,Premium
CAMP0002395,CUST00320,Influencer,2022-12-25,2022-12,0,0,0,0,670.53,-100.0,Premium
CAMP0002396,CUST00321,Email,2023-11-08,2023-11,0,0,0,0,38.1,-100.0,Budget
CAMP0002397,CUST00321,Paid Social,2024-01-28,2024-01,0,0,0,0,721.09,-100.0,Budget
CAMP0002398,CUST00321,Push Notification,2023-11-14,2023-11,1,0,0,0,17.08,-100.0,Budget
CAMP0002399,CUST00321,Paid Social,2023-02-28,2023-02,0,0,0,0,1475.0,-100.0,Budget
CAMP0002400,CUST00321,Email,2023-06-15,2023-06,1,1,0,0,48.8,-100.0,Budget
CAMP0002401,CUST00321,Email,2023-12-30,2023-12,0,0,0,0,20.19,-100.0,Budget
CAMP0002402,CUST00321,Paid Social,2023-05-17,2023-05,1,0,0,0,1556.74,-100.0,Budget
CAMP0002403,CUST00321,Influencer,2024-01-17,2024-01,0,0,0,0,833.0,-100.0,Budget
CAMP0002404,CUST00321,Email,2023-11-12,2023-11,1,0,0,0,40.73,-100.0,Budget
CAMP0002405,CUST00322,Paid Social,2023-03-29,2023-03,0,0,0,0,2540.96,-100.0,Mid-Range
CAMP0002406,CUST00322,Influencer,2022-11-04,2022-11,0,0,0,0,1272.55,-100.0,Mid-Range
CAMP0002407,CUST00322,Influencer,2023-09-01,2023-09,0,0,0,0,654.2,-100.0,Mid-Range
CAMP0002408,CUST00322,SMS,2022-11-01,2022-11,0,0,0,0,104.37,-100.0,Mid-Range
CAMP0002409,CUST00322,Email,2023-05-12,2023-05,0,0,0,0,22.84,-100.0,Mid-Range
CAMP0002410,CUST00322,Push Notification,2023-11-15,2023-11,1,0,0,0,29.84,-100.0,Mid-Range
CAMP0002411,CUST00322,Email,2023-01-11,2023-01,0,0,0,0,57.35,-100.0,Mid-Range
CAMP0002412,CUST00322,Paid Social,2022-06-27,2022-06,0,0,0,0,1806.94,-100.0,Mid-Range
CAMP0002413,CUST00322,Email,2022-11-04,2022-11,0,0,0,0,56.54,-100.0,Mid-Range
CAMP0002414,CUST00322,Push Notification,2022-09-26,2022-09,0,0,0,0,15.79,-100.0,Mid-Range
CAMP0002415,CUST00322,Influencer,2023-03-11,2023-03,0,0,0,0,1639.8,-100.0,Mid-Range
CAMP0002416,CUST00322,Paid Social,2023-03-21,2023-03,0,0,0,0,926.16,-100.0,Mid-Range
CAMP0002417,CUST00323,Push Notification,2024-03-18,2024-03,1,0,0,0,11.11,-100.0,Mid-Range
CAMP0002418,CUST00323,Push Notification,2023-04-10,2023-04,0,0,0,0,14.63,-100.0,Mid-Range
CAMP0002419,CUST00323,Influencer,2023-10-22,2023-10,0,0,0,0,961.63,-100.0,Mid-Range
CAMP0002420,CUST00324,SMS,2023-06-21,2023-06,0,0,0,0,51.98,-100.0,Budget
CAMP0002421,CUST00324,Display Ad,2023-11-12,2023-11,0,0,0,0,937.28,-100.0,Budget
CAMP0002422,CUST00324,Email,2023-08-23,2023-08,0,0,0,0,26.15,-100.0,Budget
CAMP0002423,CUST00324,Display Ad,2023-07-23,2023-07,0,0,0,0,418.38,-100.0,Budget
CAMP0002424,CUST00324,Display Ad,2023-08-20,2023-08,1,0,0,0,515.65,-100.0,Budget
CAMP0002425,CUST00324,SMS,2023-12-21,2023-12,0,0,0,0,102.81,-100.0,Budget
CAMP0002426,CUST00324,Paid Social,2023-11-21,2023-11,0,0,0,0,926.3,-100.0,Budget
CAMP0002427,CUST00324,Email,2023-03-21,2023-03,0,0,0,0,50.28,-100.0,Budget
CAMP0002428,CUST00324,Email,2023-09-30,2023-09,0,0,0,0,50.01,-100.0,Budget
CAMP0002429,CUST00324,Push Notification,2023-09-26,2023-09,1,0,0,0,21.48,-100.0,Budget
CAMP0002430,CUST00325,Display Ad,2022-11-07,2022-11,0,0,0,0,991.43,-100.0,Mid-Range
CAMP0002431,CUST00325,Push Notification,2023-05-09,2023-05,0,0,0,0,8.65,-100.0,Mid-Range
CAMP0002432,CUST00325,SMS,2023-12-21,2023-12,0,0,0,0,84.61,-100.0,Mid-Range
CAMP0002433,CUST00325,Influencer,2023-09-22,2023-09,1,0,0,0,1244.22,-100.0,Mid-Range
CAMP0002434,CUST00325,Email,2023-05-28,2023-05,0,0,0,0,58.16,-100.0,Mid-Range
CAMP0002435,CUST00325,Influencer,2024-01-07,2024-01,0,0,0,0,1475.46,-100.0,Mid-Range
CAMP0002436,CUST00326,SMS,2023-11-28,2023-11,1,1,1,150.33,63.86,135.4,Budget
CAMP0002437,CUST00326,Influencer,2024-02-14,2024-02,0,0,0,0,1352.04,-100.0,Budget
CAMP0002438,CUST00326,SMS,2024-03-05,2024-03,1,0,0,0,94.14,-100.0,Budget
CAMP0002439,CUST00326,Push Notification,2023-09-11,2023-09,0,0,0,0,12.24,-100.0,Budget
CAMP0002440,CUST00326,SMS,2023-12-26,2023-12,0,0,0,0,54.24,-100.0,Budget
CAMP0002441,CUST00326,Display Ad,2023-11-21,2023-11,0,0,0,0,486.69,-100.0,Budget
CAMP0002442,CUST00326,Paid Social,2023-11-02,2023-11,1,1,0,0,2438.13,-100.0,Budget
CAMP0002443,CUST00326,Influencer,2023-12-24,2023-12,1,0,0,0,476.7,-100.0,Budget
CAMP0002444,CUST00326,Push Notification,2024-03-14,2024-03,0,0,0,0,29.77,-100.0,Budget
CAMP0002445,CUST00326,Paid Social,2023-09-18,2023-09,0,0,0,0,2304.57,-100.0,Budget
CAMP0002446,CUST00326,Paid Social,2023-12-09,2023-12,0,0,0,0,1374.12,-100.0,Budget
CAMP0002447,CUST00326,SMS,2024-03-13,2024-03,0,0,0,0,97.94,-100.0,Budget
CAMP0002448,CUST00327,Email,2023-06-19,2023-06,0,0,0,0,25.93,-100.0,Mid-Range
CAMP0002449,CUST00327,Push Notification,2023-08-30,2023-08,0,0,0,0,29.42,-100.0,Mid-Range
CAMP0002450,CUST00327,Paid Social,2023-07-02,2023-07,0,0,0,0,682.73,-100.0,Mid-Range
CAMP0002451,CUST00327,Push Notification,2024-03-23,2024-03,1,0,0,0,18.05,-100.0,Mid-Range
CAMP0002452,CUST00327,SMS,2023-08-07,2023-08,0,0,0,0,100.7,-100.0,Mid-Range
CAMP0002453,CUST00327,Paid Social,2024-01-26,2024-01,0,0,0,0,1040.12,-100.0,Mid-Range
CAMP0002454,CUST00327,Display Ad,2023-10-14,2023-10,0,0,0,0,866.66,-100.0,Mid-Range
CAMP0002455,CUST00328,Email,2023-03-20,2023-03,0,0,0,0,32.03,-100.0,Budget
CAMP0002456,CUST00328,Push Notification,2023-09-02,2023-09,0,0,0,0,16.39,-100.0,Budget
CAMP0002457,CUST00328,Paid Social,2023-04-06,2023-04,0,0,0,0,1837.09,-100.0,Budget
CAMP0002458,CUST00328,Paid Social,2023-01-09,2023-01,0,0,0,0,1764.91,-100.0,Budget
CAMP0002459,CUST00328,Influencer,2023-06-20,2023-06,0,0,0,0,1346.6,-100.0,Budget
CAMP0002460,CUST00328,Email,2024-02-12,2024-02,0,0,0,0,54.74,-100.0,Budget
CAMP0002461,CUST00328,Influencer,2024-03-18,2024-03,0,0,0,0,537.15,-100.0,Budget
CAMP0002462,CUST00328,Paid Social,2023-09-14,2023-09,1,1,1,71.57,1037.13,-93.1,Budget
CAMP0002463,CUST00328,SMS,2022-12-07,2022-12,0,0,0,0,113.21,-100.0,Budget
CAMP0002464,CUST00328,Push Notification,2022-11-14,2022-11,0,0,0,0,16.42,-100.0,Budget
CAMP0002465,CUST00329,Influencer,2022-06-30,2022-06,0,0,0,0,1240.9,-100.0,Mid-Range
CAMP0002466,CUST00329,Email,2022-06-08,2022-06,0,0,0,0,33.38,-100.0,Mid-Range
CAMP0002467,CUST00329,Influencer,2022-09-28,2022-09,1,0,0,0,764.86,-100.0,Mid-Range
CAMP0002468,CUST00329,Influencer,2022-03-08,2022-03,0,0,0,0,733.05,-100.0,Mid-Range
CAMP0002469,CUST00329,SMS,2023-12-18,2023-12,0,0,0,0,50.83,-100.0,Mid-Range
CAMP0002470,CUST00329,Paid Social,2024-01-27,2024-01,1,0,0,0,2020.61,-100.0,Mid-Range
CAMP0002471,CUST00330,Paid Social,2024-03-27,2024-03,0,0,0,0,1204.82,-100.0,Luxury
CAMP0002472,CUST00330,SMS,2023-10-14,2023-10,1,0,0,0,90.18,-100.0,Luxury
CAMP0002473,CUST00330,SMS,2023-07-31,2023-07,1,0,0,0,104.07,-100.0,Luxury
CAMP0002474,CUST00330,Email,2023-08-12,2023-08,0,0,0,0,40.88,-100.0,Luxury
CAMP0002475,CUST00330,SMS,2023-11-10,2023-11,1,0,0,0,95.23,-100.0,Luxury
CAMP0002476,CUST00330,Email,2023-07-02,2023-07,0,0,0,0,33.22,-100.0,Luxury
CAMP0002477,CUST00330,Paid Social,2024-02-09,2024-02,0,0,0,0,1834.06,-100.0,Luxury
CAMP0002478,CUST00330,Push Notification,2023-09-16,2023-09,1,0,0,0,28.36,-100.0,Luxury
CAMP0002479,CUST00330,Paid Social,2023-07-27,2023-07,0,0,0,0,2548.18,-100.0,Luxury
CAMP0002480,CUST00330,Display Ad,2024-03-15,2024-03,0,0,0,0,662.19,-100.0,Luxury
CAMP0002481,CUST00331,Display Ad,2024-03-13,2024-03,0,0,0,0,754.53,-100.0,Budget
CAMP0002482,CUST00331,SMS,2023-12-31,2023-12,0,0,0,0,66.78,-100.0,Budget
CAMP0002483,CUST00331,Influencer,2023-12-26,2023-12,0,0,0,0,1067.17,-100.0,Budget
CAMP0002484,CUST00331,Push Notification,2024-03-07,2024-03,0,0,0,0,25.42,-100.0,Budget
CAMP0002485,CUST00331,Push Notification,2023-05-27,2023-05,1,0,0,0,10.35,-100.0,Budget
CAMP0002486,CUST00331,Push Notification,2023-03-26,2023-03,1,0,0,0,23.48,-100.0,Budget
CAMP0002487,CUST00331,Paid Social,2024-03-27,2024-03,0,0,0,0,1617.29,-100.0,Budget
CAMP0002488,CUST00331,SMS,2023-04-20,2023-04,0,0,0,0,103.49,-100.0,Budget
CAMP0002489,CUST00331,Paid Social,2023-07-12,2023-07,0,0,0,0,1314.43,-100.0,Budget
CAMP0002490,CUST00332,Push Notification,2023-01-07,2023-01,1,0,0,0,10.46,-100.0,Mid-Range
CAMP0002491,CUST00332,Influencer,2024-01-14,2024-01,1,0,0,0,790.11,-100.0,Mid-Range
CAMP0002492,CUST00332,Email,2023-01-14,2023-01,0,0,0,0,56.08,-100.0,Mid-Range
CAMP0002493,CUST00332,Email,2023-08-09,2023-08,1,0,0,0,33.04,-100.0,Mid-Range
CAMP0002494,CUST00332,Influencer,2022-07-01,2022-07,1,1,1,107.81,1080.9,-90.0,Mid-Range
CAMP0002495,CUST00332,Paid Social,2023-06-21,2023-06,0,0,0,0,1015.79,-100.0,Mid-Range
CAMP0002496,CUST00332,Email,2024-01-18,2024-01,1,0,0,0,38.95,-100.0,Mid-Range
CAMP0002497,CUST00332,Email,2023-09-29,2023-09,0,0,0,0,37.96,-100.0,Mid-Range
CAMP0002498,CUST00332,Email,2024-02-29,2024-02,0,0,0,0,18.44,-100.0,Mid-Range
CAMP0002499,CUST00333,Email,2023-12-18,2023-12,0,0,0,0,37.08,-100.0,Budget
CAMP0002500,CUST00333,Email,2023-05-09,2023-05,0,0,0,0,43.98,-100.0,Budget
CAMP0002501,CUST00333,Push Notification,2023-07-11,2023-07,0,0,0,0,18.08,-100.0,Budget
CAMP0002502,CUST00334,Email,2022-07-14,2022-07,0,0,0,0,37.23,-100.0,Mid-Range
CAMP0002503,CUST00334,Email,2024-03-02,2024-03,0,0,0,0,53.45,-100.0,Mid-Range
CAMP0002504,CUST00334,Paid Social,2023-12-16,2023-12,0,0,0,0,1446.97,-100.0,Mid-Range
CAMP0002505,CUST00335,Paid Social,2023-07-16,2023-07,0,0,0,0,1915.35,-100.0,Budget
CAMP0002506,CUST00335,Email,2024-03-18,2024-03,1,0,0,0,29.24,-100.0,Budget
CAMP0002507,CUST00335,Paid Social,2023-08-08,2023-08,0,0,0,0,2238.61,-100.0,Budget
CAMP0002508,CUST00335,Paid Social,2023-05-30,2023-05,0,0,0,0,805.05,-100.0,Budget
CAMP0002509,CUST00335,Paid Social,2023-09-01,2023-09,0,0,0,0,696.79,-100.0,Budget
CAMP0002510,CUST00335,Email,2024-02-25,2024-02,1,0,0,0,32.24,-100.0,Budget
CAMP0002511,CUST00335,Email,2023-07-15,2023-07,0,0,0,0,48.62,-100.0,Budget
CAMP0002512,CUST00335,Paid Social,2023-12-18,2023-12,0,0,0,0,2032.55,-100.0,Budget
CAMP0002513,CUST00335,Paid Social,2023-08-31,2023-08,0,0,0,0,1545.04,-100.0,Budget
CAMP0002514,CUST00335,Paid Social,2024-02-26,2024-02,0,0,0,0,810.9,-100.0,Budget
CAMP0002515,CUST00335,Push Notification,2024-03-21,2024-03,0,0,0,0,28.28,-100.0,Budget
CAMP0002516,CUST00336,Display Ad,2023-01-30,2023-01,0,0,0,0,867.11,-100.0,Mid-Range
CAMP0002517,CUST00336,Paid Social,2023-10-09,2023-10,0,0,0,0,2072.55,-100.0,Mid-Range
CAMP0002518,CUST00336,SMS,2023-05-24,2023-05,0,0,0,0,32.86,-100.0,Mid-Range
CAMP0002519,CUST00336,SMS,2022-12-21,2022-12,0,0,0,0,119.13,-100.0,Mid-Range
CAMP0002520,CUST00336,Display Ad,2023-02-02,2023-02,0,0,0,0,798.13,-100.0,Mid-Range
CAMP0002521,CUST00336,Paid Social,2022-12-08,2022-12,1,1,1,193.92,2229.88,-91.3,Mid-Range
CAMP0002522,CUST00336,Influencer,2024-02-08,2024-02,0,0,0,0,546.19,-100.0,Mid-Range
CAMP0002523,CUST00336,Paid Social,2023-05-21,2023-05,0,0,0,0,2394.32,-100.0,Mid-Range
CAMP0002524,CUST00336,Paid Social,2023-09-15,2023-09,1,1,0,0,1873.29,-100.0,Mid-Range
CAMP0002525,CUST00337,Paid Social,2024-02-22,2024-02,1,0,0,0,750.15,-100.0,Budget
CAMP0002526,CUST00337,Email,2023-07-03,2023-07,0,0,0,0,37.83,-100.0,Budget
CAMP0002527,CUST00337,Push Notification,2023-09-12,2023-09,0,0,0,0,24.73,-100.0,Budget
CAMP0002528,CUST00337,Display Ad,2024-03-23,2024-03,0,0,0,0,999.4,-100.0,Budget
CAMP0002529,CUST00337,Paid Social,2024-01-10,2024-01,0,0,0,0,1265.79,-100.0,Budget
CAMP0002530,CUST00338,Paid Social,2024-01-21,2024-01,1,0,0,0,696.44,-100.0,Premium
CAMP0002531,CUST00338,Paid Social,2024-03-16,2024-03,0,0,0,0,2180.41,-100.0,Premium
CAMP0002532,CUST00338,Influencer,2023-10-18,2023-10,0,0,0,0,909.6,-100.0,Premium
CAMP0002533,CUST00338,Email,2023-10-09,2023-10,1,0,0,0,54.04,-100.0,Premium
CAMP0002534,CUST00338,SMS,2024-01-01,2024-01,0,0,0,0,62.69,-100.0,Premium
CAMP0002535,CUST00338,Email,2024-02-06,2024-02,0,0,0,0,48.16,-100.0,Premium
CAMP0002536,CUST00339,Display Ad,2023-03-22,2023-03,0,0,0,0,581.29,-100.0,Premium
CAMP0002537,CUST00339,Email,2023-10-31,2023-10,0,0,0,0,30.53,-100.0,Premium
CAMP0002538,CUST00339,Paid Social,2023-04-30,2023-04,1,0,0,0,929.23,-100.0,Premium
CAMP0002539,CUST00339,Influencer,2024-02-19,2024-02,0,0,0,0,1326.12,-100.0,Premium
CAMP0002540,CUST00340,Influencer,2023-05-25,2023-05,0,0,0,0,709.64,-100.0,Luxury
CAMP0002541,CUST00340,Email,2023-02-15,2023-02,0,0,0,0,26.24,-100.0,Luxury
CAMP0002542,CUST00340,Display Ad,2023-10-24,2023-10,0,0,0,0,355.79,-100.0,Luxury
CAMP0002543,CUST00340,SMS,2023-04-22,2023-04,0,0,0,0,99.45,-100.0,Luxury
CAMP0002544,CUST00340,Paid Social,2023-03-28,2023-03,0,0,0,0,2013.21,-100.0,Luxury
CAMP0002545,CUST00340,Influencer,2023-06-16,2023-06,0,0,0,0,520.98,-100.0,Luxury
CAMP0002546,CUST00340,Email,2023-03-13,2023-03,1,0,0,0,16.58,-100.0,Luxury
CAMP0002547,CUST00340,SMS,2024-03-23,2024-03,0,0,0,0,108.15,-100.0,Luxury
CAMP0002548,CUST00340,Push Notification,2024-02-20,2024-02,0,0,0,0,17.26,-100.0,Luxury
CAMP0002549,CUST00340,Influencer,2024-03-28,2024-03,0,0,0,0,1518.97,-100.0,Luxury
CAMP0002550,CUST00340,Influencer,2023-02-16,2023-02,1,0,0,0,747.17,-100.0,Luxury
CAMP0002551,CUST00340,Paid Social,2023-06-30,2023-06,0,0,0,0,2070.32,-100.0,Luxury
CAMP0002552,CUST00341,Display Ad,2022-11-28,2022-11,0,0,0,0,540.82,-100.0,Budget
CAMP0002553,CUST00341,Paid Social,2023-12-12,2023-12,0,0,0,0,1657.33,-100.0,Budget
CAMP0002554,CUST00341,Paid Social,2023-11-25,2023-11,0,0,0,0,980.51,-100.0,Budget
CAMP0002555,CUST00341,Paid Social,2023-03-14,2023-03,0,0,0,0,1325.15,-100.0,Budget
CAMP0002556,CUST00341,Paid Social,2022-12-14,2022-12,0,0,0,0,1464.63,-100.0,Budget
CAMP0002557,CUST00341,Display Ad,2024-03-01,2024-03,0,0,0,0,605.67,-100.0,Budget
CAMP0002558,CUST00341,Email,2022-11-29,2022-11,1,0,0,0,38.13,-100.0,Budget
CAMP0002559,CUST00341,Paid Social,2023-11-16,2023-11,1,1,0,0,1321.87,-100.0,Budget
CAMP0002560,CUST00341,Display Ad,2022-12-06,2022-12,0,0,0,0,1016.92,-100.0,Budget
CAMP0002561,CUST00341,Influencer,2023-10-03,2023-10,0,0,0,0,1010.38,-100.0,Budget
CAMP0002562,CUST00341,Paid Social,2023-02-06,2023-02,0,0,0,0,904.72,-100.0,Budget
CAMP0002563,CUST00341,Email,2023-06-28,2023-06,1,1,0,0,56.73,-100.0,Budget
CAMP0002564,CUST00342,SMS,2024-01-12,2024-01,0,0,0,0,61.37,-100.0,Mid-Range
CAMP0002565,CUST00342,Email,2023-03-25,2023-03,0,0,0,0,33.68,-100.0,Mid-Range
CAMP0002566,CUST00342,Paid Social,2022-06-16,2022-06,0,0,0,0,2425.31,-100.0,Mid-Range
CAMP0002567,CUST00342,SMS,2024-02-03,2024-02,0,0,0,0,101.81,-100.0,Mid-Range
CAMP0002568,CUST00342,Paid Social,2023-11-17,2023-11,0,0,0,0,2359.7,-100.0,Mid-Range
CAMP0002569,CUST00342,Paid Social,2022-06-13,2022-06,0,0,0,0,803.98,-100.0,Mid-Range
CAMP0002570,CUST00342,Display Ad,2023-12-09,2023-12,0,0,0,0,630.23,-100.0,Mid-Range
CAMP0002571,CUST00342,Influencer,2023-05-18,2023-05,0,0,0,0,907.62,-100.0,Mid-Range
CAMP0002572,CUST00342,Email,2023-11-09,2023-11,0,0,0,0,29.78,-100.0,Mid-Range
CAMP0002573,CUST00342,SMS,2023-04-20,2023-04,1,1,1,167.29,32.01,422.6,Mid-Range
CAMP0002574,CUST00343,Paid Social,2024-02-26,2024-02,0,0,0,0,769.55,-100.0,Mid-Range
CAMP0002575,CUST00343,Influencer,2022-10-18,2022-10,0,0,0,0,736.11,-100.0,Mid-Range
CAMP0002576,CUST00343,Paid Social,2023-10-04,2023-10,0,0,0,0,1413.89,-100.0,Mid-Range
CAMP0002577,CUST00344,Influencer,2023-09-30,2023-09,0,0,0,0,1125.43,-100.0,Luxury
CAMP0002578,CUST00344,Email,2024-02-11,2024-02,0,0,0,0,39.38,-100.0,Luxury
CAMP0002579,CUST00344,SMS,2023-09-30,2023-09,0,0,0,0,70.33,-100.0,Luxury
CAMP0002580,CUST00344,Paid Social,2023-04-29,2023-04,1,0,0,0,1432.55,-100.0,Luxury
CAMP0002581,CUST00344,Email,2023-06-28,2023-06,0,0,0,0,36.58,-100.0,Luxury
CAMP0002582,CUST00344,Paid Social,2023-09-19,2023-09,0,0,0,0,1619.18,-100.0,Luxury
CAMP0002583,CUST00345,Influencer,2024-01-31,2024-01,0,0,0,0,1188.91,-100.0,Budget
CAMP0002584,CUST00345,Display Ad,2023-10-23,2023-10,0,0,0,0,684.61,-100.0,Budget
CAMP0002585,CUST00345,Paid Social,2024-03-24,2024-03,0,0,0,0,760.63,-100.0,Budget
CAMP0002586,CUST00345,Paid Social,2024-01-29,2024-01,0,0,0,0,1331.24,-100.0,Budget
CAMP0002587,CUST00345,Email,2024-01-25,2024-01,0,0,0,0,51.89,-100.0,Budget
CAMP0002588,CUST00345,Push Notification,2024-03-30,2024-03,0,0,0,0,17.08,-100.0,Budget
CAMP0002589,CUST00346,Paid Social,2023-03-19,2023-03,0,0,0,0,2116.12,-100.0,Mid-Range
CAMP0002590,CUST00346,Email,2023-09-20,2023-09,0,0,0,0,36.65,-100.0,Mid-Range
CAMP0002591,CUST00346,Email,2024-03-04,2024-03,0,0,0,0,18.99,-100.0,Mid-Range
CAMP0002592,CUST00346,Paid Social,2023-04-03,2023-04,0,0,0,0,1696.4,-100.0,Mid-Range
CAMP0002593,CUST00347,Display Ad,2024-03-16,2024-03,0,0,0,0,850.88,-100.0,Premium
CAMP0002594,CUST00347,SMS,2024-01-31,2024-01,0,0,0,0,49.82,-100.0,Premium
CAMP0002595,CUST00347,Email,2023-05-14,2023-05,0,0,0,0,49.67,-100.0,Premium
CAMP0002596,CUST00347,Paid Social,2024-02-11,2024-02,0,0,0,0,1031.87,-100.0,Premium
CAMP0002597,CUST00347,Email,2024-01-29,2024-01,0,0,0,0,36.43,-100.0,Premium
CAMP0002598,CUST00348,Influencer,2022-12-09,2022-12,0,0,0,0,701.93,-100.0,Budget
CAMP0002599,CUST00348,Paid Social,2023-04-10,2023-04,0,0,0,0,1894.96,-100.0,Budget
CAMP0002600,CUST00348,Email,2023-06-08,2023-06,1,0,0,0,45.91,-100.0,Budget
CAMP0002601,CUST00349,Paid Social,2024-01-07,2024-01,0,0,0,0,1386.26,-100.0,Mid-Range
CAMP0002602,CUST00349,Paid Social,2022-09-20,2022-09,0,0,0,0,2384.92,-100.0,Mid-Range
CAMP0002603,CUST00349,Paid Social,2023-06-21,2023-06,0,0,0,0,1290.09,-100.0,Mid-Range
CAMP0002604,CUST00349,Influencer,2024-01-21,2024-01,0,0,0,0,1296.76,-100.0,Mid-Range
CAMP0002605,CUST00350,Paid Social,2023-09-26,2023-09,0,0,0,0,1932.33,-100.0,Budget
CAMP0002606,CUST00350,Push Notification,2023-08-20,2023-08,0,0,0,0,14.12,-100.0,Budget
CAMP0002607,CUST00350,Influencer,2023-04-17,2023-04,0,0,0,0,1588.8,-100.0,Budget
CAMP0002608,CUST00350,Paid Social,2023-08-04,2023-08,0,0,0,0,1723.91,-100.0,Budget
CAMP0002609,CUST00350,Paid Social,2023-11-21,2023-11,0,0,0,0,2349.88,-100.0,Budget
CAMP0002610,CUST00350,Email,2022-09-21,2022-09,0,0,0,0,45.93,-100.0,Budget
CAMP0002611,CUST00350,Email,2023-08-22,2023-08,0,0,0,0,52.53,-100.0,Budget
CAMP0002612,CUST00350,Email,2023-01-15,2023-01,1,0,0,0,51.3,-100.0,Budget
CAMP0002613,CUST00350,Paid Social,2022-11-05,2022-11,0,0,0,0,1503.7,-100.0,Budget
CAMP0002614,CUST00350,Paid Social,2023-04-06,2023-04,0,0,0,0,1610.23,-100.0,Budget
CAMP0002615,CUST00350,Display Ad,2024-03-23,2024-03,0,0,0,0,792.39,-100.0,Budget
CAMP0002616,CUST00351,Email,2024-02-03,2024-02,1,0,0,0,31.05,-100.0,Mid-Range
CAMP0002617,CUST00351,Email,2023-03-18,2023-03,0,0,0,0,29.13,-100.0,Mid-Range
CAMP0002618,CUST00351,Email,2023-02-11,2023-02,0,0,0,0,55.68,-100.0,Mid-Range
CAMP0002619,CUST00351,Email,2023-09-17,2023-09,0,0,0,0,26.4,-100.0,Mid-Range
CAMP0002620,CUST00351,Display Ad,2023-11-14,2023-11,0,0,0,0,624.47,-100.0,Mid-Range
CAMP0002621,CUST00352,Email,2024-03-19,2024-03,0,0,0,0,18.47,-100.0,Budget
CAMP0002622,CUST00352,Email,2022-09-11,2022-09,0,0,0,0,23.96,-100.0,Budget
CAMP0002623,CUST00352,SMS,2023-11-16,2023-11,0,0,0,0,100.64,-100.0,Budget
CAMP0002624,CUST00352,Push Notification,2024-01-20,2024-01,1,0,0,0,19.19,-100.0,Budget
CAMP0002625,CUST00352,Email,2023-01-21,2023-01,0,0,0,0,34.52,-100.0,Budget
CAMP0002626,CUST00352,Paid Social,2023-12-15,2023-12,0,0,0,0,1834.21,-100.0,Budget
CAMP0002627,CUST00352,Email,2022-11-12,2022-11,0,0,0,0,53.98,-100.0,Budget
CAMP0002628,CUST00352,Push Notification,2023-09-10,2023-09,0,0,0,0,19.33,-100.0,Budget
CAMP0002629,CUST00352,Email,2023-02-07,2023-02,0,0,0,0,36.84,-100.0,Budget
CAMP0002630,CUST00352,Display Ad,2023-03-09,2023-03,0,0,0,0,348.91,-100.0,Budget
CAMP0002631,CUST00353,Paid Social,2023-12-19,2023-12,0,0,0,0,1070.19,-100.0,Mid-Range
CAMP0002632,CUST00353,Email,2024-01-11,2024-01,0,0,0,0,43.86,-100.0,Mid-Range
CAMP0002633,CUST00353,Display Ad,2023-07-22,2023-07,0,0,0,0,836.79,-100.0,Mid-Range
CAMP0002634,CUST00354,Paid Social,2022-04-26,2022-04,1,1,0,0,778.65,-100.0,Luxury
CAMP0002635,CUST00354,Email,2022-02-24,2022-02,0,0,0,0,23.93,-100.0,Luxury
CAMP0002636,CUST00354,Influencer,2024-01-14,2024-01,0,0,0,0,1511.83,-100.0,Luxury
CAMP0002637,CUST00354,Email,2023-07-09,2023-07,0,0,0,0,42.48,-100.0,Luxury
CAMP0002638,CUST00354,Paid Social,2022-09-09,2022-09,0,0,0,0,1330.97,-100.0,Luxury
CAMP0002639,CUST00354,Push Notification,2022-12-16,2022-12,1,0,0,0,18.7,-100.0,Luxury
CAMP0002640,CUST00354,Email,2023-04-05,2023-04,0,0,0,0,23.04,-100.0,Luxury
CAMP0002641,CUST00355,Paid Social,2024-02-18,2024-02,0,0,0,0,1531.13,-100.0,Mid-Range
CAMP0002642,CUST00355,Push Notification,2023-12-22,2023-12,0,0,0,0,11.45,-100.0,Mid-Range
CAMP0002643,CUST00355,Email,2023-12-07,2023-12,0,0,0,0,47.6,-100.0,Mid-Range
CAMP0002644,CUST00355,Paid Social,2023-08-05,2023-08,0,0,0,0,1656.59,-100.0,Mid-Range
CAMP0002645,CUST00355,Paid Social,2022-06-08,2022-06,1,1,0,0,886.86,-100.0,Mid-Range
CAMP0002646,CUST00355,SMS,2022-05-07,2022-05,0,0,0,0,113.13,-100.0,Mid-Range
CAMP0002647,CUST00355,Email,2022-11-19,2022-11,0,0,0,0,21.24,-100.0,Mid-Range
CAMP0002648,CUST00355,Influencer,2023-04-09,2023-04,0,0,0,0,958.26,-100.0,Mid-Range
CAMP0002649,CUST00356,Push Notification,2023-08-20,2023-08,0,0,0,0,22.97,-100.0,Budget
CAMP0002650,CUST00356,Influencer,2023-05-07,2023-05,0,0,0,0,1535.84,-100.0,Budget
CAMP0002651,CUST00356,Display Ad,2023-02-16,2023-02,0,0,0,0,1021.4,-100.0,Budget
CAMP0002652,CUST00356,Paid Social,2022-11-29,2022-11,0,0,0,0,1493.91,-100.0,Budget
CAMP0002653,CUST00356,Paid Social,2022-07-01,2022-07,0,0,0,0,2379.15,-100.0,Budget
CAMP0002654,CUST00356,Paid Social,2023-04-11,2023-04,0,0,0,0,888.83,-100.0,Budget
CAMP0002655,CUST00356,Paid Social,2022-12-10,2022-12,0,0,0,0,1460.42,-100.0,Budget
CAMP0002656,CUST00356,Email,2022-12-29,2022-12,0,0,0,0,50.64,-100.0,Budget
CAMP0002657,CUST00357,Paid Social,2022-12-12,2022-12,0,0,0,0,1451.31,-100.0,Mid-Range
CAMP0002658,CUST00357,SMS,2022-12-30,2022-12,1,1,0,0,39.31,-100.0,Mid-Range
CAMP0002659,CUST00357,Display Ad,2022-09-26,2022-09,0,0,0,0,1033.12,-100.0,Mid-Range
CAMP0002660,CUST00357,Paid Social,2023-07-04,2023-07,0,0,0,0,1083.44,-100.0,Mid-Range
CAMP0002661,CUST00357,Display Ad,2023-02-07,2023-02,0,0,0,0,298.29,-100.0,Mid-Range
CAMP0002662,CUST00358,Email,2023-09-02,2023-09,0,0,0,0,47.28,-100.0,Budget
CAMP0002663,CUST00358,Email,2023-09-25,2023-09,0,0,0,0,27.55,-100.0,Budget
CAMP0002664,CUST00358,Display Ad,2023-12-20,2023-12,0,0,0,0,788.12,-100.0,Budget
CAMP0002665,CUST00358,SMS,2024-01-28,2024-01,0,0,0,0,68.49,-100.0,Budget
CAMP0002666,CUST00358,Influencer,2023-09-01,2023-09,0,0,0,0,957.67,-100.0,Budget
CAMP0002667,CUST00358,Paid Social,2024-01-30,2024-01,0,0,0,0,1702.93,-100.0,Budget
CAMP0002668,CUST00358,SMS,2023-11-24,2023-11,0,0,0,0,95.83,-100.0,Budget
CAMP0002669,CUST00358,Paid Social,2024-01-15,2024-01,0,0,0,0,2047.77,-100.0,Budget
CAMP0002670,CUST00358,Influencer,2024-03-08,2024-03,0,0,0,0,964.33,-100.0,Budget
CAMP0002671,CUST00358,Email,2023-10-18,2023-10,0,0,0,0,27.36,-100.0,Budget
CAMP0002672,CUST00359,Influencer,2024-01-06,2024-01,0,0,0,0,946.84,-100.0,Budget
CAMP0002673,CUST00359,Email,2023-08-09,2023-08,1,0,0,0,32.29,-100.0,Budget
CAMP0002674,CUST00359,SMS,2024-02-15,2024-02,0,0,0,0,71.15,-100.0,Budget
CAMP0002675,CUST00359,Email,2023-12-27,2023-12,1,0,0,0,34.23,-100.0,Budget
CAMP0002676,CUST00359,Email,2023-09-26,2023-09,1,0,0,0,28.15,-100.0,Budget
CAMP0002677,CUST00359,Push Notification,2023-06-27,2023-06,0,0,0,0,19.23,-100.0,Budget
CAMP0002678,CUST00359,Paid Social,2023-06-16,2023-06,1,0,0,0,1814.39,-100.0,Budget
CAMP0002679,CUST00360,Influencer,2024-03-11,2024-03,0,0,0,0,1303.66,-100.0,Mid-Range
CAMP0002680,CUST00360,Paid Social,2023-10-12,2023-10,1,0,0,0,864.45,-100.0,Mid-Range
CAMP0002681,CUST00360,Push Notification,2024-03-31,2024-03,0,0,0,0,19.19,-100.0,Mid-Range
CAMP0002682,CUST00360,Email,2024-01-17,2024-01,0,0,0,0,16.65,-100.0,Mid-Range
CAMP0002683,CUST00360,Paid Social,2023-11-25,2023-11,0,0,0,0,1546.79,-100.0,Mid-Range
CAMP0002684,CUST00360,Email,2023-09-05,2023-09,0,0,0,0,44.02,-100.0,Mid-Range
CAMP0002685,CUST00360,Paid Social,2023-10-10,2023-10,0,0,0,0,2546.05,-100.0,Mid-Range
CAMP0002686,CUST00360,Paid Social,2024-01-31,2024-01,0,0,0,0,1933.67,-100.0,Mid-Range
CAMP0002687,CUST00360,Email,2024-03-19,2024-03,1,1,0,0,48.32,-100.0,Mid-Range
CAMP0002688,CUST00360,Influencer,2024-02-22,2024-02,0,0,0,0,1406.26,-100.0,Mid-Range
CAMP0002689,CUST00361,Email,2023-08-12,2023-08,0,0,0,0,29.63,-100.0,Budget
CAMP0002690,CUST00361,Email,2022-06-27,2022-06,1,0,0,0,30.53,-100.0,Budget
CAMP0002691,CUST00361,Email,2023-01-18,2023-01,0,0,0,0,25.93,-100.0,Budget
CAMP0002692,CUST00361,SMS,2024-02-19,2024-02,1,0,0,0,37.97,-100.0,Budget
CAMP0002693,CUST00361,Influencer,2024-01-13,2024-01,1,1,0,0,1215.62,-100.0,Budget
CAMP0002694,CUST00361,Paid Social,2022-12-26,2022-12,0,0,0,0,1454.04,-100.0,Budget
CAMP0002695,CUST00361,Paid Social,2022-11-03,2022-11,1,0,0,0,1963.57,-100.0,Budget
CAMP0002696,CUST00361,Influencer,2022-10-04,2022-10,0,0,0,0,977.63,-100.0,Budget
CAMP0002697,CUST00361,Paid Social,2023-11-29,2023-11,1,0,0,0,1468.51,-100.0,Budget
CAMP0002698,CUST00362,Paid Social,2023-11-30,2023-11,0,0,0,0,1762.16,-100.0,Budget
CAMP0002699,CUST00362,Paid Social,2024-02-07,2024-02,0,0,0,0,793.68,-100.0,Budget
CAMP0002700,CUST00362,Email,2023-08-18,2023-08,0,0,0,0,58.95,-100.0,Budget
CAMP0002701,CUST00362,Email,2023-12-23,2023-12,1,0,0,0,56.68,-100.0,Budget
CAMP0002702,CUST00363,Email,2023-06-07,2023-06,0,0,0,0,37.28,-100.0,Mid-Range
CAMP0002703,CUST00363,Email,2022-08-01,2022-08,1,0,0,0,29.39,-100.0,Mid-Range
CAMP0002704,CUST00363,Push Notification,2022-12-27,2022-12,0,0,0,0,12.48,-100.0,Mid-Range
CAMP0002705,CUST00363,Paid Social,2022-02-19,2022-02,0,0,0,0,2221.52,-100.0,Mid-Range
CAMP0002706,CUST00363,Push Notification,2023-03-16,2023-03,0,0,0,0,9.9,-100.0,Mid-Range
CAMP0002707,CUST00363,SMS,2023-10-23,2023-10,0,0,0,0,82.04,-100.0,Mid-Range
CAMP0002708,CUST00363,Display Ad,2023-10-21,2023-10,0,0,0,0,727.59,-100.0,Mid-Range
CAMP0002709,CUST00363,Email,2022-07-29,2022-07,0,0,0,0,22.7,-100.0,Mid-Range
CAMP0002710,CUST00363,Paid Social,2024-03-05,2024-03,1,1,1,156.48,2081.6,-92.5,Mid-Range
CAMP0002711,CUST00363,SMS,2023-05-01,2023-05,0,0,0,0,75.27,-100.0,Mid-Range
CAMP0002712,CUST00363,Email,2023-02-08,2023-02,1,1,0,0,49.85,-100.0,Mid-Range
CAMP0002713,CUST00364,Influencer,2023-10-02,2023-10,0,0,0,0,644.24,-100.0,Premium
CAMP0002714,CUST00364,SMS,2023-09-06,2023-09,0,0,0,0,85.75,-100.0,Premium
CAMP0002715,CUST00364,Paid Social,2023-11-09,2023-11,0,0,0,0,1414.95,-100.0,Premium
CAMP0002716,CUST00365,Paid Social,2024-03-11,2024-03,1,0,0,0,2122.36,-100.0,Budget
CAMP0002717,CUST00365,Display Ad,2023-06-13,2023-06,0,0,0,0,864.48,-100.0,Budget
CAMP0002718,CUST00365,Paid Social,2023-12-31,2023-12,0,0,0,0,2253.15,-100.0,Budget
CAMP0002719,CUST00365,Paid Social,2024-03-15,2024-03,0,0,0,0,736.54,-100.0,Budget
CAMP0002720,CUST00365,Influencer,2024-02-17,2024-02,0,0,0,0,1192.9,-100.0,Budget
CAMP0002721,CUST00365,Email,2023-11-05,2023-11,0,0,0,0,41.56,-100.0,Budget
CAMP0002722,CUST00365,Influencer,2023-03-31,2023-03,1,0,0,0,824.31,-100.0,Budget
CAMP0002723,CUST00366,Display Ad,2024-02-01,2024-02,0,0,0,0,799.02,-100.0,Premium
CAMP0002724,CUST00366,Email,2023-09-28,2023-09,0,0,0,0,35.14,-100.0,Premium
CAMP0002725,CUST00366,Email,2024-03-08,2024-03,0,0,0,0,59.91,-100.0,Premium
CAMP0002726,CUST00366,Paid Social,2023-07-04,2023-07,0,0,0,0,1549.8,-100.0,Premium
CAMP0002727,CUST00366,Push Notification,2023-03-09,2023-03,0,0,0,0,26.27,-100.0,Premium
CAMP0002728,CUST00366,Paid Social,2023-05-10,2023-05,0,0,0,0,1062.92,-100.0,Premium
CAMP0002729,CUST00366,Display Ad,2023-04-03,2023-04,0,0,0,0,684.49,-100.0,Premium
CAMP0002730,CUST00366,Email,2023-11-02,2023-11,0,0,0,0,20.17,-100.0,Premium
CAMP0002731,CUST00367,Display Ad,2023-08-08,2023-08,0,0,0,0,340.31,-100.0,Budget
CAMP0002732,CUST00367,Email,2023-07-20,2023-07,1,1,1,44.65,50.94,-12.3,Budget
CAMP0002733,CUST00367,Email,2023-02-01,2023-02,0,0,0,0,35.78,-100.0,Budget
CAMP0002734,CUST00367,Email,2022-12-12,2022-12,0,0,0,0,51.72,-100.0,Budget
CAMP0002735,CUST00367,SMS,2023-07-02,2023-07,0,0,0,0,118.75,-100.0,Budget
CAMP0002736,CUST00367,Email,2023-07-23,2023-07,0,0,0,0,53.9,-100.0,Budget
CAMP0002737,CUST00367,Email,2023-11-08,2023-11,1,0,0,0,40.71,-100.0,Budget
CAMP0002738,CUST00367,Influencer,2023-08-15,2023-08,0,0,0,0,1286.44,-100.0,Budget
CAMP0002739,CUST00367,Push Notification,2023-01-06,2023-01,0,0,0,0,21.11,-100.0,Budget
CAMP0002740,CUST00367,Email,2024-02-19,2024-02,0,0,0,0,43.51,-100.0,Budget
CAMP0002741,CUST00368,Paid Social,2023-10-17,2023-10,0,0,0,0,2011.91,-100.0,Premium
CAMP0002742,CUST00368,Push Notification,2023-05-12,2023-05,0,0,0,0,20.87,-100.0,Premium
CAMP0002743,CUST00368,SMS,2024-03-18,2024-03,1,1,0,0,47.42,-100.0,Premium
CAMP0002744,CUST00369,SMS,2024-02-24,2024-02,0,0,0,0,39.75,-100.0,Budget
CAMP0002745,CUST00369,Paid Social,2023-10-06,2023-10,0,0,0,0,2330.28,-100.0,Budget
CAMP0002746,CUST00369,Paid Social,2023-09-27,2023-09,0,0,0,0,1840.82,-100.0,Budget
CAMP0002747,CUST00369,Email,2023-11-23,2023-11,0,0,0,0,37.71,-100.0,Budget
CAMP0002748,CUST00369,Paid Social,2023-10-09,2023-10,0,0,0,0,1281.26,-100.0,Budget
CAMP0002749,CUST00369,Email,2024-03-08,2024-03,0,0,0,0,39.27,-100.0,Budget
CAMP0002750,CUST00370,Push Notification,2024-01-15,2024-01,0,0,0,0,27.39,-100.0,Budget
CAMP0002751,CUST00370,Email,2024-02-13,2024-02,0,0,0,0,30.79,-100.0,Budget
CAMP0002752,CUST00370,Paid Social,2023-09-12,2023-09,0,0,0,0,916.32,-100.0,Budget
CAMP0002753,CUST00370,Push Notification,2023-11-13,2023-11,0,0,0,0,29.55,-100.0,Budget
CAMP0002754,CUST00371,Push Notification,2023-01-04,2023-01,0,0,0,0,14.05,-100.0,Mid-Range
CAMP0002755,CUST00371,Email,2023-08-09,2023-08,1,1,0,0,57.42,-100.0,Mid-Range
CAMP0002756,CUST00371,SMS,2022-12-19,2022-12,1,0,0,0,106.33,-100.0,Mid-Range
CAMP0002757,CUST00371,Email,2023-12-14,2023-12,0,0,0,0,21.5,-100.0,Mid-Range
CAMP0002758,CUST00371,Email,2023-08-07,2023-08,0,0,0,0,31.83,-100.0,Mid-Range
CAMP0002759,CUST00371,Email,2023-12-22,2023-12,1,1,0,0,23.56,-100.0,Mid-Range
CAMP0002760,CUST00371,Paid Social,2022-09-14,2022-09,0,0,0,0,1668.5,-100.0,Mid-Range
CAMP0002761,CUST00371,Paid Social,2024-03-30,2024-03,0,0,0,0,2176.92,-100.0,Mid-Range
CAMP0002762,CUST00371,Email,2023-02-20,2023-02,0,0,0,0,54.36,-100.0,Mid-Range
CAMP0002763,CUST00371,Paid Social,2023-03-28,2023-03,1,0,0,0,2111.62,-100.0,Mid-Range
CAMP0002764,CUST00371,Display Ad,2023-12-28,2023-12,0,0,0,0,514.11,-100.0,Mid-Range
CAMP0002765,CUST00371,Display Ad,2023-02-18,2023-02,0,0,0,0,333.35,-100.0,Mid-Range
CAMP0002766,CUST00372,Paid Social,2024-02-12,2024-02,1,0,0,0,885.19,-100.0,Budget
CAMP0002767,CUST00372,Influencer,2023-12-19,2023-12,0,0,0,0,1582.44,-100.0,Budget
CAMP0002768,CUST00372,Push Notification,2024-01-12,2024-01,0,0,0,0,19.18,-100.0,Budget
CAMP0002769,CUST00372,Influencer,2024-02-23,2024-02,0,0,0,0,1301.56,-100.0,Budget
CAMP0002770,CUST00373,Display Ad,2024-02-29,2024-02,0,0,0,0,953.01,-100.0,Mid-Range
CAMP0002771,CUST00373,SMS,2024-02-02,2024-02,0,0,0,0,75.34,-100.0,Mid-Range
CAMP0002772,CUST00373,Email,2023-12-22,2023-12,1,1,0,0,37.55,-100.0,Mid-Range
CAMP0002773,CUST00373,Email,2023-09-08,2023-09,0,0,0,0,40.42,-100.0,Mid-Range
CAMP0002774,CUST00374,Influencer,2023-03-31,2023-03,0,0,0,0,1091.5,-100.0,Premium
CAMP0002775,CUST00374,Email,2023-08-31,2023-08,0,0,0,0,53.89,-100.0,Premium
CAMP0002776,CUST00374,Push Notification,2022-10-20,2022-10,0,0,0,0,9.49,-100.0,Premium
CAMP0002777,CUST00374,Influencer,2022-07-04,2022-07,1,0,0,0,707.31,-100.0,Premium
CAMP0002778,CUST00374,Paid Social,2022-02-09,2022-02,0,0,0,0,1884.56,-100.0,Premium
CAMP0002779,CUST00374,Paid Social,2024-01-05,2024-01,0,0,0,0,2045.08,-100.0,Premium
CAMP0002780,CUST00374,Influencer,2023-12-06,2023-12,1,0,0,0,1262.35,-100.0,Premium
CAMP0002781,CUST00374,Influencer,2022-06-26,2022-06,0,0,0,0,1268.28,-100.0,Premium
CAMP0002782,CUST00374,Email,2023-12-25,2023-12,1,1,1,42.71,31.24,36.7,Premium
CAMP0002783,CUST00374,Paid Social,2023-10-16,2023-10,0,0,0,0,887.49,-100.0,Premium
CAMP0002784,CUST00374,Display Ad,2022-07-04,2022-07,0,0,0,0,794.69,-100.0,Premium
CAMP0002785,CUST00375,Influencer,2023-05-03,2023-05,0,0,0,0,980.9,-100.0,Budget
CAMP0002786,CUST00375,Paid Social,2023-02-02,2023-02,0,0,0,0,1952.56,-100.0,Budget
CAMP0002787,CUST00375,Email,2023-03-22,2023-03,1,0,0,0,21.46,-100.0,Budget
CAMP0002788,CUST00375,Paid Social,2023-04-08,2023-04,1,0,0,0,2258.11,-100.0,Budget
CAMP0002789,CUST00375,Influencer,2022-12-06,2022-12,0,0,0,0,1385.2,-100.0,Budget
CAMP0002790,CUST00375,Push Notification,2023-04-06,2023-04,0,0,0,0,17.17,-100.0,Budget
CAMP0002791,CUST00375,SMS,2024-02-23,2024-02,1,1,1,116.11,62.87,84.7,Budget
CAMP0002792,CUST00376,Paid Social,2023-08-22,2023-08,0,0,0,0,2532.3,-100.0,Luxury
CAMP0002793,CUST00376,Influencer,2023-02-06,2023-02,0,0,0,0,1459.29,-100.0,Luxury
CAMP0002794,CUST00376,Paid Social,2023-05-05,2023-05,0,0,0,0,1903.08,-100.0,Luxury
CAMP0002795,CUST00376,Email,2024-02-07,2024-02,0,0,0,0,57.15,-100.0,Luxury
CAMP0002796,CUST00376,Push Notification,2023-12-11,2023-12,1,0,0,0,16.43,-100.0,Luxury
CAMP0002797,CUST00376,Email,2023-01-16,2023-01,0,0,0,0,47.3,-100.0,Luxury
CAMP0002798,CUST00376,Push Notification,2023-04-01,2023-04,0,0,0,0,11.42,-100.0,Luxury
CAMP0002799,CUST00377,Push Notification,2024-02-21,2024-02,1,0,0,0,28.37,-100.0,Mid-Range
CAMP0002800,CUST00377,SMS,2023-10-19,2023-10,0,0,0,0,106.25,-100.0,Mid-Range
CAMP0002801,CUST00377,Influencer,2024-03-15,2024-03,0,0,0,0,1270.1,-100.0,Mid-Range
CAMP0002802,CUST00377,SMS,2023-12-19,2023-12,0,0,0,0,96.26,-100.0,Mid-Range
CAMP0002803,CUST00377,SMS,2023-09-18,2023-09,0,0,0,0,93.34,-100.0,Mid-Range
CAMP0002804,CUST00377,Email,2024-01-31,2024-01,0,0,0,0,19.02,-100.0,Mid-Range
CAMP0002805,CUST00377,Email,2023-09-17,2023-09,1,0,0,0,24.75,-100.0,Mid-Range
CAMP0002806,CUST00377,Email,2024-02-13,2024-02,0,0,0,0,40.82,-100.0,Mid-Range
CAMP0002807,CUST00377,SMS,2024-03-12,2024-03,0,0,0,0,81.77,-100.0,Mid-Range
CAMP0002808,CUST00378,Influencer,2023-11-04,2023-11,0,0,0,0,1495.9,-100.0,Premium
CAMP0002809,CUST00378,Influencer,2023-08-08,2023-08,0,0,0,0,1146.27,-100.0,Premium
CAMP0002810,CUST00378,Email,2023-12-10,2023-12,0,0,0,0,53.82,-100.0,Premium
CAMP0002811,CUST00378,Display Ad,2023-11-08,2023-11,0,0,0,0,311.68,-100.0,Premium
CAMP0002812,CUST00378,Paid Social,2023-05-29,2023-05,1,1,0,0,1308.46,-100.0,Premium
CAMP0002813,CUST00378,SMS,2023-11-05,2023-11,1,0,0,0,90.92,-100.0,Premium
CAMP0002814,CUST00378,Push Notification,2023-09-28,2023-09,0,0,0,0,15.12,-100.0,Premium
CAMP0002815,CUST00378,SMS,2023-11-11,2023-11,0,0,0,0,79.51,-100.0,Premium
CAMP0002816,CUST00378,Paid Social,2024-02-26,2024-02,0,0,0,0,2343.42,-100.0,Premium
CAMP0002817,CUST00379,Display Ad,2022-08-24,2022-08,0,0,0,0,569.22,-100.0,Mid-Range
CAMP0002818,CUST00379,SMS,2023-12-25,2023-12,0,0,0,0,32.15,-100.0,Mid-Range
CAMP0002819,CUST00379,Email,2022-11-27,2022-11,1,0,0,0,38.77,-100.0,Mid-Range
CAMP0002820,CUST00379,Paid Social,2024-01-30,2024-01,0,0,0,0,1536.62,-100.0,Mid-Range
CAMP0002821,CUST00379,Push Notification,2023-07-21,2023-07,0,0,0,0,19.72,-100.0,Mid-Range
CAMP0002822,CUST00379,Email,2022-10-26,2022-10,0,0,0,0,25.0,-100.0,Mid-Range
CAMP0002823,CUST00379,Display Ad,2023-05-17,2023-05,0,0,0,0,838.76,-100.0,Mid-Range
CAMP0002824,CUST00379,Display Ad,2024-02-20,2024-02,0,0,0,0,703.26,-100.0,Mid-Range
CAMP0002825,CUST00380,Paid Social,2023-08-23,2023-08,0,0,0,0,1743.5,-100.0,Luxury
CAMP0002826,CUST00380,Paid Social,2023-08-05,2023-08,0,0,0,0,912.57,-100.0,Luxury
CAMP0002827,CUST00380,Influencer,2023-04-20,2023-04,1,0,0,0,736.38,-100.0,Luxury
CAMP0002828,CUST00380,Display Ad,2024-01-16,2024-01,0,0,0,0,421.08,-100.0,Luxury
CAMP0002829,CUST00380,Push Notification,2023-12-03,2023-12,0,0,0,0,15.55,-100.0,Luxury
CAMP0002830,CUST00380,SMS,2024-03-26,2024-03,1,0,0,0,115.76,-100.0,Luxury
CAMP0002831,CUST00380,SMS,2023-08-23,2023-08,0,0,0,0,57.89,-100.0,Luxury
CAMP0002832,CUST00380,Influencer,2023-10-12,2023-10,0,0,0,0,1408.78,-100.0,Luxury
CAMP0002833,CUST00381,Email,2024-03-16,2024-03,0,0,0,0,48.15,-100.0,Budget
CAMP0002834,CUST00381,Push Notification,2023-12-13,2023-12,0,0,0,0,11.34,-100.0,Budget
CAMP0002835,CUST00381,Influencer,2023-04-10,2023-04,0,0,0,0,1026.22,-100.0,Budget
CAMP0002836,CUST00381,Email,2022-10-26,2022-10,0,0,0,0,46.94,-100.0,Budget
CAMP0002837,CUST00381,Email,2024-01-19,2024-01,0,0,0,0,34.14,-100.0,Budget
CAMP0002838,CUST00382,Influencer,2022-12-10,2022-12,0,0,0,0,1526.19,-100.0,Budget
CAMP0002839,CUST00382,Paid Social,2023-10-08,2023-10,0,0,0,0,1790.51,-100.0,Budget
CAMP0002840,CUST00382,Email,2022-11-17,2022-11,1,0,0,0,17.98,-100.0,Budget
CAMP0002841,CUST00382,Email,2023-07-10,2023-07,0,0,0,0,40.91,-100.0,Budget
CAMP0002842,CUST00382,Email,2023-09-03,2023-09,0,0,0,0,34.82,-100.0,Budget
CAMP0002843,CUST00383,Paid Social,2022-06-13,2022-06,1,0,0,0,1295.38,-100.0,Luxury
CAMP0002844,CUST00383,Push Notification,2023-03-17,2023-03,0,0,0,0,15.16,-100.0,Luxury
CAMP0002845,CUST00383,Paid Social,2022-07-20,2022-07,1,0,0,0,2081.75,-100.0,Luxury
CAMP0002846,CUST00383,Email,2023-08-30,2023-08,0,0,0,0,37.26,-100.0,Luxury
CAMP0002847,CUST00383,Email,2022-05-14,2022-05,0,0,0,0,19.91,-100.0,Luxury
CAMP0002848,CUST00383,Influencer,2022-11-11,2022-11,1,0,0,0,616.84,-100.0,Luxury
CAMP0002849,CUST00383,Email,2022-11-29,2022-11,1,0,0,0,51.33,-100.0,Luxury
CAMP0002850,CUST00383,Email,2023-03-07,2023-03,0,0,0,0,25.05,-100.0,Luxury
CAMP0002851,CUST00384,Display Ad,2023-08-05,2023-08,0,0,0,0,669.81,-100.0,Premium
CAMP0002852,CUST00384,Display Ad,2023-08-02,2023-08,0,0,0,0,473.61,-100.0,Premium
CAMP0002853,CUST00384,Paid Social,2023-11-13,2023-11,1,0,0,0,1530.87,-100.0,Premium
CAMP0002854,CUST00384,Email,2023-09-01,2023-09,0,0,0,0,31.52,-100.0,Premium
CAMP0002855,CUST00384,SMS,2023-08-26,2023-08,0,0,0,0,87.12,-100.0,Premium
CAMP0002856,CUST00384,Paid Social,2023-11-03,2023-11,0,0,0,0,1042.35,-100.0,Premium
CAMP0002857,CUST00385,Email,2022-09-21,2022-09,0,0,0,0,42.32,-100.0,Mid-Range
CAMP0002858,CUST00385,Email,2023-09-29,2023-09,0,0,0,0,50.56,-100.0,Mid-Range
CAMP0002859,CUST00385,Influencer,2024-02-09,2024-02,0,0,0,0,808.96,-100.0,Mid-Range
CAMP0002860,CUST00385,Paid Social,2023-11-06,2023-11,0,0,0,0,2162.19,-100.0,Mid-Range
CAMP0002861,CUST00386,Email,2023-08-16,2023-08,0,0,0,0,38.71,-100.0,Luxury
CAMP0002862,CUST00386,Influencer,2024-02-28,2024-02,0,0,0,0,1361.08,-100.0,Luxury
CAMP0002863,CUST00386,Influencer,2022-05-03,2022-05,0,0,0,0,1584.9,-100.0,Luxury
CAMP0002864,CUST00387,Paid Social,2024-01-06,2024-01,0,0,0,0,1231.29,-100.0,Mid-Range
CAMP0002865,CUST00387,Influencer,2024-02-12,2024-02,0,0,0,0,805.47,-100.0,Mid-Range
CAMP0002866,CUST00387,Influencer,2024-01-19,2024-01,0,0,0,0,1510.79,-100.0,Mid-Range
CAMP0002867,CUST00387,Email,2024-01-11,2024-01,0,0,0,0,27.48,-100.0,Mid-Range
CAMP0002868,CUST00387,Push Notification,2024-02-25,2024-02,0,0,0,0,16.84,-100.0,Mid-Range
CAMP0002869,CUST00387,Influencer,2023-11-26,2023-11,0,0,0,0,904.86,-100.0,Mid-Range
CAMP0002870,CUST00387,Paid Social,2023-06-27,2023-06,0,0,0,0,2413.3,-100.0,Mid-Range
CAMP0002871,CUST00387,Paid Social,2023-05-24,2023-05,0,0,0,0,1618.75,-100.0,Mid-Range
CAMP0002872,CUST00387,Paid Social,2023-08-20,2023-08,0,0,0,0,1224.74,-100.0,Mid-Range
CAMP0002873,CUST00387,Email,2024-01-10,2024-01,1,1,1,124.82,32.5,284.1,Mid-Range
CAMP0002874,CUST00388,Email,2024-02-12,2024-02,0,0,0,0,19.5,-100.0,Mid-Range
CAMP0002875,CUST00388,Push Notification,2023-08-17,2023-08,0,0,0,0,29.0,-100.0,Mid-Range
CAMP0002876,CUST00388,Email,2023-05-05,2023-05,0,0,0,0,48.37,-100.0,Mid-Range
CAMP0002877,CUST00388,Influencer,2023-05-22,2023-05,1,0,0,0,1617.36,-100.0,Mid-Range
CAMP0002878,CUST00388,Email,2023-08-08,2023-08,1,0,0,0,26.9,-100.0,Mid-Range
CAMP0002879,CUST00388,Paid Social,2023-03-29,2023-03,1,1,0,0,1328.48,-100.0,Mid-Range
CAMP0002880,CUST00388,Push Notification,2024-02-17,2024-02,0,0,0,0,9.3,-100.0,Mid-Range
CAMP0002881,CUST00388,Influencer,2023-01-02,2023-01,1,0,0,0,1321.45,-100.0,Mid-Range
CAMP0002882,CUST00388,Email,2023-06-14,2023-06,0,0,0,0,27.38,-100.0,Mid-Range
CAMP0002883,CUST00388,Paid Social,2023-08-30,2023-08,0,0,0,0,942.62,-100.0,Mid-Range
CAMP0002884,CUST00388,Influencer,2023-12-01,2023-12,0,0,0,0,845.18,-100.0,Mid-Range
CAMP0002885,CUST00389,Influencer,2024-03-25,2024-03,1,1,0,0,1327.4,-100.0,Mid-Range
CAMP0002886,CUST00389,Paid Social,2023-09-28,2023-09,0,0,0,0,705.15,-100.0,Mid-Range
CAMP0002887,CUST00389,Email,2023-10-12,2023-10,0,0,0,0,22.97,-100.0,Mid-Range
CAMP0002888,CUST00389,SMS,2023-10-28,2023-10,1,0,0,0,63.83,-100.0,Mid-Range
CAMP0002889,CUST00389,Email,2023-10-24,2023-10,0,0,0,0,51.42,-100.0,Mid-Range
CAMP0002890,CUST00390,Email,2023-05-24,2023-05,0,0,0,0,44.53,-100.0,Budget
CAMP0002891,CUST00390,Influencer,2023-08-30,2023-08,0,0,0,0,582.99,-100.0,Budget
CAMP0002892,CUST00390,Influencer,2023-04-06,2023-04,0,0,0,0,1365.49,-100.0,Budget
CAMP0002893,CUST00390,Influencer,2023-03-18,2023-03,1,0,0,0,948.83,-100.0,Budget
CAMP0002894,CUST00390,Paid Social,2022-07-15,2022-07,0,0,0,0,1024.08,-100.0,Budget
CAMP0002895,CUST00390,Influencer,2023-03-08,2023-03,0,0,0,0,944.33,-100.0,Budget
CAMP0002896,CUST00390,Display Ad,2023-07-30,2023-07,0,0,0,0,909.41,-100.0,Budget
CAMP0002897,CUST00391,Paid Social,2023-12-06,2023-12,0,0,0,0,2412.46,-100.0,Mid-Range
CAMP0002898,CUST00391,Email,2023-09-15,2023-09,0,0,0,0,33.36,-100.0,Mid-Range
CAMP0002899,CUST00391,Email,2023-05-03,2023-05,1,1,0,0,49.84,-100.0,Mid-Range
CAMP0002900,CUST00391,Display Ad,2023-05-24,2023-05,1,0,0,0,1030.08,-100.0,Mid-Range
CAMP0002901,CUST00391,Email,2023-05-12,2023-05,0,0,0,0,37.32,-100.0,Mid-Range
CAMP0002902,CUST00391,Email,2023-12-14,2023-12,1,0,0,0,27.24,-100.0,Mid-Range
CAMP0002903,CUST00391,Push Notification,2023-04-13,2023-04,0,0,0,0,16.4,-100.0,Mid-Range
CAMP0002904,CUST00391,Email,2023-05-31,2023-05,1,0,0,0,21.51,-100.0,Mid-Range
CAMP0002905,CUST00391,Influencer,2023-04-17,2023-04,1,1,1,177.2,983.6,-82.0,Mid-Range
CAMP0002906,CUST00392,Email,2023-05-03,2023-05,0,0,0,0,30.39,-100.0,Mid-Range
CAMP0002907,CUST00392,Influencer,2024-02-12,2024-02,0,0,0,0,972.57,-100.0,Mid-Range
CAMP0002908,CUST00392,Email,2023-06-01,2023-06,0,0,0,0,30.67,-100.0,Mid-Range
CAMP0002909,CUST00392,SMS,2023-10-21,2023-10,0,0,0,0,88.77,-100.0,Mid-Range
CAMP0002910,CUST00392,Paid Social,2023-08-23,2023-08,0,0,0,0,1931.71,-100.0,Mid-Range
CAMP0002911,CUST00392,Paid Social,2023-03-19,2023-03,1,0,0,0,1941.72,-100.0,Mid-Range
CAMP0002912,CUST00392,Influencer,2023-07-07,2023-07,0,0,0,0,791.86,-100.0,Mid-Range
CAMP0002913,CUST00392,SMS,2024-03-09,2024-03,0,0,0,0,82.22,-100.0,Mid-Range
CAMP0002914,CUST00392,Email,2023-12-16,2023-12,0,0,0,0,35.75,-100.0,Mid-Range
CAMP0002915,CUST00393,SMS,2023-07-21,2023-07,0,0,0,0,101.68,-100.0,Budget
CAMP0002916,CUST00393,SMS,2023-11-27,2023-11,0,0,0,0,61.02,-100.0,Budget
CAMP0002917,CUST00393,Display Ad,2023-07-02,2023-07,0,0,0,0,637.68,-100.0,Budget
CAMP0002918,CUST00393,Push Notification,2023-10-07,2023-10,0,0,0,0,14.35,-100.0,Budget
CAMP0002919,CUST00393,Display Ad,2023-06-28,2023-06,0,0,0,0,807.66,-100.0,Budget
CAMP0002920,CUST00393,Push Notification,2023-11-05,2023-11,0,0,0,0,28.59,-100.0,Budget
CAMP0002921,CUST00393,Email,2023-09-19,2023-09,0,0,0,0,19.3,-100.0,Budget
CAMP0002922,CUST00393,Push Notification,2024-02-19,2024-02,0,0,0,0,23.47,-100.0,Budget
CAMP0002923,CUST00394,Display Ad,2024-01-31,2024-01,0,0,0,0,308.78,-100.0,Mid-Range
CAMP0002924,CUST00394,Email,2023-11-17,2023-11,0,0,0,0,44.92,-100.0,Mid-Range
CAMP0002925,CUST00394,Email,2024-03-27,2024-03,0,0,0,0,55.77,-100.0,Mid-Range
CAMP0002926,CUST00395,Push Notification,2023-04-24,2023-04,0,0,0,0,19.46,-100.0,Mid-Range
CAMP0002927,CUST00395,Email,2023-10-29,2023-10,1,0,0,0,23.28,-100.0,Mid-Range
CAMP0002928,CUST00395,Email,2024-01-01,2024-01,1,0,0,0,20.25,-100.0,Mid-Range
CAMP0002929,CUST00395,Email,2024-02-16,2024-02,1,1,0,0,26.51,-100.0,Mid-Range
CAMP0002930,CUST00396,Influencer,2023-11-27,2023-11,0,0,0,0,1054.73,-100.0,Budget
CAMP0002931,CUST00396,Push Notification,2023-08-31,2023-08,0,0,0,0,19.62,-100.0,Budget
CAMP0002932,CUST00396,Influencer,2024-01-23,2024-01,0,0,0,0,956.63,-100.0,Budget
CAMP0002933,CUST00396,Paid Social,2023-07-18,2023-07,1,0,0,0,2373.94,-100.0,Budget
CAMP0002934,CUST00396,Email,2023-07-12,2023-07,1,0,0,0,37.82,-100.0,Budget
CAMP0002935,CUST00396,Paid Social,2024-02-01,2024-02,0,0,0,0,1169.89,-100.0,Budget
CAMP0002936,CUST00396,Paid Social,2024-01-13,2024-01,0,0,0,0,1292.79,-100.0,Budget
CAMP0002937,CUST00396,Paid Social,2023-09-16,2023-09,0,0,0,0,994.87,-100.0,Budget
CAMP0002938,CUST00396,Email,2023-06-19,2023-06,0,0,0,0,23.41,-100.0,Budget
CAMP0002939,CUST00397,Email,2024-01-18,2024-01,0,0,0,0,33.44,-100.0,Luxury
CAMP0002940,CUST00397,Push Notification,2024-03-26,2024-03,0,0,0,0,29.44,-100.0,Luxury
CAMP0002941,CUST00397,Paid Social,2024-03-23,2024-03,0,0,0,0,2016.56,-100.0,Luxury
CAMP0002942,CUST00397,Push Notification,2023-11-19,2023-11,0,0,0,0,26.31,-100.0,Luxury
CAMP0002943,CUST00397,Paid Social,2023-12-13,2023-12,0,0,0,0,1564.55,-100.0,Luxury
CAMP0002944,CUST00397,Push Notification,2023-10-10,2023-10,1,0,0,0,15.81,-100.0,Luxury
CAMP0002945,CUST00397,Push Notification,2023-11-16,2023-11,1,0,0,0,26.06,-100.0,Luxury
CAMP0002946,CUST00397,Paid Social,2023-09-02,2023-09,0,0,0,0,2079.87,-100.0,Luxury
CAMP0002947,CUST00397,Paid Social,2023-08-25,2023-08,0,0,0,0,2527.84,-100.0,Luxury
CAMP0002948,CUST00397,Paid Social,2023-10-30,2023-10,0,0,0,0,1531.57,-100.0,Luxury
CAMP0002949,CUST00398,Email,2022-11-21,2022-11,0,0,0,0,54.0,-100.0,Budget
CAMP0002950,CUST00398,Influencer,2023-06-29,2023-06,0,0,0,0,947.63,-100.0,Budget
CAMP0002951,CUST00398,SMS,2023-02-19,2023-02,0,0,0,0,45.62,-100.0,Budget
CAMP0002952,CUST00398,Influencer,2023-02-19,2023-02,0,0,0,0,487.56,-100.0,Budget
CAMP0002953,CUST00398,Email,2024-03-17,2024-03,0,0,0,0,29.99,-100.0,Budget
CAMP0002954,CUST00398,Influencer,2023-09-01,2023-09,1,0,0,0,1385.43,-100.0,Budget
CAMP0002955,CUST00398,Email,2022-10-17,2022-10,1,0,0,0,23.17,-100.0,Budget
CAMP0002956,CUST00398,Email,2024-02-02,2024-02,0,0,0,0,40.15,-100.0,Budget
CAMP0002957,CUST00398,Influencer,2022-07-12,2022-07,1,0,0,0,959.93,-100.0,Budget
CAMP0002958,CUST00398,Display Ad,2023-04-09,2023-04,0,0,0,0,543.67,-100.0,Budget
CAMP0002959,CUST00398,Push Notification,2023-04-20,2023-04,0,0,0,0,12.66,-100.0,Budget
CAMP0002960,CUST00398,Push Notification,2023-05-23,2023-05,0,0,0,0,29.14,-100.0,Budget
CAMP0002961,CUST00399,Paid Social,2023-12-05,2023-12,1,0,0,0,1044.04,-100.0,Mid-Range
CAMP0002962,CUST00399,Paid Social,2023-09-30,2023-09,0,0,0,0,1369.52,-100.0,Mid-Range
CAMP0002963,CUST00399,Display Ad,2022-10-25,2022-10,0,0,0,0,702.94,-100.0,Mid-Range
CAMP0002964,CUST00399,Email,2022-07-16,2022-07,0,0,0,0,33.92,-100.0,Mid-Range
CAMP0002965,CUST00399,Email,2023-11-04,2023-11,0,0,0,0,43.26,-100.0,Mid-Range
CAMP0002966,CUST00399,Email,2022-09-17,2022-09,0,0,0,0,54.73,-100.0,Mid-Range
CAMP0002967,CUST00399,Display Ad,2024-02-27,2024-02,0,0,0,0,356.78,-100.0,Mid-Range
CAMP0002968,CUST00399,SMS,2024-02-09,2024-02,1,1,0,0,93.68,-100.0,Mid-Range
CAMP0002969,CUST00399,Email,2023-06-20,2023-06,0,0,0,0,19.86,-100.0,Mid-Range
CAMP0002970,CUST00399,Email,2023-11-25,2023-11,0,0,0,0,31.44,-100.0,Mid-Range
CAMP0002971,CUST00400,Push Notification,2023-12-18,2023-12,0,0,0,0,26.19,-100.0,Mid-Range
CAMP0002972,CUST00400,Paid Social,2023-02-14,2023-02,0,0,0,0,1367.21,-100.0,Mid-Range
CAMP0002973,CUST00400,Display Ad,2023-08-21,2023-08,1,1,0,0,625.67,-100.0,Mid-Range
CAMP0002974,CUST00401,Display Ad,2023-07-04,2023-07,0,0,0,0,289.37,-100.0,Budget
CAMP0002975,CUST00401,Influencer,2023-12-23,2023-12,1,1,1,86.96,1054.81,-91.8,Budget
CAMP0002976,CUST00401,Email,2024-01-27,2024-01,0,0,0,0,59.03,-100.0,Budget
CAMP0002977,CUST00401,Paid Social,2024-01-23,2024-01,0,0,0,0,825.0,-100.0,Budget
CAMP0002978,CUST00402,Push Notification,2023-03-02,2023-03,0,0,0,0,19.46,-100.0,Premium
CAMP0002979,CUST00402,Email,2023-06-08,2023-06,0,0,0,0,27.75,-100.0,Premium
CAMP0002980,CUST00402,Influencer,2022-03-24,2022-03,0,0,0,0,499.77,-100.0,Premium
CAMP0002981,CUST00402,Email,2023-01-17,2023-01,1,0,0,0,42.4,-100.0,Premium
CAMP0002982,CUST00402,Email,2023-12-14,2023-12,0,0,0,0,42.5,-100.0,Premium
CAMP0002983,CUST00402,SMS,2024-02-16,2024-02,0,0,0,0,33.02,-100.0,Premium
CAMP0002984,CUST00402,Influencer,2023-01-13,2023-01,0,0,0,0,946.3,-100.0,Premium
CAMP0002985,CUST00402,Email,2023-03-13,2023-03,0,0,0,0,44.33,-100.0,Premium
CAMP0002986,CUST00402,Email,2023-05-21,2023-05,0,0,0,0,44.58,-100.0,Premium
CAMP0002987,CUST00402,SMS,2022-04-10,2022-04,1,0,0,0,43.35,-100.0,Premium
CAMP0002988,CUST00402,SMS,2022-12-10,2022-12,1,0,0,0,52.76,-100.0,Premium
CAMP0002989,CUST00402,Push Notification,2024-02-25,2024-02,0,0,0,0,24.0,-100.0,Premium
CAMP0002990,CUST00403,Influencer,2023-11-13,2023-11,0,0,0,0,865.8,-100.0,Budget
CAMP0002991,CUST00403,Email,2023-04-07,2023-04,0,0,0,0,52.72,-100.0,Budget
CAMP0002992,CUST00403,Email,2023-08-25,2023-08,0,0,0,0,27.78,-100.0,Budget
CAMP0002993,CUST00403,Email,2023-11-09,2023-11,0,0,0,0,20.68,-100.0,Budget
CAMP0002994,CUST00403,Display Ad,2024-03-02,2024-03,0,0,0,0,728.21,-100.0,Budget
CAMP0002995,CUST00404,Display Ad,2022-03-29,2022-03,1,0,0,0,666.01,-100.0,Budget
CAMP0002996,CUST00404,Paid Social,2023-11-14,2023-11,0,0,0,0,1582.5,-100.0,Budget
CAMP0002997,CUST00404,Paid Social,2023-05-08,2023-05,1,0,0,0,754.93,-100.0,Budget
CAMP0002998,CUST00404,SMS,2022-11-22,2022-11,0,0,0,0,33.86,-100.0,Budget
CAMP0002999,CUST00404,Influencer,2022-06-04,2022-06,1,1,0,0,925.1,-100.0,Budget
CAMP0003000,CUST00404,Email,2023-10-02,2023-10,1,0,0,0,40.68,-100.0,Budget
CAMP0003001,CUST00404,Email,2023-01-11,2023-01,0,0,0,0,39.79,-100.0,Budget
CAMP0003002,CUST00404,Email,2022-07-04,2022-07,0,0,0,0,24.91,-100.0,Budget
CAMP0003003,CUST00404,Paid Social,2023-11-28,2023-11,0,0,0,0,1020.74,-100.0,Budget
CAMP0003004,CUST00404,Paid Social,2024-03-08,2024-03,0,0,0,0,1156.06,-100.0,Budget
CAMP0003005,CUST00404,Display Ad,2023-11-05,2023-11,0,0,0,0,307.8,-100.0,Budget
CAMP0003006,CUST00405,Email,2022-11-28,2022-11,1,0,0,0,25.14,-100.0,Premium
CAMP0003007,CUST00405,Paid Social,2023-03-18,2023-03,1,1,1,49.09,723.09,-93.2,Premium
CAMP0003008,CUST00405,Push Notification,2022-05-08,2022-05,0,0,0,0,22.72,-100.0,Premium
CAMP0003009,CUST00405,Influencer,2023-09-08,2023-09,0,0,0,0,772.29,-100.0,Premium
CAMP0003010,CUST00405,Push Notification,2023-07-06,2023-07,0,0,0,0,22.94,-100.0,Premium
CAMP0003011,CUST00406,Email,2023-12-31,2023-12,0,0,0,0,45.12,-100.0,Premium
CAMP0003012,CUST00406,Email,2023-11-28,2023-11,0,0,0,0,18.04,-100.0,Premium
CAMP0003013,CUST00406,Paid Social,2024-02-07,2024-02,0,0,0,0,1862.0,-100.0,Premium
CAMP0003014,CUST00407,Influencer,2023-10-25,2023-10,0,0,0,0,1138.57,-100.0,Luxury
CAMP0003015,CUST00407,Paid Social,2022-06-01,2022-06,0,0,0,0,1205.29,-100.0,Luxury
CAMP0003016,CUST00407,Email,2023-06-21,2023-06,0,0,0,0,29.53,-100.0,Luxury
CAMP0003017,CUST00408,Push Notification,2023-12-29,2023-12,0,0,0,0,17.47,-100.0,Mid-Range
CAMP0003018,CUST00408,Influencer,2023-06-06,2023-06,1,0,0,0,1511.94,-100.0,Mid-Range
CAMP0003019,CUST00408,Paid Social,2023-06-23,2023-06,0,0,0,0,1063.26,-100.0,Mid-Range
CAMP0003020,CUST00408,Display Ad,2023-11-30,2023-11,0,0,0,0,793.08,-100.0,Mid-Range
CAMP0003021,CUST00408,Paid Social,2023-11-23,2023-11,0,0,0,0,2254.66,-100.0,Mid-Range
CAMP0003022,CUST00408,Display Ad,2023-09-30,2023-09,1,1,1,133.64,1021.02,-86.9,Mid-Range
CAMP0003023,CUST00408,Email,2023-08-14,2023-08,1,1,1,116.22,48.73,138.5,Mid-Range
CAMP0003024,CUST00408,Push Notification,2023-11-16,2023-11,0,0,0,0,24.39,-100.0,Mid-Range
CAMP0003025,CUST00408,Push Notification,2024-01-01,2024-01,0,0,0,0,27.86,-100.0,Mid-Range
CAMP0003026,CUST00409,SMS,2023-06-12,2023-06,0,0,0,0,101.46,-100.0,Mid-Range
CAMP0003027,CUST00409,Email,2022-09-19,2022-09,0,0,0,0,23.85,-100.0,Mid-Range
CAMP0003028,CUST00409,Push Notification,2023-12-09,2023-12,0,0,0,0,15.96,-100.0,Mid-Range
CAMP0003029,CUST00409,Email,2024-02-26,2024-02,0,0,0,0,57.66,-100.0,Mid-Range
CAMP0003030,CUST00409,SMS,2023-12-23,2023-12,0,0,0,0,45.18,-100.0,Mid-Range
CAMP0003031,CUST00410,Display Ad,2024-02-14,2024-02,0,0,0,0,545.25,-100.0,Budget
CAMP0003032,CUST00410,SMS,2022-10-20,2022-10,1,1,1,59.76,100.31,-40.4,Budget
CAMP0003033,CUST00410,Email,2024-01-14,2024-01,1,1,0,0,38.52,-100.0,Budget
CAMP0003034,CUST00410,Paid Social,2022-09-17,2022-09,0,0,0,0,1944.08,-100.0,Budget
CAMP0003035,CUST00410,SMS,2022-10-08,2022-10,1,0,0,0,38.2,-100.0,Budget
CAMP0003036,CUST00410,Paid Social,2023-05-22,2023-05,0,0,0,0,2172.04,-100.0,Budget
CAMP0003037,CUST00410,Paid Social,2023-09-04,2023-09,0,0,0,0,2041.93,-100.0,Budget
CAMP0003038,CUST00411,Push Notification,2024-03-30,2024-03,1,1,1,66.34,20.3,226.8,Budget
CAMP0003039,CUST00411,Display Ad,2023-09-26,2023-09,1,0,0,0,432.25,-100.0,Budget
CAMP0003040,CUST00411,Email,2024-03-31,2024-03,0,0,0,0,29.15,-100.0,Budget
CAMP0003041,CUST00411,Display Ad,2024-01-01,2024-01,0,0,0,0,408.19,-100.0,Budget
CAMP0003042,CUST00411,Email,2024-01-01,2024-01,0,0,0,0,43.62,-100.0,Budget
CAMP0003043,CUST00411,Push Notification,2023-12-03,2023-12,1,1,0,0,16.15,-100.0,Budget
CAMP0003044,CUST00411,SMS,2024-01-19,2024-01,0,0,0,0,77.28,-100.0,Budget
CAMP0003045,CUST00412,Email,2023-10-15,2023-10,1,0,0,0,40.36,-100.0,Mid-Range
CAMP0003046,CUST00412,Email,2024-01-20,2024-01,1,0,0,0,38.53,-100.0,Mid-Range
CAMP0003047,CUST00412,Paid Social,2024-03-20,2024-03,0,0,0,0,1999.93,-100.0,Mid-Range
CAMP0003048,CUST00412,Email,2024-01-08,2024-01,0,0,0,0,46.18,-100.0,Mid-Range
CAMP0003049,CUST00412,Paid Social,2024-03-18,2024-03,0,0,0,0,941.11,-100.0,Mid-Range
CAMP0003050,CUST00412,SMS,2023-07-16,2023-07,0,0,0,0,54.48,-100.0,Mid-Range
CAMP0003051,CUST00412,Email,2023-08-04,2023-08,0,0,0,0,27.65,-100.0,Mid-Range
CAMP0003052,CUST00412,Paid Social,2023-08-23,2023-08,0,0,0,0,1482.15,-100.0,Mid-Range
CAMP0003053,CUST00412,Email,2023-08-17,2023-08,0,0,0,0,57.57,-100.0,Mid-Range
CAMP0003054,CUST00412,SMS,2023-10-04,2023-10,1,0,0,0,74.37,-100.0,Mid-Range
CAMP0003055,CUST00413,Email,2024-02-20,2024-02,1,0,0,0,35.51,-100.0,Budget
CAMP0003056,CUST00413,Email,2023-08-08,2023-08,1,0,0,0,18.03,-100.0,Budget
CAMP0003057,CUST00413,Email,2024-02-14,2024-02,1,0,0,0,44.04,-100.0,Budget
CAMP0003058,CUST00413,Influencer,2023-09-08,2023-09,0,0,0,0,485.27,-100.0,Budget
CAMP0003059,CUST00413,Paid Social,2023-08-31,2023-08,0,0,0,0,2237.03,-100.0,Budget
CAMP0003060,CUST00414,Influencer,2022-08-17,2022-08,0,0,0,0,451.14,-100.0,Budget
CAMP0003061,CUST00414,Influencer,2024-01-26,2024-01,0,0,0,0,1446.35,-100.0,Budget
CAMP0003062,CUST00414,Display Ad,2023-03-17,2023-03,0,0,0,0,668.39,-100.0,Budget
CAMP0003063,CUST00414,Paid Social,2022-10-06,2022-10,0,0,0,0,2425.7,-100.0,Budget
CAMP0003064,CUST00414,Email,2023-09-17,2023-09,0,0,0,0,24.24,-100.0,Budget
CAMP0003065,CUST00414,Paid Social,2023-05-16,2023-05,1,0,0,0,1983.04,-100.0,Budget
CAMP0003066,CUST00414,Email,2023-07-01,2023-07,1,0,0,0,21.74,-100.0,Budget
CAMP0003067,CUST00415,Influencer,2023-04-04,2023-04,1,1,0,0,1366.59,-100.0,Mid-Range
CAMP0003068,CUST00415,Email,2023-03-05,2023-03,0,0,0,0,58.51,-100.0,Mid-Range
CAMP0003069,CUST00415,Paid Social,2023-05-22,2023-05,0,0,0,0,1248.84,-100.0,Mid-Range
CAMP0003070,CUST00415,Paid Social,2023-11-18,2023-11,0,0,0,0,769.64,-100.0,Mid-Range
CAMP0003071,CUST00415,Push Notification,2023-12-04,2023-12,0,0,0,0,17.73,-100.0,Mid-Range
CAMP0003072,CUST00415,Paid Social,2023-03-22,2023-03,1,1,0,0,1938.88,-100.0,Mid-Range
CAMP0003073,CUST00415,Email,2023-10-13,2023-10,0,0,0,0,55.23,-100.0,Mid-Range
CAMP0003074,CUST00416,Paid Social,2023-01-12,2023-01,0,0,0,0,1848.69,-100.0,Premium
CAMP0003075,CUST00416,Display Ad,2023-04-09,2023-04,0,0,0,0,1010.51,-100.0,Premium
CAMP0003076,CUST00416,Email,2023-11-14,2023-11,1,0,0,0,51.21,-100.0,Premium
CAMP0003077,CUST00416,Display Ad,2023-12-23,2023-12,0,0,0,0,700.78,-100.0,Premium
CAMP0003078,CUST00416,Display Ad,2023-12-26,2023-12,0,0,0,0,371.28,-100.0,Premium
CAMP0003079,CUST00416,Paid Social,2023-12-16,2023-12,0,0,0,0,2188.59,-100.0,Premium
CAMP0003080,CUST00416,Paid Social,2023-11-29,2023-11,0,0,0,0,1477.5,-100.0,Premium
CAMP0003081,CUST00416,Paid Social,2024-01-09,2024-01,0,0,0,0,2251.6,-100.0,Premium
CAMP0003082,CUST00416,Paid Social,2023-10-01,2023-10,0,0,0,0,1497.22,-100.0,Premium
CAMP0003083,CUST00416,Push Notification,2023-08-12,2023-08,1,1,0,0,23.46,-100.0,Premium
CAMP0003084,CUST00416,Paid Social,2024-01-04,2024-01,1,0,0,0,2153.62,-100.0,Premium
CAMP0003085,CUST00416,Push Notification,2024-03-04,2024-03,1,0,0,0,21.05,-100.0,Premium
CAMP0003086,CUST00417,Email,2023-05-29,2023-05,1,0,0,0,35.34,-100.0,Premium
CAMP0003087,CUST00417,Push Notification,2022-11-17,2022-11,0,0,0,0,18.97,-100.0,Premium
CAMP0003088,CUST00417,SMS,2023-02-27,2023-02,0,0,0,0,117.2,-100.0,Premium
CAMP0003089,CUST00417,Paid Social,2022-11-12,2022-11,0,0,0,0,1921.99,-100.0,Premium
CAMP0003090,CUST00417,Email,2024-02-17,2024-02,0,0,0,0,33.18,-100.0,Premium
CAMP0003091,CUST00417,Email,2024-02-09,2024-02,0,0,0,0,55.63,-100.0,Premium
CAMP0003092,CUST00417,Influencer,2024-02-23,2024-02,1,1,1,193.29,752.26,-74.3,Premium
CAMP0003093,CUST00417,Email,2023-07-02,2023-07,0,0,0,0,30.81,-100.0,Premium
CAMP0003094,CUST00417,Email,2023-10-04,2023-10,1,0,0,0,24.43,-100.0,Premium
CAMP0003095,CUST00417,Push Notification,2023-12-01,2023-12,1,0,0,0,12.1,-100.0,Premium
CAMP0003096,CUST00417,SMS,2023-05-10,2023-05,0,0,0,0,92.68,-100.0,Premium
CAMP0003097,CUST00418,Email,2023-03-09,2023-03,0,0,0,0,18.51,-100.0,Budget
CAMP0003098,CUST00418,Influencer,2022-08-02,2022-08,1,0,0,0,745.26,-100.0,Budget
CAMP0003099,CUST00418,Email,2022-10-09,2022-10,0,0,0,0,54.1,-100.0,Budget
CAMP0003100,CUST00418,Paid Social,2023-08-09,2023-08,0,0,0,0,768.1,-100.0,Budget
CAMP0003101,CUST00418,Influencer,2022-10-03,2022-10,0,0,0,0,652.25,-100.0,Budget
CAMP0003102,CUST00418,Email,2023-11-25,2023-11,0,0,0,0,37.17,-100.0,Budget
CAMP0003103,CUST00418,Paid Social,2024-02-26,2024-02,1,1,0,0,1833.47,-100.0,Budget
CAMP0003104,CUST00419,Email,2023-12-11,2023-12,1,1,0,0,33.21,-100.0,Premium
CAMP0003105,CUST00419,Paid Social,2023-09-18,2023-09,1,1,1,68.12,2368.2,-97.1,Premium
CAMP0003106,CUST00419,Paid Social,2024-01-28,2024-01,0,0,0,0,1357.18,-100.0,Premium
CAMP0003107,CUST00419,SMS,2023-12-09,2023-12,0,0,0,0,32.54,-100.0,Premium
CAMP0003108,CUST00420,Influencer,2023-11-30,2023-11,0,0,0,0,719.56,-100.0,Premium
CAMP0003109,CUST00420,Influencer,2024-01-29,2024-01,0,0,0,0,773.34,-100.0,Premium
CAMP0003110,CUST00420,Email,2023-10-18,2023-10,1,0,0,0,56.23,-100.0,Premium
CAMP0003111,CUST00420,Influencer,2024-01-01,2024-01,0,0,0,0,1451.11,-100.0,Premium
CAMP0003112,CUST00420,Influencer,2023-12-17,2023-12,1,0,0,0,1600.71,-100.0,Premium
CAMP0003113,CUST00420,Paid Social,2024-02-22,2024-02,0,0,0,0,2505.12,-100.0,Premium
CAMP0003114,CUST00420,SMS,2024-03-02,2024-03,0,0,0,0,36.88,-100.0,Premium
CAMP0003115,CUST00420,Paid Social,2023-10-11,2023-10,0,0,0,0,985.91,-100.0,Premium
CAMP0003116,CUST00421,Paid Social,2023-04-12,2023-04,0,0,0,0,2501.77,-100.0,Budget
CAMP0003117,CUST00421,Paid Social,2023-10-13,2023-10,0,0,0,0,1759.41,-100.0,Budget
CAMP0003118,CUST00421,Paid Social,2023-09-25,2023-09,0,0,0,0,1716.32,-100.0,Budget
CAMP0003119,CUST00421,Push Notification,2024-03-14,2024-03,1,0,0,0,16.15,-100.0,Budget
CAMP0003120,CUST00421,Paid Social,2023-07-29,2023-07,0,0,0,0,2259.01,-100.0,Budget
CAMP0003121,CUST00421,Paid Social,2023-07-10,2023-07,0,0,0,0,1407.54,-100.0,Budget
CAMP0003122,CUST00421,Paid Social,2023-06-22,2023-06,0,0,0,0,2214.57,-100.0,Budget
CAMP0003123,CUST00421,Email,2023-09-01,2023-09,0,0,0,0,24.44,-100.0,Budget
CAMP0003124,CUST00421,Email,2023-04-24,2023-04,0,0,0,0,25.84,-100.0,Budget
CAMP0003125,CUST00422,Email,2023-06-07,2023-06,0,0,0,0,28.41,-100.0,Premium
CAMP0003126,CUST00422,Paid Social,2022-12-17,2022-12,0,0,0,0,1408.19,-100.0,Premium
CAMP0003127,CUST00422,Email,2024-02-01,2024-02,0,0,0,0,37.11,-100.0,Premium
CAMP0003128,CUST00423,Push Notification,2023-04-07,2023-04,1,1,0,0,11.52,-100.0,Budget
CAMP0003129,CUST00423,Paid Social,2022-05-26,2022-05,0,0,0,0,2507.38,-100.0,Budget
CAMP0003130,CUST00423,Paid Social,2022-04-06,2022-04,0,0,0,0,947.07,-100.0,Budget
CAMP0003131,CUST00423,Email,2024-02-22,2024-02,0,0,0,0,31.38,-100.0,Budget
CAMP0003132,CUST00423,Influencer,2022-04-22,2022-04,0,0,0,0,1480.47,-100.0,Budget
CAMP0003133,CUST00423,Paid Social,2022-07-31,2022-07,1,0,0,0,1641.76,-100.0,Budget
CAMP0003134,CUST00423,Email,2023-06-17,2023-06,0,0,0,0,55.25,-100.0,Budget
CAMP0003135,CUST00423,Email,2024-01-11,2024-01,1,0,0,0,45.1,-100.0,Budget
CAMP0003136,CUST00423,Email,2023-10-21,2023-10,0,0,0,0,36.14,-100.0,Budget
CAMP0003137,CUST00424,SMS,2023-04-16,2023-04,0,0,0,0,108.58,-100.0,Mid-Range
CAMP0003138,CUST00424,Influencer,2022-08-12,2022-08,0,0,0,0,815.17,-100.0,Mid-Range
CAMP0003139,CUST00424,SMS,2022-08-24,2022-08,0,0,0,0,32.88,-100.0,Mid-Range
CAMP0003140,CUST00424,Display Ad,2023-01-27,2023-01,0,0,0,0,350.75,-100.0,Mid-Range
CAMP0003141,CUST00424,Display Ad,2022-08-24,2022-08,1,0,0,0,610.52,-100.0,Mid-Range
CAMP0003142,CUST00424,Email,2023-11-09,2023-11,1,1,1,90.39,42.79,111.2,Mid-Range
CAMP0003143,CUST00424,Email,2022-08-14,2022-08,0,0,0,0,37.08,-100.0,Mid-Range
CAMP0003144,CUST00424,Push Notification,2023-04-11,2023-04,0,0,0,0,10.37,-100.0,Mid-Range
CAMP0003145,CUST00424,Email,2023-02-17,2023-02,1,0,0,0,19.86,-100.0,Mid-Range
CAMP0003146,CUST00424,Email,2023-03-08,2023-03,0,0,0,0,33.54,-100.0,Mid-Range
CAMP0003147,CUST00424,Paid Social,2024-01-01,2024-01,0,0,0,0,740.3,-100.0,Mid-Range
CAMP0003148,CUST00425,Email,2023-11-11,2023-11,1,0,0,0,39.86,-100.0,Luxury
CAMP0003149,CUST00425,Paid Social,2023-12-26,2023-12,0,0,0,0,1914.84,-100.0,Luxury
CAMP0003150,CUST00425,Paid Social,2022-09-21,2022-09,0,0,0,0,954.4,-100.0,Luxury
CAMP0003151,CUST00425,Paid Social,2024-03-24,2024-03,1,1,0,0,745.0,-100.0,Luxury
CAMP0003152,CUST00425,SMS,2023-05-05,2023-05,0,0,0,0,100.33,-100.0,Luxury
CAMP0003153,CUST00425,Email,2023-05-18,2023-05,0,0,0,0,54.0,-100.0,Luxury
CAMP0003154,CUST00425,SMS,2023-01-22,2023-01,0,0,0,0,67.36,-100.0,Luxury
CAMP0003155,CUST00426,Paid Social,2023-06-25,2023-06,0,0,0,0,2226.32,-100.0,Budget
CAMP0003156,CUST00426,SMS,2024-01-20,2024-01,1,0,0,0,57.1,-100.0,Budget
CAMP0003157,CUST00426,Paid Social,2023-07-12,2023-07,0,0,0,0,1193.09,-100.0,Budget
CAMP0003158,CUST00426,SMS,2024-03-25,2024-03,1,0,0,0,82.02,-100.0,Budget
CAMP0003159,CUST00426,Display Ad,2023-09-14,2023-09,0,0,0,0,948.82,-100.0,Budget
CAMP0003160,CUST00426,Display Ad,2023-09-02,2023-09,0,0,0,0,650.0,-100.0,Budget
CAMP0003161,CUST00426,Influencer,2023-07-16,2023-07,0,0,0,0,586.87,-100.0,Budget
CAMP0003162,CUST00427,Paid Social,2023-04-27,2023-04,0,0,0,0,1996.13,-100.0,Luxury
CAMP0003163,CUST00427,Influencer,2023-02-10,2023-02,0,0,0,0,591.99,-100.0,Luxury
CAMP0003164,CUST00427,Paid Social,2022-10-17,2022-10,1,0,0,0,1991.13,-100.0,Luxury
CAMP0003165,CUST00427,Push Notification,2022-10-24,2022-10,0,0,0,0,23.93,-100.0,Luxury
CAMP0003166,CUST00427,Email,2023-06-11,2023-06,0,0,0,0,31.34,-100.0,Luxury
CAMP0003167,CUST00427,Email,2023-01-16,2023-01,0,0,0,0,35.78,-100.0,Luxury
CAMP0003168,CUST00428,Email,2023-10-09,2023-10,1,0,0,0,58.2,-100.0,Mid-Range
CAMP0003169,CUST00428,Email,2023-10-17,2023-10,0,0,0,0,44.86,-100.0,Mid-Range
CAMP0003170,CUST00428,Push Notification,2024-01-09,2024-01,0,0,0,0,25.75,-100.0,Mid-Range
CAMP0003171,CUST00429,Influencer,2023-02-08,2023-02,0,0,0,0,448.96,-100.0,Budget
CAMP0003172,CUST00429,Push Notification,2023-10-08,2023-10,1,1,1,167.6,8.44,1885.8,Budget
CAMP0003173,CUST00429,Email,2023-07-30,2023-07,0,0,0,0,18.3,-100.0,Budget
CAMP0003174,CUST00429,Display Ad,2024-01-13,2024-01,0,0,0,0,806.55,-100.0,Budget
CAMP0003175,CUST00429,Influencer,2023-11-17,2023-11,0,0,0,0,738.73,-100.0,Budget
CAMP0003176,CUST00429,Influencer,2024-02-07,2024-02,0,0,0,0,648.52,-100.0,Budget
CAMP0003177,CUST00429,Display Ad,2023-05-15,2023-05,0,0,0,0,968.68,-100.0,Budget
CAMP0003178,CUST00429,Influencer,2023-07-10,2023-07,0,0,0,0,1128.43,-100.0,Budget
CAMP0003179,CUST00429,Email,2023-09-18,2023-09,0,0,0,0,24.32,-100.0,Budget
CAMP0003180,CUST00429,Paid Social,2023-05-21,2023-05,0,0,0,0,1650.8,-100.0,Budget
CAMP0003181,CUST00429,Influencer,2023-10-15,2023-10,1,0,0,0,1107.35,-100.0,Budget
CAMP0003182,CUST00429,Display Ad,2024-03-15,2024-03,0,0,0,0,725.2,-100.0,Budget
CAMP0003183,CUST00430,Influencer,2023-08-22,2023-08,0,0,0,0,1390.88,-100.0,Mid-Range
CAMP0003184,CUST00430,Display Ad,2023-11-28,2023-11,0,0,0,0,862.38,-100.0,Mid-Range
CAMP0003185,CUST00430,Email,2022-08-09,2022-08,0,0,0,0,45.33,-100.0,Mid-Range
CAMP0003186,CUST00430,SMS,2022-11-18,2022-11,1,1,1,88.99,96.26,-7.6,Mid-Range
CAMP0003187,CUST00431,Email,2022-08-06,2022-08,1,0,0,0,32.6,-100.0,Mid-Range
CAMP0003188,CUST00431,Email,2023-10-03,2023-10,1,1,0,0,36.37,-100.0,Mid-Range
CAMP0003189,CUST00431,SMS,2022-07-29,2022-07,0,0,0,0,74.37,-100.0,Mid-Range
CAMP0003190,CUST00431,Display Ad,2023-12-21,2023-12,0,0,0,0,543.6,-100.0,Mid-Range
CAMP0003191,CUST00431,Email,2024-03-01,2024-03,0,0,0,0,20.22,-100.0,Mid-Range
CAMP0003192,CUST00431,SMS,2023-05-28,2023-05,1,0,0,0,36.72,-100.0,Mid-Range
CAMP0003193,CUST00432,Push Notification,2023-07-26,2023-07,0,0,0,0,16.75,-100.0,Mid-Range
CAMP0003194,CUST00432,Email,2022-05-27,2022-05,1,0,0,0,46.8,-100.0,Mid-Range
CAMP0003195,CUST00432,Email,2022-07-04,2022-07,0,0,0,0,21.14,-100.0,Mid-Range
CAMP0003196,CUST00432,Paid Social,2022-10-26,2022-10,0,0,0,0,1469.69,-100.0,Mid-Range
CAMP0003197,CUST00433,Display Ad,2022-09-15,2022-09,0,0,0,0,515.87,-100.0,Budget
CAMP0003198,CUST00433,SMS,2022-12-25,2022-12,1,0,0,0,117.0,-100.0,Budget
CAMP0003199,CUST00433,SMS,2023-01-02,2023-01,0,0,0,0,48.65,-100.0,Budget
CAMP0003200,CUST00433,Paid Social,2024-03-09,2024-03,0,0,0,0,2517.8,-100.0,Budget
CAMP0003201,CUST00434,Paid Social,2023-06-03,2023-06,0,0,0,0,1504.23,-100.0,Budget
CAMP0003202,CUST00434,Influencer,2024-02-16,2024-02,0,0,0,0,688.9,-100.0,Budget
CAMP0003203,CUST00434,Paid Social,2023-09-23,2023-09,0,0,0,0,2453.5,-100.0,Budget
CAMP0003204,CUST00434,Influencer,2023-07-09,2023-07,1,0,0,0,628.95,-100.0,Budget
CAMP0003205,CUST00434,Paid Social,2023-02-16,2023-02,0,0,0,0,874.27,-100.0,Budget
CAMP0003206,CUST00434,Paid Social,2023-07-01,2023-07,0,0,0,0,2072.46,-100.0,Budget
CAMP0003207,CUST00435,Display Ad,2023-08-23,2023-08,0,0,0,0,482.74,-100.0,Budget
CAMP0003208,CUST00435,SMS,2023-08-19,2023-08,0,0,0,0,64.12,-100.0,Budget
CAMP0003209,CUST00435,Display Ad,2023-09-11,2023-09,0,0,0,0,981.73,-100.0,Budget
CAMP0003210,CUST00436,Paid Social,2024-01-01,2024-01,0,0,0,0,705.83,-100.0,Mid-Range
CAMP0003211,CUST00436,Influencer,2023-12-11,2023-12,0,0,0,0,797.56,-100.0,Mid-Range
CAMP0003212,CUST00436,SMS,2023-03-17,2023-03,0,0,0,0,112.12,-100.0,Mid-Range
CAMP0003213,CUST00436,Paid Social,2023-05-08,2023-05,0,0,0,0,1147.24,-100.0,Mid-Range
CAMP0003214,CUST00436,Email,2023-03-28,2023-03,0,0,0,0,28.18,-100.0,Mid-Range
CAMP0003215,CUST00436,Push Notification,2024-03-29,2024-03,0,0,0,0,15.86,-100.0,Mid-Range
CAMP0003216,CUST00436,Email,2023-11-15,2023-11,0,0,0,0,16.16,-100.0,Mid-Range
CAMP0003217,CUST00437,Push Notification,2022-09-02,2022-09,0,0,0,0,18.79,-100.0,Budget
CAMP0003218,CUST00437,Push Notification,2022-05-29,2022-05,0,0,0,0,19.67,-100.0,Budget
CAMP0003219,CUST00437,Push Notification,2022-05-15,2022-05,0,0,0,0,21.71,-100.0,Budget
CAMP0003220,CUST00437,Influencer,2023-12-08,2023-12,0,0,0,0,689.75,-100.0,Budget
CAMP0003221,CUST00437,Paid Social,2023-09-28,2023-09,1,1,0,0,1613.84,-100.0,Budget
CAMP0003222,CUST00438,Email,2022-11-30,2022-11,1,0,0,0,25.72,-100.0,Budget
CAMP0003223,CUST00438,Paid Social,2023-08-22,2023-08,0,0,0,0,1325.08,-100.0,Budget
CAMP0003224,CUST00438,Paid Social,2024-02-11,2024-02,1,1,1,157.51,1753.31,-91.0,Budget
CAMP0003225,CUST00438,Display Ad,2022-06-27,2022-06,1,1,0,0,717.59,-100.0,Budget
CAMP0003226,CUST00438,SMS,2023-06-28,2023-06,0,0,0,0,50.94,-100.0,Budget
CAMP0003227,CUST00438,Display Ad,2022-10-15,2022-10,0,0,0,0,394.08,-100.0,Budget
CAMP0003228,CUST00438,SMS,2022-12-20,2022-12,0,0,0,0,106.71,-100.0,Budget
CAMP0003229,CUST00438,Push Notification,2023-06-22,2023-06,0,0,0,0,16.36,-100.0,Budget
CAMP0003230,CUST00439,Paid Social,2022-11-15,2022-11,1,0,0,0,2281.77,-100.0,Budget
CAMP0003231,CUST00439,SMS,2024-02-09,2024-02,1,0,0,0,36.38,-100.0,Budget
CAMP0003232,CUST00439,Email,2024-02-09,2024-02,0,0,0,0,18.18,-100.0,Budget
CAMP0003233,CUST00440,Influencer,2022-11-04,2022-11,1,0,0,0,1113.14,-100.0,Budget
CAMP0003234,CUST00440,SMS,2022-10-08,2022-10,1,1,0,0,70.5,-100.0,Budget
CAMP0003235,CUST00440,Paid Social,2022-08-21,2022-08,0,0,0,0,1589.24,-100.0,Budget
CAMP0003236,CUST00440,Email,2023-11-12,2023-11,0,0,0,0,23.85,-100.0,Budget
CAMP0003237,CUST00440,Push Notification,2022-06-29,2022-06,0,0,0,0,11.01,-100.0,Budget
CAMP0003238,CUST00440,Paid Social,2024-02-28,2024-02,0,0,0,0,1539.48,-100.0,Budget
CAMP0003239,CUST00440,Paid Social,2023-09-17,2023-09,0,0,0,0,1556.83,-100.0,Budget
CAMP0003240,CUST00441,Email,2023-10-02,2023-10,0,0,0,0,19.89,-100.0,Budget
CAMP0003241,CUST00441,Paid Social,2023-02-05,2023-02,0,0,0,0,1331.25,-100.0,Budget
CAMP0003242,CUST00441,Paid Social,2023-08-06,2023-08,1,0,0,0,1664.59,-100.0,Budget
CAMP0003243,CUST00441,Influencer,2023-03-14,2023-03,0,0,0,0,472.86,-100.0,Budget
CAMP0003244,CUST00441,Email,2023-05-26,2023-05,0,0,0,0,40.97,-100.0,Budget
CAMP0003245,CUST00441,Influencer,2022-11-04,2022-11,1,0,0,0,1469.16,-100.0,Budget
CAMP0003246,CUST00442,Email,2022-12-08,2022-12,0,0,0,0,26.43,-100.0,Budget
CAMP0003247,CUST00442,Push Notification,2023-03-01,2023-03,1,0,0,0,16.09,-100.0,Budget
CAMP0003248,CUST00442,Email,2024-02-21,2024-02,1,0,0,0,30.57,-100.0,Budget
CAMP0003249,CUST00442,Paid Social,2023-08-01,2023-08,0,0,0,0,1929.97,-100.0,Budget
CAMP0003250,CUST00442,Email,2023-12-28,2023-12,1,0,0,0,23.05,-100.0,Budget
CAMP0003251,CUST00442,Paid Social,2023-09-18,2023-09,0,0,0,0,769.68,-100.0,Budget
CAMP0003252,CUST00442,Push Notification,2024-01-02,2024-01,0,0,0,0,12.49,-100.0,Budget
CAMP0003253,CUST00443,Influencer,2024-02-20,2024-02,0,0,0,0,1200.6,-100.0,Premium
CAMP0003254,CUST00443,Influencer,2023-11-24,2023-11,0,0,0,0,577.29,-100.0,Premium
CAMP0003255,CUST00443,Email,2023-12-11,2023-12,0,0,0,0,49.93,-100.0,Premium
CAMP0003256,CUST00443,SMS,2023-09-12,2023-09,1,1,1,58.42,37.1,57.5,Premium
CAMP0003257,CUST00443,Push Notification,2023-11-26,2023-11,0,0,0,0,15.71,-100.0,Premium
CAMP0003258,CUST00443,Display Ad,2023-10-27,2023-10,0,0,0,0,940.14,-100.0,Premium
CAMP0003259,CUST00443,Paid Social,2023-12-12,2023-12,0,0,0,0,2451.75,-100.0,Premium
CAMP0003260,CUST00443,Push Notification,2024-03-15,2024-03,0,0,0,0,23.11,-100.0,Premium
CAMP0003261,CUST00444,Influencer,2022-12-14,2022-12,0,0,0,0,830.78,-100.0,Mid-Range
CAMP0003262,CUST00444,Display Ad,2023-03-30,2023-03,0,0,0,0,725.62,-100.0,Mid-Range
CAMP0003263,CUST00444,Paid Social,2022-11-09,2022-11,0,0,0,0,1781.29,-100.0,Mid-Range
CAMP0003264,CUST00444,Paid Social,2023-01-21,2023-01,0,0,0,0,2291.1,-100.0,Mid-Range
CAMP0003265,CUST00444,Email,2023-08-22,2023-08,1,1,1,180.79,57.08,216.7,Mid-Range
CAMP0003266,CUST00445,Display Ad,2023-07-09,2023-07,0,0,0,0,936.03,-100.0,Budget
CAMP0003267,CUST00445,Email,2024-02-20,2024-02,0,0,0,0,17.22,-100.0,Budget
CAMP0003268,CUST00445,Influencer,2023-08-10,2023-08,0,0,0,0,1467.83,-100.0,Budget
CAMP0003269,CUST00445,SMS,2023-08-15,2023-08,0,0,0,0,110.57,-100.0,Budget
CAMP0003270,CUST00445,Push Notification,2023-10-10,2023-10,0,0,0,0,13.37,-100.0,Budget
CAMP0003271,CUST00445,Influencer,2023-12-27,2023-12,1,0,0,0,580.27,-100.0,Budget
CAMP0003272,CUST00445,Influencer,2023-11-07,2023-11,0,0,0,0,1225.26,-100.0,Budget
CAMP0003273,CUST00445,Paid Social,2024-03-10,2024-03,0,0,0,0,1669.35,-100.0,Budget
CAMP0003274,CUST00445,Email,2023-07-29,2023-07,0,0,0,0,50.54,-100.0,Budget
CAMP0003275,CUST00445,Email,2023-11-23,2023-11,0,0,0,0,56.74,-100.0,Budget
CAMP0003276,CUST00445,Paid Social,2023-10-22,2023-10,0,0,0,0,2061.97,-100.0,Budget
CAMP0003277,CUST00446,Paid Social,2023-06-10,2023-06,0,0,0,0,2098.13,-100.0,Mid-Range
CAMP0003278,CUST00446,Push Notification,2023-02-20,2023-02,0,0,0,0,18.36,-100.0,Mid-Range
CAMP0003279,CUST00446,Email,2023-04-12,2023-04,0,0,0,0,47.84,-100.0,Mid-Range
CAMP0003280,CUST00446,SMS,2022-07-31,2022-07,1,1,1,83.2,82.62,0.7,Mid-Range
CAMP0003281,CUST00446,Email,2022-04-29,2022-04,0,0,0,0,39.09,-100.0,Mid-Range
CAMP0003282,CUST00446,Push Notification,2022-02-18,2022-02,0,0,0,0,22.99,-100.0,Mid-Range
CAMP0003283,CUST00446,Influencer,2022-11-01,2022-11,0,0,0,0,908.3,-100.0,Mid-Range
CAMP0003284,CUST00446,Email,2023-05-11,2023-05,0,0,0,0,18.09,-100.0,Mid-Range
CAMP0003285,CUST00447,Influencer,2024-01-19,2024-01,0,0,0,0,1381.89,-100.0,Budget
CAMP0003286,CUST00447,Paid Social,2023-06-19,2023-06,0,0,0,0,803.07,-100.0,Budget
CAMP0003287,CUST00447,Display Ad,2023-02-23,2023-02,0,0,0,0,504.5,-100.0,Budget
CAMP0003288,CUST00447,SMS,2023-06-16,2023-06,0,0,0,0,118.91,-100.0,Budget
CAMP0003289,CUST00447,Paid Social,2023-11-20,2023-11,0,0,0,0,2141.06,-100.0,Budget
CAMP0003290,CUST00447,Email,2024-02-23,2024-02,0,0,0,0,42.03,-100.0,Budget
CAMP0003291,CUST00447,SMS,2023-08-17,2023-08,0,0,0,0,91.02,-100.0,Budget
CAMP0003292,CUST00447,SMS,2023-02-17,2023-02,0,0,0,0,78.86,-100.0,Budget
CAMP0003293,CUST00447,Email,2023-06-13,2023-06,0,0,0,0,42.05,-100.0,Budget
CAMP0003294,CUST00447,Display Ad,2023-11-03,2023-11,0,0,0,0,673.79,-100.0,Budget
CAMP0003295,CUST00448,Email,2023-11-19,2023-11,0,0,0,0,30.9,-100.0,Budget
CAMP0003296,CUST00448,Paid Social,2023-11-29,2023-11,0,0,0,0,1349.83,-100.0,Budget
CAMP0003297,CUST00448,Paid Social,2023-11-30,2023-11,0,0,0,0,1033.34,-100.0,Budget
CAMP0003298,CUST00448,Email,2023-11-24,2023-11,1,1,0,0,32.87,-100.0,Budget
CAMP0003299,CUST00448,Email,2023-10-19,2023-10,0,0,0,0,21.77,-100.0,Budget
CAMP0003300,CUST00448,Influencer,2023-12-10,2023-12,1,1,1,96.47,485.01,-80.1,Budget
CAMP0003301,CUST00448,Display Ad,2023-11-21,2023-11,0,0,0,0,524.8,-100.0,Budget
CAMP0003302,CUST00448,Paid Social,2024-01-22,2024-01,0,0,0,0,1793.3,-100.0,Budget
CAMP0003303,CUST00448,Paid Social,2023-11-24,2023-11,0,0,0,0,2349.59,-100.0,Budget
CAMP0003304,CUST00448,Display Ad,2023-10-18,2023-10,0,0,0,0,982.67,-100.0,Budget
CAMP0003305,CUST00449,Paid Social,2023-12-03,2023-12,0,0,0,0,1904.0,-100.0,Budget
CAMP0003306,CUST00449,Influencer,2022-12-06,2022-12,0,0,0,0,985.73,-100.0,Budget
CAMP0003307,CUST00449,Influencer,2022-08-25,2022-08,0,0,0,0,810.4,-100.0,Budget
CAMP0003308,CUST00449,Paid Social,2023-04-23,2023-04,0,0,0,0,797.37,-100.0,Budget
CAMP0003309,CUST00449,SMS,2023-03-12,2023-03,0,0,0,0,41.49,-100.0,Budget
CAMP0003310,CUST00449,Push Notification,2023-06-06,2023-06,0,0,0,0,19.1,-100.0,Budget
CAMP0003311,CUST00449,Paid Social,2023-09-09,2023-09,0,0,0,0,2462.51,-100.0,Budget
CAMP0003312,CUST00449,Influencer,2022-09-19,2022-09,1,0,0,0,548.62,-100.0,Budget
CAMP0003313,CUST00450,Email,2023-10-20,2023-10,0,0,0,0,52.17,-100.0,Mid-Range
CAMP0003314,CUST00450,Email,2023-12-09,2023-12,0,0,0,0,43.11,-100.0,Mid-Range
CAMP0003315,CUST00450,Paid Social,2022-10-28,2022-10,0,0,0,0,2358.12,-100.0,Mid-Range
CAMP0003316,CUST00451,Email,2024-02-09,2024-02,0,0,0,0,48.0,-100.0,Premium
CAMP0003317,CUST00451,Paid Social,2023-04-25,2023-04,0,0,0,0,926.0,-100.0,Premium
CAMP0003318,CUST00451,Push Notification,2023-02-08,2023-02,0,0,0,0,19.51,-100.0,Premium
CAMP0003319,CUST00451,Influencer,2023-09-21,2023-09,1,0,0,0,1650.0,-100.0,Premium
CAMP0003320,CUST00451,Email,2022-09-27,2022-09,0,0,0,0,35.96,-100.0,Premium
CAMP0003321,CUST00451,Display Ad,2024-01-29,2024-01,1,0,0,0,736.27,-100.0,Premium
CAMP0003322,CUST00451,Influencer,2023-10-31,2023-10,0,0,0,0,1546.93,-100.0,Premium
CAMP0003323,CUST00451,Paid Social,2023-07-17,2023-07,0,0,0,0,997.07,-100.0,Premium
CAMP0003324,CUST00452,Email,2023-03-28,2023-03,1,1,1,182.4,18.49,886.5,Mid-Range
CAMP0003325,CUST00452,Influencer,2022-12-24,2022-12,1,1,0,0,1033.26,-100.0,Mid-Range
CAMP0003326,CUST00452,Influencer,2022-10-20,2022-10,0,0,0,0,1374.1,-100.0,Mid-Range
CAMP0003327,CUST00453,Push Notification,2024-03-19,2024-03,1,1,1,41.52,21.97,89.0,Budget
CAMP0003328,CUST00453,Email,2024-03-31,2024-03,1,0,0,0,37.03,-100.0,Budget
CAMP0003329,CUST00453,Paid Social,2024-01-14,2024-01,0,0,0,0,2205.6,-100.0,Budget
CAMP0003330,CUST00453,Email,2023-08-21,2023-08,1,0,0,0,56.14,-100.0,Budget
CAMP0003331,CUST00453,Email,2024-03-03,2024-03,0,0,0,0,34.79,-100.0,Budget
CAMP0003332,CUST00453,Email,2024-01-01,2024-01,1,0,0,0,44.12,-100.0,Budget
CAMP0003333,CUST00453,Push Notification,2023-11-08,2023-11,0,0,0,0,14.3,-100.0,Budget
CAMP0003334,CUST00453,Influencer,2023-06-18,2023-06,0,0,0,0,1338.28,-100.0,Budget
CAMP0003335,CUST00454,Email,2023-04-26,2023-04,0,0,0,0,34.56,-100.0,Premium
CAMP0003336,CUST00454,Paid Social,2023-10-13,2023-10,0,0,0,0,1007.95,-100.0,Premium
CAMP0003337,CUST00454,Influencer,2024-03-16,2024-03,0,0,0,0,1558.93,-100.0,Premium
CAMP0003338,CUST00454,Paid Social,2024-02-19,2024-02,1,0,0,0,2278.57,-100.0,Premium
CAMP0003339,CUST00454,Email,2023-05-13,2023-05,0,0,0,0,48.19,-100.0,Premium
CAMP0003340,CUST00454,Influencer,2023-08-20,2023-08,0,0,0,0,1346.27,-100.0,Premium
CAMP0003341,CUST00454,Display Ad,2024-01-20,2024-01,0,0,0,0,1048.62,-100.0,Premium
CAMP0003342,CUST00454,SMS,2023-12-12,2023-12,1,0,0,0,75.89,-100.0,Premium
CAMP0003343,CUST00454,Paid Social,2023-04-20,2023-04,0,0,0,0,2411.55,-100.0,Premium
CAMP0003344,CUST00454,Paid Social,2023-05-31,2023-05,0,0,0,0,795.48,-100.0,Premium
CAMP0003345,CUST00455,Email,2022-10-11,2022-10,1,1,0,0,39.08,-100.0,Premium
CAMP0003346,CUST00455,Push Notification,2022-11-29,2022-11,0,0,0,0,11.28,-100.0,Premium
CAMP0003347,CUST00455,Email,2022-10-20,2022-10,0,0,0,0,36.96,-100.0,Premium
CAMP0003348,CUST00455,Paid Social,2023-07-03,2023-07,0,0,0,0,926.78,-100.0,Premium
CAMP0003349,CUST00455,SMS,2024-01-25,2024-01,0,0,0,0,70.16,-100.0,Premium
CAMP0003350,CUST00455,Email,2023-08-21,2023-08,0,0,0,0,51.25,-100.0,Premium
CAMP0003351,CUST00455,Influencer,2023-07-30,2023-07,0,0,0,0,1364.71,-100.0,Premium
CAMP0003352,CUST00456,Email,2023-12-06,2023-12,0,0,0,0,38.56,-100.0,Premium
CAMP0003353,CUST00456,Display Ad,2023-05-26,2023-05,0,0,0,0,985.52,-100.0,Premium
CAMP0003354,CUST00456,Influencer,2022-11-20,2022-11,0,0,0,0,944.22,-100.0,Premium
CAMP0003355,CUST00456,Push Notification,2023-03-10,2023-03,0,0,0,0,22.17,-100.0,Premium
CAMP0003356,CUST00456,Paid Social,2022-11-30,2022-11,0,0,0,0,1891.9,-100.0,Premium
CAMP0003357,CUST00456,Paid Social,2022-07-01,2022-07,0,0,0,0,1825.75,-100.0,Premium
CAMP0003358,CUST00456,Email,2023-05-17,2023-05,0,0,0,0,34.69,-100.0,Premium
CAMP0003359,CUST00456,Influencer,2024-02-19,2024-02,0,0,0,0,754.86,-100.0,Premium
CAMP0003360,CUST00456,Email,2023-08-05,2023-08,0,0,0,0,21.18,-100.0,Premium
CAMP0003361,CUST00456,SMS,2022-05-14,2022-05,0,0,0,0,79.55,-100.0,Premium
CAMP0003362,CUST00457,Push Notification,2023-02-24,2023-02,0,0,0,0,11.41,-100.0,Mid-Range
CAMP0003363,CUST00457,Influencer,2024-02-24,2024-02,0,0,0,0,758.88,-100.0,Mid-Range
CAMP0003364,CUST00457,Influencer,2022-11-21,2022-11,0,0,0,0,1645.03,-100.0,Mid-Range
CAMP0003365,CUST00457,Display Ad,2023-04-01,2023-04,0,0,0,0,350.68,-100.0,Mid-Range
CAMP0003366,CUST00457,SMS,2023-05-03,2023-05,1,1,1,147.3,37.78,289.9,Mid-Range
CAMP0003367,CUST00457,Email,2023-06-22,2023-06,1,0,0,0,51.5,-100.0,Mid-Range
CAMP0003368,CUST00457,Paid Social,2023-09-05,2023-09,0,0,0,0,727.42,-100.0,Mid-Range
CAMP0003369,CUST00457,Push Notification,2022-12-31,2022-12,0,0,0,0,26.02,-100.0,Mid-Range
CAMP0003370,CUST00457,SMS,2022-07-16,2022-07,1,0,0,0,115.51,-100.0,Mid-Range
CAMP0003371,CUST00457,Influencer,2023-12-15,2023-12,0,0,0,0,1312.27,-100.0,Mid-Range
CAMP0003372,CUST00457,Display Ad,2022-08-05,2022-08,0,0,0,0,565.58,-100.0,Mid-Range
CAMP0003373,CUST00457,Influencer,2023-10-21,2023-10,0,0,0,0,774.54,-100.0,Mid-Range
CAMP0003374,CUST00458,Email,2023-07-12,2023-07,0,0,0,0,50.11,-100.0,Premium
CAMP0003375,CUST00458,SMS,2022-10-25,2022-10,1,0,0,0,39.47,-100.0,Premium
CAMP0003376,CUST00458,Email,2022-11-15,2022-11,0,0,0,0,39.1,-100.0,Premium
CAMP0003377,CUST00458,Influencer,2023-08-22,2023-08,1,1,0,0,1553.76,-100.0,Premium
CAMP0003378,CUST00458,Push Notification,2023-05-22,2023-05,0,0,0,0,18.96,-100.0,Premium
CAMP0003379,CUST00458,SMS,2023-02-24,2023-02,0,0,0,0,76.01,-100.0,Premium
CAMP0003380,CUST00458,Email,2022-10-22,2022-10,0,0,0,0,19.79,-100.0,Premium
CAMP0003381,CUST00458,Email,2023-01-28,2023-01,0,0,0,0,21.91,-100.0,Premium
CAMP0003382,CUST00458,Display Ad,2024-02-01,2024-02,0,0,0,0,758.27,-100.0,Premium
CAMP0003383,CUST00458,Email,2023-01-28,2023-01,1,0,0,0,27.87,-100.0,Premium
CAMP0003384,CUST00458,Paid Social,2022-11-29,2022-11,0,0,0,0,1738.52,-100.0,Premium
CAMP0003385,CUST00459,Paid Social,2023-11-28,2023-11,0,0,0,0,2210.86,-100.0,Budget
CAMP0003386,CUST00459,SMS,2024-01-10,2024-01,1,1,1,121.22,95.37,27.1,Budget
CAMP0003387,CUST00459,Push Notification,2023-06-23,2023-06,0,0,0,0,17.14,-100.0,Budget
CAMP0003388,CUST00459,Influencer,2023-09-27,2023-09,0,0,0,0,906.79,-100.0,Budget
CAMP0003389,CUST00459,Email,2023-06-26,2023-06,0,0,0,0,27.45,-100.0,Budget
CAMP0003390,CUST00459,Paid Social,2024-01-30,2024-01,0,0,0,0,2374.25,-100.0,Budget
CAMP0003391,CUST00459,Email,2023-07-18,2023-07,0,0,0,0,53.8,-100.0,Budget
CAMP0003392,CUST00460,Email,2023-01-28,2023-01,0,0,0,0,37.86,-100.0,Budget
CAMP0003393,CUST00460,Paid Social,2023-10-08,2023-10,0,0,0,0,1947.26,-100.0,Budget
CAMP0003394,CUST00460,Paid Social,2023-05-16,2023-05,0,0,0,0,1110.22,-100.0,Budget
CAMP0003395,CUST00460,Paid Social,2022-09-15,2022-09,1,0,0,0,2418.81,-100.0,Budget
CAMP0003396,CUST00460,Push Notification,2023-04-21,2023-04,0,0,0,0,10.95,-100.0,Budget
CAMP0003397,CUST00460,Paid Social,2024-02-28,2024-02,0,0,0,0,1734.49,-100.0,Budget
CAMP0003398,CUST00460,Push Notification,2023-08-21,2023-08,0,0,0,0,17.81,-100.0,Budget
CAMP0003399,CUST00460,Email,2022-09-01,2022-09,0,0,0,0,44.65,-100.0,Budget
CAMP0003400,CUST00460,Display Ad,2022-07-27,2022-07,0,0,0,0,732.51,-100.0,Budget
CAMP0003401,CUST00460,Display Ad,2023-12-16,2023-12,0,0,0,0,536.35,-100.0,Budget
CAMP0003402,CUST00460,Influencer,2023-08-06,2023-08,0,0,0,0,1427.64,-100.0,Budget
CAMP0003403,CUST00460,Paid Social,2022-12-20,2022-12,0,0,0,0,1334.67,-100.0,Budget
CAMP0003404,CUST00461,SMS,2024-03-14,2024-03,0,0,0,0,54.9,-100.0,Luxury
CAMP0003405,CUST00461,Influencer,2023-10-29,2023-10,1,1,1,94.63,1529.42,-93.8,Luxury
CAMP0003406,CUST00461,Email,2023-12-26,2023-12,0,0,0,0,19.23,-100.0,Luxury
CAMP0003407,CUST00461,Display Ad,2024-01-08,2024-01,1,0,0,0,944.05,-100.0,Luxury
CAMP0003408,CUST00461,Paid Social,2024-03-14,2024-03,0,0,0,0,1681.22,-100.0,Luxury
CAMP0003409,CUST00461,SMS,2023-12-22,2023-12,0,0,0,0,55.72,-100.0,Luxury
CAMP0003410,CUST00461,SMS,2023-10-26,2023-10,0,0,0,0,92.75,-100.0,Luxury
CAMP0003411,CUST00461,Influencer,2024-03-18,2024-03,1,0,0,0,726.53,-100.0,Luxury
CAMP0003412,CUST00461,Influencer,2024-03-31,2024-03,0,0,0,0,959.36,-100.0,Luxury
CAMP0003413,CUST00461,Paid Social,2023-12-07,2023-12,0,0,0,0,2324.77,-100.0,Luxury
CAMP0003414,CUST00462,Paid Social,2024-03-27,2024-03,0,0,0,0,765.01,-100.0,Premium
CAMP0003415,CUST00462,Paid Social,2024-01-13,2024-01,1,1,1,152.08,2483.79,-93.9,Premium
CAMP0003416,CUST00462,Paid Social,2022-10-26,2022-10,0,0,0,0,961.08,-100.0,Premium
CAMP0003417,CUST00462,Paid Social,2023-08-11,2023-08,0,0,0,0,2546.26,-100.0,Premium
CAMP0003418,CUST00463,Email,2023-09-19,2023-09,0,0,0,0,49.12,-100.0,Mid-Range
CAMP0003419,CUST00463,Display Ad,2023-01-25,2023-01,0,0,0,0,402.86,-100.0,Mid-Range
CAMP0003420,CUST00463,Email,2023-01-17,2023-01,0,0,0,0,36.76,-100.0,Mid-Range
CAMP0003421,CUST00463,Email,2023-02-22,2023-02,1,0,0,0,50.92,-100.0,Mid-Range
CAMP0003422,CUST00463,Paid Social,2022-11-04,2022-11,0,0,0,0,1406.3,-100.0,Mid-Range
CAMP0003423,CUST00463,Display Ad,2023-06-12,2023-06,0,0,0,0,830.14,-100.0,Mid-Range
CAMP0003424,CUST00463,Paid Social,2022-10-14,2022-10,0,0,0,0,1651.08,-100.0,Mid-Range
CAMP0003425,CUST00463,Email,2022-11-16,2022-11,0,0,0,0,56.42,-100.0,Mid-Range
CAMP0003426,CUST00464,Email,2023-04-16,2023-04,1,0,0,0,28.97,-100.0,Luxury
CAMP0003427,CUST00464,Influencer,2023-11-12,2023-11,0,0,0,0,1494.17,-100.0,Luxury
CAMP0003428,CUST00464,Influencer,2023-03-11,2023-03,0,0,0,0,649.33,-100.0,Luxury
CAMP0003429,CUST00464,Influencer,2023-11-08,2023-11,0,0,0,0,493.58,-100.0,Luxury
CAMP0003430,CUST00464,SMS,2023-09-04,2023-09,0,0,0,0,66.02,-100.0,Luxury
CAMP0003431,CUST00464,Email,2023-12-04,2023-12,1,0,0,0,38.4,-100.0,Luxury
CAMP0003432,CUST00465,Email,2023-08-18,2023-08,0,0,0,0,48.82,-100.0,Premium
CAMP0003433,CUST00465,Email,2024-02-19,2024-02,0,0,0,0,31.57,-100.0,Premium
CAMP0003434,CUST00465,SMS,2023-10-08,2023-10,0,0,0,0,80.48,-100.0,Premium
CAMP0003435,CUST00465,SMS,2023-09-17,2023-09,0,0,0,0,33.7,-100.0,Premium
CAMP0003436,CUST00465,SMS,2024-01-13,2024-01,0,0,0,0,34.33,-100.0,Premium
CAMP0003437,CUST00466,Influencer,2023-07-15,2023-07,0,0,0,0,1280.04,-100.0,Luxury
CAMP0003438,CUST00466,Influencer,2023-09-14,2023-09,0,0,0,0,1017.75,-100.0,Luxury
CAMP0003439,CUST00466,Push Notification,2023-02-21,2023-02,1,1,0,0,17.05,-100.0,Luxury
CAMP0003440,CUST00466,Paid Social,2023-06-27,2023-06,0,0,0,0,2297.66,-100.0,Luxury
CAMP0003441,CUST00466,Push Notification,2023-09-14,2023-09,1,0,0,0,29.83,-100.0,Luxury
CAMP0003442,CUST00466,Influencer,2024-03-23,2024-03,0,0,0,0,1337.91,-100.0,Luxury
CAMP0003443,CUST00466,Email,2023-12-06,2023-12,0,0,0,0,52.94,-100.0,Luxury
CAMP0003444,CUST00466,Paid Social,2023-02-24,2023-02,0,0,0,0,1972.56,-100.0,Luxury
CAMP0003445,CUST00466,Influencer,2023-09-11,2023-09,1,0,0,0,455.95,-100.0,Luxury
CAMP0003446,CUST00467,Email,2023-06-27,2023-06,1,0,0,0,40.86,-100.0,Budget
CAMP0003447,CUST00467,Paid Social,2024-02-29,2024-02,0,0,0,0,1244.96,-100.0,Budget
CAMP0003448,CUST00467,Email,2023-09-05,2023-09,0,0,0,0,47.75,-100.0,Budget
CAMP0003449,CUST00467,Display Ad,2023-09-10,2023-09,0,0,0,0,508.42,-100.0,Budget
CAMP0003450,CUST00467,Email,2023-09-01,2023-09,0,0,0,0,44.51,-100.0,Budget
CAMP0003451,CUST00467,Email,2023-07-11,2023-07,1,1,0,0,36.71,-100.0,Budget
CAMP0003452,CUST00467,SMS,2024-02-24,2024-02,1,1,1,176.05,63.17,178.7,Budget
CAMP0003453,CUST00467,Display Ad,2023-10-24,2023-10,0,0,0,0,855.31,-100.0,Budget
CAMP0003454,CUST00468,Display Ad,2024-03-03,2024-03,0,0,0,0,930.69,-100.0,Premium
CAMP0003455,CUST00468,Email,2024-02-11,2024-02,0,0,0,0,32.22,-100.0,Premium
CAMP0003456,CUST00468,Paid Social,2023-11-13,2023-11,0,0,0,0,1398.65,-100.0,Premium
CAMP0003457,CUST00468,Paid Social,2023-09-07,2023-09,0,0,0,0,1387.26,-100.0,Premium
CAMP0003458,CUST00468,Paid Social,2023-09-21,2023-09,0,0,0,0,1206.19,-100.0,Premium
CAMP0003459,CUST00468,Email,2023-09-13,2023-09,0,0,0,0,22.57,-100.0,Premium
CAMP0003460,CUST00468,Paid Social,2023-10-25,2023-10,0,0,0,0,2450.49,-100.0,Premium
CAMP0003461,CUST00468,Paid Social,2023-12-26,2023-12,0,0,0,0,2318.22,-100.0,Premium
CAMP0003462,CUST00469,Paid Social,2023-05-16,2023-05,0,0,0,0,1365.12,-100.0,Premium
CAMP0003463,CUST00469,Email,2024-01-24,2024-01,0,0,0,0,40.67,-100.0,Premium
CAMP0003464,CUST00469,Push Notification,2024-02-16,2024-02,0,0,0,0,9.71,-100.0,Premium
CAMP0003465,CUST00469,SMS,2024-03-28,2024-03,1,0,0,0,78.56,-100.0,Premium
CAMP0003466,CUST00469,Paid Social,2023-08-01,2023-08,0,0,0,0,2238.86,-100.0,Premium
CAMP0003467,CUST00469,Influencer,2023-05-16,2023-05,0,0,0,0,992.96,-100.0,Premium
CAMP0003468,CUST00469,Influencer,2023-07-02,2023-07,0,0,0,0,1625.17,-100.0,Premium
CAMP0003469,CUST00469,Email,2023-04-18,2023-04,0,0,0,0,56.31,-100.0,Premium
CAMP0003470,CUST00470,Email,2022-06-30,2022-06,1,0,0,0,35.13,-100.0,Budget
CAMP0003471,CUST00470,Paid Social,2023-10-10,2023-10,0,0,0,0,2490.52,-100.0,Budget
CAMP0003472,CUST00470,Email,2023-02-01,2023-02,1,0,0,0,23.86,-100.0,Budget
CAMP0003473,CUST00470,Email,2023-05-28,2023-05,0,0,0,0,59.15,-100.0,Budget
CAMP0003474,CUST00470,Email,2023-12-28,2023-12,1,0,0,0,46.38,-100.0,Budget
CAMP0003475,CUST00470,Paid Social,2023-11-25,2023-11,0,0,0,0,866.48,-100.0,Budget
CAMP0003476,CUST00470,Paid Social,2022-10-16,2022-10,0,0,0,0,1656.11,-100.0,Budget
CAMP0003477,CUST00470,Influencer,2024-03-14,2024-03,1,0,0,0,1422.12,-100.0,Budget
CAMP0003478,CUST00470,Email,2023-01-29,2023-01,0,0,0,0,51.39,-100.0,Budget
CAMP0003479,CUST00470,Push Notification,2023-10-29,2023-10,1,1,1,153.13,9.89,1448.3,Budget
CAMP0003480,CUST00471,Paid Social,2022-09-23,2022-09,0,0,0,0,1480.84,-100.0,Premium
CAMP0003481,CUST00471,Display Ad,2022-09-19,2022-09,0,0,0,0,378.32,-100.0,Premium
CAMP0003482,CUST00471,Paid Social,2023-12-07,2023-12,0,0,0,0,1675.97,-100.0,Premium
CAMP0003483,CUST00471,Email,2023-03-27,2023-03,0,0,0,0,31.13,-100.0,Premium
CAMP0003484,CUST00471,Email,2022-11-09,2022-11,0,0,0,0,47.82,-100.0,Premium
CAMP0003485,CUST00471,Influencer,2023-03-18,2023-03,1,0,0,0,1554.26,-100.0,Premium
CAMP0003486,CUST00471,Influencer,2023-03-17,2023-03,0,0,0,0,1516.38,-100.0,Premium
CAMP0003487,CUST00471,Influencer,2023-07-25,2023-07,0,0,0,0,596.02,-100.0,Premium
CAMP0003488,CUST00471,Paid Social,2023-07-01,2023-07,1,0,0,0,1548.37,-100.0,Premium
CAMP0003489,CUST00471,Influencer,2023-11-28,2023-11,1,1,0,0,891.7,-100.0,Premium
CAMP0003490,CUST00471,Influencer,2022-10-07,2022-10,0,0,0,0,809.86,-100.0,Premium
CAMP0003491,CUST00472,Email,2023-08-04,2023-08,1,0,0,0,55.03,-100.0,Budget
CAMP0003492,CUST00472,Influencer,2023-12-10,2023-12,1,0,0,0,830.16,-100.0,Budget
CAMP0003493,CUST00472,Paid Social,2023-12-15,2023-12,0,0,0,0,840.44,-100.0,Budget
CAMP0003494,CUST00472,Influencer,2023-08-22,2023-08,1,1,0,0,913.9,-100.0,Budget
CAMP0003495,CUST00472,Email,2024-03-02,2024-03,0,0,0,0,57.81,-100.0,Budget
CAMP0003496,CUST00472,Display Ad,2023-10-23,2023-10,0,0,0,0,963.66,-100.0,Budget
CAMP0003497,CUST00472,SMS,2024-03-24,2024-03,0,0,0,0,64.48,-100.0,Budget
CAMP0003498,CUST00473,Paid Social,2024-01-14,2024-01,0,0,0,0,1727.46,-100.0,Budget
CAMP0003499,CUST00473,Push Notification,2023-11-24,2023-11,1,1,1,49.01,28.38,72.7,Budget
CAMP0003500,CUST00473,SMS,2024-03-13,2024-03,1,0,0,0,95.21,-100.0,Budget
CAMP0003501,CUST00474,Paid Social,2023-02-19,2023-02,0,0,0,0,1821.71,-100.0,Premium
CAMP0003502,CUST00474,Push Notification,2022-05-08,2022-05,0,0,0,0,18.74,-100.0,Premium
CAMP0003503,CUST00474,Paid Social,2023-12-12,2023-12,0,0,0,0,1610.72,-100.0,Premium
CAMP0003504,CUST00474,Email,2022-09-30,2022-09,0,0,0,0,28.02,-100.0,Premium
CAMP0003505,CUST00474,Email,2023-07-26,2023-07,0,0,0,0,55.93,-100.0,Premium
CAMP0003506,CUST00474,SMS,2023-02-07,2023-02,0,0,0,0,119.96,-100.0,Premium
CAMP0003507,CUST00474,Email,2023-01-03,2023-01,0,0,0,0,59.81,-100.0,Premium
CAMP0003508,CUST00474,Display Ad,2022-09-24,2022-09,0,0,0,0,563.28,-100.0,Premium
CAMP0003509,CUST00474,Influencer,2022-11-07,2022-11,0,0,0,0,579.1,-100.0,Premium
CAMP0003510,CUST00474,Display Ad,2023-10-31,2023-10,0,0,0,0,634.25,-100.0,Premium
CAMP0003511,CUST00475,Email,2023-09-28,2023-09,1,1,1,197.76,16.27,1115.5,Premium
CAMP0003512,CUST00475,Push Notification,2023-04-10,2023-04,0,0,0,0,21.23,-100.0,Premium
CAMP0003513,CUST00475,Push Notification,2024-01-28,2024-01,0,0,0,0,25.04,-100.0,Premium
CAMP0003514,CUST00476,Email,2023-01-15,2023-01,0,0,0,0,23.75,-100.0,Premium
CAMP0003515,CUST00476,Display Ad,2023-04-29,2023-04,0,0,0,0,768.06,-100.0,Premium
CAMP0003516,CUST00476,Email,2022-08-03,2022-08,1,0,0,0,23.1,-100.0,Premium
CAMP0003517,CUST00476,Email,2023-01-27,2023-01,1,1,0,0,37.22,-100.0,Premium
CAMP0003518,CUST00476,Paid Social,2023-04-19,2023-04,0,0,0,0,2535.01,-100.0,Premium
CAMP0003519,CUST00477,Paid Social,2024-02-18,2024-02,0,0,0,0,2080.42,-100.0,Mid-Range
CAMP0003520,CUST00477,SMS,2023-11-24,2023-11,0,0,0,0,65.09,-100.0,Mid-Range
CAMP0003521,CUST00477,Push Notification,2024-02-23,2024-02,0,0,0,0,11.24,-100.0,Mid-Range
CAMP0003522,CUST00477,Influencer,2024-01-20,2024-01,1,1,1,132.77,1570.99,-91.5,Mid-Range
CAMP0003523,CUST00477,Influencer,2023-09-10,2023-09,1,1,1,77.03,1309.43,-94.1,Mid-Range
CAMP0003524,CUST00477,Influencer,2023-09-06,2023-09,1,0,0,0,1335.78,-100.0,Mid-Range
CAMP0003525,CUST00477,Paid Social,2024-02-03,2024-02,0,0,0,0,787.81,-100.0,Mid-Range
CAMP0003526,CUST00477,Email,2024-01-18,2024-01,0,0,0,0,47.06,-100.0,Mid-Range
CAMP0003527,CUST00477,Email,2023-11-25,2023-11,1,0,0,0,20.56,-100.0,Mid-Range
CAMP0003528,CUST00477,Paid Social,2023-04-08,2023-04,0,0,0,0,2114.59,-100.0,Mid-Range
CAMP0003529,CUST00478,Email,2024-02-06,2024-02,1,0,0,0,38.68,-100.0,Budget
CAMP0003530,CUST00478,Paid Social,2024-02-13,2024-02,0,0,0,0,2463.32,-100.0,Budget
CAMP0003531,CUST00478,Paid Social,2024-02-17,2024-02,0,0,0,0,1991.52,-100.0,Budget
CAMP0003532,CUST00478,Email,2023-10-08,2023-10,0,0,0,0,54.72,-100.0,Budget
CAMP0003533,CUST00478,Influencer,2023-12-21,2023-12,1,0,0,0,1387.56,-100.0,Budget
CAMP0003534,CUST00478,Paid Social,2023-12-29,2023-12,0,0,0,0,2387.08,-100.0,Budget
CAMP0003535,CUST00478,Email,2024-03-03,2024-03,0,0,0,0,39.12,-100.0,Budget
CAMP0003536,CUST00478,Paid Social,2024-03-04,2024-03,0,0,0,0,2236.94,-100.0,Budget
CAMP0003537,CUST00479,Paid Social,2024-02-25,2024-02,0,0,0,0,1132.31,-100.0,Luxury
CAMP0003538,CUST00479,Paid Social,2024-01-30,2024-01,0,0,0,0,979.73,-100.0,Luxury
CAMP0003539,CUST00479,Paid Social,2023-10-16,2023-10,0,0,0,0,1142.0,-100.0,Luxury
CAMP0003540,CUST00479,SMS,2024-03-13,2024-03,0,0,0,0,98.26,-100.0,Luxury
CAMP0003541,CUST00479,SMS,2023-06-22,2023-06,0,0,0,0,63.06,-100.0,Luxury
CAMP0003542,CUST00479,SMS,2023-10-13,2023-10,0,0,0,0,96.7,-100.0,Luxury
CAMP0003543,CUST00479,Email,2023-08-01,2023-08,0,0,0,0,41.21,-100.0,Luxury
CAMP0003544,CUST00479,Display Ad,2023-12-28,2023-12,1,1,0,0,341.71,-100.0,Luxury
CAMP0003545,CUST00479,Influencer,2023-09-13,2023-09,0,0,0,0,1349.48,-100.0,Luxury
CAMP0003546,CUST00479,Influencer,2023-10-29,2023-10,1,0,0,0,984.93,-100.0,Luxury
CAMP0003547,CUST00479,Push Notification,2024-03-13,2024-03,1,0,0,0,19.43,-100.0,Luxury
CAMP0003548,CUST00480,SMS,2023-08-31,2023-08,0,0,0,0,93.92,-100.0,Budget
CAMP0003549,CUST00480,Influencer,2023-11-12,2023-11,0,0,0,0,1206.6,-100.0,Budget
CAMP0003550,CUST00480,Influencer,2023-07-20,2023-07,0,0,0,0,1080.77,-100.0,Budget
CAMP0003551,CUST00480,Paid Social,2023-10-16,2023-10,0,0,0,0,1281.99,-100.0,Budget
CAMP0003552,CUST00480,Influencer,2022-10-07,2022-10,1,0,0,0,469.94,-100.0,Budget
CAMP0003553,CUST00480,SMS,2023-02-08,2023-02,0,0,0,0,32.07,-100.0,Budget
CAMP0003554,CUST00480,Email,2023-10-31,2023-10,0,0,0,0,44.38,-100.0,Budget
CAMP0003555,CUST00480,Influencer,2023-08-27,2023-08,0,0,0,0,798.96,-100.0,Budget
CAMP0003556,CUST00480,Email,2022-07-30,2022-07,1,0,0,0,47.17,-100.0,Budget
CAMP0003557,CUST00481,Display Ad,2023-01-08,2023-01,0,0,0,0,486.94,-100.0,Mid-Range
CAMP0003558,CUST00481,Paid Social,2024-02-20,2024-02,1,0,0,0,1637.17,-100.0,Mid-Range
CAMP0003559,CUST00481,Display Ad,2023-06-04,2023-06,1,0,0,0,491.81,-100.0,Mid-Range
CAMP0003560,CUST00481,Paid Social,2022-12-05,2022-12,0,0,0,0,2455.12,-100.0,Mid-Range
CAMP0003561,CUST00482,Email,2023-07-20,2023-07,1,1,0,0,18.15,-100.0,Budget
CAMP0003562,CUST00482,Paid Social,2024-01-21,2024-01,0,0,0,0,2410.43,-100.0,Budget
CAMP0003563,CUST00482,SMS,2023-12-23,2023-12,0,0,0,0,95.22,-100.0,Budget
CAMP0003564,CUST00482,Display Ad,2024-03-22,2024-03,0,0,0,0,516.7,-100.0,Budget
CAMP0003565,CUST00483,SMS,2024-01-12,2024-01,0,0,0,0,90.13,-100.0,Luxury
CAMP0003566,CUST00483,Paid Social,2023-11-01,2023-11,0,0,0,0,1164.21,-100.0,Luxury
CAMP0003567,CUST00483,Email,2024-01-31,2024-01,0,0,0,0,34.46,-100.0,Luxury
CAMP0003568,CUST00483,Email,2023-10-05,2023-10,0,0,0,0,24.54,-100.0,Luxury
CAMP0003569,CUST00483,Paid Social,2023-10-05,2023-10,0,0,0,0,956.77,-100.0,Luxury
CAMP0003570,CUST00483,Paid Social,2024-02-29,2024-02,1,1,0,0,1742.09,-100.0,Luxury
CAMP0003571,CUST00483,Paid Social,2023-10-04,2023-10,0,0,0,0,1415.93,-100.0,Luxury
CAMP0003572,CUST00483,Email,2024-02-21,2024-02,0,0,0,0,36.51,-100.0,Luxury
CAMP0003573,CUST00484,Paid Social,2023-11-09,2023-11,0,0,0,0,875.79,-100.0,Budget
CAMP0003574,CUST00484,Push Notification,2022-12-18,2022-12,0,0,0,0,17.1,-100.0,Budget
CAMP0003575,CUST00484,Influencer,2023-06-28,2023-06,0,0,0,0,1475.15,-100.0,Budget
CAMP0003576,CUST00484,Influencer,2023-01-17,2023-01,0,0,0,0,440.08,-100.0,Budget
CAMP0003577,CUST00484,Push Notification,2023-05-25,2023-05,0,0,0,0,17.41,-100.0,Budget
CAMP0003578,CUST00484,Email,2023-03-20,2023-03,0,0,0,0,54.16,-100.0,Budget
CAMP0003579,CUST00485,Paid Social,2023-09-26,2023-09,0,0,0,0,1050.58,-100.0,Mid-Range
CAMP0003580,CUST00485,Email,2023-10-07,2023-10,0,0,0,0,36.08,-100.0,Mid-Range
CAMP0003581,CUST00485,Email,2023-07-21,2023-07,0,0,0,0,59.54,-100.0,Mid-Range
CAMP0003582,CUST00486,Push Notification,2024-01-20,2024-01,0,0,0,0,8.63,-100.0,Budget
CAMP0003583,CUST00486,Display Ad,2023-02-23,2023-02,0,0,0,0,1035.12,-100.0,Budget
CAMP0003584,CUST00486,Paid Social,2024-02-25,2024-02,0,0,0,0,1333.13,-100.0,Budget
CAMP0003585,CUST00486,Email,2023-03-10,2023-03,0,0,0,0,54.69,-100.0,Budget
CAMP0003586,CUST00487,Paid Social,2023-06-27,2023-06,0,0,0,0,823.38,-100.0,Premium
CAMP0003587,CUST00487,Display Ad,2024-01-07,2024-01,0,0,0,0,852.81,-100.0,Premium
CAMP0003588,CUST00487,Paid Social,2024-03-16,2024-03,0,0,0,0,1709.29,-100.0,Premium
CAMP0003589,CUST00487,Paid Social,2024-02-18,2024-02,0,0,0,0,2175.03,-100.0,Premium
CAMP0003590,CUST00488,SMS,2024-02-26,2024-02,0,0,0,0,34.06,-100.0,Luxury
CAMP0003591,CUST00488,Paid Social,2023-12-27,2023-12,0,0,0,0,1147.41,-100.0,Luxury
CAMP0003592,CUST00488,Influencer,2023-11-27,2023-11,0,0,0,0,446.2,-100.0,Luxury
CAMP0003593,CUST00488,Paid Social,2024-03-11,2024-03,1,0,0,0,1447.94,-100.0,Luxury
CAMP0003594,CUST00488,Paid Social,2023-11-27,2023-11,0,0,0,0,1857.97,-100.0,Luxury
CAMP0003595,CUST00488,Paid Social,2024-01-08,2024-01,0,0,0,0,712.89,-100.0,Luxury
CAMP0003596,CUST00488,SMS,2023-10-02,2023-10,0,0,0,0,91.26,-100.0,Luxury
CAMP0003597,CUST00488,Paid Social,2024-01-19,2024-01,0,0,0,0,2500.45,-100.0,Luxury
CAMP0003598,CUST00488,Paid Social,2023-10-07,2023-10,0,0,0,0,1891.62,-100.0,Luxury
CAMP0003599,CUST00488,Influencer,2024-01-28,2024-01,0,0,0,0,1028.86,-100.0,Luxury
CAMP0003600,CUST00488,Paid Social,2023-12-10,2023-12,0,0,0,0,1534.49,-100.0,Luxury
CAMP0003601,CUST00489,Email,2023-11-29,2023-11,1,0,0,0,37.55,-100.0,Budget
CAMP0003602,CUST00489,Paid Social,2023-10-09,2023-10,0,0,0,0,896.43,-100.0,Budget
CAMP0003603,CUST00489,Display Ad,2024-01-07,2024-01,0,0,0,0,747.06,-100.0,Budget
CAMP0003604,CUST00489,Influencer,2023-07-30,2023-07,0,0,0,0,743.2,-100.0,Budget
CAMP0003605,CUST00489,Influencer,2023-09-11,2023-09,0,0,0,0,869.24,-100.0,Budget
CAMP0003606,CUST00489,Influencer,2023-09-29,2023-09,0,0,0,0,1291.09,-100.0,Budget
CAMP0003607,CUST00489,Paid Social,2023-08-04,2023-08,0,0,0,0,2228.52,-100.0,Budget
CAMP0003608,CUST00489,Paid Social,2023-07-26,2023-07,0,0,0,0,1690.61,-100.0,Budget
CAMP0003609,CUST00490,Email,2023-08-20,2023-08,0,0,0,0,31.63,-100.0,Premium
CAMP0003610,CUST00490,SMS,2023-03-13,2023-03,0,0,0,0,73.66,-100.0,Premium
CAMP0003611,CUST00490,Paid Social,2023-01-07,2023-01,0,0,0,0,705.44,-100.0,Premium
CAMP0003612,CUST00491,Paid Social,2022-12-27,2022-12,0,0,0,0,1381.78,-100.0,Mid-Range
CAMP0003613,CUST00491,Influencer,2024-01-11,2024-01,1,1,0,0,774.66,-100.0,Mid-Range
CAMP0003614,CUST00491,Paid Social,2022-07-05,2022-07,0,0,0,0,1433.05,-100.0,Mid-Range
CAMP0003615,CUST00491,Influencer,2022-08-13,2022-08,1,1,1,125.09,1579.69,-92.1,Mid-Range
CAMP0003616,CUST00491,Email,2023-11-12,2023-11,1,0,0,0,53.97,-100.0,Mid-Range
CAMP0003617,CUST00492,Email,2024-03-31,2024-03,0,0,0,0,28.61,-100.0,Budget
CAMP0003618,CUST00492,Influencer,2024-01-09,2024-01,0,0,0,0,1551.49,-100.0,Budget
CAMP0003619,CUST00492,Email,2024-02-16,2024-02,1,1,1,181.38,45.03,302.8,Budget
CAMP0003620,CUST00492,Push Notification,2024-02-09,2024-02,0,0,0,0,18.1,-100.0,Budget
CAMP0003621,CUST00492,Paid Social,2024-01-16,2024-01,0,0,0,0,805.79,-100.0,Budget
CAMP0003622,CUST00493,Email,2023-10-04,2023-10,0,0,0,0,35.27,-100.0,Budget
CAMP0003623,CUST00493,Paid Social,2023-09-22,2023-09,1,1,0,0,1958.5,-100.0,Budget
CAMP0003624,CUST00493,Influencer,2023-06-12,2023-06,1,1,0,0,1047.41,-100.0,Budget
CAMP0003625,CUST00493,Paid Social,2023-11-20,2023-11,0,0,0,0,2113.83,-100.0,Budget
CAMP0003626,CUST00493,Paid Social,2023-09-12,2023-09,0,0,0,0,2233.95,-100.0,Budget
CAMP0003627,CUST00493,Paid Social,2023-09-19,2023-09,0,0,0,0,1404.41,-100.0,Budget
CAMP0003628,CUST00493,Push Notification,2024-03-21,2024-03,0,0,0,0,21.89,-100.0,Budget
CAMP0003629,CUST00493,Email,2023-12-04,2023-12,0,0,0,0,40.08,-100.0,Budget
CAMP0003630,CUST00493,Push Notification,2023-07-14,2023-07,0,0,0,0,19.84,-100.0,Budget
CAMP0003631,CUST00493,Email,2023-11-13,2023-11,0,0,0,0,24.33,-100.0,Budget
CAMP0003632,CUST00493,Display Ad,2023-12-31,2023-12,0,0,0,0,540.62,-100.0,Budget
CAMP0003633,CUST00494,Email,2024-01-14,2024-01,1,0,0,0,39.08,-100.0,Budget
CAMP0003634,CUST00494,Push Notification,2023-08-06,2023-08,0,0,0,0,17.11,-100.0,Budget
CAMP0003635,CUST00494,Email,2024-01-30,2024-01,0,0,0,0,50.22,-100.0,Budget
CAMP0003636,CUST00494,Email,2023-10-25,2023-10,0,0,0,0,53.3,-100.0,Budget
CAMP0003637,CUST00494,Influencer,2024-02-17,2024-02,0,0,0,0,480.24,-100.0,Budget
CAMP0003638,CUST00494,Email,2024-01-09,2024-01,1,0,0,0,28.61,-100.0,Budget
CAMP0003639,CUST00494,SMS,2024-01-14,2024-01,0,0,0,0,95.63,-100.0,Budget
CAMP0003640,CUST00495,Email,2023-06-01,2023-06,0,0,0,0,40.56,-100.0,Mid-Range
CAMP0003641,CUST00495,Email,2023-05-09,2023-05,0,0,0,0,44.96,-100.0,Mid-Range
CAMP0003642,CUST00495,SMS,2023-11-07,2023-11,0,0,0,0,77.69,-100.0,Mid-Range
CAMP0003643,CUST00495,Email,2023-11-20,2023-11,0,0,0,0,48.02,-100.0,Mid-Range
CAMP0003644,CUST00495,Push Notification,2023-04-06,2023-04,0,0,0,0,16.54,-100.0,Mid-Range
CAMP0003645,CUST00495,Email,2024-03-05,2024-03,0,0,0,0,38.36,-100.0,Mid-Range
CAMP0003646,CUST00495,Paid Social,2023-12-02,2023-12,0,0,0,0,1585.5,-100.0,Mid-Range
CAMP0003647,CUST00495,SMS,2023-05-01,2023-05,1,1,0,0,104.39,-100.0,Mid-Range
CAMP0003648,CUST00495,Email,2023-07-02,2023-07,1,1,0,0,45.5,-100.0,Mid-Range
CAMP0003649,CUST00495,Push Notification,2023-08-13,2023-08,0,0,0,0,25.83,-100.0,Mid-Range
CAMP0003650,CUST00495,Email,2023-06-29,2023-06,0,0,0,0,32.12,-100.0,Mid-Range
CAMP0003651,CUST00496,Email,2023-10-01,2023-10,0,0,0,0,28.16,-100.0,Mid-Range
CAMP0003652,CUST00496,Paid Social,2023-01-21,2023-01,0,0,0,0,2346.78,-100.0,Mid-Range
CAMP0003653,CUST00496,Email,2023-12-26,2023-12,0,0,0,0,22.0,-100.0,Mid-Range
CAMP0003654,CUST00496,Push Notification,2023-09-02,2023-09,0,0,0,0,9.61,-100.0,Mid-Range
CAMP0003655,CUST00496,Email,2024-02-08,2024-02,1,0,0,0,41.76,-100.0,Mid-Range
CAMP0003656,CUST00496,Paid Social,2022-09-06,2022-09,0,0,0,0,1247.43,-100.0,Mid-Range
CAMP0003657,CUST00496,Push Notification,2022-09-14,2022-09,0,0,0,0,11.91,-100.0,Mid-Range
CAMP0003658,CUST00496,Influencer,2022-08-02,2022-08,0,0,0,0,711.91,-100.0,Mid-Range
CAMP0003659,CUST00496,Influencer,2022-10-08,2022-10,1,1,0,0,1164.21,-100.0,Mid-Range
CAMP0003660,CUST00496,SMS,2023-04-04,2023-04,1,0,0,0,88.56,-100.0,Mid-Range
CAMP0003661,CUST00496,Influencer,2022-11-20,2022-11,0,0,0,0,749.07,-100.0,Mid-Range
CAMP0003662,CUST00497,Paid Social,2023-12-23,2023-12,0,0,0,0,1261.01,-100.0,Premium
CAMP0003663,CUST00497,SMS,2023-06-13,2023-06,0,0,0,0,52.38,-100.0,Premium
CAMP0003664,CUST00497,Push Notification,2024-02-18,2024-02,0,0,0,0,13.81,-100.0,Premium
CAMP0003665,CUST00497,Push Notification,2023-10-07,2023-10,0,0,0,0,22.4,-100.0,Premium
CAMP0003666,CUST00497,Influencer,2023-11-11,2023-11,0,0,0,0,791.85,-100.0,Premium
CAMP0003667,CUST00497,Email,2023-02-16,2023-02,0,0,0,0,28.11,-100.0,Premium
CAMP0003668,CUST00497,Paid Social,2024-03-22,2024-03,0,0,0,0,2258.15,-100.0,Premium
CAMP0003669,CUST00498,Paid Social,2022-10-25,2022-10,0,0,0,0,2238.76,-100.0,Premium
CAMP0003670,CUST00498,Influencer,2022-08-30,2022-08,1,0,0,0,1639.89,-100.0,Premium
CAMP0003671,CUST00498,Push Notification,2022-07-04,2022-07,0,0,0,0,23.64,-100.0,Premium
CAMP0003672,CUST00498,Paid Social,2022-09-29,2022-09,0,0,0,0,1025.89,-100.0,Premium
CAMP0003673,CUST00498,Influencer,2023-01-11,2023-01,1,0,0,0,1536.62,-100.0,Premium
CAMP0003674,CUST00498,Influencer,2023-04-22,2023-04,0,0,0,0,1575.78,-100.0,Premium
CAMP0003675,CUST00498,Paid Social,2022-09-11,2022-09,0,0,0,0,2196.99,-100.0,Premium
CAMP0003676,CUST00499,Email,2023-09-09,2023-09,0,0,0,0,40.91,-100.0,Mid-Range
CAMP0003677,CUST00499,Email,2024-03-29,2024-03,0,0,0,0,55.21,-100.0,Mid-Range
CAMP0003678,CUST00499,Display Ad,2023-08-28,2023-08,0,0,0,0,760.31,-100.0,Mid-Range
CAMP0003679,CUST00499,Paid Social,2023-09-03,2023-09,0,0,0,0,1488.73,-100.0,Mid-Range
CAMP0003680,CUST00499,Influencer,2023-03-08,2023-03,0,0,0,0,1230.73,-100.0,Mid-Range
CAMP0003681,CUST00499,Email,2024-03-23,2024-03,1,0,0,0,29.85,-100.0,Mid-Range
CAMP0003682,CUST00499,Push Notification,2023-05-20,2023-05,0,0,0,0,29.6,-100.0,Mid-Range
CAMP0003683,CUST00499,Paid Social,2023-08-04,2023-08,0,0,0,0,2256.4,-100.0,Mid-Range
CAMP0003684,CUST00499,Push Notification,2023-04-05,2023-04,0,0,0,0,16.82,-100.0,Mid-Range
CAMP0003685,CUST00499,Influencer,2024-03-31,2024-03,0,0,0,0,627.35,-100.0,Mid-Range
CAMP0003686,CUST00499,SMS,2023-06-28,2023-06,0,0,0,0,64.0,-100.0,Mid-Range
CAMP0003687,CUST00500,Paid Social,2023-01-08,2023-01,0,0,0,0,1103.77,-100.0,Budget
CAMP0003688,CUST00500,Email,2023-01-31,2023-01,0,0,0,0,31.54,-100.0,Budget
CAMP0003689,CUST00500,Influencer,2023-06-01,2023-06,0,0,0,0,596.86,-100.0,Budget
CAMP0003690,CUST00500,Email,2023-07-05,2023-07,0,0,0,0,57.05,-100.0,Budget
CAMP0003691,CUST00500,Push Notification,2023-11-10,2023-11,0,0,0,0,10.42,-100.0,Budget
CAMP0003692,CUST00500,SMS,2024-02-13,2024-02,0,0,0,0,73.8,-100.0,Budget
CAMP0003693,CUST00500,Push Notification,2023-01-20,2023-01,0,0,0,0,11.12,-100.0,Budget
CAMP0003694,CUST00501,Influencer,2024-03-06,2024-03,0,0,0,0,1464.39,-100.0,Budget
CAMP0003695,CUST00501,Email,2023-10-26,2023-10,0,0,0,0,29.84,-100.0,Budget
CAMP0003696,CUST00501,SMS,2024-01-26,2024-01,1,1,0,0,59.67,-100.0,Budget
CAMP0003697,CUST00501,Influencer,2023-12-12,2023-12,0,0,0,0,1409.83,-100.0,Budget
CAMP0003698,CUST00501,Paid Social,2024-01-30,2024-01,0,0,0,0,2477.88,-100.0,Budget
CAMP0003699,CUST00501,Email,2024-02-10,2024-02,0,0,0,0,20.18,-100.0,Budget
CAMP0003700,CUST00501,Email,2023-09-07,2023-09,0,0,0,0,45.94,-100.0,Budget
CAMP0003701,CUST00501,Email,2023-08-24,2023-08,0,0,0,0,29.96,-100.0,Budget
CAMP0003702,CUST00501,SMS,2023-09-13,2023-09,0,0,0,0,68.75,-100.0,Budget
CAMP0003703,CUST00501,Influencer,2024-01-07,2024-01,0,0,0,0,1590.6,-100.0,Budget
CAMP0003704,CUST00502,Email,2023-06-16,2023-06,0,0,0,0,30.02,-100.0,Mid-Range
CAMP0003705,CUST00502,Paid Social,2023-08-31,2023-08,0,0,0,0,1421.8,-100.0,Mid-Range
CAMP0003706,CUST00502,Paid Social,2023-06-04,2023-06,0,0,0,0,683.42,-100.0,Mid-Range
CAMP0003707,CUST00502,Push Notification,2022-02-15,2022-02,0,0,0,0,14.18,-100.0,Mid-Range
CAMP0003708,CUST00503,Email,2023-08-22,2023-08,0,0,0,0,28.25,-100.0,Premium
CAMP0003709,CUST00503,Email,2023-09-13,2023-09,0,0,0,0,29.1,-100.0,Premium
CAMP0003710,CUST00503,Push Notification,2024-02-24,2024-02,1,0,0,0,12.71,-100.0,Premium
CAMP0003711,CUST00503,Influencer,2023-10-17,2023-10,1,1,1,107.37,1613.24,-93.3,Premium
CAMP0003712,CUST00503,Paid Social,2023-12-17,2023-12,0,0,0,0,1716.16,-100.0,Premium
CAMP0003713,CUST00503,Paid Social,2024-03-16,2024-03,1,0,0,0,1704.33,-100.0,Premium
CAMP0003714,CUST00503,Push Notification,2023-09-19,2023-09,0,0,0,0,11.44,-100.0,Premium
CAMP0003715,CUST00503,Paid Social,2023-12-26,2023-12,1,1,0,0,1408.21,-100.0,Premium
CAMP0003716,CUST00503,Paid Social,2024-03-04,2024-03,0,0,0,0,1322.86,-100.0,Premium
CAMP0003717,CUST00503,Paid Social,2023-08-13,2023-08,0,0,0,0,2227.2,-100.0,Premium
CAMP0003718,CUST00504,Email,2024-03-20,2024-03,0,0,0,0,20.84,-100.0,Luxury
CAMP0003719,CUST00504,Paid Social,2022-09-19,2022-09,0,0,0,0,2291.99,-100.0,Luxury
CAMP0003720,CUST00504,Push Notification,2023-10-05,2023-10,1,0,0,0,12.36,-100.0,Luxury
CAMP0003721,CUST00504,Influencer,2023-07-20,2023-07,0,0,0,0,882.84,-100.0,Luxury
CAMP0003722,CUST00504,Email,2023-07-16,2023-07,0,0,0,0,39.14,-100.0,Luxury
CAMP0003723,CUST00504,Paid Social,2023-06-18,2023-06,0,0,0,0,1844.1,-100.0,Luxury
CAMP0003724,CUST00504,Influencer,2022-08-23,2022-08,0,0,0,0,901.31,-100.0,Luxury
CAMP0003725,CUST00504,Email,2022-10-22,2022-10,0,0,0,0,48.86,-100.0,Luxury
CAMP0003726,CUST00504,Paid Social,2022-10-14,2022-10,0,0,0,0,1028.64,-100.0,Luxury
CAMP0003727,CUST00504,Display Ad,2023-01-08,2023-01,0,0,0,0,755.16,-100.0,Luxury
CAMP0003728,CUST00504,SMS,2023-02-13,2023-02,0,0,0,0,119.87,-100.0,Luxury
CAMP0003729,CUST00504,Push Notification,2023-08-04,2023-08,0,0,0,0,13.93,-100.0,Luxury
CAMP0003730,CUST00505,Email,2022-12-24,2022-12,1,0,0,0,23.44,-100.0,Budget
CAMP0003731,CUST00505,Paid Social,2023-05-30,2023-05,0,0,0,0,2149.64,-100.0,Budget
CAMP0003732,CUST00505,Paid Social,2023-03-29,2023-03,0,0,0,0,1276.27,-100.0,Budget
CAMP0003733,CUST00505,Paid Social,2023-08-25,2023-08,1,0,0,0,1822.54,-100.0,Budget
CAMP0003734,CUST00505,Push Notification,2023-04-18,2023-04,0,0,0,0,26.27,-100.0,Budget
CAMP0003735,CUST00505,Push Notification,2023-05-29,2023-05,0,0,0,0,19.36,-100.0,Budget
CAMP0003736,CUST00505,Email,2022-01-17,2022-01,1,0,0,0,40.25,-100.0,Budget
CAMP0003737,CUST00505,Email,2022-05-26,2022-05,0,0,0,0,49.3,-100.0,Budget
CAMP0003738,CUST00505,Paid Social,2022-05-31,2022-05,0,0,0,0,2352.79,-100.0,Budget
CAMP0003739,CUST00505,Paid Social,2023-07-03,2023-07,0,0,0,0,979.66,-100.0,Budget
CAMP0003740,CUST00505,Display Ad,2022-02-28,2022-02,0,0,0,0,459.22,-100.0,Budget
CAMP0003741,CUST00505,SMS,2023-05-31,2023-05,0,0,0,0,111.25,-100.0,Budget
CAMP0003742,CUST00506,Email,2023-06-30,2023-06,0,0,0,0,36.88,-100.0,Mid-Range
CAMP0003743,CUST00506,Influencer,2024-02-03,2024-02,0,0,0,0,649.69,-100.0,Mid-Range
CAMP0003744,CUST00506,SMS,2023-05-12,2023-05,1,0,0,0,54.28,-100.0,Mid-Range
CAMP0003745,CUST00506,Display Ad,2023-12-06,2023-12,0,0,0,0,710.69,-100.0,Mid-Range
CAMP0003746,CUST00506,Email,2023-09-22,2023-09,0,0,0,0,51.9,-100.0,Mid-Range
CAMP0003747,CUST00506,SMS,2024-01-10,2024-01,0,0,0,0,60.23,-100.0,Mid-Range
CAMP0003748,CUST00506,Influencer,2023-12-01,2023-12,1,0,0,0,1438.91,-100.0,Mid-Range
CAMP0003749,CUST00506,Paid Social,2023-09-30,2023-09,0,0,0,0,2408.29,-100.0,Mid-Range
CAMP0003750,CUST00506,Influencer,2023-12-25,2023-12,0,0,0,0,542.83,-100.0,Mid-Range
CAMP0003751,CUST00506,Push Notification,2023-08-03,2023-08,1,1,0,0,10.48,-100.0,Mid-Range
CAMP0003752,CUST00506,Display Ad,2024-02-05,2024-02,0,0,0,0,753.81,-100.0,Mid-Range
CAMP0003753,CUST00507,Push Notification,2023-01-09,2023-01,1,0,0,0,11.51,-100.0,Mid-Range
CAMP0003754,CUST00507,Email,2023-01-24,2023-01,0,0,0,0,32.61,-100.0,Mid-Range
CAMP0003755,CUST00507,Influencer,2023-09-28,2023-09,0,0,0,0,658.18,-100.0,Mid-Range
CAMP0003756,CUST00507,Paid Social,2023-07-19,2023-07,0,0,0,0,1761.15,-100.0,Mid-Range
CAMP0003757,CUST00507,Paid Social,2023-05-16,2023-05,0,0,0,0,1223.63,-100.0,Mid-Range
CAMP0003758,CUST00507,Paid Social,2024-02-27,2024-02,0,0,0,0,1677.15,-100.0,Mid-Range
CAMP0003759,CUST00508,SMS,2023-09-06,2023-09,0,0,0,0,99.21,-100.0,Mid-Range
CAMP0003760,CUST00508,Paid Social,2023-07-01,2023-07,0,0,0,0,1923.96,-100.0,Mid-Range
CAMP0003761,CUST00508,SMS,2023-08-09,2023-08,1,1,0,0,67.87,-100.0,Mid-Range
CAMP0003762,CUST00508,Display Ad,2024-02-20,2024-02,0,0,0,0,940.83,-100.0,Mid-Range
CAMP0003763,CUST00508,Paid Social,2024-02-08,2024-02,0,0,0,0,2326.86,-100.0,Mid-Range
CAMP0003764,CUST00509,Paid Social,2023-07-08,2023-07,0,0,0,0,1578.35,-100.0,Mid-Range
CAMP0003765,CUST00509,Influencer,2022-10-20,2022-10,0,0,0,0,916.09,-100.0,Mid-Range
CAMP0003766,CUST00509,Display Ad,2023-05-03,2023-05,0,0,0,0,352.16,-100.0,Mid-Range
CAMP0003767,CUST00509,Email,2023-08-26,2023-08,0,0,0,0,36.86,-100.0,Mid-Range
CAMP0003768,CUST00509,Display Ad,2023-08-02,2023-08,1,0,0,0,552.13,-100.0,Mid-Range
CAMP0003769,CUST00509,Email,2023-05-18,2023-05,0,0,0,0,51.5,-100.0,Mid-Range
CAMP0003770,CUST00509,Display Ad,2023-07-23,2023-07,0,0,0,0,1040.83,-100.0,Mid-Range
CAMP0003771,CUST00509,Paid Social,2023-04-20,2023-04,0,0,0,0,2165.76,-100.0,Mid-Range
CAMP0003772,CUST00509,SMS,2024-03-12,2024-03,0,0,0,0,102.46,-100.0,Mid-Range
CAMP0003773,CUST00509,SMS,2023-11-21,2023-11,1,1,1,94.0,83.09,13.1,Mid-Range
CAMP0003774,CUST00510,Paid Social,2023-09-16,2023-09,1,0,0,0,1774.11,-100.0,Premium
CAMP0003775,CUST00510,Display Ad,2023-09-06,2023-09,0,0,0,0,866.43,-100.0,Premium
CAMP0003776,CUST00510,Email,2023-06-15,2023-06,0,0,0,0,19.47,-100.0,Premium
CAMP0003777,CUST00510,Push Notification,2023-08-13,2023-08,0,0,0,0,11.45,-100.0,Premium
CAMP0003778,CUST00510,SMS,2023-08-09,2023-08,0,0,0,0,107.67,-100.0,Premium
CAMP0003779,CUST00510,Push Notification,2023-11-23,2023-11,0,0,0,0,22.77,-100.0,Premium
CAMP0003780,CUST00510,SMS,2023-06-29,2023-06,0,0,0,0,37.15,-100.0,Premium
CAMP0003781,CUST00511,Email,2023-03-21,2023-03,0,0,0,0,24.28,-100.0,Premium
CAMP0003782,CUST00511,Email,2023-01-23,2023-01,0,0,0,0,58.09,-100.0,Premium
CAMP0003783,CUST00511,Paid Social,2023-11-29,2023-11,0,0,0,0,828.37,-100.0,Premium
CAMP0003784,CUST00511,Influencer,2024-02-21,2024-02,0,0,0,0,876.75,-100.0,Premium
CAMP0003785,CUST00511,Display Ad,2023-03-30,2023-03,0,0,0,0,583.5,-100.0,Premium
CAMP0003786,CUST00511,Paid Social,2023-10-09,2023-10,0,0,0,0,894.68,-100.0,Premium
CAMP0003787,CUST00511,Influencer,2023-05-11,2023-05,0,0,0,0,478.31,-100.0,Premium
CAMP0003788,CUST00511,Email,2023-10-06,2023-10,0,0,0,0,19.8,-100.0,Premium
CAMP0003789,CUST00511,Email,2023-10-12,2023-10,0,0,0,0,45.69,-100.0,Premium
CAMP0003790,CUST00511,Influencer,2023-08-16,2023-08,1,0,0,0,1468.2,-100.0,Premium
CAMP0003791,CUST00511,Display Ad,2023-03-18,2023-03,0,0,0,0,557.88,-100.0,Premium
CAMP0003792,CUST00512,Paid Social,2022-11-19,2022-11,0,0,0,0,787.3,-100.0,Premium
CAMP0003793,CUST00512,Influencer,2023-05-05,2023-05,0,0,0,0,548.13,-100.0,Premium
CAMP0003794,CUST00512,Influencer,2023-09-10,2023-09,0,0,0,0,1205.97,-100.0,Premium
CAMP0003795,CUST00512,Influencer,2022-11-16,2022-11,0,0,0,0,1348.03,-100.0,Premium
CAMP0003796,CUST00512,Influencer,2023-11-23,2023-11,0,0,0,0,866.63,-100.0,Premium
CAMP0003797,CUST00512,Influencer,2023-04-14,2023-04,0,0,0,0,1590.82,-100.0,Premium
CAMP0003798,CUST00512,Paid Social,2023-06-11,2023-06,0,0,0,0,2397.91,-100.0,Premium
CAMP0003799,CUST00512,Display Ad,2023-04-06,2023-04,1,0,0,0,580.71,-100.0,Premium
CAMP0003800,CUST00512,Email,2023-10-06,2023-10,0,0,0,0,50.86,-100.0,Premium
CAMP0003801,CUST00513,Email,2023-05-24,2023-05,0,0,0,0,34.13,-100.0,Premium
CAMP0003802,CUST00513,Push Notification,2022-10-23,2022-10,0,0,0,0,23.29,-100.0,Premium
CAMP0003803,CUST00513,Email,2023-08-07,2023-08,0,0,0,0,19.34,-100.0,Premium
CAMP0003804,CUST00513,Display Ad,2022-09-26,2022-09,0,0,0,0,948.32,-100.0,Premium
CAMP0003805,CUST00513,Email,2022-02-10,2022-02,0,0,0,0,22.53,-100.0,Premium
CAMP0003806,CUST00513,Paid Social,2022-07-23,2022-07,0,0,0,0,1576.43,-100.0,Premium
CAMP0003807,CUST00513,Paid Social,2024-01-09,2024-01,1,0,0,0,2210.06,-100.0,Premium
CAMP0003808,CUST00513,Push Notification,2023-09-27,2023-09,0,0,0,0,16.83,-100.0,Premium
CAMP0003809,CUST00513,Email,2024-03-26,2024-03,0,0,0,0,47.12,-100.0,Premium
CAMP0003810,CUST00513,Push Notification,2023-01-12,2023-01,0,0,0,0,23.5,-100.0,Premium
CAMP0003811,CUST00513,SMS,2022-03-10,2022-03,0,0,0,0,81.22,-100.0,Premium
CAMP0003812,CUST00513,Email,2022-09-03,2022-09,0,0,0,0,32.91,-100.0,Premium
CAMP0003813,CUST00514,Email,2023-02-03,2023-02,0,0,0,0,31.73,-100.0,Budget
CAMP0003814,CUST00514,Paid Social,2022-12-19,2022-12,0,0,0,0,2327.41,-100.0,Budget
CAMP0003815,CUST00514,Influencer,2022-11-04,2022-11,0,0,0,0,1384.83,-100.0,Budget
CAMP0003816,CUST00514,Push Notification,2023-12-10,2023-12,0,0,0,0,12.37,-100.0,Budget
CAMP0003817,CUST00514,Paid Social,2023-12-29,2023-12,0,0,0,0,1885.19,-100.0,Budget
CAMP0003818,CUST00514,SMS,2024-03-24,2024-03,0,0,0,0,68.52,-100.0,Budget
CAMP0003819,CUST00514,Paid Social,2023-09-10,2023-09,0,0,0,0,1609.24,-100.0,Budget
CAMP0003820,CUST00514,SMS,2023-12-16,2023-12,0,0,0,0,51.07,-100.0,Budget
CAMP0003821,CUST00514,SMS,2023-08-21,2023-08,1,0,0,0,81.63,-100.0,Budget
CAMP0003822,CUST00515,Paid Social,2024-03-22,2024-03,0,0,0,0,1837.82,-100.0,Mid-Range
CAMP0003823,CUST00515,Push Notification,2023-05-03,2023-05,0,0,0,0,19.22,-100.0,Mid-Range
CAMP0003824,CUST00515,Influencer,2023-10-16,2023-10,0,0,0,0,668.24,-100.0,Mid-Range
CAMP0003825,CUST00515,Paid Social,2023-07-17,2023-07,0,0,0,0,864.15,-100.0,Mid-Range
CAMP0003826,CUST00515,Display Ad,2023-04-30,2023-04,0,0,0,0,1024.69,-100.0,Mid-Range
CAMP0003827,CUST00515,Influencer,2024-01-22,2024-01,0,0,0,0,1517.61,-100.0,Mid-Range
CAMP0003828,CUST00516,Paid Social,2023-03-15,2023-03,0,0,0,0,1799.67,-100.0,Budget
CAMP0003829,CUST00516,Display Ad,2024-02-27,2024-02,0,0,0,0,550.05,-100.0,Budget
CAMP0003830,CUST00516,Email,2023-03-22,2023-03,0,0,0,0,49.67,-100.0,Budget
CAMP0003831,CUST00516,Push Notification,2023-12-23,2023-12,0,0,0,0,10.87,-100.0,Budget
CAMP0003832,CUST00516,Paid Social,2023-07-12,2023-07,1,1,1,152.96,1080.8,-85.8,Budget
CAMP0003833,CUST00516,Email,2022-09-08,2022-09,1,0,0,0,41.94,-100.0,Budget
CAMP0003834,CUST00516,Influencer,2022-08-26,2022-08,0,0,0,0,1382.83,-100.0,Budget
CAMP0003835,CUST00516,Paid Social,2022-11-05,2022-11,0,0,0,0,2433.11,-100.0,Budget
CAMP0003836,CUST00516,Paid Social,2023-12-29,2023-12,0,0,0,0,1511.67,-100.0,Budget
CAMP0003837,CUST00516,Paid Social,2022-05-08,2022-05,0,0,0,0,2078.73,-100.0,Budget
CAMP0003838,CUST00516,Paid Social,2022-11-09,2022-11,0,0,0,0,2100.66,-100.0,Budget
CAMP0003839,CUST00517,Email,2022-12-20,2022-12,0,0,0,0,31.77,-100.0,Premium
CAMP0003840,CUST00517,SMS,2023-10-10,2023-10,1,0,0,0,78.48,-100.0,Premium
CAMP0003841,CUST00517,Influencer,2023-10-03,2023-10,1,1,1,148.58,1398.34,-89.4,Premium
CAMP0003842,CUST00517,Influencer,2023-07-03,2023-07,0,0,0,0,993.18,-100.0,Premium
CAMP0003843,CUST00517,Influencer,2023-02-11,2023-02,0,0,0,0,1037.74,-100.0,Premium
CAMP0003844,CUST00517,Paid Social,2022-11-09,2022-11,0,0,0,0,1328.23,-100.0,Premium
CAMP0003845,CUST00517,Email,2023-03-29,2023-03,1,0,0,0,24.56,-100.0,Premium
CAMP0003846,CUST00517,Influencer,2023-11-05,2023-11,0,0,0,0,605.86,-100.0,Premium
CAMP0003847,CUST00517,SMS,2023-12-10,2023-12,1,1,0,0,88.74,-100.0,Premium
CAMP0003848,CUST00518,Paid Social,2023-04-02,2023-04,0,0,0,0,1276.69,-100.0,Mid-Range
CAMP0003849,CUST00518,Paid Social,2023-12-12,2023-12,0,0,0,0,1540.72,-100.0,Mid-Range
CAMP0003850,CUST00518,Push Notification,2023-09-26,2023-09,1,0,0,0,25.43,-100.0,Mid-Range
CAMP0003851,CUST00518,SMS,2023-03-13,2023-03,0,0,0,0,64.98,-100.0,Mid-Range
CAMP0003852,CUST00519,Email,2023-10-31,2023-10,1,0,0,0,22.33,-100.0,Budget
CAMP0003853,CUST00519,SMS,2023-06-13,2023-06,0,0,0,0,94.17,-100.0,Budget
CAMP0003854,CUST00519,Influencer,2024-02-20,2024-02,1,0,0,0,910.5,-100.0,Budget
CAMP0003855,CUST00519,Paid Social,2023-08-23,2023-08,0,0,0,0,2379.81,-100.0,Budget
CAMP0003856,CUST00519,Email,2023-11-30,2023-11,0,0,0,0,42.05,-100.0,Budget
CAMP0003857,CUST00519,Influencer,2023-10-24,2023-10,0,0,0,0,1543.68,-100.0,Budget
CAMP0003858,CUST00519,Email,2023-06-05,2023-06,0,0,0,0,21.03,-100.0,Budget
CAMP0003859,CUST00519,Push Notification,2023-12-27,2023-12,0,0,0,0,29.88,-100.0,Budget
CAMP0003860,CUST00519,Display Ad,2024-03-29,2024-03,0,0,0,0,699.08,-100.0,Budget
CAMP0003861,CUST00519,Email,2024-02-19,2024-02,1,1,0,0,53.56,-100.0,Budget
CAMP0003862,CUST00520,Paid Social,2023-04-05,2023-04,0,0,0,0,1060.99,-100.0,Mid-Range
CAMP0003863,CUST00520,Push Notification,2023-10-21,2023-10,1,0,0,0,10.79,-100.0,Mid-Range
CAMP0003864,CUST00520,SMS,2023-08-15,2023-08,0,0,0,0,54.7,-100.0,Mid-Range
CAMP0003865,CUST00520,Email,2023-09-25,2023-09,0,0,0,0,38.99,-100.0,Mid-Range
CAMP0003866,CUST00520,Push Notification,2023-11-16,2023-11,0,0,0,0,25.23,-100.0,Mid-Range
CAMP0003867,CUST00521,Paid Social,2023-11-24,2023-11,0,0,0,0,1924.21,-100.0,Premium
CAMP0003868,CUST00521,Push Notification,2023-06-05,2023-06,0,0,0,0,28.8,-100.0,Premium
CAMP0003869,CUST00521,Paid Social,2024-03-03,2024-03,0,0,0,0,1075.9,-100.0,Premium
CAMP0003870,CUST00521,SMS,2023-05-04,2023-05,1,0,0,0,70.21,-100.0,Premium
CAMP0003871,CUST00521,Push Notification,2024-02-09,2024-02,1,1,1,45.68,24.38,87.4,Premium
CAMP0003872,CUST00522,Paid Social,2023-05-26,2023-05,0,0,0,0,2489.97,-100.0,Mid-Range
CAMP0003873,CUST00522,Paid Social,2023-08-09,2023-08,0,0,0,0,1416.2,-100.0,Mid-Range
CAMP0003874,CUST00522,Paid Social,2023-04-27,2023-04,0,0,0,0,1753.77,-100.0,Mid-Range
CAMP0003875,CUST00522,Email,2023-03-23,2023-03,0,0,0,0,37.7,-100.0,Mid-Range
CAMP0003876,CUST00522,Paid Social,2023-02-15,2023-02,1,0,0,0,1227.43,-100.0,Mid-Range
CAMP0003877,CUST00522,Influencer,2023-01-23,2023-01,0,0,0,0,1335.16,-100.0,Mid-Range
CAMP0003878,CUST00522,SMS,2023-04-27,2023-04,0,0,0,0,59.68,-100.0,Mid-Range
CAMP0003879,CUST00522,Email,2023-11-03,2023-11,0,0,0,0,25.16,-100.0,Mid-Range
CAMP0003880,CUST00522,Email,2023-10-19,2023-10,1,0,0,0,23.31,-100.0,Mid-Range
CAMP0003881,CUST00522,Influencer,2024-01-18,2024-01,0,0,0,0,1113.31,-100.0,Mid-Range
CAMP0003882,CUST00522,Push Notification,2023-10-17,2023-10,0,0,0,0,16.64,-100.0,Mid-Range
CAMP0003883,CUST00522,Display Ad,2023-06-02,2023-06,0,0,0,0,392.1,-100.0,Mid-Range
CAMP0003884,CUST00523,Paid Social,2023-03-10,2023-03,1,0,0,0,1906.47,-100.0,Mid-Range
CAMP0003885,CUST00523,Display Ad,2023-07-21,2023-07,0,0,0,0,386.36,-100.0,Mid-Range
CAMP0003886,CUST00523,Email,2022-07-09,2022-07,0,0,0,0,43.28,-100.0,Mid-Range
CAMP0003887,CUST00523,Influencer,2023-11-21,2023-11,0,0,0,0,1480.53,-100.0,Mid-Range
CAMP0003888,CUST00523,Email,2023-05-01,2023-05,0,0,0,0,57.44,-100.0,Mid-Range
CAMP0003889,CUST00523,Email,2024-02-16,2024-02,0,0,0,0,20.4,-100.0,Mid-Range
CAMP0003890,CUST00524,Paid Social,2022-11-20,2022-11,0,0,0,0,1190.75,-100.0,Budget
CAMP0003891,CUST00524,Paid Social,2022-09-13,2022-09,0,0,0,0,2279.74,-100.0,Budget
CAMP0003892,CUST00524,Display Ad,2023-04-08,2023-04,0,0,0,0,892.4,-100.0,Budget
CAMP0003893,CUST00524,SMS,2023-11-22,2023-11,0,0,0,0,59.92,-100.0,Budget
CAMP0003894,CUST00524,Paid Social,2023-02-06,2023-02,0,0,0,0,2073.44,-100.0,Budget
CAMP0003895,CUST00524,Email,2023-09-16,2023-09,0,0,0,0,53.92,-100.0,Budget
CAMP0003896,CUST00524,Email,2023-11-24,2023-11,0,0,0,0,30.87,-100.0,Budget
CAMP0003897,CUST00524,Paid Social,2023-04-21,2023-04,0,0,0,0,1259.88,-100.0,Budget
CAMP0003898,CUST00524,Push Notification,2022-08-11,2022-08,1,1,1,73.61,26.05,182.6,Budget
CAMP0003899,CUST00524,Push Notification,2023-08-11,2023-08,0,0,0,0,11.77,-100.0,Budget
CAMP0003900,CUST00524,Email,2024-03-28,2024-03,0,0,0,0,16.99,-100.0,Budget
CAMP0003901,CUST00525,Paid Social,2024-01-13,2024-01,0,0,0,0,868.41,-100.0,Budget
CAMP0003902,CUST00525,Paid Social,2023-04-10,2023-04,0,0,0,0,1427.8,-100.0,Budget
CAMP0003903,CUST00525,Influencer,2023-03-22,2023-03,0,0,0,0,854.79,-100.0,Budget
CAMP0003904,CUST00525,Influencer,2023-10-14,2023-10,1,1,1,85.07,1301.99,-93.5,Budget
CAMP0003905,CUST00525,Email,2024-03-04,2024-03,0,0,0,0,58.2,-100.0,Budget
CAMP0003906,CUST00525,Push Notification,2023-05-23,2023-05,0,0,0,0,27.54,-100.0,Budget
CAMP0003907,CUST00525,Email,2023-07-08,2023-07,1,0,0,0,46.1,-100.0,Budget
CAMP0003908,CUST00525,Display Ad,2023-06-25,2023-06,0,0,0,0,949.64,-100.0,Budget
CAMP0003909,CUST00525,Display Ad,2023-05-19,2023-05,0,0,0,0,724.97,-100.0,Budget
CAMP0003910,CUST00526,Email,2023-08-01,2023-08,0,0,0,0,19.74,-100.0,Budget
CAMP0003911,CUST00526,Paid Social,2023-12-05,2023-12,1,0,0,0,2303.18,-100.0,Budget
CAMP0003912,CUST00526,Email,2023-02-23,2023-02,1,0,0,0,51.34,-100.0,Budget
CAMP0003913,CUST00526,Email,2023-01-17,2023-01,0,0,0,0,17.89,-100.0,Budget
CAMP0003914,CUST00526,SMS,2023-07-23,2023-07,0,0,0,0,109.57,-100.0,Budget
CAMP0003915,CUST00526,Influencer,2023-06-11,2023-06,0,0,0,0,615.28,-100.0,Budget
CAMP0003916,CUST00526,Email,2023-01-20,2023-01,0,0,0,0,51.06,-100.0,Budget
CAMP0003917,CUST00526,Paid Social,2023-10-15,2023-10,0,0,0,0,1193.16,-100.0,Budget
CAMP0003918,CUST00526,Paid Social,2022-07-20,2022-07,0,0,0,0,1454.95,-100.0,Budget
CAMP0003919,CUST00526,Email,2023-07-23,2023-07,0,0,0,0,55.52,-100.0,Budget
CAMP0003920,CUST00526,Email,2023-01-09,2023-01,0,0,0,0,53.45,-100.0,Budget
CAMP0003921,CUST00527,Push Notification,2024-03-28,2024-03,0,0,0,0,16.34,-100.0,Premium
CAMP0003922,CUST00527,Push Notification,2023-08-23,2023-08,0,0,0,0,14.14,-100.0,Premium
CAMP0003923,CUST00527,Influencer,2023-07-07,2023-07,0,0,0,0,910.11,-100.0,Premium
CAMP0003924,CUST00527,Influencer,2023-05-25,2023-05,0,0,0,0,1130.45,-100.0,Premium
CAMP0003925,CUST00527,Email,2023-06-14,2023-06,0,0,0,0,53.4,-100.0,Premium
CAMP0003926,CUST00527,Display Ad,2024-02-17,2024-02,1,0,0,0,982.51,-100.0,Premium
CAMP0003927,CUST00528,Email,2023-10-27,2023-10,0,0,0,0,42.61,-100.0,Premium
CAMP0003928,CUST00528,Email,2022-06-01,2022-06,0,0,0,0,30.53,-100.0,Premium
CAMP0003929,CUST00528,Paid Social,2023-01-14,2023-01,0,0,0,0,2344.76,-100.0,Premium
CAMP0003930,CUST00528,Email,2022-06-07,2022-06,1,0,0,0,46.38,-100.0,Premium
CAMP0003931,CUST00528,Push Notification,2022-06-25,2022-06,0,0,0,0,22.75,-100.0,Premium
CAMP0003932,CUST00528,Push Notification,2024-02-02,2024-02,1,1,0,0,19.24,-100.0,Premium
CAMP0003933,CUST00528,Paid Social,2023-10-15,2023-10,0,0,0,0,1777.9,-100.0,Premium
CAMP0003934,CUST00528,Email,2022-05-27,2022-05,1,1,0,0,25.61,-100.0,Premium
CAMP0003935,CUST00528,Paid Social,2022-10-10,2022-10,0,0,0,0,2314.49,-100.0,Premium
CAMP0003936,CUST00528,Email,2023-04-14,2023-04,1,1,1,96.43,48.2,100.1,Premium
CAMP0003937,CUST00529,Display Ad,2024-01-11,2024-01,0,0,0,0,707.12,-100.0,Mid-Range
CAMP0003938,CUST00529,Display Ad,2024-01-20,2024-01,0,0,0,0,612.32,-100.0,Mid-Range
CAMP0003939,CUST00529,SMS,2023-08-27,2023-08,0,0,0,0,55.07,-100.0,Mid-Range
CAMP0003940,CUST00529,Email,2024-03-10,2024-03,1,1,1,90.29,44.88,101.2,Mid-Range
CAMP0003941,CUST00529,Push Notification,2023-09-24,2023-09,0,0,0,0,12.81,-100.0,Mid-Range
CAMP0003942,CUST00529,Paid Social,2024-01-24,2024-01,0,0,0,0,1493.52,-100.0,Mid-Range
CAMP0003943,CUST00529,Paid Social,2024-03-04,2024-03,0,0,0,0,1462.2,-100.0,Mid-Range
CAMP0003944,CUST00530,Email,2023-06-29,2023-06,1,0,0,0,52.72,-100.0,Mid-Range
CAMP0003945,CUST00530,SMS,2023-08-02,2023-08,1,1,1,102.71,83.77,22.6,Mid-Range
CAMP0003946,CUST00530,Paid Social,2023-12-20,2023-12,0,0,0,0,1299.08,-100.0,Mid-Range
CAMP0003947,CUST00530,SMS,2023-06-23,2023-06,0,0,0,0,36.79,-100.0,Mid-Range
CAMP0003948,CUST00530,Push Notification,2023-05-08,2023-05,0,0,0,0,13.45,-100.0,Mid-Range
CAMP0003949,CUST00530,Email,2023-11-24,2023-11,1,0,0,0,53.93,-100.0,Mid-Range
CAMP0003950,CUST00530,Email,2023-09-15,2023-09,1,0,0,0,49.93,-100.0,Mid-Range
CAMP0003951,CUST00530,Email,2023-10-16,2023-10,1,0,0,0,42.98,-100.0,Mid-Range
CAMP0003952,CUST00530,Influencer,2023-10-30,2023-10,1,0,0,0,486.08,-100.0,Mid-Range
CAMP0003953,CUST00531,Push Notification,2023-02-19,2023-02,1,0,0,0,15.36,-100.0,Mid-Range
CAMP0003954,CUST00531,Paid Social,2023-01-16,2023-01,1,1,0,0,964.79,-100.0,Mid-Range
CAMP0003955,CUST00531,Paid Social,2024-03-17,2024-03,0,0,0,0,1179.71,-100.0,Mid-Range
CAMP0003956,CUST00531,Paid Social,2023-01-23,2023-01,0,0,0,0,1950.61,-100.0,Mid-Range
CAMP0003957,CUST00531,Display Ad,2023-03-10,2023-03,0,0,0,0,913.52,-100.0,Mid-Range
CAMP0003958,CUST00531,SMS,2024-03-20,2024-03,1,0,0,0,101.91,-100.0,Mid-Range
CAMP0003959,CUST00531,SMS,2024-01-25,2024-01,0,0,0,0,34.87,-100.0,Mid-Range
CAMP0003960,CUST00532,Influencer,2023-12-07,2023-12,1,0,0,0,700.96,-100.0,Luxury
CAMP0003961,CUST00532,Influencer,2024-03-20,2024-03,0,0,0,0,1117.93,-100.0,Luxury
CAMP0003962,CUST00532,Email,2024-02-02,2024-02,0,0,0,0,39.58,-100.0,Luxury
CAMP0003963,CUST00533,Display Ad,2023-01-02,2023-01,0,0,0,0,374.03,-100.0,Premium
CAMP0003964,CUST00533,Email,2023-10-26,2023-10,0,0,0,0,42.28,-100.0,Premium
CAMP0003965,CUST00533,SMS,2023-09-17,2023-09,1,0,0,0,76.51,-100.0,Premium
CAMP0003966,CUST00533,SMS,2024-01-19,2024-01,0,0,0,0,53.51,-100.0,Premium
CAMP0003967,CUST00533,Display Ad,2023-08-01,2023-08,0,0,0,0,909.13,-100.0,Premium
CAMP0003968,CUST00533,Paid Social,2023-08-17,2023-08,0,0,0,0,1747.93,-100.0,Premium
CAMP0003969,CUST00533,Influencer,2024-02-01,2024-02,0,0,0,0,1502.74,-100.0,Premium
CAMP0003970,CUST00533,Paid Social,2023-03-22,2023-03,0,0,0,0,2178.3,-100.0,Premium
CAMP0003971,CUST00533,Influencer,2024-03-10,2024-03,0,0,0,0,817.72,-100.0,Premium
CAMP0003972,CUST00533,Paid Social,2023-09-24,2023-09,0,0,0,0,1659.13,-100.0,Premium
CAMP0003973,CUST00533,Display Ad,2023-12-03,2023-12,0,0,0,0,966.67,-100.0,Premium
CAMP0003974,CUST00533,Influencer,2024-01-17,2024-01,0,0,0,0,1294.03,-100.0,Premium
CAMP0003975,CUST00534,Influencer,2023-10-17,2023-10,0,0,0,0,600.05,-100.0,Mid-Range
CAMP0003976,CUST00534,Influencer,2023-04-04,2023-04,1,0,0,0,780.05,-100.0,Mid-Range
CAMP0003977,CUST00534,SMS,2022-06-14,2022-06,1,0,0,0,33.84,-100.0,Mid-Range
CAMP0003978,CUST00534,Influencer,2022-07-17,2022-07,1,0,0,0,1403.13,-100.0,Mid-Range
CAMP0003979,CUST00534,Display Ad,2023-10-12,2023-10,0,0,0,0,986.67,-100.0,Mid-Range
CAMP0003980,CUST00535,Influencer,2022-08-23,2022-08,0,0,0,0,605.36,-100.0,Premium
CAMP0003981,CUST00535,Push Notification,2023-01-07,2023-01,0,0,0,0,13.28,-100.0,Premium
CAMP0003982,CUST00535,Push Notification,2022-05-13,2022-05,0,0,0,0,28.01,-100.0,Premium
CAMP0003983,CUST00535,Influencer,2022-06-07,2022-06,1,1,0,0,622.78,-100.0,Premium
CAMP0003984,CUST00536,Influencer,2024-01-28,2024-01,1,0,0,0,523.41,-100.0,Luxury
CAMP0003985,CUST00536,Push Notification,2023-12-22,2023-12,1,1,0,0,29.08,-100.0,Luxury
CAMP0003986,CUST00536,Email,2023-10-07,2023-10,0,0,0,0,34.9,-100.0,Luxury
CAMP0003987,CUST00536,Email,2023-08-28,2023-08,0,0,0,0,42.35,-100.0,Luxury
CAMP0003988,CUST00536,Influencer,2023-10-13,2023-10,0,0,0,0,916.97,-100.0,Luxury
CAMP0003989,CUST00536,Influencer,2023-09-04,2023-09,1,0,0,0,681.04,-100.0,Luxury
CAMP0003990,CUST00536,Influencer,2023-12-26,2023-12,1,1,0,0,1300.68,-100.0,Luxury
CAMP0003991,CUST00537,Email,2023-11-02,2023-11,0,0,0,0,50.8,-100.0,Premium
CAMP0003992,CUST00537,SMS,2024-02-29,2024-02,1,0,0,0,87.21,-100.0,Premium
CAMP0003993,CUST00537,Paid Social,2023-08-13,2023-08,0,0,0,0,2404.24,-100.0,Premium
CAMP0003994,CUST00537,Influencer,2023-11-10,2023-11,0,0,0,0,526.42,-100.0,Premium
CAMP0003995,CUST00537,Push Notification,2023-07-14,2023-07,1,1,1,127.16,10.78,1079.6,Premium
CAMP0003996,CUST00537,Paid Social,2023-11-04,2023-11,0,0,0,0,1178.35,-100.0,Premium
CAMP0003997,CUST00538,Push Notification,2022-06-16,2022-06,0,0,0,0,29.24,-100.0,Premium
CAMP0003998,CUST00538,Email,2022-04-30,2022-04,1,0,0,0,18.05,-100.0,Premium
CAMP0003999,CUST00538,Email,2023-09-30,2023-09,0,0,0,0,57.84,-100.0,Premium
CAMP0004000,CUST00538,Email,2023-11-05,2023-11,0,0,0,0,31.54,-100.0,Premium
CAMP0004001,CUST00538,Push Notification,2024-02-07,2024-02,0,0,0,0,15.87,-100.0,Premium
CAMP0004002,CUST00538,Email,2022-04-13,2022-04,0,0,0,0,42.51,-100.0,Premium
CAMP0004003,CUST00538,Email,2024-01-30,2024-01,0,0,0,0,28.62,-100.0,Premium
CAMP0004004,CUST00538,Email,2024-01-22,2024-01,0,0,0,0,25.81,-100.0,Premium
CAMP0004005,CUST00539,Paid Social,2023-04-17,2023-04,0,0,0,0,744.18,-100.0,Premium
CAMP0004006,CUST00539,Email,2023-03-02,2023-03,0,0,0,0,38.79,-100.0,Premium
CAMP0004007,CUST00539,Paid Social,2023-09-04,2023-09,0,0,0,0,1112.41,-100.0,Premium
CAMP0004008,CUST00539,SMS,2022-10-13,2022-10,0,0,0,0,54.14,-100.0,Premium
CAMP0004009,CUST00539,Display Ad,2023-11-26,2023-11,0,0,0,0,800.87,-100.0,Premium
CAMP0004010,CUST00539,Email,2023-04-29,2023-04,0,0,0,0,17.22,-100.0,Premium
CAMP0004011,CUST00539,Display Ad,2023-07-21,2023-07,0,0,0,0,1032.65,-100.0,Premium
CAMP0004012,CUST00539,Push Notification,2022-12-06,2022-12,0,0,0,0,16.31,-100.0,Premium
CAMP0004013,CUST00539,Paid Social,2024-03-06,2024-03,1,0,0,0,1122.83,-100.0,Premium
CAMP0004014,CUST00539,Influencer,2022-12-03,2022-12,0,0,0,0,716.62,-100.0,Premium
CAMP0004015,CUST00539,Paid Social,2022-11-16,2022-11,0,0,0,0,2042.74,-100.0,Premium
CAMP0004016,CUST00540,Influencer,2024-01-31,2024-01,0,0,0,0,768.06,-100.0,Budget
CAMP0004017,CUST00540,Display Ad,2024-01-12,2024-01,0,0,0,0,450.1,-100.0,Budget
CAMP0004018,CUST00540,Email,2024-01-10,2024-01,0,0,0,0,16.35,-100.0,Budget
CAMP0004019,CUST00540,Paid Social,2024-02-10,2024-02,0,0,0,0,2320.92,-100.0,Budget
CAMP0004020,CUST00540,Influencer,2024-02-03,2024-02,0,0,0,0,848.22,-100.0,Budget
CAMP0004021,CUST00540,SMS,2023-11-04,2023-11,0,0,0,0,84.73,-100.0,Budget
CAMP0004022,CUST00540,SMS,2023-10-12,2023-10,0,0,0,0,92.16,-100.0,Budget
CAMP0004023,CUST00540,Email,2023-10-14,2023-10,1,0,0,0,17.55,-100.0,Budget
CAMP0004024,CUST00540,Paid Social,2023-09-30,2023-09,0,0,0,0,2381.37,-100.0,Budget
CAMP0004025,CUST00540,Influencer,2023-10-16,2023-10,0,0,0,0,1506.98,-100.0,Budget
CAMP0004026,CUST00541,Paid Social,2023-11-24,2023-11,0,0,0,0,2515.1,-100.0,Mid-Range
CAMP0004027,CUST00541,Paid Social,2024-01-15,2024-01,0,0,0,0,2196.18,-100.0,Mid-Range
CAMP0004028,CUST00541,Influencer,2023-05-06,2023-05,0,0,0,0,865.77,-100.0,Mid-Range
CAMP0004029,CUST00541,Paid Social,2022-11-19,2022-11,0,0,0,0,1214.38,-100.0,Mid-Range
CAMP0004030,CUST00542,Email,2022-07-26,2022-07,0,0,0,0,51.21,-100.0,Mid-Range
CAMP0004031,CUST00542,Email,2023-11-22,2023-11,0,0,0,0,56.31,-100.0,Mid-Range
CAMP0004032,CUST00542,Display Ad,2023-02-21,2023-02,0,0,0,0,890.37,-100.0,Mid-Range
CAMP0004033,CUST00542,Email,2023-03-23,2023-03,0,0,0,0,59.96,-100.0,Mid-Range
CAMP0004034,CUST00542,Email,2022-05-23,2022-05,0,0,0,0,19.82,-100.0,Mid-Range
CAMP0004035,CUST00542,Email,2023-01-29,2023-01,0,0,0,0,57.42,-100.0,Mid-Range
CAMP0004036,CUST00543,Email,2023-10-31,2023-10,0,0,0,0,45.87,-100.0,Mid-Range
CAMP0004037,CUST00543,Paid Social,2023-10-25,2023-10,0,0,0,0,1292.2,-100.0,Mid-Range
CAMP0004038,CUST00543,Display Ad,2023-05-29,2023-05,0,0,0,0,581.56,-100.0,Mid-Range
CAMP0004039,CUST00543,Push Notification,2024-02-09,2024-02,0,0,0,0,22.56,-100.0,Mid-Range
CAMP0004040,CUST00543,Paid Social,2024-01-21,2024-01,0,0,0,0,2167.72,-100.0,Mid-Range
CAMP0004041,CUST00543,Paid Social,2023-10-02,2023-10,0,0,0,0,1168.88,-100.0,Mid-Range
CAMP0004042,CUST00543,Email,2023-09-07,2023-09,0,0,0,0,48.47,-100.0,Mid-Range
CAMP0004043,CUST00543,Email,2023-08-11,2023-08,0,0,0,0,24.16,-100.0,Mid-Range
CAMP0004044,CUST00544,Email,2023-10-28,2023-10,1,0,0,0,49.84,-100.0,Budget
CAMP0004045,CUST00544,Influencer,2023-05-26,2023-05,0,0,0,0,1153.8,-100.0,Budget
CAMP0004046,CUST00544,SMS,2024-03-08,2024-03,0,0,0,0,52.66,-100.0,Budget
CAMP0004047,CUST00544,Paid Social,2023-10-14,2023-10,1,0,0,0,1324.66,-100.0,Budget
CAMP0004048,CUST00544,Push Notification,2023-03-12,2023-03,0,0,0,0,20.02,-100.0,Budget
CAMP0004049,CUST00544,Influencer,2023-04-21,2023-04,0,0,0,0,1522.09,-100.0,Budget
CAMP0004050,CUST00544,Email,2023-05-23,2023-05,0,0,0,0,32.53,-100.0,Budget
CAMP0004051,CUST00545,Paid Social,2023-08-21,2023-08,0,0,0,0,960.39,-100.0,Budget
CAMP0004052,CUST00545,SMS,2023-07-31,2023-07,0,0,0,0,44.62,-100.0,Budget
CAMP0004053,CUST00545,Display Ad,2023-09-07,2023-09,0,0,0,0,855.04,-100.0,Budget
CAMP0004054,CUST00545,Email,2023-09-27,2023-09,0,0,0,0,59.97,-100.0,Budget
CAMP0004055,CUST00545,Email,2024-01-24,2024-01,1,0,0,0,48.36,-100.0,Budget
CAMP0004056,CUST00545,Push Notification,2024-02-04,2024-02,0,0,0,0,12.63,-100.0,Budget
CAMP0004057,CUST00545,Display Ad,2023-07-14,2023-07,0,0,0,0,321.64,-100.0,Budget
CAMP0004058,CUST00545,Influencer,2023-06-08,2023-06,1,1,0,0,553.26,-100.0,Budget
CAMP0004059,CUST00545,SMS,2023-10-21,2023-10,0,0,0,0,35.37,-100.0,Budget
CAMP0004060,CUST00546,Email,2023-10-08,2023-10,0,0,0,0,24.87,-100.0,Premium
CAMP0004061,CUST00546,Influencer,2023-03-07,2023-03,0,0,0,0,603.31,-100.0,Premium
CAMP0004062,CUST00546,Email,2024-02-20,2024-02,0,0,0,0,27.4,-100.0,Premium
CAMP0004063,CUST00546,Email,2023-08-15,2023-08,0,0,0,0,44.5,-100.0,Premium
CAMP0004064,CUST00546,Email,2024-02-17,2024-02,0,0,0,0,38.93,-100.0,Premium
CAMP0004065,CUST00546,Push Notification,2024-02-27,2024-02,0,0,0,0,18.93,-100.0,Premium
CAMP0004066,CUST00546,Push Notification,2023-05-06,2023-05,0,0,0,0,10.45,-100.0,Premium
CAMP0004067,CUST00546,Push Notification,2023-04-14,2023-04,0,0,0,0,26.09,-100.0,Premium
CAMP0004068,CUST00546,Paid Social,2023-08-20,2023-08,0,0,0,0,2549.7,-100.0,Premium
CAMP0004069,CUST00546,Email,2023-12-03,2023-12,0,0,0,0,34.86,-100.0,Premium
CAMP0004070,CUST00546,Paid Social,2023-05-18,2023-05,0,0,0,0,1219.83,-100.0,Premium
CAMP0004071,CUST00547,Email,2023-08-12,2023-08,1,0,0,0,22.81,-100.0,Budget
CAMP0004072,CUST00547,Email,2023-12-30,2023-12,0,0,0,0,43.27,-100.0,Budget
CAMP0004073,CUST00547,Influencer,2023-04-07,2023-04,0,0,0,0,857.45,-100.0,Budget
CAMP0004074,CUST00547,Email,2023-04-03,2023-04,0,0,0,0,51.0,-100.0,Budget
CAMP0004075,CUST00547,Paid Social,2023-10-25,2023-10,0,0,0,0,719.6,-100.0,Budget
CAMP0004076,CUST00547,Paid Social,2023-04-08,2023-04,0,0,0,0,1974.42,-100.0,Budget
CAMP0004077,CUST00547,Email,2023-01-19,2023-01,1,1,1,154.65,36.97,318.3,Budget
CAMP0004078,CUST00547,SMS,2024-02-11,2024-02,1,0,0,0,102.42,-100.0,Budget
CAMP0004079,CUST00547,Email,2023-05-29,2023-05,1,0,0,0,29.3,-100.0,Budget
CAMP0004080,CUST00547,Influencer,2023-07-05,2023-07,1,1,0,0,1304.47,-100.0,Budget
CAMP0004081,CUST00547,Email,2023-11-19,2023-11,0,0,0,0,55.63,-100.0,Budget
CAMP0004082,CUST00547,Email,2023-05-08,2023-05,0,0,0,0,50.85,-100.0,Budget
CAMP0004083,CUST00548,Paid Social,2022-07-17,2022-07,0,0,0,0,966.06,-100.0,Mid-Range
CAMP0004084,CUST00548,Paid Social,2022-09-17,2022-09,0,0,0,0,864.58,-100.0,Mid-Range
CAMP0004085,CUST00548,Email,2023-10-01,2023-10,0,0,0,0,26.49,-100.0,Mid-Range
CAMP0004086,CUST00548,SMS,2023-06-19,2023-06,0,0,0,0,90.36,-100.0,Mid-Range
CAMP0004087,CUST00548,Email,2023-04-03,2023-04,0,0,0,0,58.06,-100.0,Mid-Range
CAMP0004088,CUST00548,Influencer,2024-01-18,2024-01,0,0,0,0,1333.92,-100.0,Mid-Range
CAMP0004089,CUST00548,Paid Social,2023-04-02,2023-04,0,0,0,0,2019.79,-100.0,Mid-Range
CAMP0004090,CUST00548,Email,2022-07-02,2022-07,0,0,0,0,38.88,-100.0,Mid-Range
CAMP0004091,CUST00548,Paid Social,2022-08-15,2022-08,0,0,0,0,2381.31,-100.0,Mid-Range
CAMP0004092,CUST00548,Paid Social,2022-08-01,2022-08,0,0,0,0,2046.97,-100.0,Mid-Range
CAMP0004093,CUST00548,Email,2023-11-10,2023-11,0,0,0,0,17.42,-100.0,Mid-Range
CAMP0004094,CUST00548,Email,2023-11-09,2023-11,1,0,0,0,46.79,-100.0,Mid-Range
CAMP0004095,CUST00549,Email,2023-08-04,2023-08,0,0,0,0,46.05,-100.0,Budget
CAMP0004096,CUST00549,Paid Social,2023-02-17,2023-02,0,0,0,0,1885.72,-100.0,Budget
CAMP0004097,CUST00549,Influencer,2023-09-24,2023-09,1,1,1,138.65,709.95,-80.5,Budget
CAMP0004098,CUST00549,Email,2022-10-03,2022-10,0,0,0,0,37.15,-100.0,Budget
CAMP0004099,CUST00549,Paid Social,2022-08-28,2022-08,0,0,0,0,1928.61,-100.0,Budget
CAMP0004100,CUST00549,Email,2023-01-21,2023-01,0,0,0,0,31.47,-100.0,Budget
CAMP0004101,CUST00549,Email,2023-03-24,2023-03,0,0,0,0,19.33,-100.0,Budget
CAMP0004102,CUST00550,Email,2023-07-12,2023-07,1,1,1,145.53,19.13,660.7,Premium
CAMP0004103,CUST00550,Display Ad,2023-12-14,2023-12,0,0,0,0,629.88,-100.0,Premium
CAMP0004104,CUST00550,Influencer,2022-04-21,2022-04,0,0,0,0,1313.58,-100.0,Premium
CAMP0004105,CUST00550,Paid Social,2023-09-01,2023-09,1,0,0,0,1977.58,-100.0,Premium
CAMP0004106,CUST00550,Email,2023-01-09,2023-01,0,0,0,0,59.95,-100.0,Premium
CAMP0004107,CUST00550,Push Notification,2024-01-31,2024-01,0,0,0,0,11.34,-100.0,Premium
CAMP0004108,CUST00551,Paid Social,2022-08-15,2022-08,0,0,0,0,853.8,-100.0,Budget
CAMP0004109,CUST00551,Paid Social,2022-09-23,2022-09,0,0,0,0,1620.94,-100.0,Budget
CAMP0004110,CUST00551,Email,2022-12-13,2022-12,0,0,0,0,31.75,-100.0,Budget
CAMP0004111,CUST00551,SMS,2022-05-27,2022-05,0,0,0,0,41.29,-100.0,Budget
CAMP0004112,CUST00551,Email,2023-10-18,2023-10,0,0,0,0,44.44,-100.0,Budget
CAMP0004113,CUST00551,Influencer,2022-03-30,2022-03,0,0,0,0,1430.55,-100.0,Budget
CAMP0004114,CUST00551,Push Notification,2022-07-10,2022-07,1,0,0,0,15.86,-100.0,Budget
CAMP0004115,CUST00551,Paid Social,2024-02-04,2024-02,0,0,0,0,1480.24,-100.0,Budget
CAMP0004116,CUST00551,Display Ad,2023-09-04,2023-09,0,0,0,0,640.71,-100.0,Budget
CAMP0004117,CUST00551,Email,2023-09-26,2023-09,0,0,0,0,16.73,-100.0,Budget
CAMP0004118,CUST00551,Email,2023-09-18,2023-09,0,0,0,0,51.28,-100.0,Budget
CAMP0004119,CUST00552,Paid Social,2024-01-09,2024-01,0,0,0,0,891.68,-100.0,Premium
CAMP0004120,CUST00552,Email,2023-06-16,2023-06,0,0,0,0,41.26,-100.0,Premium
CAMP0004121,CUST00552,Paid Social,2023-02-25,2023-02,0,0,0,0,1575.03,-100.0,Premium
CAMP0004122,CUST00552,Email,2023-05-19,2023-05,0,0,0,0,18.19,-100.0,Premium
CAMP0004123,CUST00552,Influencer,2023-12-29,2023-12,0,0,0,0,889.01,-100.0,Premium
CAMP0004124,CUST00552,Paid Social,2022-05-27,2022-05,1,1,0,0,2512.62,-100.0,Premium
CAMP0004125,CUST00552,SMS,2023-02-11,2023-02,1,0,0,0,51.89,-100.0,Premium
CAMP0004126,CUST00552,Influencer,2022-09-16,2022-09,0,0,0,0,913.45,-100.0,Premium
CAMP0004127,CUST00552,Push Notification,2024-02-26,2024-02,0,0,0,0,11.96,-100.0,Premium
CAMP0004128,CUST00552,Email,2024-01-16,2024-01,0,0,0,0,59.85,-100.0,Premium
CAMP0004129,CUST00552,Display Ad,2023-09-25,2023-09,0,0,0,0,400.94,-100.0,Premium
CAMP0004130,CUST00553,Email,2023-11-21,2023-11,0,0,0,0,16.1,-100.0,Premium
CAMP0004131,CUST00553,SMS,2023-08-06,2023-08,0,0,0,0,54.64,-100.0,Premium
CAMP0004132,CUST00553,Email,2023-09-14,2023-09,0,0,0,0,23.65,-100.0,Premium
CAMP0004133,CUST00553,SMS,2024-01-19,2024-01,0,0,0,0,63.62,-100.0,Premium
CAMP0004134,CUST00553,Email,2023-12-20,2023-12,1,0,0,0,37.56,-100.0,Premium
CAMP0004135,CUST00553,Influencer,2023-10-06,2023-10,0,0,0,0,618.68,-100.0,Premium
CAMP0004136,CUST00554,Push Notification,2023-06-17,2023-06,0,0,0,0,21.6,-100.0,Budget
CAMP0004137,CUST00554,SMS,2023-10-02,2023-10,1,1,0,0,95.44,-100.0,Budget
CAMP0004138,CUST00554,Email,2024-01-03,2024-01,0,0,0,0,21.83,-100.0,Budget
CAMP0004139,CUST00554,Paid Social,2022-12-03,2022-12,0,0,0,0,2367.32,-100.0,Budget
CAMP0004140,CUST00554,Email,2023-10-21,2023-10,0,0,0,0,44.5,-100.0,Budget
CAMP0004141,CUST00554,Paid Social,2023-05-02,2023-05,0,0,0,0,2119.83,-100.0,Budget
CAMP0004142,CUST00554,Influencer,2024-03-25,2024-03,0,0,0,0,1311.12,-100.0,Budget
CAMP0004143,CUST00554,Paid Social,2022-12-06,2022-12,0,0,0,0,2141.81,-100.0,Budget
CAMP0004144,CUST00554,Email,2022-09-25,2022-09,0,0,0,0,43.36,-100.0,Budget
CAMP0004145,CUST00554,Push Notification,2023-04-24,2023-04,0,0,0,0,29.31,-100.0,Budget
CAMP0004146,CUST00554,Paid Social,2023-09-10,2023-09,0,0,0,0,1085.84,-100.0,Budget
CAMP0004147,CUST00554,Influencer,2023-02-06,2023-02,0,0,0,0,1101.83,-100.0,Budget
CAMP0004148,CUST00555,Email,2024-03-10,2024-03,0,0,0,0,51.47,-100.0,Budget
CAMP0004149,CUST00555,Email,2024-03-16,2024-03,0,0,0,0,18.68,-100.0,Budget
CAMP0004150,CUST00555,Email,2023-06-13,2023-06,0,0,0,0,31.93,-100.0,Budget
CAMP0004151,CUST00555,Email,2023-10-01,2023-10,0,0,0,0,35.41,-100.0,Budget
CAMP0004152,CUST00555,Email,2023-06-13,2023-06,0,0,0,0,53.05,-100.0,Budget
CAMP0004153,CUST00555,Influencer,2023-10-12,2023-10,0,0,0,0,813.44,-100.0,Budget
CAMP0004154,CUST00555,Email,2024-02-27,2024-02,1,1,1,121.58,35.94,238.3,Budget
CAMP0004155,CUST00555,Paid Social,2023-12-19,2023-12,0,0,0,0,2234.03,-100.0,Budget
CAMP0004156,CUST00555,Influencer,2023-04-23,2023-04,1,0,0,0,890.09,-100.0,Budget
CAMP0004157,CUST00555,Paid Social,2023-08-19,2023-08,0,0,0,0,2420.95,-100.0,Budget
CAMP0004158,CUST00555,Email,2023-05-12,2023-05,0,0,0,0,43.89,-100.0,Budget
CAMP0004159,CUST00555,Email,2023-08-08,2023-08,0,0,0,0,23.34,-100.0,Budget
CAMP0004160,CUST00556,Email,2023-07-17,2023-07,1,0,0,0,33.55,-100.0,Budget
CAMP0004161,CUST00556,Paid Social,2023-05-05,2023-05,0,0,0,0,978.12,-100.0,Budget
CAMP0004162,CUST00556,Email,2024-02-07,2024-02,0,0,0,0,56.49,-100.0,Budget
CAMP0004163,CUST00556,Email,2024-03-09,2024-03,0,0,0,0,38.79,-100.0,Budget
CAMP0004164,CUST00556,Push Notification,2023-07-16,2023-07,0,0,0,0,11.47,-100.0,Budget
CAMP0004165,CUST00556,Paid Social,2024-02-22,2024-02,0,0,0,0,2220.2,-100.0,Budget
CAMP0004166,CUST00556,Email,2023-11-20,2023-11,0,0,0,0,39.17,-100.0,Budget
CAMP0004167,CUST00556,Paid Social,2023-05-25,2023-05,0,0,0,0,2088.89,-100.0,Budget
CAMP0004168,CUST00556,SMS,2023-12-05,2023-12,0,0,0,0,56.3,-100.0,Budget
CAMP0004169,CUST00556,Email,2023-12-07,2023-12,0,0,0,0,48.22,-100.0,Budget
CAMP0004170,CUST00556,Paid Social,2023-12-03,2023-12,0,0,0,0,1770.3,-100.0,Budget
CAMP0004171,CUST00556,Paid Social,2024-03-07,2024-03,0,0,0,0,2185.3,-100.0,Budget
CAMP0004172,CUST00557,Influencer,2023-12-01,2023-12,1,1,0,0,481.48,-100.0,Budget
CAMP0004173,CUST00557,Email,2023-06-28,2023-06,0,0,0,0,55.24,-100.0,Budget
CAMP0004174,CUST00557,Influencer,2023-07-01,2023-07,0,0,0,0,536.65,-100.0,Budget
CAMP0004175,CUST00557,Email,2023-05-03,2023-05,0,0,0,0,24.11,-100.0,Budget
CAMP0004176,CUST00557,Paid Social,2024-01-09,2024-01,0,0,0,0,1753.36,-100.0,Budget
CAMP0004177,CUST00557,Email,2023-09-05,2023-09,0,0,0,0,59.11,-100.0,Budget
CAMP0004178,CUST00557,Email,2024-02-01,2024-02,0,0,0,0,39.24,-100.0,Budget
CAMP0004179,CUST00557,Paid Social,2023-11-08,2023-11,0,0,0,0,2088.93,-100.0,Budget
CAMP0004180,CUST00557,Influencer,2024-01-29,2024-01,1,1,0,0,700.85,-100.0,Budget
CAMP0004181,CUST00557,Paid Social,2024-03-10,2024-03,0,0,0,0,2111.59,-100.0,Budget
CAMP0004182,CUST00557,Email,2024-02-29,2024-02,0,0,0,0,55.06,-100.0,Budget
CAMP0004183,CUST00558,Email,2023-10-21,2023-10,0,0,0,0,41.8,-100.0,Luxury
CAMP0004184,CUST00558,Email,2023-08-04,2023-08,1,0,0,0,54.71,-100.0,Luxury
CAMP0004185,CUST00558,Email,2023-03-22,2023-03,0,0,0,0,52.09,-100.0,Luxury
CAMP0004186,CUST00558,Email,2023-12-26,2023-12,0,0,0,0,29.61,-100.0,Luxury
CAMP0004187,CUST00558,Email,2023-09-27,2023-09,0,0,0,0,55.33,-100.0,Luxury
CAMP0004188,CUST00558,Paid Social,2023-05-10,2023-05,0,0,0,0,2417.31,-100.0,Luxury
CAMP0004189,CUST00558,Paid Social,2023-02-20,2023-02,0,0,0,0,846.76,-100.0,Luxury
CAMP0004190,CUST00559,Paid Social,2023-08-07,2023-08,0,0,0,0,2334.05,-100.0,Mid-Range
CAMP0004191,CUST00559,Push Notification,2023-03-14,2023-03,0,0,0,0,12.37,-100.0,Mid-Range
CAMP0004192,CUST00559,Paid Social,2023-01-21,2023-01,0,0,0,0,1210.22,-100.0,Mid-Range
CAMP0004193,CUST00560,Push Notification,2022-06-29,2022-06,0,0,0,0,23.01,-100.0,Premium
CAMP0004194,CUST00560,Influencer,2022-08-26,2022-08,1,0,0,0,1269.88,-100.0,Premium
CAMP0004195,CUST00560,Influencer,2024-03-19,2024-03,0,0,0,0,1581.88,-100.0,Premium
CAMP0004196,CUST00560,Email,2023-04-16,2023-04,0,0,0,0,23.78,-100.0,Premium
CAMP0004197,CUST00560,Email,2022-08-26,2022-08,0,0,0,0,25.57,-100.0,Premium
CAMP0004198,CUST00560,Influencer,2023-07-27,2023-07,0,0,0,0,1089.49,-100.0,Premium
CAMP0004199,CUST00561,SMS,2024-02-24,2024-02,1,0,0,0,32.53,-100.0,Mid-Range
CAMP0004200,CUST00561,Paid Social,2023-08-14,2023-08,1,1,0,0,1852.03,-100.0,Mid-Range
CAMP0004201,CUST00561,Push Notification,2024-02-05,2024-02,0,0,0,0,19.13,-100.0,Mid-Range
CAMP0004202,CUST00561,SMS,2023-11-20,2023-11,1,0,0,0,69.87,-100.0,Mid-Range
CAMP0004203,CUST00561,Email,2023-07-08,2023-07,0,0,0,0,31.47,-100.0,Mid-Range
CAMP0004204,CUST00562,Paid Social,2023-11-24,2023-11,0,0,0,0,1915.81,-100.0,Luxury
CAMP0004205,CUST00562,Influencer,2023-09-21,2023-09,0,0,0,0,1300.36,-100.0,Luxury
CAMP0004206,CUST00562,Influencer,2023-10-05,2023-10,0,0,0,0,593.97,-100.0,Luxury
CAMP0004207,CUST00562,Email,2023-10-28,2023-10,0,0,0,0,20.97,-100.0,Luxury
CAMP0004208,CUST00562,SMS,2023-08-04,2023-08,0,0,0,0,77.29,-100.0,Luxury
CAMP0004209,CUST00562,Email,2023-11-03,2023-11,1,0,0,0,32.92,-100.0,Luxury
CAMP0004210,CUST00562,Paid Social,2023-09-12,2023-09,0,0,0,0,1530.39,-100.0,Luxury
CAMP0004211,CUST00563,Email,2023-01-25,2023-01,1,1,0,0,55.16,-100.0,Mid-Range
CAMP0004212,CUST00563,Paid Social,2023-01-23,2023-01,0,0,0,0,2544.74,-100.0,Mid-Range
CAMP0004213,CUST00563,Paid Social,2024-01-29,2024-01,0,0,0,0,2431.53,-100.0,Mid-Range
CAMP0004214,CUST00563,Paid Social,2023-09-23,2023-09,0,0,0,0,1074.51,-100.0,Mid-Range
CAMP0004215,CUST00563,Email,2024-02-28,2024-02,1,0,0,0,42.66,-100.0,Mid-Range
CAMP0004216,CUST00563,Paid Social,2023-12-22,2023-12,0,0,0,0,860.42,-100.0,Mid-Range
CAMP0004217,CUST00564,Email,2022-07-15,2022-07,0,0,0,0,35.81,-100.0,Premium
CAMP0004218,CUST00564,Paid Social,2023-10-26,2023-10,0,0,0,0,2266.65,-100.0,Premium
CAMP0004219,CUST00564,Display Ad,2023-07-28,2023-07,0,0,0,0,560.72,-100.0,Premium
CAMP0004220,CUST00564,Paid Social,2022-11-07,2022-11,0,0,0,0,1768.56,-100.0,Premium
CAMP0004221,CUST00564,Paid Social,2022-08-16,2022-08,0,0,0,0,1584.03,-100.0,Premium
CAMP0004222,CUST00564,Email,2023-10-12,2023-10,0,0,0,0,35.49,-100.0,Premium
CAMP0004223,CUST00564,Push Notification,2022-10-21,2022-10,0,0,0,0,14.82,-100.0,Premium
CAMP0004224,CUST00564,Influencer,2023-09-11,2023-09,0,0,0,0,1611.72,-100.0,Premium
CAMP0004225,CUST00564,Paid Social,2022-09-30,2022-09,0,0,0,0,987.56,-100.0,Premium
CAMP0004226,CUST00565,Email,2023-07-27,2023-07,0,0,0,0,55.86,-100.0,Budget
CAMP0004227,CUST00565,Display Ad,2023-09-09,2023-09,0,0,0,0,643.55,-100.0,Budget
CAMP0004228,CUST00565,Push Notification,2024-03-18,2024-03,0,0,0,0,12.69,-100.0,Budget
CAMP0004229,CUST00565,Email,2023-11-04,2023-11,0,0,0,0,36.17,-100.0,Budget
CAMP0004230,CUST00565,Push Notification,2024-03-09,2024-03,0,0,0,0,28.79,-100.0,Budget
CAMP0004231,CUST00565,Paid Social,2024-02-13,2024-02,0,0,0,0,1079.3,-100.0,Budget
CAMP0004232,CUST00566,Paid Social,2023-11-14,2023-11,0,0,0,0,2173.86,-100.0,Premium
CAMP0004233,CUST00566,Influencer,2023-03-03,2023-03,0,0,0,0,1301.41,-100.0,Premium
CAMP0004234,CUST00566,Email,2022-10-11,2022-10,0,0,0,0,17.28,-100.0,Premium
CAMP0004235,CUST00566,Paid Social,2024-03-12,2024-03,0,0,0,0,1023.83,-100.0,Premium
CAMP0004236,CUST00566,Paid Social,2023-11-06,2023-11,0,0,0,0,2036.95,-100.0,Premium
CAMP0004237,CUST00566,Push Notification,2024-02-04,2024-02,0,0,0,0,18.27,-100.0,Premium
CAMP0004238,CUST00566,Paid Social,2022-12-20,2022-12,0,0,0,0,2327.2,-100.0,Premium
CAMP0004239,CUST00567,Push Notification,2024-01-18,2024-01,0,0,0,0,15.9,-100.0,Premium
CAMP0004240,CUST00567,SMS,2024-03-05,2024-03,0,0,0,0,40.05,-100.0,Premium
CAMP0004241,CUST00567,Influencer,2023-12-23,2023-12,0,0,0,0,981.35,-100.0,Premium
CAMP0004242,CUST00568,Email,2023-08-09,2023-08,0,0,0,0,33.25,-100.0,Mid-Range
CAMP0004243,CUST00568,Email,2024-02-05,2024-02,1,0,0,0,30.12,-100.0,Mid-Range
CAMP0004244,CUST00568,Influencer,2023-12-15,2023-12,0,0,0,0,525.01,-100.0,Mid-Range
CAMP0004245,CUST00568,Email,2023-10-12,2023-10,0,0,0,0,38.92,-100.0,Mid-Range
CAMP0004246,CUST00568,Paid Social,2023-10-16,2023-10,0,0,0,0,1944.64,-100.0,Mid-Range
CAMP0004247,CUST00568,Paid Social,2024-02-19,2024-02,0,0,0,0,787.14,-100.0,Mid-Range
CAMP0004248,CUST00568,Email,2023-07-20,2023-07,0,0,0,0,22.68,-100.0,Mid-Range
CAMP0004249,CUST00568,Email,2023-10-31,2023-10,1,0,0,0,29.31,-100.0,Mid-Range
CAMP0004250,CUST00568,Email,2023-09-27,2023-09,0,0,0,0,29.51,-100.0,Mid-Range
CAMP0004251,CUST00568,Email,2024-01-27,2024-01,0,0,0,0,56.39,-100.0,Mid-Range
CAMP0004252,CUST00568,Paid Social,2023-11-12,2023-11,0,0,0,0,1898.61,-100.0,Mid-Range
CAMP0004253,CUST00568,SMS,2023-03-20,2023-03,0,0,0,0,68.55,-100.0,Mid-Range
CAMP0004254,CUST00569,SMS,2022-06-05,2022-06,0,0,0,0,90.96,-100.0,Budget
CAMP0004255,CUST00569,Influencer,2024-01-30,2024-01,0,0,0,0,1554.93,-100.0,Budget
CAMP0004256,CUST00569,Email,2023-10-19,2023-10,0,0,0,0,51.3,-100.0,Budget
CAMP0004257,CUST00569,Influencer,2024-02-11,2024-02,1,0,0,0,764.99,-100.0,Budget
CAMP0004258,CUST00569,Paid Social,2024-01-18,2024-01,0,0,0,0,1559.66,-100.0,Budget
CAMP0004259,CUST00569,SMS,2023-02-27,2023-02,1,0,0,0,88.41,-100.0,Budget
CAMP0004260,CUST00569,SMS,2022-07-17,2022-07,1,0,0,0,76.03,-100.0,Budget
CAMP0004261,CUST00569,Paid Social,2023-02-10,2023-02,0,0,0,0,1702.67,-100.0,Budget
CAMP0004262,CUST00570,Paid Social,2023-11-19,2023-11,0,0,0,0,2068.39,-100.0,Mid-Range
CAMP0004263,CUST00570,SMS,2024-02-07,2024-02,0,0,0,0,81.69,-100.0,Mid-Range
CAMP0004264,CUST00570,Paid Social,2023-02-04,2023-02,0,0,0,0,756.03,-100.0,Mid-Range
CAMP0004265,CUST00570,Email,2022-10-14,2022-10,1,0,0,0,28.3,-100.0,Mid-Range
CAMP0004266,CUST00570,Paid Social,2023-12-09,2023-12,1,1,0,0,1497.22,-100.0,Mid-Range
CAMP0004267,CUST00570,Email,2022-11-13,2022-11,1,0,0,0,34.57,-100.0,Mid-Range
CAMP0004268,CUST00570,Paid Social,2023-10-07,2023-10,0,0,0,0,750.3,-100.0,Mid-Range
CAMP0004269,CUST00570,Email,2023-06-18,2023-06,0,0,0,0,30.53,-100.0,Mid-Range
CAMP0004270,CUST00570,Email,2024-01-04,2024-01,0,0,0,0,39.83,-100.0,Mid-Range
CAMP0004271,CUST00570,Display Ad,2022-11-17,2022-11,0,0,0,0,715.32,-100.0,Mid-Range
CAMP0004272,CUST00571,Paid Social,2023-09-11,2023-09,0,0,0,0,997.1,-100.0,Budget
CAMP0004273,CUST00571,Influencer,2023-03-06,2023-03,0,0,0,0,910.18,-100.0,Budget
CAMP0004274,CUST00571,Influencer,2023-08-03,2023-08,0,0,0,0,928.36,-100.0,Budget
CAMP0004275,CUST00571,Influencer,2023-09-17,2023-09,1,0,0,0,738.37,-100.0,Budget
CAMP0004276,CUST00571,SMS,2023-03-28,2023-03,1,1,0,0,39.2,-100.0,Budget
CAMP0004277,CUST00571,Display Ad,2023-07-19,2023-07,0,0,0,0,623.92,-100.0,Budget
CAMP0004278,CUST00571,Display Ad,2024-01-03,2024-01,0,0,0,0,754.83,-100.0,Budget
CAMP0004279,CUST00571,Push Notification,2023-03-13,2023-03,0,0,0,0,18.84,-100.0,Budget
CAMP0004280,CUST00571,Influencer,2023-07-14,2023-07,0,0,0,0,786.71,-100.0,Budget
CAMP0004281,CUST00571,Push Notification,2024-01-28,2024-01,0,0,0,0,28.16,-100.0,Budget
CAMP0004282,CUST00572,Paid Social,2023-05-02,2023-05,0,0,0,0,1917.94,-100.0,Mid-Range
CAMP0004283,CUST00572,Paid Social,2023-09-19,2023-09,0,0,0,0,797.55,-100.0,Mid-Range
CAMP0004284,CUST00572,Push Notification,2023-02-28,2023-02,0,0,0,0,23.29,-100.0,Mid-Range
CAMP0004285,CUST00572,Push Notification,2022-12-31,2022-12,1,0,0,0,14.96,-100.0,Mid-Range
CAMP0004286,CUST00573,Push Notification,2023-06-04,2023-06,0,0,0,0,22.67,-100.0,Mid-Range
CAMP0004287,CUST00573,Email,2023-05-26,2023-05,0,0,0,0,33.86,-100.0,Mid-Range
CAMP0004288,CUST00573,Email,2023-11-07,2023-11,0,0,0,0,55.44,-100.0,Mid-Range
CAMP0004289,CUST00573,Paid Social,2023-08-29,2023-08,0,0,0,0,2126.2,-100.0,Mid-Range
CAMP0004290,CUST00573,Paid Social,2023-07-03,2023-07,1,0,0,0,2299.59,-100.0,Mid-Range
CAMP0004291,CUST00574,SMS,2023-07-05,2023-07,1,0,0,0,92.44,-100.0,Premium
CAMP0004292,CUST00574,Influencer,2022-08-09,2022-08,0,0,0,0,1313.6,-100.0,Premium
CAMP0004293,CUST00574,Push Notification,2023-10-06,2023-10,0,0,0,0,16.99,-100.0,Premium
CAMP0004294,CUST00574,Paid Social,2022-11-19,2022-11,0,0,0,0,1804.73,-100.0,Premium
CAMP0004295,CUST00574,Email,2022-06-24,2022-06,0,0,0,0,49.05,-100.0,Premium
CAMP0004296,CUST00574,Paid Social,2023-12-13,2023-12,0,0,0,0,2252.54,-100.0,Premium
CAMP0004297,CUST00575,Influencer,2023-09-12,2023-09,0,0,0,0,540.07,-100.0,Mid-Range
CAMP0004298,CUST00575,Email,2024-02-18,2024-02,0,0,0,0,21.7,-100.0,Mid-Range
CAMP0004299,CUST00575,Email,2023-10-30,2023-10,0,0,0,0,52.35,-100.0,Mid-Range
CAMP0004300,CUST00575,SMS,2024-02-11,2024-02,0,0,0,0,98.08,-100.0,Mid-Range
CAMP0004301,CUST00575,Influencer,2023-06-19,2023-06,0,0,0,0,1535.51,-100.0,Mid-Range
CAMP0004302,CUST00575,SMS,2023-08-07,2023-08,0,0,0,0,69.01,-100.0,Mid-Range
CAMP0004303,CUST00576,Email,2023-07-06,2023-07,0,0,0,0,32.19,-100.0,Luxury
CAMP0004304,CUST00576,Display Ad,2024-02-11,2024-02,0,0,0,0,330.51,-100.0,Luxury
CAMP0004305,CUST00576,Email,2023-12-30,2023-12,0,0,0,0,31.23,-100.0,Luxury
CAMP0004306,CUST00576,Display Ad,2023-10-13,2023-10,0,0,0,0,402.05,-100.0,Luxury
CAMP0004307,CUST00576,Push Notification,2023-09-07,2023-09,0,0,0,0,29.95,-100.0,Luxury
CAMP0004308,CUST00576,Email,2024-03-27,2024-03,0,0,0,0,29.21,-100.0,Luxury
CAMP0004309,CUST00576,Paid Social,2023-12-30,2023-12,0,0,0,0,2376.3,-100.0,Luxury
CAMP0004310,CUST00576,Paid Social,2024-03-05,2024-03,0,0,0,0,2110.37,-100.0,Luxury
CAMP0004311,CUST00576,SMS,2023-08-19,2023-08,1,0,0,0,34.06,-100.0,Luxury
CAMP0004312,CUST00576,Push Notification,2024-03-11,2024-03,0,0,0,0,13.37,-100.0,Luxury
CAMP0004313,CUST00576,Paid Social,2023-10-30,2023-10,0,0,0,0,2252.36,-100.0,Luxury
CAMP0004314,CUST00577,Paid Social,2024-01-01,2024-01,0,0,0,0,1697.76,-100.0,Premium
CAMP0004315,CUST00577,Email,2023-06-30,2023-06,0,0,0,0,59.34,-100.0,Premium
CAMP0004316,CUST00577,SMS,2024-03-12,2024-03,0,0,0,0,62.87,-100.0,Premium
CAMP0004317,CUST00577,Push Notification,2022-10-25,2022-10,0,0,0,0,15.16,-100.0,Premium
CAMP0004318,CUST00577,Push Notification,2022-11-17,2022-11,0,0,0,0,9.16,-100.0,Premium
CAMP0004319,CUST00577,Paid Social,2023-12-12,2023-12,0,0,0,0,1988.46,-100.0,Premium
CAMP0004320,CUST00577,Influencer,2023-11-28,2023-11,0,0,0,0,1552.68,-100.0,Premium
CAMP0004321,CUST00577,Display Ad,2023-01-31,2023-01,0,0,0,0,837.36,-100.0,Premium
CAMP0004322,CUST00577,Paid Social,2022-11-22,2022-11,0,0,0,0,1709.33,-100.0,Premium
CAMP0004323,CUST00577,Push Notification,2022-05-18,2022-05,0,0,0,0,13.31,-100.0,Premium
CAMP0004324,CUST00577,Display Ad,2022-05-22,2022-05,0,0,0,0,467.62,-100.0,Premium
CAMP0004325,CUST00578,Email,2023-12-01,2023-12,0,0,0,0,33.95,-100.0,Luxury
CAMP0004326,CUST00578,Email,2023-04-03,2023-04,0,0,0,0,19.72,-100.0,Luxury
CAMP0004327,CUST00578,Influencer,2023-09-15,2023-09,0,0,0,0,834.89,-100.0,Luxury
CAMP0004328,CUST00578,Paid Social,2022-03-05,2022-03,1,0,0,0,683.11,-100.0,Luxury
CAMP0004329,CUST00578,Influencer,2022-06-06,2022-06,0,0,0,0,1295.15,-100.0,Luxury
CAMP0004330,CUST00578,Email,2023-10-16,2023-10,0,0,0,0,46.11,-100.0,Luxury
CAMP0004331,CUST00578,Push Notification,2024-01-22,2024-01,0,0,0,0,14.45,-100.0,Luxury
CAMP0004332,CUST00578,Paid Social,2024-02-03,2024-02,0,0,0,0,1647.08,-100.0,Luxury
CAMP0004333,CUST00578,Email,2023-06-12,2023-06,0,0,0,0,33.7,-100.0,Luxury
CAMP0004334,CUST00578,Paid Social,2024-03-02,2024-03,1,0,0,0,1484.39,-100.0,Luxury
CAMP0004335,CUST00578,Email,2023-08-18,2023-08,0,0,0,0,55.73,-100.0,Luxury
CAMP0004336,CUST00578,SMS,2022-03-20,2022-03,1,0,0,0,39.14,-100.0,Luxury
CAMP0004337,CUST00579,Paid Social,2023-12-16,2023-12,0,0,0,0,1217.87,-100.0,Budget
CAMP0004338,CUST00579,Influencer,2023-03-22,2023-03,0,0,0,0,1176.9,-100.0,Budget
CAMP0004339,CUST00579,Email,2023-02-19,2023-02,1,1,0,0,31.03,-100.0,Budget
CAMP0004340,CUST00579,Push Notification,2023-06-09,2023-06,0,0,0,0,16.92,-100.0,Budget
CAMP0004341,CUST00579,Display Ad,2023-04-09,2023-04,0,0,0,0,674.97,-100.0,Budget
CAMP0004342,CUST00579,Display Ad,2022-11-20,2022-11,0,0,0,0,505.54,-100.0,Budget
CAMP0004343,CUST00579,SMS,2023-08-24,2023-08,0,0,0,0,114.17,-100.0,Budget
CAMP0004344,CUST00579,Paid Social,2023-02-07,2023-02,0,0,0,0,2096.75,-100.0,Budget
CAMP0004345,CUST00579,Influencer,2023-04-13,2023-04,0,0,0,0,1134.17,-100.0,Budget
CAMP0004346,CUST00579,Email,2024-01-11,2024-01,0,0,0,0,31.94,-100.0,Budget
CAMP0004347,CUST00579,Email,2023-06-28,2023-06,0,0,0,0,33.62,-100.0,Budget
CAMP0004348,CUST00580,Paid Social,2023-02-19,2023-02,0,0,0,0,1859.72,-100.0,Mid-Range
CAMP0004349,CUST00580,Paid Social,2024-02-07,2024-02,0,0,0,0,1239.71,-100.0,Mid-Range
CAMP0004350,CUST00580,Paid Social,2022-08-29,2022-08,0,0,0,0,1846.95,-100.0,Mid-Range
CAMP0004351,CUST00580,Email,2023-12-18,2023-12,1,0,0,0,33.97,-100.0,Mid-Range
CAMP0004352,CUST00580,Paid Social,2023-01-25,2023-01,0,0,0,0,1454.73,-100.0,Mid-Range
CAMP0004353,CUST00580,Email,2024-02-09,2024-02,0,0,0,0,33.75,-100.0,Mid-Range
CAMP0004354,CUST00580,Paid Social,2023-04-23,2023-04,0,0,0,0,1196.97,-100.0,Mid-Range
CAMP0004355,CUST00580,Email,2022-03-23,2022-03,0,0,0,0,23.05,-100.0,Mid-Range
CAMP0004356,CUST00580,Paid Social,2022-11-04,2022-11,0,0,0,0,2327.69,-100.0,Mid-Range
CAMP0004357,CUST00580,Email,2023-03-07,2023-03,0,0,0,0,23.94,-100.0,Mid-Range
CAMP0004358,CUST00580,SMS,2024-01-10,2024-01,0,0,0,0,95.38,-100.0,Mid-Range
CAMP0004359,CUST00581,Display Ad,2024-03-11,2024-03,0,0,0,0,647.39,-100.0,Premium
CAMP0004360,CUST00581,Push Notification,2023-11-12,2023-11,1,0,0,0,22.08,-100.0,Premium
CAMP0004361,CUST00581,Push Notification,2023-05-10,2023-05,1,0,0,0,18.44,-100.0,Premium
CAMP0004362,CUST00582,Influencer,2022-09-24,2022-09,1,0,0,0,667.79,-100.0,Budget
CAMP0004363,CUST00582,Email,2022-12-14,2022-12,0,0,0,0,30.92,-100.0,Budget
CAMP0004364,CUST00582,Push Notification,2022-08-28,2022-08,0,0,0,0,17.51,-100.0,Budget
CAMP0004365,CUST00582,Paid Social,2023-02-17,2023-02,1,1,1,66.75,1350.79,-95.1,Budget
CAMP0004366,CUST00582,Paid Social,2023-06-21,2023-06,1,0,0,0,2506.67,-100.0,Budget
CAMP0004367,CUST00582,Email,2022-10-14,2022-10,0,0,0,0,44.13,-100.0,Budget
CAMP0004368,CUST00582,Email,2023-06-14,2023-06,0,0,0,0,51.22,-100.0,Budget
CAMP0004369,CUST00582,Push Notification,2023-04-25,2023-04,1,1,0,0,22.81,-100.0,Budget
CAMP0004370,CUST00582,Email,2024-01-26,2024-01,0,0,0,0,37.88,-100.0,Budget
CAMP0004371,CUST00582,Email,2023-01-29,2023-01,0,0,0,0,16.38,-100.0,Budget
CAMP0004372,CUST00583,Email,2023-04-27,2023-04,1,0,0,0,36.2,-100.0,Mid-Range
CAMP0004373,CUST00583,Display Ad,2023-02-09,2023-02,0,0,0,0,991.83,-100.0,Mid-Range
CAMP0004374,CUST00583,Push Notification,2023-11-30,2023-11,0,0,0,0,26.61,-100.0,Mid-Range
CAMP0004375,CUST00583,Push Notification,2023-01-28,2023-01,0,0,0,0,28.89,-100.0,Mid-Range
CAMP0004376,CUST00583,Email,2023-03-31,2023-03,0,0,0,0,26.36,-100.0,Mid-Range
CAMP0004377,CUST00583,Email,2024-02-16,2024-02,1,0,0,0,17.26,-100.0,Mid-Range
CAMP0004378,CUST00583,Influencer,2023-03-26,2023-03,0,0,0,0,882.68,-100.0,Mid-Range
CAMP0004379,CUST00583,Paid Social,2023-11-11,2023-11,1,0,0,0,1536.71,-100.0,Mid-Range
CAMP0004380,CUST00583,SMS,2023-04-10,2023-04,1,0,0,0,49.1,-100.0,Mid-Range
CAMP0004381,CUST00583,Email,2023-03-30,2023-03,0,0,0,0,36.62,-100.0,Mid-Range
CAMP0004382,CUST00583,Email,2023-05-15,2023-05,0,0,0,0,41.5,-100.0,Mid-Range
CAMP0004383,CUST00583,Push Notification,2023-02-24,2023-02,0,0,0,0,14.93,-100.0,Mid-Range
CAMP0004384,CUST00584,Paid Social,2023-12-01,2023-12,0,0,0,0,1342.38,-100.0,Budget
CAMP0004385,CUST00584,Paid Social,2023-10-06,2023-10,0,0,0,0,1191.64,-100.0,Budget
CAMP0004386,CUST00584,SMS,2023-06-20,2023-06,0,0,0,0,98.4,-100.0,Budget
CAMP0004387,CUST00584,Email,2023-05-22,2023-05,0,0,0,0,38.46,-100.0,Budget
CAMP0004388,CUST00584,Paid Social,2023-08-24,2023-08,1,0,0,0,1761.16,-100.0,Budget
CAMP0004389,CUST00585,Push Notification,2023-12-15,2023-12,0,0,0,0,14.74,-100.0,Budget
CAMP0004390,CUST00585,Display Ad,2023-12-31,2023-12,0,0,0,0,458.69,-100.0,Budget
CAMP0004391,CUST00585,Email,2023-04-27,2023-04,0,0,0,0,41.05,-100.0,Budget
CAMP0004392,CUST00585,Email,2022-10-16,2022-10,0,0,0,0,27.71,-100.0,Budget
CAMP0004393,CUST00585,Email,2023-03-19,2023-03,1,0,0,0,52.35,-100.0,Budget
CAMP0004394,CUST00585,Paid Social,2022-11-28,2022-11,1,0,0,0,739.7,-100.0,Budget
CAMP0004395,CUST00585,SMS,2024-01-29,2024-01,0,0,0,0,56.19,-100.0,Budget
CAMP0004396,CUST00585,Push Notification,2022-12-12,2022-12,0,0,0,0,9.01,-100.0,Budget
CAMP0004397,CUST00585,Paid Social,2022-11-15,2022-11,0,0,0,0,1703.31,-100.0,Budget
CAMP0004398,CUST00585,Email,2022-11-23,2022-11,0,0,0,0,32.72,-100.0,Budget
CAMP0004399,CUST00586,Influencer,2024-03-30,2024-03,0,0,0,0,1263.64,-100.0,Budget
CAMP0004400,CUST00586,Influencer,2023-10-12,2023-10,0,0,0,0,1587.28,-100.0,Budget
CAMP0004401,CUST00586,Email,2024-02-16,2024-02,1,1,0,0,42.9,-100.0,Budget
CAMP0004402,CUST00586,Paid Social,2023-10-19,2023-10,0,0,0,0,1047.91,-100.0,Budget
CAMP0004403,CUST00586,SMS,2023-09-26,2023-09,0,0,0,0,48.78,-100.0,Budget
CAMP0004404,CUST00586,Email,2023-10-03,2023-10,1,0,0,0,20.58,-100.0,Budget
CAMP0004405,CUST00586,Push Notification,2024-01-05,2024-01,0,0,0,0,8.9,-100.0,Budget
CAMP0004406,CUST00586,Display Ad,2024-03-12,2024-03,0,0,0,0,813.1,-100.0,Budget
CAMP0004407,CUST00586,Paid Social,2023-09-30,2023-09,0,0,0,0,1487.45,-100.0,Budget
CAMP0004408,CUST00587,Paid Social,2023-07-22,2023-07,0,0,0,0,1663.68,-100.0,Premium
CAMP0004409,CUST00587,Email,2023-05-24,2023-05,1,0,0,0,20.59,-100.0,Premium
CAMP0004410,CUST00587,Push Notification,2023-04-14,2023-04,1,0,0,0,8.58,-100.0,Premium
CAMP0004411,CUST00587,Paid Social,2023-03-17,2023-03,0,0,0,0,1249.94,-100.0,Premium
CAMP0004412,CUST00587,Push Notification,2023-03-14,2023-03,0,0,0,0,22.24,-100.0,Premium
CAMP0004413,CUST00587,Display Ad,2023-02-26,2023-02,0,0,0,0,420.97,-100.0,Premium
CAMP0004414,CUST00587,Paid Social,2023-03-03,2023-03,0,0,0,0,2216.47,-100.0,Premium
CAMP0004415,CUST00587,Paid Social,2023-03-15,2023-03,0,0,0,0,1790.72,-100.0,Premium
CAMP0004416,CUST00587,Influencer,2023-10-03,2023-10,0,0,0,0,1372.66,-100.0,Premium
CAMP0004417,CUST00588,Display Ad,2022-05-29,2022-05,0,0,0,0,670.31,-100.0,Mid-Range
CAMP0004418,CUST00588,Email,2022-07-14,2022-07,0,0,0,0,58.12,-100.0,Mid-Range
CAMP0004419,CUST00588,Paid Social,2023-02-18,2023-02,1,0,0,0,1183.7,-100.0,Mid-Range
CAMP0004420,CUST00588,Influencer,2023-01-22,2023-01,0,0,0,0,1220.47,-100.0,Mid-Range
CAMP0004421,CUST00588,Display Ad,2023-07-03,2023-07,0,0,0,0,337.56,-100.0,Mid-Range
CAMP0004422,CUST00589,Paid Social,2024-01-03,2024-01,0,0,0,0,1234.78,-100.0,Budget
CAMP0004423,CUST00589,Email,2024-02-08,2024-02,1,0,0,0,51.03,-100.0,Budget
CAMP0004424,CUST00589,Influencer,2023-12-14,2023-12,0,0,0,0,1592.85,-100.0,Budget
CAMP0004425,CUST00589,Paid Social,2024-02-04,2024-02,0,0,0,0,1227.31,-100.0,Budget
CAMP0004426,CUST00589,Email,2024-03-02,2024-03,0,0,0,0,46.48,-100.0,Budget
CAMP0004427,CUST00589,Display Ad,2023-11-21,2023-11,0,0,0,0,880.9,-100.0,Budget
CAMP0004428,CUST00589,Paid Social,2024-02-20,2024-02,0,0,0,0,2307.47,-100.0,Budget
CAMP0004429,CUST00590,Email,2024-03-23,2024-03,0,0,0,0,39.44,-100.0,Budget
CAMP0004430,CUST00590,Email,2023-11-27,2023-11,0,0,0,0,28.19,-100.0,Budget
CAMP0004431,CUST00590,Email,2023-12-19,2023-12,0,0,0,0,29.96,-100.0,Budget
CAMP0004432,CUST00590,Email,2023-12-13,2023-12,0,0,0,0,48.81,-100.0,Budget
CAMP0004433,CUST00590,Paid Social,2024-02-04,2024-02,0,0,0,0,716.16,-100.0,Budget
CAMP0004434,CUST00590,Email,2023-11-22,2023-11,1,0,0,0,45.88,-100.0,Budget
CAMP0004435,CUST00590,Email,2023-11-02,2023-11,0,0,0,0,43.49,-100.0,Budget
CAMP0004436,CUST00590,Paid Social,2023-10-24,2023-10,1,1,1,178.11,1120.12,-84.1,Budget
CAMP0004437,CUST00590,Influencer,2023-09-26,2023-09,0,0,0,0,840.75,-100.0,Budget
CAMP0004438,CUST00590,Paid Social,2023-10-21,2023-10,0,0,0,0,2515.81,-100.0,Budget
CAMP0004439,CUST00591,Push Notification,2022-10-28,2022-10,0,0,0,0,28.2,-100.0,Mid-Range
CAMP0004440,CUST00591,Influencer,2022-11-03,2022-11,1,0,0,0,1317.12,-100.0,Mid-Range
CAMP0004441,CUST00591,SMS,2024-01-02,2024-01,0,0,0,0,51.43,-100.0,Mid-Range
CAMP0004442,CUST00591,Paid Social,2022-06-15,2022-06,1,0,0,0,710.6,-100.0,Mid-Range
CAMP0004443,CUST00591,Paid Social,2022-05-27,2022-05,0,0,0,0,2393.9,-100.0,Mid-Range
CAMP0004444,CUST00591,Email,2023-06-27,2023-06,0,0,0,0,16.07,-100.0,Mid-Range
CAMP0004445,CUST00591,Email,2022-04-12,2022-04,0,0,0,0,36.33,-100.0,Mid-Range
CAMP0004446,CUST00591,Influencer,2022-07-18,2022-07,0,0,0,0,1457.93,-100.0,Mid-Range
CAMP0004447,CUST00591,Paid Social,2022-12-23,2022-12,0,0,0,0,1115.22,-100.0,Mid-Range
CAMP0004448,CUST00591,Email,2023-05-15,2023-05,1,1,0,0,34.36,-100.0,Mid-Range
CAMP0004449,CUST00592,Display Ad,2023-12-20,2023-12,0,0,0,0,846.24,-100.0,Premium
CAMP0004450,CUST00592,SMS,2024-01-04,2024-01,1,1,1,161.58,44.09,266.5,Premium
CAMP0004451,CUST00592,Email,2023-07-03,2023-07,0,0,0,0,56.51,-100.0,Premium
CAMP0004452,CUST00592,Influencer,2023-04-23,2023-04,0,0,0,0,912.58,-100.0,Premium
CAMP0004453,CUST00592,Email,2023-11-19,2023-11,0,0,0,0,51.29,-100.0,Premium
CAMP0004454,CUST00592,Paid Social,2022-10-10,2022-10,0,0,0,0,1683.35,-100.0,Premium
CAMP0004455,CUST00592,Push Notification,2024-03-27,2024-03,0,0,0,0,15.39,-100.0,Premium
CAMP0004456,CUST00592,SMS,2023-01-24,2023-01,0,0,0,0,81.08,-100.0,Premium
CAMP0004457,CUST00592,Push Notification,2023-03-08,2023-03,0,0,0,0,23.06,-100.0,Premium
CAMP0004458,CUST00592,Email,2024-03-28,2024-03,1,1,0,0,25.22,-100.0,Premium
CAMP0004459,CUST00592,Push Notification,2024-02-12,2024-02,0,0,0,0,17.74,-100.0,Premium
CAMP0004460,CUST00593,Influencer,2022-12-10,2022-12,1,0,0,0,829.63,-100.0,Luxury
CAMP0004461,CUST00593,Influencer,2023-07-08,2023-07,0,0,0,0,1400.41,-100.0,Luxury
CAMP0004462,CUST00593,Email,2024-01-21,2024-01,1,0,0,0,53.9,-100.0,Luxury
CAMP0004463,CUST00593,Email,2023-04-03,2023-04,0,0,0,0,48.51,-100.0,Luxury
CAMP0004464,CUST00593,Push Notification,2022-04-04,2022-04,1,0,0,0,17.74,-100.0,Luxury
CAMP0004465,CUST00593,Push Notification,2022-12-28,2022-12,0,0,0,0,9.32,-100.0,Luxury
CAMP0004466,CUST00593,Email,2023-07-31,2023-07,0,0,0,0,46.43,-100.0,Luxury
CAMP0004467,CUST00594,Email,2024-03-14,2024-03,0,0,0,0,22.7,-100.0,Budget
CAMP0004468,CUST00594,Email,2024-02-10,2024-02,0,0,0,0,21.22,-100.0,Budget
CAMP0004469,CUST00594,Influencer,2023-07-13,2023-07,1,0,0,0,1164.83,-100.0,Budget
CAMP0004470,CUST00594,SMS,2023-11-10,2023-11,0,0,0,0,83.21,-100.0,Budget
CAMP0004471,CUST00594,Email,2024-02-12,2024-02,1,0,0,0,16.25,-100.0,Budget
CAMP0004472,CUST00594,Paid Social,2023-11-25,2023-11,0,0,0,0,1662.66,-100.0,Budget
CAMP0004473,CUST00594,Email,2023-11-13,2023-11,0,0,0,0,34.02,-100.0,Budget
CAMP0004474,CUST00594,Email,2023-10-24,2023-10,0,0,0,0,31.95,-100.0,Budget
CAMP0004475,CUST00595,Paid Social,2023-05-21,2023-05,0,0,0,0,1786.88,-100.0,Budget
CAMP0004476,CUST00595,Display Ad,2023-11-16,2023-11,0,0,0,0,329.36,-100.0,Budget
CAMP0004477,CUST00595,Influencer,2023-09-11,2023-09,0,0,0,0,1069.08,-100.0,Budget
CAMP0004478,CUST00595,Push Notification,2022-09-04,2022-09,0,0,0,0,24.3,-100.0,Budget
CAMP0004479,CUST00595,Email,2022-10-18,2022-10,0,0,0,0,36.78,-100.0,Budget
CAMP0004480,CUST00595,Email,2022-05-16,2022-05,0,0,0,0,48.96,-100.0,Budget
CAMP0004481,CUST00595,Push Notification,2023-01-21,2023-01,0,0,0,0,12.83,-100.0,Budget
CAMP0004482,CUST00596,Push Notification,2024-03-12,2024-03,1,1,1,45.57,25.33,79.9,Mid-Range
CAMP0004483,CUST00596,Email,2022-12-13,2022-12,0,0,0,0,16.07,-100.0,Mid-Range
CAMP0004484,CUST00596,Paid Social,2022-09-19,2022-09,0,0,0,0,1461.95,-100.0,Mid-Range
CAMP0004485,CUST00596,SMS,2022-07-16,2022-07,1,1,0,0,55.16,-100.0,Mid-Range
CAMP0004486,CUST00596,Paid Social,2023-01-07,2023-01,0,0,0,0,1662.51,-100.0,Mid-Range
CAMP0004487,CUST00596,Influencer,2024-03-24,2024-03,0,0,0,0,1013.66,-100.0,Mid-Range
CAMP0004488,CUST00596,Display Ad,2024-01-27,2024-01,0,0,0,0,498.54,-100.0,Mid-Range
CAMP0004489,CUST00596,Display Ad,2023-07-21,2023-07,0,0,0,0,784.51,-100.0,Mid-Range
CAMP0004490,CUST00596,Email,2023-02-07,2023-02,1,1,1,155.64,42.55,265.8,Mid-Range
CAMP0004491,CUST00596,Email,2023-05-13,2023-05,0,0,0,0,59.67,-100.0,Mid-Range
CAMP0004492,CUST00596,Email,2022-08-12,2022-08,1,0,0,0,45.23,-100.0,Mid-Range
CAMP0004493,CUST00596,SMS,2022-10-04,2022-10,0,0,0,0,82.76,-100.0,Mid-Range
CAMP0004494,CUST00597,Paid Social,2023-07-05,2023-07,0,0,0,0,2418.4,-100.0,Mid-Range
CAMP0004495,CUST00597,Email,2023-12-21,2023-12,1,0,0,0,27.95,-100.0,Mid-Range
CAMP0004496,CUST00597,Influencer,2023-10-22,2023-10,0,0,0,0,1069.99,-100.0,Mid-Range
CAMP0004497,CUST00597,Display Ad,2024-03-13,2024-03,0,0,0,0,1035.96,-100.0,Mid-Range
CAMP0004498,CUST00597,Push Notification,2024-01-18,2024-01,0,0,0,0,22.47,-100.0,Mid-Range
CAMP0004499,CUST00598,SMS,2023-10-12,2023-10,0,0,0,0,93.71,-100.0,Mid-Range
CAMP0004500,CUST00598,Display Ad,2023-07-25,2023-07,0,0,0,0,764.69,-100.0,Mid-Range
CAMP0004501,CUST00598,Email,2023-05-16,2023-05,0,0,0,0,29.34,-100.0,Mid-Range
CAMP0004502,CUST00598,Display Ad,2024-01-12,2024-01,0,0,0,0,328.42,-100.0,Mid-Range
CAMP0004503,CUST00598,SMS,2023-10-15,2023-10,1,0,0,0,117.29,-100.0,Mid-Range
CAMP0004504,CUST00598,Paid Social,2023-11-30,2023-11,0,0,0,0,1039.65,-100.0,Mid-Range
CAMP0004505,CUST00598,Influencer,2024-01-24,2024-01,0,0,0,0,1535.59,-100.0,Mid-Range
CAMP0004506,CUST00598,Push Notification,2023-11-05,2023-11,0,0,0,0,26.68,-100.0,Mid-Range
CAMP0004507,CUST00598,SMS,2024-03-27,2024-03,0,0,0,0,81.48,-100.0,Mid-Range
CAMP0004508,CUST00599,Push Notification,2023-06-11,2023-06,0,0,0,0,10.3,-100.0,Mid-Range
CAMP0004509,CUST00599,Influencer,2023-05-07,2023-05,0,0,0,0,850.12,-100.0,Mid-Range
CAMP0004510,CUST00599,Email,2024-03-15,2024-03,0,0,0,0,58.04,-100.0,Mid-Range
CAMP0004511,CUST00599,Display Ad,2023-10-13,2023-10,0,0,0,0,560.95,-100.0,Mid-Range
CAMP0004512,CUST00599,Influencer,2023-04-17,2023-04,0,0,0,0,1284.39,-100.0,Mid-Range
CAMP0004513,CUST00599,Paid Social,2023-10-09,2023-10,0,0,0,0,752.13,-100.0,Mid-Range
CAMP0004514,CUST00599,Email,2024-02-17,2024-02,0,0,0,0,20.66,-100.0,Mid-Range
CAMP0004515,CUST00599,SMS,2023-08-19,2023-08,0,0,0,0,64.77,-100.0,Mid-Range
CAMP0004516,CUST00599,Email,2023-06-01,2023-06,0,0,0,0,58.39,-100.0,Mid-Range
CAMP0004517,CUST00599,SMS,2023-03-30,2023-03,1,0,0,0,79.83,-100.0,Mid-Range
CAMP0004518,CUST00600,SMS,2023-09-26,2023-09,1,0,0,0,36.32,-100.0,Budget
CAMP0004519,CUST00600,Email,2022-02-24,2022-02,0,0,0,0,16.64,-100.0,Budget
CAMP0004520,CUST00600,SMS,2022-10-19,2022-10,1,0,0,0,70.87,-100.0,Budget
CAMP0004521,CUST00600,SMS,2024-01-23,2024-01,0,0,0,0,42.0,-100.0,Budget
CAMP0004522,CUST00600,Display Ad,2023-10-10,2023-10,0,0,0,0,887.47,-100.0,Budget
CAMP0004523,CUST00600,Paid Social,2023-01-25,2023-01,0,0,0,0,1763.42,-100.0,Budget
CAMP0004524,CUST00600,Paid Social,2024-02-03,2024-02,0,0,0,0,1556.07,-100.0,Budget
CAMP0004525,CUST00600,Email,2023-04-02,2023-04,0,0,0,0,40.85,-100.0,Budget
CAMP0004526,CUST00600,Email,2023-07-29,2023-07,0,0,0,0,59.4,-100.0,Budget
CAMP0004527,CUST00600,Paid Social,2024-03-30,2024-03,0,0,0,0,1213.86,-100.0,Budget
CAMP0004528,CUST00600,Influencer,2023-10-23,2023-10,1,1,0,0,793.31,-100.0,Budget
CAMP0004529,CUST00600,SMS,2022-02-16,2022-02,1,0,0,0,79.64,-100.0,Budget
CAMP0004530,CUST00601,Paid Social,2023-12-02,2023-12,0,0,0,0,936.5,-100.0,Mid-Range
CAMP0004531,CUST00601,Email,2024-03-14,2024-03,0,0,0,0,37.66,-100.0,Mid-Range
CAMP0004532,CUST00601,SMS,2024-01-15,2024-01,0,0,0,0,116.25,-100.0,Mid-Range
CAMP0004533,CUST00601,Influencer,2022-07-19,2022-07,0,0,0,0,1044.16,-100.0,Mid-Range
CAMP0004534,CUST00601,Push Notification,2023-11-09,2023-11,0,0,0,0,16.56,-100.0,Mid-Range
CAMP0004535,CUST00601,Paid Social,2023-04-23,2023-04,0,0,0,0,2239.18,-100.0,Mid-Range
CAMP0004536,CUST00601,SMS,2024-03-28,2024-03,1,1,0,0,79.74,-100.0,Mid-Range
CAMP0004537,CUST00601,Email,2023-01-10,2023-01,0,0,0,0,37.56,-100.0,Mid-Range
CAMP0004538,CUST00601,Push Notification,2023-07-15,2023-07,0,0,0,0,18.36,-100.0,Mid-Range
CAMP0004539,CUST00602,Email,2023-10-16,2023-10,0,0,0,0,40.91,-100.0,Budget
CAMP0004540,CUST00602,Influencer,2024-02-25,2024-02,1,0,0,0,1254.93,-100.0,Budget
CAMP0004541,CUST00602,Influencer,2023-08-09,2023-08,1,1,1,40.57,634.42,-93.6,Budget
CAMP0004542,CUST00602,Email,2024-03-10,2024-03,0,0,0,0,52.39,-100.0,Budget
CAMP0004543,CUST00602,Influencer,2023-12-16,2023-12,1,1,0,0,998.7,-100.0,Budget
CAMP0004544,CUST00602,Email,2023-11-16,2023-11,0,0,0,0,52.39,-100.0,Budget
CAMP0004545,CUST00602,Paid Social,2023-10-27,2023-10,0,0,0,0,899.41,-100.0,Budget
CAMP0004546,CUST00602,Email,2024-02-19,2024-02,0,0,0,0,35.35,-100.0,Budget
CAMP0004547,CUST00602,Paid Social,2023-08-11,2023-08,1,0,0,0,2447.2,-100.0,Budget
CAMP0004548,CUST00602,Display Ad,2024-01-02,2024-01,0,0,0,0,460.75,-100.0,Budget
CAMP0004549,CUST00602,Email,2023-11-23,2023-11,0,0,0,0,47.93,-100.0,Budget
CAMP0004550,CUST00602,Email,2023-11-20,2023-11,0,0,0,0,58.38,-100.0,Budget
CAMP0004551,CUST00603,SMS,2023-02-18,2023-02,1,1,0,0,58.57,-100.0,Budget
CAMP0004552,CUST00603,Email,2023-03-22,2023-03,1,0,0,0,24.15,-100.0,Budget
CAMP0004553,CUST00603,Email,2023-04-22,2023-04,0,0,0,0,23.87,-100.0,Budget
CAMP0004554,CUST00603,Email,2024-02-21,2024-02,0,0,0,0,40.97,-100.0,Budget
CAMP0004555,CUST00603,Paid Social,2023-02-17,2023-02,0,0,0,0,1638.59,-100.0,Budget
CAMP0004556,CUST00603,Email,2023-07-17,2023-07,1,0,0,0,29.81,-100.0,Budget
CAMP0004557,CUST00603,Push Notification,2023-11-27,2023-11,0,0,0,0,18.9,-100.0,Budget
CAMP0004558,CUST00603,SMS,2023-07-08,2023-07,1,0,0,0,41.2,-100.0,Budget
CAMP0004559,CUST00604,Display Ad,2023-03-20,2023-03,1,0,0,0,691.1,-100.0,Mid-Range
CAMP0004560,CUST00604,Push Notification,2023-12-25,2023-12,0,0,0,0,19.32,-100.0,Mid-Range
CAMP0004561,CUST00604,Influencer,2022-10-19,2022-10,0,0,0,0,471.08,-100.0,Mid-Range
CAMP0004562,CUST00604,Influencer,2022-12-20,2022-12,1,1,1,181.55,1642.44,-88.9,Mid-Range
CAMP0004563,CUST00604,Paid Social,2023-06-08,2023-06,0,0,0,0,1563.28,-100.0,Mid-Range
CAMP0004564,CUST00604,Paid Social,2024-03-01,2024-03,1,0,0,0,904.52,-100.0,Mid-Range
CAMP0004565,CUST00604,Email,2022-09-17,2022-09,1,1,0,0,24.15,-100.0,Mid-Range
CAMP0004566,CUST00604,Influencer,2023-04-09,2023-04,0,0,0,0,1477.05,-100.0,Mid-Range
CAMP0004567,CUST00604,Paid Social,2023-10-12,2023-10,0,0,0,0,988.81,-100.0,Mid-Range
CAMP0004568,CUST00604,Display Ad,2022-12-27,2022-12,0,0,0,0,411.4,-100.0,Mid-Range
CAMP0004569,CUST00605,Paid Social,2024-01-29,2024-01,1,0,0,0,1460.73,-100.0,Budget
CAMP0004570,CUST00605,Influencer,2024-03-08,2024-03,0,0,0,0,1336.14,-100.0,Budget
CAMP0004571,CUST00605,Paid Social,2023-01-24,2023-01,0,0,0,0,1159.33,-100.0,Budget
CAMP0004572,CUST00605,Display Ad,2022-08-22,2022-08,0,0,0,0,711.99,-100.0,Budget
CAMP0004573,CUST00605,Influencer,2022-07-09,2022-07,0,0,0,0,960.32,-100.0,Budget
CAMP0004574,CUST00605,SMS,2023-02-11,2023-02,0,0,0,0,113.77,-100.0,Budget
CAMP0004575,CUST00605,Email,2022-12-30,2022-12,0,0,0,0,23.49,-100.0,Budget
CAMP0004576,CUST00605,Email,2023-01-04,2023-01,0,0,0,0,35.12,-100.0,Budget
CAMP0004577,CUST00605,Paid Social,2024-02-23,2024-02,0,0,0,0,1703.49,-100.0,Budget
CAMP0004578,CUST00605,Display Ad,2023-03-28,2023-03,0,0,0,0,293.21,-100.0,Budget
CAMP0004579,CUST00605,Influencer,2022-12-30,2022-12,0,0,0,0,787.59,-100.0,Budget
CAMP0004580,CUST00606,Influencer,2023-09-25,2023-09,0,0,0,0,539.37,-100.0,Premium
CAMP0004581,CUST00606,Email,2023-10-08,2023-10,0,0,0,0,55.92,-100.0,Premium
CAMP0004582,CUST00606,Paid Social,2023-09-15,2023-09,0,0,0,0,1407.92,-100.0,Premium
CAMP0004583,CUST00606,Display Ad,2023-08-12,2023-08,0,0,0,0,771.42,-100.0,Premium
CAMP0004584,CUST00606,Email,2023-08-15,2023-08,0,0,0,0,38.62,-100.0,Premium
CAMP0004585,CUST00606,Push Notification,2024-02-19,2024-02,0,0,0,0,19.04,-100.0,Premium
CAMP0004586,CUST00606,Push Notification,2023-09-18,2023-09,0,0,0,0,26.55,-100.0,Premium
CAMP0004587,CUST00606,Paid Social,2022-07-17,2022-07,0,0,0,0,1784.09,-100.0,Premium
CAMP0004588,CUST00606,Email,2023-08-07,2023-08,1,1,1,78.3,19.11,309.7,Premium
CAMP0004589,CUST00606,Email,2022-08-17,2022-08,0,0,0,0,48.7,-100.0,Premium
CAMP0004590,CUST00607,Paid Social,2024-03-20,2024-03,0,0,0,0,2480.71,-100.0,Luxury
CAMP0004591,CUST00607,SMS,2023-03-06,2023-03,1,0,0,0,72.17,-100.0,Luxury
CAMP0004592,CUST00607,Push Notification,2023-11-17,2023-11,1,0,0,0,22.91,-100.0,Luxury
CAMP0004593,CUST00607,Display Ad,2023-04-29,2023-04,1,0,0,0,927.25,-100.0,Luxury
CAMP0004594,CUST00607,SMS,2023-09-26,2023-09,0,0,0,0,54.93,-100.0,Luxury
CAMP0004595,CUST00608,Influencer,2022-12-17,2022-12,1,0,0,0,1151.69,-100.0,Budget
CAMP0004596,CUST00608,Push Notification,2023-12-08,2023-12,0,0,0,0,8.07,-100.0,Budget
CAMP0004597,CUST00608,Email,2023-04-27,2023-04,0,0,0,0,52.83,-100.0,Budget
CAMP0004598,CUST00608,Email,2022-11-05,2022-11,0,0,0,0,31.34,-100.0,Budget
CAMP0004599,CUST00608,SMS,2023-06-30,2023-06,0,0,0,0,45.51,-100.0,Budget
CAMP0004600,CUST00608,Paid Social,2023-09-05,2023-09,0,0,0,0,2406.9,-100.0,Budget
CAMP0004601,CUST00608,Paid Social,2022-02-21,2022-02,0,0,0,0,2009.63,-100.0,Budget
CAMP0004602,CUST00608,Push Notification,2023-04-14,2023-04,0,0,0,0,22.84,-100.0,Budget
CAMP0004603,CUST00609,Push Notification,2024-01-23,2024-01,0,0,0,0,25.2,-100.0,Budget
CAMP0004604,CUST00609,Paid Social,2023-05-30,2023-05,0,0,0,0,1903.65,-100.0,Budget
CAMP0004605,CUST00609,Paid Social,2024-03-23,2024-03,0,0,0,0,2193.44,-100.0,Budget
CAMP0004606,CUST00609,Paid Social,2023-07-27,2023-07,0,0,0,0,2463.41,-100.0,Budget
CAMP0004607,CUST00609,Paid Social,2023-02-09,2023-02,0,0,0,0,683.68,-100.0,Budget
CAMP0004608,CUST00609,Email,2024-03-27,2024-03,0,0,0,0,29.23,-100.0,Budget
CAMP0004609,CUST00609,Email,2022-08-01,2022-08,1,0,0,0,45.5,-100.0,Budget
CAMP0004610,CUST00609,Email,2024-01-20,2024-01,0,0,0,0,46.28,-100.0,Budget
CAMP0004611,CUST00610,Paid Social,2023-10-31,2023-10,0,0,0,0,1555.52,-100.0,Budget
CAMP0004612,CUST00610,Display Ad,2023-07-03,2023-07,0,0,0,0,513.92,-100.0,Budget
CAMP0004613,CUST00610,Display Ad,2023-10-21,2023-10,0,0,0,0,541.39,-100.0,Budget
CAMP0004614,CUST00610,Influencer,2024-03-12,2024-03,0,0,0,0,547.35,-100.0,Budget
CAMP0004615,CUST00610,Paid Social,2023-07-30,2023-07,0,0,0,0,2410.76,-100.0,Budget
CAMP0004616,CUST00611,Display Ad,2024-02-25,2024-02,0,0,0,0,464.94,-100.0,Mid-Range
CAMP0004617,CUST00611,Push Notification,2023-01-22,2023-01,0,0,0,0,26.04,-100.0,Mid-Range
CAMP0004618,CUST00611,Push Notification,2023-10-07,2023-10,0,0,0,0,20.92,-100.0,Mid-Range
CAMP0004619,CUST00611,Email,2024-02-17,2024-02,0,0,0,0,25.66,-100.0,Mid-Range
CAMP0004620,CUST00612,Email,2023-01-31,2023-01,0,0,0,0,43.0,-100.0,Mid-Range
CAMP0004621,CUST00612,Email,2024-03-20,2024-03,1,0,0,0,37.06,-100.0,Mid-Range
CAMP0004622,CUST00612,Display Ad,2023-09-26,2023-09,0,0,0,0,806.2,-100.0,Mid-Range
CAMP0004623,CUST00612,Paid Social,2023-03-31,2023-03,0,0,0,0,2237.22,-100.0,Mid-Range
CAMP0004624,CUST00613,Paid Social,2023-10-02,2023-10,0,0,0,0,894.55,-100.0,Budget
CAMP0004625,CUST00613,Email,2023-09-10,2023-09,0,0,0,0,51.66,-100.0,Budget
CAMP0004626,CUST00613,Email,2024-01-23,2024-01,0,0,0,0,43.9,-100.0,Budget
CAMP0004627,CUST00614,Paid Social,2023-04-03,2023-04,0,0,0,0,2069.48,-100.0,Premium
CAMP0004628,CUST00614,Influencer,2023-12-23,2023-12,0,0,0,0,478.07,-100.0,Premium
CAMP0004629,CUST00614,Email,2023-10-05,2023-10,0,0,0,0,56.19,-100.0,Premium
CAMP0004630,CUST00614,Paid Social,2023-09-19,2023-09,0,0,0,0,2013.43,-100.0,Premium
CAMP0004631,CUST00614,Email,2023-10-21,2023-10,1,1,0,0,49.71,-100.0,Premium
CAMP0004632,CUST00614,SMS,2023-04-16,2023-04,0,0,0,0,33.98,-100.0,Premium
CAMP0004633,CUST00614,Email,2023-09-01,2023-09,0,0,0,0,24.63,-100.0,Premium
CAMP0004634,CUST00614,Influencer,2023-02-23,2023-02,1,1,0,0,964.87,-100.0,Premium
CAMP0004635,CUST00615,Push Notification,2023-09-17,2023-09,0,0,0,0,22.39,-100.0,Mid-Range
CAMP0004636,CUST00615,Display Ad,2023-12-14,2023-12,0,0,0,0,491.99,-100.0,Mid-Range
CAMP0004637,CUST00615,Paid Social,2023-11-03,2023-11,0,0,0,0,2427.86,-100.0,Mid-Range
CAMP0004638,CUST00615,Influencer,2023-10-18,2023-10,0,0,0,0,625.31,-100.0,Mid-Range
CAMP0004639,CUST00615,Paid Social,2022-12-27,2022-12,0,0,0,0,1303.79,-100.0,Mid-Range
CAMP0004640,CUST00615,SMS,2023-08-13,2023-08,1,0,0,0,99.01,-100.0,Mid-Range
CAMP0004641,CUST00615,Influencer,2023-12-31,2023-12,0,0,0,0,1127.23,-100.0,Mid-Range
CAMP0004642,CUST00615,SMS,2023-04-06,2023-04,0,0,0,0,36.75,-100.0,Mid-Range
CAMP0004643,CUST00615,Push Notification,2023-09-30,2023-09,0,0,0,0,27.23,-100.0,Mid-Range
CAMP0004644,CUST00615,Email,2023-09-09,2023-09,0,0,0,0,21.46,-100.0,Mid-Range
CAMP0004645,CUST00615,Paid Social,2023-05-04,2023-05,0,0,0,0,2259.38,-100.0,Mid-Range
CAMP0004646,CUST00616,Email,2024-01-09,2024-01,0,0,0,0,58.44,-100.0,Premium
CAMP0004647,CUST00616,Push Notification,2023-12-02,2023-12,0,0,0,0,16.57,-100.0,Premium
CAMP0004648,CUST00616,Display Ad,2023-10-21,2023-10,1,1,0,0,963.0,-100.0,Premium
CAMP0004649,CUST00616,SMS,2023-04-11,2023-04,1,0,0,0,103.9,-100.0,Premium
CAMP0004650,CUST00616,Paid Social,2023-07-07,2023-07,0,0,0,0,1034.16,-100.0,Premium
CAMP0004651,CUST00616,Push Notification,2023-06-29,2023-06,0,0,0,0,15.61,-100.0,Premium
CAMP0004652,CUST00616,Paid Social,2023-09-28,2023-09,0,0,0,0,2439.65,-100.0,Premium
CAMP0004653,CUST00616,SMS,2023-12-19,2023-12,0,0,0,0,102.34,-100.0,Premium
CAMP0004654,CUST00616,Push Notification,2023-05-07,2023-05,0,0,0,0,11.24,-100.0,Premium
CAMP0004655,CUST00616,Email,2023-12-23,2023-12,1,0,0,0,42.75,-100.0,Premium
CAMP0004656,CUST00616,Push Notification,2023-09-07,2023-09,0,0,0,0,18.21,-100.0,Premium
CAMP0004657,CUST00617,Push Notification,2023-01-18,2023-01,0,0,0,0,20.15,-100.0,Budget
CAMP0004658,CUST00617,Display Ad,2023-04-20,2023-04,0,0,0,0,528.04,-100.0,Budget
CAMP0004659,CUST00617,Display Ad,2023-03-29,2023-03,0,0,0,0,899.9,-100.0,Budget
CAMP0004660,CUST00617,SMS,2023-03-12,2023-03,0,0,0,0,33.45,-100.0,Budget
CAMP0004661,CUST00617,Paid Social,2022-09-13,2022-09,0,0,0,0,2389.18,-100.0,Budget
CAMP0004662,CUST00618,Influencer,2024-02-01,2024-02,0,0,0,0,1521.09,-100.0,Mid-Range
CAMP0004663,CUST00618,Paid Social,2024-03-03,2024-03,0,0,0,0,983.16,-100.0,Mid-Range
CAMP0004664,CUST00618,Paid Social,2023-11-15,2023-11,0,0,0,0,1209.21,-100.0,Mid-Range
CAMP0004665,CUST00618,Push Notification,2023-11-16,2023-11,0,0,0,0,22.76,-100.0,Mid-Range
CAMP0004666,CUST00618,Email,2023-08-29,2023-08,0,0,0,0,49.56,-100.0,Mid-Range
CAMP0004667,CUST00618,Paid Social,2024-03-23,2024-03,0,0,0,0,1047.7,-100.0,Mid-Range
CAMP0004668,CUST00618,SMS,2023-11-09,2023-11,0,0,0,0,119.91,-100.0,Mid-Range
CAMP0004669,CUST00619,Email,2022-07-26,2022-07,0,0,0,0,49.64,-100.0,Budget
CAMP0004670,CUST00619,Email,2023-07-21,2023-07,0,0,0,0,38.31,-100.0,Budget
CAMP0004671,CUST00619,Paid Social,2022-08-18,2022-08,1,0,0,0,798.34,-100.0,Budget
CAMP0004672,CUST00619,Email,2023-02-06,2023-02,0,0,0,0,57.61,-100.0,Budget
CAMP0004673,CUST00619,Paid Social,2023-02-18,2023-02,0,0,0,0,2464.58,-100.0,Budget
CAMP0004674,CUST00619,Email,2023-05-15,2023-05,1,0,0,0,53.05,-100.0,Budget
CAMP0004675,CUST00619,Influencer,2024-02-10,2024-02,0,0,0,0,878.59,-100.0,Budget
CAMP0004676,CUST00619,Influencer,2023-02-24,2023-02,0,0,0,0,946.04,-100.0,Budget
CAMP0004677,CUST00619,Push Notification,2023-07-18,2023-07,0,0,0,0,13.67,-100.0,Budget
CAMP0004678,CUST00619,Push Notification,2023-07-19,2023-07,0,0,0,0,8.57,-100.0,Budget
CAMP0004679,CUST00620,Email,2023-11-06,2023-11,0,0,0,0,57.04,-100.0,Premium
CAMP0004680,CUST00620,Email,2022-09-14,2022-09,0,0,0,0,25.95,-100.0,Premium
CAMP0004681,CUST00620,Influencer,2024-03-25,2024-03,0,0,0,0,1599.2,-100.0,Premium
CAMP0004682,CUST00620,Email,2023-11-30,2023-11,0,0,0,0,42.98,-100.0,Premium
CAMP0004683,CUST00620,SMS,2023-08-12,2023-08,1,0,0,0,86.86,-100.0,Premium
CAMP0004684,CUST00620,Display Ad,2023-06-29,2023-06,0,0,0,0,373.83,-100.0,Premium
CAMP0004685,CUST00620,Influencer,2023-05-20,2023-05,1,1,1,168.54,720.88,-76.6,Premium
CAMP0004686,CUST00620,Influencer,2023-07-19,2023-07,0,0,0,0,1185.77,-100.0,Premium
CAMP0004687,CUST00621,Influencer,2023-08-29,2023-08,0,0,0,0,989.58,-100.0,Premium
CAMP0004688,CUST00621,Email,2023-04-09,2023-04,0,0,0,0,49.57,-100.0,Premium
CAMP0004689,CUST00621,Email,2022-12-01,2022-12,0,0,0,0,53.43,-100.0,Premium
CAMP0004690,CUST00621,Email,2023-07-16,2023-07,1,0,0,0,29.2,-100.0,Premium
CAMP0004691,CUST00622,Email,2023-09-14,2023-09,1,1,0,0,54.17,-100.0,Mid-Range
CAMP0004692,CUST00622,Influencer,2023-08-09,2023-08,0,0,0,0,1237.92,-100.0,Mid-Range
CAMP0004693,CUST00622,SMS,2023-08-25,2023-08,1,0,0,0,98.51,-100.0,Mid-Range
CAMP0004694,CUST00622,Influencer,2024-03-22,2024-03,0,0,0,0,1451.18,-100.0,Mid-Range
CAMP0004695,CUST00622,Email,2024-03-18,2024-03,0,0,0,0,30.42,-100.0,Mid-Range
CAMP0004696,CUST00622,Paid Social,2023-06-14,2023-06,0,0,0,0,1854.76,-100.0,Mid-Range
CAMP0004697,CUST00622,Paid Social,2023-12-30,2023-12,0,0,0,0,1054.79,-100.0,Mid-Range
CAMP0004698,CUST00622,Email,2023-05-16,2023-05,1,0,0,0,40.12,-100.0,Mid-Range
CAMP0004699,CUST00622,Email,2024-01-02,2024-01,1,1,0,0,55.95,-100.0,Mid-Range
CAMP0004700,CUST00623,SMS,2023-05-14,2023-05,1,1,0,0,89.89,-100.0,Budget
CAMP0004701,CUST00623,Email,2023-03-19,2023-03,1,1,0,0,54.37,-100.0,Budget
CAMP0004702,CUST00623,Influencer,2023-06-08,2023-06,0,0,0,0,1266.53,-100.0,Budget
CAMP0004703,CUST00623,Paid Social,2023-05-03,2023-05,0,0,0,0,2001.2,-100.0,Budget
CAMP0004704,CUST00623,Email,2023-05-21,2023-05,0,0,0,0,21.61,-100.0,Budget
CAMP0004705,CUST00623,Paid Social,2022-11-15,2022-11,0,0,0,0,1373.84,-100.0,Budget
CAMP0004706,CUST00623,Display Ad,2023-12-20,2023-12,0,0,0,0,935.26,-100.0,Budget
CAMP0004707,CUST00623,SMS,2022-09-23,2022-09,0,0,0,0,52.33,-100.0,Budget
CAMP0004708,CUST00623,Paid Social,2022-12-10,2022-12,0,0,0,0,1512.27,-100.0,Budget
CAMP0004709,CUST00623,Paid Social,2023-10-09,2023-10,0,0,0,0,1517.18,-100.0,Budget
CAMP0004710,CUST00624,Paid Social,2023-12-12,2023-12,0,0,0,0,1743.11,-100.0,Budget
CAMP0004711,CUST00624,SMS,2023-06-26,2023-06,1,1,0,0,83.07,-100.0,Budget
CAMP0004712,CUST00624,Influencer,2023-08-04,2023-08,0,0,0,0,741.18,-100.0,Budget
CAMP0004713,CUST00624,Influencer,2024-01-20,2024-01,0,0,0,0,1296.59,-100.0,Budget
CAMP0004714,CUST00624,Display Ad,2023-07-13,2023-07,0,0,0,0,935.48,-100.0,Budget
CAMP0004715,CUST00624,Display Ad,2023-09-24,2023-09,0,0,0,0,403.22,-100.0,Budget
CAMP0004716,CUST00624,Email,2023-09-24,2023-09,0,0,0,0,55.91,-100.0,Budget
CAMP0004717,CUST00625,Paid Social,2023-06-10,2023-06,0,0,0,0,725.68,-100.0,Budget
CAMP0004718,CUST00625,Email,2023-11-30,2023-11,0,0,0,0,21.87,-100.0,Budget
CAMP0004719,CUST00625,Display Ad,2023-12-14,2023-12,0,0,0,0,820.64,-100.0,Budget
CAMP0004720,CUST00625,Influencer,2023-10-16,2023-10,0,0,0,0,1253.98,-100.0,Budget
CAMP0004721,CUST00625,Display Ad,2023-09-08,2023-09,0,0,0,0,877.4,-100.0,Budget
CAMP0004722,CUST00625,Display Ad,2023-11-17,2023-11,0,0,0,0,370.4,-100.0,Budget
CAMP0004723,CUST00625,Paid Social,2023-09-13,2023-09,0,0,0,0,2343.56,-100.0,Budget
CAMP0004724,CUST00625,Display Ad,2023-08-02,2023-08,0,0,0,0,938.07,-100.0,Budget
CAMP0004725,CUST00625,Influencer,2023-03-06,2023-03,0,0,0,0,1283.89,-100.0,Budget
CAMP0004726,CUST00625,Paid Social,2024-02-02,2024-02,0,0,0,0,702.96,-100.0,Budget
CAMP0004727,CUST00625,Email,2023-10-01,2023-10,0,0,0,0,42.39,-100.0,Budget
CAMP0004728,CUST00625,Push Notification,2023-11-21,2023-11,0,0,0,0,16.29,-100.0,Budget
CAMP0004729,CUST00626,Paid Social,2024-01-07,2024-01,0,0,0,0,1065.75,-100.0,Premium
CAMP0004730,CUST00626,Display Ad,2023-07-11,2023-07,0,0,0,0,531.84,-100.0,Premium
CAMP0004731,CUST00626,Email,2023-09-11,2023-09,0,0,0,0,39.59,-100.0,Premium
CAMP0004732,CUST00626,Paid Social,2023-05-11,2023-05,0,0,0,0,1401.22,-100.0,Premium
CAMP0004733,CUST00626,Email,2023-08-25,2023-08,1,0,0,0,39.49,-100.0,Premium
CAMP0004734,CUST00626,Email,2023-05-03,2023-05,1,1,1,107.8,19.25,460.0,Premium
CAMP0004735,CUST00627,Display Ad,2023-12-03,2023-12,0,0,0,0,756.44,-100.0,Luxury
CAMP0004736,CUST00627,Email,2024-01-13,2024-01,1,0,0,0,20.13,-100.0,Luxury
CAMP0004737,CUST00627,Email,2023-07-29,2023-07,0,0,0,0,39.48,-100.0,Luxury
CAMP0004738,CUST00627,Display Ad,2023-12-11,2023-12,0,0,0,0,997.14,-100.0,Luxury
CAMP0004739,CUST00627,Email,2024-03-14,2024-03,0,0,0,0,26.76,-100.0,Luxury
CAMP0004740,CUST00627,Email,2023-07-26,2023-07,1,0,0,0,18.94,-100.0,Luxury
CAMP0004741,CUST00627,Paid Social,2023-10-27,2023-10,1,1,1,164.82,2491.35,-93.4,Luxury
CAMP0004742,CUST00628,Push Notification,2023-07-14,2023-07,0,0,0,0,26.04,-100.0,Budget
CAMP0004743,CUST00628,Paid Social,2024-02-25,2024-02,0,0,0,0,1819.6,-100.0,Budget
CAMP0004744,CUST00628,Display Ad,2024-01-24,2024-01,1,1,0,0,967.06,-100.0,Budget
CAMP0004745,CUST00628,Email,2023-01-10,2023-01,0,0,0,0,59.55,-100.0,Budget
CAMP0004746,CUST00628,Paid Social,2022-12-22,2022-12,0,0,0,0,2242.8,-100.0,Budget
CAMP0004747,CUST00628,Influencer,2023-10-02,2023-10,1,1,0,0,1047.61,-100.0,Budget
CAMP0004748,CUST00628,Paid Social,2023-12-14,2023-12,0,0,0,0,2224.65,-100.0,Budget
CAMP0004749,CUST00628,Email,2023-03-21,2023-03,0,0,0,0,47.95,-100.0,Budget
CAMP0004750,CUST00628,Paid Social,2023-08-08,2023-08,0,0,0,0,2267.76,-100.0,Budget
CAMP0004751,CUST00629,Paid Social,2023-04-30,2023-04,0,0,0,0,914.07,-100.0,Premium
CAMP0004752,CUST00629,Paid Social,2022-09-06,2022-09,0,0,0,0,1932.78,-100.0,Premium
CAMP0004753,CUST00629,Display Ad,2023-06-30,2023-06,0,0,0,0,401.17,-100.0,Premium
CAMP0004754,CUST00629,SMS,2023-05-31,2023-05,0,0,0,0,71.97,-100.0,Premium
CAMP0004755,CUST00629,Paid Social,2022-08-19,2022-08,0,0,0,0,1781.53,-100.0,Premium
CAMP0004756,CUST00629,Paid Social,2022-09-03,2022-09,0,0,0,0,2308.39,-100.0,Premium
CAMP0004757,CUST00629,SMS,2023-09-08,2023-09,0,0,0,0,56.09,-100.0,Premium
CAMP0004758,CUST00630,Push Notification,2023-12-18,2023-12,0,0,0,0,16.46,-100.0,Luxury
CAMP0004759,CUST00630,Influencer,2023-04-17,2023-04,1,1,0,0,1519.4,-100.0,Luxury
CAMP0004760,CUST00630,Email,2023-04-07,2023-04,0,0,0,0,42.95,-100.0,Luxury
CAMP0004761,CUST00630,Display Ad,2023-03-01,2023-03,0,0,0,0,873.95,-100.0,Luxury
CAMP0004762,CUST00630,Push Notification,2024-01-24,2024-01,1,0,0,0,21.47,-100.0,Luxury
CAMP0004763,CUST00630,Push Notification,2023-02-01,2023-02,0,0,0,0,11.47,-100.0,Luxury
CAMP0004764,CUST00630,Email,2023-09-09,2023-09,0,0,0,0,48.04,-100.0,Luxury
CAMP0004765,CUST00631,Push Notification,2023-11-13,2023-11,0,0,0,0,24.02,-100.0,Budget
CAMP0004766,CUST00631,Paid Social,2024-03-05,2024-03,0,0,0,0,2485.92,-100.0,Budget
CAMP0004767,CUST00631,Email,2023-06-16,2023-06,0,0,0,0,54.34,-100.0,Budget
CAMP0004768,CUST00631,Paid Social,2023-03-30,2023-03,0,0,0,0,824.17,-100.0,Budget
CAMP0004769,CUST00631,Email,2023-06-20,2023-06,0,0,0,0,43.18,-100.0,Budget
CAMP0004770,CUST00631,Push Notification,2024-02-20,2024-02,0,0,0,0,19.23,-100.0,Budget
CAMP0004771,CUST00632,Influencer,2023-08-07,2023-08,0,0,0,0,590.92,-100.0,Premium
CAMP0004772,CUST00632,Email,2023-10-08,2023-10,0,0,0,0,52.41,-100.0,Premium
CAMP0004773,CUST00632,Paid Social,2023-11-12,2023-11,0,0,0,0,1037.79,-100.0,Premium
CAMP0004774,CUST00632,SMS,2023-12-14,2023-12,0,0,0,0,44.91,-100.0,Premium
CAMP0004775,CUST00632,Paid Social,2023-10-20,2023-10,0,0,0,0,2201.43,-100.0,Premium
CAMP0004776,CUST00632,Paid Social,2024-03-01,2024-03,0,0,0,0,1646.06,-100.0,Premium
CAMP0004777,CUST00632,Paid Social,2023-09-23,2023-09,0,0,0,0,1000.63,-100.0,Premium
CAMP0004778,CUST00632,Paid Social,2023-02-16,2023-02,0,0,0,0,2277.26,-100.0,Premium
CAMP0004779,CUST00632,Paid Social,2024-02-08,2024-02,0,0,0,0,747.24,-100.0,Premium
CAMP0004780,CUST00632,Paid Social,2023-09-03,2023-09,0,0,0,0,987.78,-100.0,Premium
CAMP0004781,CUST00633,SMS,2023-06-04,2023-06,0,0,0,0,82.03,-100.0,Premium
CAMP0004782,CUST00633,Push Notification,2023-11-13,2023-11,0,0,0,0,10.25,-100.0,Premium
CAMP0004783,CUST00633,Email,2023-10-15,2023-10,0,0,0,0,27.26,-100.0,Premium
CAMP0004784,CUST00633,Paid Social,2023-07-24,2023-07,0,0,0,0,2205.27,-100.0,Premium
CAMP0004785,CUST00633,Email,2024-02-19,2024-02,0,0,0,0,38.15,-100.0,Premium
CAMP0004786,CUST00633,Email,2023-11-27,2023-11,0,0,0,0,50.35,-100.0,Premium
CAMP0004787,CUST00633,Email,2023-12-26,2023-12,0,0,0,0,57.96,-100.0,Premium
CAMP0004788,CUST00633,SMS,2023-06-12,2023-06,0,0,0,0,113.24,-100.0,Premium
CAMP0004789,CUST00633,Influencer,2023-06-06,2023-06,0,0,0,0,1519.7,-100.0,Premium
CAMP0004790,CUST00634,Paid Social,2022-09-26,2022-09,0,0,0,0,1627.82,-100.0,Budget
CAMP0004791,CUST00634,Push Notification,2023-02-28,2023-02,0,0,0,0,28.01,-100.0,Budget
CAMP0004792,CUST00634,SMS,2023-09-27,2023-09,0,0,0,0,100.14,-100.0,Budget
CAMP0004793,CUST00634,Email,2023-04-20,2023-04,0,0,0,0,32.65,-100.0,Budget
CAMP0004794,CUST00634,Paid Social,2023-05-26,2023-05,0,0,0,0,2227.5,-100.0,Budget
CAMP0004795,CUST00634,Paid Social,2023-06-14,2023-06,0,0,0,0,1224.19,-100.0,Budget
CAMP0004796,CUST00634,Push Notification,2023-10-27,2023-10,0,0,0,0,26.83,-100.0,Budget
CAMP0004797,CUST00634,Influencer,2023-03-14,2023-03,0,0,0,0,693.48,-100.0,Budget
CAMP0004798,CUST00634,Email,2022-06-04,2022-06,1,0,0,0,40.95,-100.0,Budget
CAMP0004799,CUST00634,Email,2023-04-19,2023-04,1,0,0,0,33.09,-100.0,Budget
CAMP0004800,CUST00634,Email,2023-02-06,2023-02,1,0,0,0,33.41,-100.0,Budget
CAMP0004801,CUST00635,Email,2022-12-14,2022-12,0,0,0,0,22.94,-100.0,Premium
CAMP0004802,CUST00635,Paid Social,2024-01-06,2024-01,0,0,0,0,1109.12,-100.0,Premium
CAMP0004803,CUST00635,Display Ad,2023-05-10,2023-05,0,0,0,0,995.37,-100.0,Premium
CAMP0004804,CUST00635,Email,2023-04-12,2023-04,0,0,0,0,26.81,-100.0,Premium
CAMP0004805,CUST00636,Paid Social,2024-02-21,2024-02,0,0,0,0,888.1,-100.0,Premium
CAMP0004806,CUST00636,Paid Social,2023-10-17,2023-10,0,0,0,0,2441.1,-100.0,Premium
CAMP0004807,CUST00636,Influencer,2024-03-28,2024-03,0,0,0,0,1016.43,-100.0,Premium
CAMP0004808,CUST00636,Paid Social,2024-03-03,2024-03,0,0,0,0,1701.17,-100.0,Premium
CAMP0004809,CUST00636,Influencer,2024-01-31,2024-01,0,0,0,0,756.41,-100.0,Premium
CAMP0004810,CUST00636,SMS,2023-10-14,2023-10,0,0,0,0,47.9,-100.0,Premium
CAMP0004811,CUST00636,Paid Social,2023-11-26,2023-11,0,0,0,0,2141.64,-100.0,Premium
CAMP0004812,CUST00636,Influencer,2023-09-16,2023-09,0,0,0,0,1131.18,-100.0,Premium
CAMP0004813,CUST00636,Email,2023-08-10,2023-08,0,0,0,0,59.88,-100.0,Premium
CAMP0004814,CUST00636,Push Notification,2024-01-17,2024-01,1,1,0,0,11.97,-100.0,Premium
CAMP0004815,CUST00636,Influencer,2023-10-30,2023-10,0,0,0,0,840.76,-100.0,Premium
CAMP0004816,CUST00637,Paid Social,2023-08-30,2023-08,0,0,0,0,1438.31,-100.0,Mid-Range
CAMP0004817,CUST00637,SMS,2023-06-28,2023-06,0,0,0,0,60.24,-100.0,Mid-Range
CAMP0004818,CUST00637,Email,2023-09-28,2023-09,1,0,0,0,40.21,-100.0,Mid-Range
CAMP0004819,CUST00637,Influencer,2023-04-18,2023-04,1,0,0,0,1226.84,-100.0,Mid-Range
CAMP0004820,CUST00637,Paid Social,2023-11-30,2023-11,0,0,0,0,2375.63,-100.0,Mid-Range
CAMP0004821,CUST00637,Influencer,2023-04-22,2023-04,1,1,0,0,781.21,-100.0,Mid-Range
CAMP0004822,CUST00637,Paid Social,2023-07-15,2023-07,1,0,0,0,1624.86,-100.0,Mid-Range
CAMP0004823,CUST00637,Influencer,2023-05-25,2023-05,1,0,0,0,1446.57,-100.0,Mid-Range
CAMP0004824,CUST00637,Paid Social,2023-12-01,2023-12,0,0,0,0,1776.55,-100.0,Mid-Range
CAMP0004825,CUST00637,Push Notification,2023-10-22,2023-10,1,0,0,0,22.66,-100.0,Mid-Range
CAMP0004826,CUST00637,Email,2023-12-05,2023-12,1,0,0,0,43.31,-100.0,Mid-Range
CAMP0004827,CUST00637,Influencer,2023-06-13,2023-06,0,0,0,0,465.25,-100.0,Mid-Range
CAMP0004828,CUST00638,Email,2022-05-20,2022-05,1,0,0,0,59.74,-100.0,Mid-Range
CAMP0004829,CUST00638,Email,2023-04-28,2023-04,1,0,0,0,33.84,-100.0,Mid-Range
CAMP0004830,CUST00638,Email,2023-12-29,2023-12,0,0,0,0,40.5,-100.0,Mid-Range
CAMP0004831,CUST00639,Display Ad,2024-01-13,2024-01,0,0,0,0,958.37,-100.0,Budget
CAMP0004832,CUST00639,Paid Social,2023-03-23,2023-03,0,0,0,0,1853.38,-100.0,Budget
CAMP0004833,CUST00639,Influencer,2022-10-04,2022-10,1,0,0,0,1015.44,-100.0,Budget
CAMP0004834,CUST00639,Paid Social,2024-01-25,2024-01,0,0,0,0,2452.1,-100.0,Budget
CAMP0004835,CUST00640,Influencer,2023-01-09,2023-01,0,0,0,0,1514.76,-100.0,Premium
CAMP0004836,CUST00640,Display Ad,2023-06-25,2023-06,0,0,0,0,282.73,-100.0,Premium
CAMP0004837,CUST00640,SMS,2023-10-12,2023-10,0,0,0,0,35.42,-100.0,Premium
CAMP0004838,CUST00640,Influencer,2023-04-10,2023-04,0,0,0,0,845.81,-100.0,Premium
CAMP0004839,CUST00641,Push Notification,2023-04-23,2023-04,0,0,0,0,19.96,-100.0,Mid-Range
CAMP0004840,CUST00641,SMS,2023-07-30,2023-07,1,0,0,0,118.75,-100.0,Mid-Range
CAMP0004841,CUST00641,Email,2023-08-02,2023-08,1,1,0,0,20.92,-100.0,Mid-Range
CAMP0004842,CUST00641,Display Ad,2023-01-18,2023-01,0,0,0,0,742.0,-100.0,Mid-Range
CAMP0004843,CUST00641,Push Notification,2023-06-03,2023-06,0,0,0,0,9.66,-100.0,Mid-Range
CAMP0004844,CUST00642,Push Notification,2022-03-06,2022-03,0,0,0,0,16.32,-100.0,Mid-Range
CAMP0004845,CUST00642,Email,2022-05-09,2022-05,0,0,0,0,57.53,-100.0,Mid-Range
CAMP0004846,CUST00642,Influencer,2022-10-26,2022-10,0,0,0,0,1428.49,-100.0,Mid-Range
CAMP0004847,CUST00642,Paid Social,2023-04-10,2023-04,0,0,0,0,1008.41,-100.0,Mid-Range
CAMP0004848,CUST00642,Paid Social,2023-05-02,2023-05,0,0,0,0,2297.82,-100.0,Mid-Range
CAMP0004849,CUST00642,Push Notification,2023-06-09,2023-06,0,0,0,0,16.28,-100.0,Mid-Range
CAMP0004850,CUST00642,Paid Social,2022-03-16,2022-03,0,0,0,0,1259.45,-100.0,Mid-Range
CAMP0004851,CUST00643,Paid Social,2023-03-30,2023-03,0,0,0,0,2277.17,-100.0,Mid-Range
CAMP0004852,CUST00643,Display Ad,2022-11-21,2022-11,0,0,0,0,673.5,-100.0,Mid-Range
CAMP0004853,CUST00643,Paid Social,2022-12-02,2022-12,1,0,0,0,2140.22,-100.0,Mid-Range
CAMP0004854,CUST00643,Push Notification,2023-04-28,2023-04,0,0,0,0,29.34,-100.0,Mid-Range
CAMP0004855,CUST00643,Display Ad,2022-11-27,2022-11,0,0,0,0,723.34,-100.0,Mid-Range
CAMP0004856,CUST00643,Email,2024-02-19,2024-02,0,0,0,0,48.09,-100.0,Mid-Range
CAMP0004857,CUST00643,Email,2023-05-16,2023-05,0,0,0,0,57.02,-100.0,Mid-Range
CAMP0004858,CUST00643,Email,2023-04-22,2023-04,0,0,0,0,22.65,-100.0,Mid-Range
CAMP0004859,CUST00643,Email,2022-08-18,2022-08,0,0,0,0,41.66,-100.0,Mid-Range
CAMP0004860,CUST00644,Paid Social,2024-02-12,2024-02,0,0,0,0,770.21,-100.0,Premium
CAMP0004861,CUST00644,Display Ad,2023-12-20,2023-12,0,0,0,0,687.4,-100.0,Premium
CAMP0004862,CUST00644,Email,2022-10-01,2022-10,0,0,0,0,59.64,-100.0,Premium
CAMP0004863,CUST00644,Paid Social,2023-09-22,2023-09,0,0,0,0,1652.18,-100.0,Premium
CAMP0004864,CUST00644,Paid Social,2024-03-30,2024-03,1,0,0,0,1627.43,-100.0,Premium
CAMP0004865,CUST00644,Paid Social,2023-01-01,2023-01,1,0,0,0,2182.84,-100.0,Premium
CAMP0004866,CUST00644,Paid Social,2022-12-24,2022-12,1,0,0,0,1942.5,-100.0,Premium
CAMP0004867,CUST00645,Paid Social,2023-03-29,2023-03,0,0,0,0,1983.99,-100.0,Mid-Range
CAMP0004868,CUST00645,Display Ad,2023-12-25,2023-12,0,0,0,0,460.28,-100.0,Mid-Range
CAMP0004869,CUST00645,Email,2023-05-25,2023-05,0,0,0,0,56.73,-100.0,Mid-Range
CAMP0004870,CUST00645,Email,2024-02-10,2024-02,1,0,0,0,37.77,-100.0,Mid-Range
CAMP0004871,CUST00645,Email,2024-02-02,2024-02,0,0,0,0,29.9,-100.0,Mid-Range
CAMP0004872,CUST00645,Email,2023-07-17,2023-07,0,0,0,0,31.63,-100.0,Mid-Range
CAMP0004873,CUST00645,Push Notification,2024-03-16,2024-03,0,0,0,0,16.2,-100.0,Mid-Range
CAMP0004874,CUST00645,Email,2024-01-31,2024-01,0,0,0,0,37.93,-100.0,Mid-Range
CAMP0004875,CUST00645,Email,2023-04-18,2023-04,0,0,0,0,23.18,-100.0,Mid-Range
CAMP0004876,CUST00645,Influencer,2023-04-01,2023-04,1,0,0,0,1086.12,-100.0,Mid-Range
CAMP0004877,CUST00645,SMS,2023-05-29,2023-05,0,0,0,0,99.95,-100.0,Mid-Range
CAMP0004878,CUST00645,Paid Social,2023-07-05,2023-07,0,0,0,0,2165.15,-100.0,Mid-Range
CAMP0004879,CUST00646,Paid Social,2023-08-16,2023-08,0,0,0,0,1146.24,-100.0,Budget
CAMP0004880,CUST00646,Email,2023-06-08,2023-06,0,0,0,0,17.97,-100.0,Budget
CAMP0004881,CUST00646,Influencer,2024-01-26,2024-01,0,0,0,0,1422.49,-100.0,Budget
CAMP0004882,CUST00647,Email,2023-08-19,2023-08,0,0,0,0,26.86,-100.0,Premium
CAMP0004883,CUST00647,Influencer,2024-03-17,2024-03,1,0,0,0,1401.28,-100.0,Premium
CAMP0004884,CUST00647,Influencer,2024-02-24,2024-02,1,1,1,62.59,1408.68,-95.6,Premium
CAMP0004885,CUST00647,SMS,2023-12-01,2023-12,0,0,0,0,104.45,-100.0,Premium
CAMP0004886,CUST00647,Email,2024-02-18,2024-02,0,0,0,0,43.85,-100.0,Premium
CAMP0004887,CUST00647,Display Ad,2023-07-02,2023-07,0,0,0,0,321.59,-100.0,Premium
CAMP0004888,CUST00647,Email,2024-01-21,2024-01,0,0,0,0,25.71,-100.0,Premium
CAMP0004889,CUST00647,Email,2023-07-14,2023-07,0,0,0,0,57.93,-100.0,Premium
CAMP0004890,CUST00647,SMS,2023-10-20,2023-10,1,1,0,0,91.36,-100.0,Premium
CAMP0004891,CUST00647,Email,2023-12-26,2023-12,0,0,0,0,34.94,-100.0,Premium
CAMP0004892,CUST00648,Paid Social,2023-05-22,2023-05,0,0,0,0,1662.02,-100.0,Mid-Range
CAMP0004893,CUST00648,Email,2024-02-27,2024-02,0,0,0,0,38.44,-100.0,Mid-Range
CAMP0004894,CUST00648,Email,2024-01-01,2024-01,0,0,0,0,47.5,-100.0,Mid-Range
CAMP0004895,CUST00648,Influencer,2022-11-05,2022-11,1,0,0,0,871.72,-100.0,Mid-Range
CAMP0004896,CUST00649,Email,2023-09-11,2023-09,0,0,0,0,32.01,-100.0,Premium
CAMP0004897,CUST00649,Paid Social,2022-05-23,2022-05,1,0,0,0,1785.08,-100.0,Premium
CAMP0004898,CUST00649,Email,2023-11-17,2023-11,0,0,0,0,26.8,-100.0,Premium
CAMP0004899,CUST00649,Paid Social,2022-10-26,2022-10,0,0,0,0,1054.1,-100.0,Premium
CAMP0004900,CUST00649,Paid Social,2023-09-29,2023-09,0,0,0,0,2130.26,-100.0,Premium
CAMP0004901,CUST00649,Email,2022-10-14,2022-10,0,0,0,0,27.23,-100.0,Premium
CAMP0004902,CUST00649,Display Ad,2023-08-20,2023-08,0,0,0,0,663.59,-100.0,Premium
CAMP0004903,CUST00649,Email,2023-08-05,2023-08,0,0,0,0,57.15,-100.0,Premium
CAMP0004904,CUST00649,Push Notification,2023-04-02,2023-04,0,0,0,0,8.28,-100.0,Premium
CAMP0004905,CUST00650,Email,2024-01-13,2024-01,0,0,0,0,39.25,-100.0,Budget
CAMP0004906,CUST00650,Influencer,2023-03-14,2023-03,0,0,0,0,1338.45,-100.0,Budget
CAMP0004907,CUST00650,Push Notification,2023-11-13,2023-11,0,0,0,0,17.04,-100.0,Budget
CAMP0004908,CUST00650,Paid Social,2023-05-23,2023-05,0,0,0,0,1568.81,-100.0,Budget
CAMP0004909,CUST00650,Push Notification,2023-07-24,2023-07,0,0,0,0,11.02,-100.0,Budget
CAMP0004910,CUST00651,Paid Social,2023-12-24,2023-12,0,0,0,0,718.86,-100.0,Mid-Range
CAMP0004911,CUST00651,Email,2023-12-08,2023-12,0,0,0,0,32.83,-100.0,Mid-Range
CAMP0004912,CUST00651,Email,2024-02-07,2024-02,1,0,0,0,31.75,-100.0,Mid-Range
CAMP0004913,CUST00651,Push Notification,2023-07-09,2023-07,0,0,0,0,22.24,-100.0,Mid-Range
CAMP0004914,CUST00652,Influencer,2024-02-23,2024-02,0,0,0,0,845.07,-100.0,Mid-Range
CAMP0004915,CUST00652,SMS,2024-01-15,2024-01,1,1,1,117.67,114.11,3.1,Mid-Range
CAMP0004916,CUST00652,Paid Social,2023-11-22,2023-11,0,0,0,0,1761.0,-100.0,Mid-Range
CAMP0004917,CUST00653,Push Notification,2023-08-07,2023-08,0,0,0,0,23.35,-100.0,Luxury
CAMP0004918,CUST00653,Email,2023-06-26,2023-06,0,0,0,0,20.9,-100.0,Luxury
CAMP0004919,CUST00653,Influencer,2024-01-30,2024-01,0,0,0,0,1108.14,-100.0,Luxury
CAMP0004920,CUST00653,Paid Social,2024-01-31,2024-01,0,0,0,0,978.84,-100.0,Luxury
CAMP0004921,CUST00653,Email,2024-02-03,2024-02,0,0,0,0,21.04,-100.0,Luxury
CAMP0004922,CUST00653,Email,2024-03-27,2024-03,0,0,0,0,18.75,-100.0,Luxury
CAMP0004923,CUST00653,Influencer,2023-10-30,2023-10,0,0,0,0,1630.49,-100.0,Luxury
CAMP0004924,CUST00654,Influencer,2023-08-26,2023-08,0,0,0,0,1288.4,-100.0,Premium
CAMP0004925,CUST00654,Push Notification,2024-02-02,2024-02,1,0,0,0,14.92,-100.0,Premium
CAMP0004926,CUST00654,Paid Social,2023-06-21,2023-06,0,0,0,0,1401.07,-100.0,Premium
CAMP0004927,CUST00654,Email,2023-04-23,2023-04,0,0,0,0,23.67,-100.0,Premium
CAMP0004928,CUST00654,SMS,2023-09-17,2023-09,1,0,0,0,98.8,-100.0,Premium
CAMP0004929,CUST00654,SMS,2023-07-12,2023-07,0,0,0,0,79.23,-100.0,Premium
CAMP0004930,CUST00654,Email,2023-06-22,2023-06,0,0,0,0,34.34,-100.0,Premium
CAMP0004931,CUST00654,Influencer,2024-02-22,2024-02,0,0,0,0,574.32,-100.0,Premium
CAMP0004932,CUST00654,Influencer,2023-01-28,2023-01,0,0,0,0,757.24,-100.0,Premium
CAMP0004933,CUST00655,Email,2023-03-03,2023-03,0,0,0,0,39.54,-100.0,Premium
CAMP0004934,CUST00655,Email,2023-06-27,2023-06,0,0,0,0,30.42,-100.0,Premium
CAMP0004935,CUST00655,SMS,2023-11-03,2023-11,0,0,0,0,118.42,-100.0,Premium
CAMP0004936,CUST00655,SMS,2024-01-19,2024-01,0,0,0,0,40.1,-100.0,Premium
CAMP0004937,CUST00655,Push Notification,2023-04-24,2023-04,0,0,0,0,15.22,-100.0,Premium
CAMP0004938,CUST00655,Email,2023-03-27,2023-03,1,1,0,0,28.7,-100.0,Premium
CAMP0004939,CUST00655,Email,2023-04-20,2023-04,0,0,0,0,25.19,-100.0,Premium
CAMP0004940,CUST00655,Paid Social,2023-07-12,2023-07,0,0,0,0,1821.56,-100.0,Premium
CAMP0004941,CUST00655,Paid Social,2023-09-16,2023-09,0,0,0,0,786.72,-100.0,Premium
CAMP0004942,CUST00655,Influencer,2023-02-02,2023-02,1,0,0,0,1336.33,-100.0,Premium
CAMP0004943,CUST00656,SMS,2024-03-12,2024-03,1,0,0,0,60.27,-100.0,Mid-Range
CAMP0004944,CUST00656,Email,2024-02-19,2024-02,0,0,0,0,17.35,-100.0,Mid-Range
CAMP0004945,CUST00656,Paid Social,2023-09-06,2023-09,1,0,0,0,1829.21,-100.0,Mid-Range
CAMP0004946,CUST00656,Paid Social,2024-01-11,2024-01,0,0,0,0,2446.97,-100.0,Mid-Range
CAMP0004947,CUST00656,Display Ad,2023-07-30,2023-07,0,0,0,0,915.01,-100.0,Mid-Range
CAMP0004948,CUST00656,Paid Social,2024-02-18,2024-02,0,0,0,0,2522.35,-100.0,Mid-Range
CAMP0004949,CUST00656,Email,2024-01-22,2024-01,0,0,0,0,24.8,-100.0,Mid-Range
CAMP0004950,CUST00656,Paid Social,2023-09-20,2023-09,0,0,0,0,1842.78,-100.0,Mid-Range
CAMP0004951,CUST00656,Push Notification,2023-08-31,2023-08,1,0,0,0,8.08,-100.0,Mid-Range
CAMP0004952,CUST00657,SMS,2022-10-24,2022-10,0,0,0,0,57.02,-100.0,Premium
CAMP0004953,CUST00657,Paid Social,2024-03-08,2024-03,0,0,0,0,1606.83,-100.0,Premium
CAMP0004954,CUST00657,Email,2023-09-09,2023-09,0,0,0,0,32.44,-100.0,Premium
CAMP0004955,CUST00657,SMS,2023-10-27,2023-10,1,1,0,0,89.6,-100.0,Premium
CAMP0004956,CUST00657,Email,2024-03-24,2024-03,0,0,0,0,26.02,-100.0,Premium
CAMP0004957,CUST00657,Display Ad,2024-03-31,2024-03,0,0,0,0,329.92,-100.0,Premium
CAMP0004958,CUST00657,SMS,2024-03-25,2024-03,0,0,0,0,99.43,-100.0,Premium
CAMP0004959,CUST00657,Influencer,2023-10-20,2023-10,0,0,0,0,929.33,-100.0,Premium
CAMP0004960,CUST00657,Email,2022-09-26,2022-09,1,0,0,0,50.35,-100.0,Premium
CAMP0004961,CUST00657,SMS,2023-10-26,2023-10,0,0,0,0,44.33,-100.0,Premium
CAMP0004962,CUST00658,Push Notification,2024-03-29,2024-03,0,0,0,0,14.8,-100.0,Premium
CAMP0004963,CUST00658,Paid Social,2024-02-23,2024-02,0,0,0,0,1227.28,-100.0,Premium
CAMP0004964,CUST00658,Influencer,2024-02-01,2024-02,0,0,0,0,1533.22,-100.0,Premium
CAMP0004965,CUST00658,Influencer,2024-02-02,2024-02,1,1,0,0,1264.5,-100.0,Premium
CAMP0004966,CUST00658,SMS,2024-02-13,2024-02,0,0,0,0,73.66,-100.0,Premium
CAMP0004967,CUST00658,Paid Social,2024-01-08,2024-01,0,0,0,0,1691.08,-100.0,Premium
CAMP0004968,CUST00658,Paid Social,2024-01-20,2024-01,1,0,0,0,721.75,-100.0,Premium
CAMP0004969,CUST00658,Influencer,2023-12-20,2023-12,0,0,0,0,1396.92,-100.0,Premium
CAMP0004970,CUST00658,Display Ad,2024-03-22,2024-03,1,0,0,0,980.22,-100.0,Premium
CAMP0004971,CUST00658,Display Ad,2023-09-16,2023-09,0,0,0,0,635.05,-100.0,Premium
CAMP0004972,CUST00658,Push Notification,2023-12-30,2023-12,0,0,0,0,18.12,-100.0,Premium
CAMP0004973,CUST00659,Email,2022-11-14,2022-11,0,0,0,0,22.04,-100.0,Budget
CAMP0004974,CUST00659,Display Ad,2023-12-15,2023-12,0,0,0,0,451.62,-100.0,Budget
CAMP0004975,CUST00659,Display Ad,2023-04-19,2023-04,0,0,0,0,320.94,-100.0,Budget
CAMP0004976,CUST00659,Paid Social,2023-09-11,2023-09,0,0,0,0,2403.55,-100.0,Budget
CAMP0004977,CUST00659,Push Notification,2023-09-07,2023-09,0,0,0,0,26.82,-100.0,Budget
CAMP0004978,CUST00659,Email,2023-02-26,2023-02,1,0,0,0,37.82,-100.0,Budget
CAMP0004979,CUST00659,Influencer,2023-05-04,2023-05,1,0,0,0,1147.28,-100.0,Budget
CAMP0004980,CUST00659,Email,2023-05-05,2023-05,0,0,0,0,32.86,-100.0,Budget
CAMP0004981,CUST00659,Email,2024-01-15,2024-01,0,0,0,0,44.85,-100.0,Budget
CAMP0004982,CUST00660,Push Notification,2023-10-29,2023-10,0,0,0,0,24.28,-100.0,Budget
CAMP0004983,CUST00660,Email,2023-12-11,2023-12,0,0,0,0,20.2,-100.0,Budget
CAMP0004984,CUST00660,Paid Social,2023-01-17,2023-01,0,0,0,0,2275.43,-100.0,Budget
CAMP0004985,CUST00660,Push Notification,2024-03-03,2024-03,0,0,0,0,11.63,-100.0,Budget
CAMP0004986,CUST00660,Influencer,2023-10-16,2023-10,1,0,0,0,859.96,-100.0,Budget
CAMP0004987,CUST00660,Paid Social,2023-11-01,2023-11,1,0,0,0,1091.7,-100.0,Budget
CAMP0004988,CUST00660,Push Notification,2024-03-10,2024-03,0,0,0,0,27.36,-100.0,Budget
CAMP0004989,CUST00660,Push Notification,2023-10-03,2023-10,0,0,0,0,19.9,-100.0,Budget
CAMP0004990,CUST00661,Push Notification,2023-11-18,2023-11,0,0,0,0,17.22,-100.0,Budget
CAMP0004991,CUST00661,Paid Social,2023-01-22,2023-01,0,0,0,0,1639.84,-100.0,Budget
CAMP0004992,CUST00661,Influencer,2023-12-06,2023-12,0,0,0,0,1165.98,-100.0,Budget
CAMP0004993,CUST00661,Paid Social,2023-08-23,2023-08,1,0,0,0,2171.8,-100.0,Budget
CAMP0004994,CUST00661,Paid Social,2023-01-07,2023-01,0,0,0,0,2017.03,-100.0,Budget
CAMP0004995,CUST00661,SMS,2024-03-16,2024-03,0,0,0,0,112.77,-100.0,Budget
CAMP0004996,CUST00661,Push Notification,2023-06-08,2023-06,0,0,0,0,28.01,-100.0,Budget
CAMP0004997,CUST00662,Paid Social,2023-12-06,2023-12,0,0,0,0,1462.54,-100.0,Budget
CAMP0004998,CUST00662,Paid Social,2023-08-16,2023-08,0,0,0,0,842.91,-100.0,Budget
CAMP0004999,CUST00662,Email,2023-10-22,2023-10,0,0,0,0,45.49,-100.0,Budget
CAMP0005000,CUST00662,Paid Social,2023-02-21,2023-02,0,0,0,0,1608.3,-100.0,Budget
CAMP0005001,CUST00662,Email,2023-04-27,2023-04,0,0,0,0,28.54,-100.0,Budget
CAMP0005002,CUST00662,Influencer,2024-01-09,2024-01,0,0,0,0,554.88,-100.0,Budget
CAMP0005003,CUST00662,Email,2023-07-31,2023-07,0,0,0,0,49.42,-100.0,Budget
CAMP0005004,CUST00662,Email,2024-01-18,2024-01,0,0,0,0,17.78,-100.0,Budget
CAMP0005005,CUST00662,SMS,2024-02-18,2024-02,1,1,0,0,91.93,-100.0,Budget
CAMP0005006,CUST00663,SMS,2024-03-07,2024-03,0,0,0,0,48.76,-100.0,Mid-Range
CAMP0005007,CUST00663,Push Notification,2024-02-26,2024-02,0,0,0,0,23.56,-100.0,Mid-Range
CAMP0005008,CUST00663,Email,2023-06-05,2023-06,0,0,0,0,27.96,-100.0,Mid-Range
CAMP0005009,CUST00663,Paid Social,2023-10-25,2023-10,0,0,0,0,2356.45,-100.0,Mid-Range
CAMP0005010,CUST00663,Paid Social,2023-10-15,2023-10,1,0,0,0,1559.5,-100.0,Mid-Range
CAMP0005011,CUST00663,Paid Social,2023-06-10,2023-06,0,0,0,0,1834.42,-100.0,Mid-Range
CAMP0005012,CUST00663,Influencer,2023-08-03,2023-08,0,0,0,0,721.71,-100.0,Mid-Range
CAMP0005013,CUST00663,Paid Social,2024-01-18,2024-01,0,0,0,0,1802.97,-100.0,Mid-Range
CAMP0005014,CUST00663,Influencer,2024-01-19,2024-01,0,0,0,0,746.73,-100.0,Mid-Range
CAMP0005015,CUST00663,Email,2023-12-12,2023-12,0,0,0,0,53.95,-100.0,Mid-Range
CAMP0005016,CUST00663,Paid Social,2023-10-13,2023-10,0,0,0,0,1327.36,-100.0,Mid-Range
CAMP0005017,CUST00664,Paid Social,2022-08-16,2022-08,0,0,0,0,1034.8,-100.0,Premium
CAMP0005018,CUST00664,Paid Social,2022-06-13,2022-06,0,0,0,0,1977.3,-100.0,Premium
CAMP0005019,CUST00664,Email,2023-11-08,2023-11,0,0,0,0,39.04,-100.0,Premium
CAMP0005020,CUST00664,Push Notification,2022-07-16,2022-07,0,0,0,0,9.36,-100.0,Premium
CAMP0005021,CUST00664,Display Ad,2023-05-13,2023-05,0,0,0,0,775.04,-100.0,Premium
CAMP0005022,CUST00664,SMS,2023-11-19,2023-11,0,0,0,0,65.76,-100.0,Premium
CAMP0005023,CUST00664,Paid Social,2022-09-09,2022-09,0,0,0,0,2273.82,-100.0,Premium
CAMP0005024,CUST00664,Email,2023-05-02,2023-05,1,0,0,0,52.97,-100.0,Premium
CAMP0005025,CUST00664,Influencer,2022-09-18,2022-09,0,0,0,0,983.59,-100.0,Premium
CAMP0005026,CUST00664,Display Ad,2022-06-30,2022-06,0,0,0,0,709.02,-100.0,Premium
CAMP0005027,CUST00664,SMS,2022-06-14,2022-06,0,0,0,0,100.96,-100.0,Premium
CAMP0005028,CUST00664,Paid Social,2023-12-08,2023-12,0,0,0,0,1618.31,-100.0,Premium
CAMP0005029,CUST00665,Paid Social,2023-10-11,2023-10,0,0,0,0,822.24,-100.0,Premium
CAMP0005030,CUST00665,Paid Social,2023-05-29,2023-05,0,0,0,0,1740.33,-100.0,Premium
CAMP0005031,CUST00665,Push Notification,2023-12-09,2023-12,0,0,0,0,10.44,-100.0,Premium
CAMP0005032,CUST00665,Paid Social,2024-03-16,2024-03,0,0,0,0,2072.19,-100.0,Premium
CAMP0005033,CUST00666,Paid Social,2022-10-11,2022-10,0,0,0,0,1347.7,-100.0,Mid-Range
CAMP0005034,CUST00666,Email,2023-03-08,2023-03,0,0,0,0,31.11,-100.0,Mid-Range
CAMP0005035,CUST00666,Push Notification,2022-11-02,2022-11,0,0,0,0,26.66,-100.0,Mid-Range
CAMP0005036,CUST00666,Influencer,2023-06-21,2023-06,0,0,0,0,640.13,-100.0,Mid-Range
CAMP0005037,CUST00666,Paid Social,2023-02-06,2023-02,0,0,0,0,2070.69,-100.0,Mid-Range
CAMP0005038,CUST00666,Paid Social,2022-08-20,2022-08,1,1,1,68.51,1570.82,-95.6,Mid-Range
CAMP0005039,CUST00666,Influencer,2024-03-06,2024-03,0,0,0,0,1625.65,-100.0,Mid-Range
CAMP0005040,CUST00666,Email,2024-02-26,2024-02,0,0,0,0,44.71,-100.0,Mid-Range
CAMP0005041,CUST00666,Display Ad,2023-08-10,2023-08,0,0,0,0,784.69,-100.0,Mid-Range
CAMP0005042,CUST00667,Email,2023-10-05,2023-10,1,0,0,0,23.01,-100.0,Premium
CAMP0005043,CUST00667,Email,2024-02-05,2024-02,0,0,0,0,23.47,-100.0,Premium
CAMP0005044,CUST00667,SMS,2023-10-30,2023-10,1,1,0,0,84.29,-100.0,Premium
CAMP0005045,CUST00668,Influencer,2023-01-15,2023-01,0,0,0,0,1476.09,-100.0,Premium
CAMP0005046,CUST00668,Paid Social,2022-05-26,2022-05,1,1,1,67.74,787.51,-91.4,Premium
CAMP0005047,CUST00668,Push Notification,2023-12-08,2023-12,0,0,0,0,10.54,-100.0,Premium
CAMP0005048,CUST00668,Influencer,2022-10-14,2022-10,0,0,0,0,1023.54,-100.0,Premium
CAMP0005049,CUST00668,Influencer,2024-02-04,2024-02,0,0,0,0,1167.37,-100.0,Premium
CAMP0005050,CUST00668,Paid Social,2023-12-02,2023-12,0,0,0,0,1429.06,-100.0,Premium
CAMP0005051,CUST00668,Display Ad,2023-09-10,2023-09,0,0,0,0,647.78,-100.0,Premium
CAMP0005052,CUST00668,Influencer,2023-12-02,2023-12,0,0,0,0,478.73,-100.0,Premium
CAMP0005053,CUST00668,Push Notification,2023-04-08,2023-04,0,0,0,0,24.14,-100.0,Premium
CAMP0005054,CUST00668,Influencer,2023-08-07,2023-08,0,0,0,0,1626.24,-100.0,Premium
CAMP0005055,CUST00669,Influencer,2024-02-18,2024-02,0,0,0,0,1583.59,-100.0,Budget
CAMP0005056,CUST00669,Influencer,2022-12-13,2022-12,0,0,0,0,706.01,-100.0,Budget
CAMP0005057,CUST00669,Paid Social,2023-04-04,2023-04,1,0,0,0,2357.6,-100.0,Budget
CAMP0005058,CUST00669,Paid Social,2023-01-08,2023-01,0,0,0,0,789.04,-100.0,Budget
CAMP0005059,CUST00669,Email,2024-03-06,2024-03,0,0,0,0,57.19,-100.0,Budget
CAMP0005060,CUST00669,Display Ad,2023-08-13,2023-08,0,0,0,0,384.7,-100.0,Budget
CAMP0005061,CUST00669,Email,2023-11-26,2023-11,0,0,0,0,37.33,-100.0,Budget
CAMP0005062,CUST00670,Paid Social,2023-11-07,2023-11,0,0,0,0,2330.29,-100.0,Mid-Range
CAMP0005063,CUST00670,SMS,2024-02-26,2024-02,0,0,0,0,100.78,-100.0,Mid-Range
CAMP0005064,CUST00670,Influencer,2024-01-19,2024-01,0,0,0,0,1085.67,-100.0,Mid-Range
CAMP0005065,CUST00670,Paid Social,2024-02-25,2024-02,0,0,0,0,2259.15,-100.0,Mid-Range
CAMP0005066,CUST00670,Email,2023-08-31,2023-08,0,0,0,0,38.84,-100.0,Mid-Range
CAMP0005067,CUST00670,Push Notification,2024-02-24,2024-02,0,0,0,0,29.49,-100.0,Mid-Range
CAMP0005068,CUST00670,Display Ad,2023-11-24,2023-11,0,0,0,0,888.81,-100.0,Mid-Range
CAMP0005069,CUST00670,Email,2023-11-27,2023-11,0,0,0,0,40.88,-100.0,Mid-Range
CAMP0005070,CUST00670,Influencer,2024-01-15,2024-01,0,0,0,0,1123.21,-100.0,Mid-Range
CAMP0005071,CUST00670,Email,2024-01-01,2024-01,0,0,0,0,58.25,-100.0,Mid-Range
CAMP0005072,CUST00671,Email,2024-03-25,2024-03,0,0,0,0,52.78,-100.0,Mid-Range
CAMP0005073,CUST00671,Paid Social,2024-02-09,2024-02,0,0,0,0,1814.06,-100.0,Mid-Range
CAMP0005074,CUST00671,Paid Social,2023-11-21,2023-11,0,0,0,0,901.65,-100.0,Mid-Range
CAMP0005075,CUST00671,Influencer,2023-09-02,2023-09,0,0,0,0,1470.58,-100.0,Mid-Range
CAMP0005076,CUST00671,Paid Social,2023-08-30,2023-08,0,0,0,0,2110.47,-100.0,Mid-Range
CAMP0005077,CUST00671,Email,2023-10-07,2023-10,1,0,0,0,59.62,-100.0,Mid-Range
CAMP0005078,CUST00671,Paid Social,2023-11-04,2023-11,1,0,0,0,2065.08,-100.0,Mid-Range
CAMP0005079,CUST00671,Email,2023-09-27,2023-09,0,0,0,0,23.38,-100.0,Mid-Range
CAMP0005080,CUST00671,Paid Social,2023-09-18,2023-09,1,0,0,0,1644.63,-100.0,Mid-Range
CAMP0005081,CUST00671,Push Notification,2023-11-04,2023-11,1,1,0,0,24.92,-100.0,Mid-Range
CAMP0005082,CUST00672,Email,2024-03-24,2024-03,0,0,0,0,55.03,-100.0,Mid-Range
CAMP0005083,CUST00672,Push Notification,2023-12-08,2023-12,0,0,0,0,29.83,-100.0,Mid-Range
CAMP0005084,CUST00672,Paid Social,2023-12-31,2023-12,0,0,0,0,2109.65,-100.0,Mid-Range
CAMP0005085,CUST00672,SMS,2024-01-08,2024-01,0,0,0,0,93.66,-100.0,Mid-Range
CAMP0005086,CUST00673,Email,2022-06-03,2022-06,0,0,0,0,48.88,-100.0,Budget
CAMP0005087,CUST00673,Influencer,2024-01-26,2024-01,0,0,0,0,1379.08,-100.0,Budget
CAMP0005088,CUST00673,Paid Social,2024-02-19,2024-02,0,0,0,0,1692.72,-100.0,Budget
CAMP0005089,CUST00674,Paid Social,2022-09-17,2022-09,0,0,0,0,2456.18,-100.0,Premium
CAMP0005090,CUST00674,Paid Social,2023-07-22,2023-07,0,0,0,0,729.52,-100.0,Premium
CAMP0005091,CUST00674,Display Ad,2024-02-12,2024-02,0,0,0,0,485.21,-100.0,Premium
CAMP0005092,CUST00674,Push Notification,2024-01-06,2024-01,0,0,0,0,17.23,-100.0,Premium
CAMP0005093,CUST00674,Push Notification,2022-10-18,2022-10,0,0,0,0,8.3,-100.0,Premium
CAMP0005094,CUST00674,Paid Social,2022-07-01,2022-07,1,1,0,0,1118.26,-100.0,Premium
CAMP0005095,CUST00674,Paid Social,2023-08-26,2023-08,0,0,0,0,1120.62,-100.0,Premium
CAMP0005096,CUST00674,Paid Social,2022-04-12,2022-04,0,0,0,0,722.79,-100.0,Premium
CAMP0005097,CUST00675,SMS,2023-09-03,2023-09,1,0,0,0,43.65,-100.0,Mid-Range
CAMP0005098,CUST00675,Paid Social,2023-01-10,2023-01,0,0,0,0,1331.37,-100.0,Mid-Range
CAMP0005099,CUST00675,Email,2022-12-25,2022-12,1,0,0,0,52.74,-100.0,Mid-Range
CAMP0005100,CUST00675,SMS,2023-09-06,2023-09,1,0,0,0,91.03,-100.0,Mid-Range
CAMP0005101,CUST00675,SMS,2024-01-26,2024-01,0,0,0,0,79.06,-100.0,Mid-Range
CAMP0005102,CUST00675,Email,2023-01-02,2023-01,0,0,0,0,34.11,-100.0,Mid-Range
CAMP0005103,CUST00675,Push Notification,2022-09-12,2022-09,0,0,0,0,26.86,-100.0,Mid-Range
CAMP0005104,CUST00675,Paid Social,2023-03-21,2023-03,0,0,0,0,838.22,-100.0,Mid-Range
CAMP0005105,CUST00675,Paid Social,2024-02-21,2024-02,0,0,0,0,1140.18,-100.0,Mid-Range
CAMP0005106,CUST00675,Email,2024-03-22,2024-03,0,0,0,0,32.79,-100.0,Mid-Range
CAMP0005107,CUST00675,Influencer,2023-06-09,2023-06,1,1,0,0,1572.43,-100.0,Mid-Range
CAMP0005108,CUST00676,Email,2023-01-15,2023-01,0,0,0,0,17.33,-100.0,Budget
CAMP0005109,CUST00676,Influencer,2023-09-22,2023-09,0,0,0,0,1453.45,-100.0,Budget
CAMP0005110,CUST00676,Paid Social,2023-05-29,2023-05,1,1,1,64.06,1095.03,-94.1,Budget
CAMP0005111,CUST00676,Email,2022-11-25,2022-11,1,0,0,0,53.27,-100.0,Budget
CAMP0005112,CUST00676,Paid Social,2022-07-10,2022-07,0,0,0,0,1108.33,-100.0,Budget
CAMP0005113,CUST00677,Influencer,2022-09-24,2022-09,1,0,0,0,548.94,-100.0,Mid-Range
CAMP0005114,CUST00677,Push Notification,2023-12-19,2023-12,0,0,0,0,28.37,-100.0,Mid-Range
CAMP0005115,CUST00677,Email,2023-02-07,2023-02,0,0,0,0,43.59,-100.0,Mid-Range
CAMP0005116,CUST00678,Paid Social,2023-08-24,2023-08,0,0,0,0,2333.28,-100.0,Budget
CAMP0005117,CUST00678,Influencer,2023-03-17,2023-03,0,0,0,0,812.16,-100.0,Budget
CAMP0005118,CUST00678,Paid Social,2022-10-09,2022-10,0,0,0,0,2196.97,-100.0,Budget
CAMP0005119,CUST00678,Email,2022-10-12,2022-10,0,0,0,0,59.71,-100.0,Budget
CAMP0005120,CUST00678,SMS,2022-09-14,2022-09,0,0,0,0,95.29,-100.0,Budget
CAMP0005121,CUST00678,Influencer,2023-01-09,2023-01,0,0,0,0,1049.23,-100.0,Budget
CAMP0005122,CUST00678,Push Notification,2023-01-15,2023-01,0,0,0,0,20.69,-100.0,Budget
CAMP0005123,CUST00678,Paid Social,2023-07-28,2023-07,0,0,0,0,2234.61,-100.0,Budget
CAMP0005124,CUST00678,Email,2023-05-03,2023-05,0,0,0,0,20.12,-100.0,Budget
CAMP0005125,CUST00678,Influencer,2023-11-25,2023-11,0,0,0,0,560.39,-100.0,Budget
CAMP0005126,CUST00678,Push Notification,2023-02-14,2023-02,0,0,0,0,14.27,-100.0,Budget
CAMP0005127,CUST00678,Paid Social,2022-08-12,2022-08,0,0,0,0,1699.14,-100.0,Budget
CAMP0005128,CUST00679,Push Notification,2023-12-20,2023-12,0,0,0,0,18.65,-100.0,Mid-Range
CAMP0005129,CUST00679,Email,2023-07-07,2023-07,0,0,0,0,36.95,-100.0,Mid-Range
CAMP0005130,CUST00679,SMS,2024-01-04,2024-01,0,0,0,0,118.17,-100.0,Mid-Range
CAMP0005131,CUST00679,Paid Social,2023-09-01,2023-09,0,0,0,0,2381.22,-100.0,Mid-Range
CAMP0005132,CUST00679,Display Ad,2023-08-26,2023-08,0,0,0,0,510.24,-100.0,Mid-Range
CAMP0005133,CUST00679,Influencer,2023-09-15,2023-09,0,0,0,0,1414.22,-100.0,Mid-Range
CAMP0005134,CUST00679,Email,2024-03-19,2024-03,1,0,0,0,41.14,-100.0,Mid-Range
CAMP0005135,CUST00679,Email,2023-12-03,2023-12,0,0,0,0,52.82,-100.0,Mid-Range
CAMP0005136,CUST00679,Paid Social,2023-06-29,2023-06,0,0,0,0,981.99,-100.0,Mid-Range
CAMP0005137,CUST00679,Influencer,2024-01-04,2024-01,0,0,0,0,1096.21,-100.0,Mid-Range
CAMP0005138,CUST00680,SMS,2023-12-15,2023-12,0,0,0,0,109.04,-100.0,Budget
CAMP0005139,CUST00680,Push Notification,2023-11-19,2023-11,1,1,1,110.99,13.89,699.1,Budget
CAMP0005140,CUST00680,Display Ad,2024-02-06,2024-02,0,0,0,0,986.03,-100.0,Budget
CAMP0005141,CUST00681,Paid Social,2024-03-21,2024-03,0,0,0,0,2299.93,-100.0,Budget
CAMP0005142,CUST00681,Influencer,2023-11-07,2023-11,0,0,0,0,1271.99,-100.0,Budget
CAMP0005143,CUST00681,Paid Social,2023-04-23,2023-04,0,0,0,0,1729.95,-100.0,Budget
CAMP0005144,CUST00681,SMS,2022-11-22,2022-11,0,0,0,0,49.21,-100.0,Budget
CAMP0005145,CUST00681,Email,2023-10-28,2023-10,0,0,0,0,36.69,-100.0,Budget
CAMP0005146,CUST00681,Influencer,2023-10-16,2023-10,0,0,0,0,517.93,-100.0,Budget
CAMP0005147,CUST00681,Push Notification,2023-04-17,2023-04,0,0,0,0,24.82,-100.0,Budget
CAMP0005148,CUST00681,Push Notification,2023-01-18,2023-01,0,0,0,0,19.34,-100.0,Budget
CAMP0005149,CUST00681,SMS,2023-08-04,2023-08,0,0,0,0,51.03,-100.0,Budget
CAMP0005150,CUST00681,Email,2023-10-15,2023-10,1,0,0,0,26.46,-100.0,Budget
CAMP0005151,CUST00681,Influencer,2022-09-03,2022-09,0,0,0,0,753.15,-100.0,Budget
CAMP0005152,CUST00681,Influencer,2023-10-17,2023-10,0,0,0,0,1637.84,-100.0,Budget
CAMP0005153,CUST00682,Influencer,2023-10-14,2023-10,0,0,0,0,785.8,-100.0,Mid-Range
CAMP0005154,CUST00682,Paid Social,2023-11-17,2023-11,0,0,0,0,1224.58,-100.0,Mid-Range
CAMP0005155,CUST00682,Paid Social,2022-10-20,2022-10,0,0,0,0,2279.77,-100.0,Mid-Range
CAMP0005156,CUST00682,Email,2023-07-06,2023-07,0,0,0,0,35.93,-100.0,Mid-Range
CAMP0005157,CUST00682,Email,2022-11-13,2022-11,0,0,0,0,23.72,-100.0,Mid-Range
CAMP0005158,CUST00682,SMS,2023-05-24,2023-05,0,0,0,0,67.74,-100.0,Mid-Range
CAMP0005159,CUST00682,Email,2023-06-22,2023-06,1,1,0,0,58.27,-100.0,Mid-Range
CAMP0005160,CUST00682,Display Ad,2024-03-13,2024-03,0,0,0,0,1034.67,-100.0,Mid-Range
CAMP0005161,CUST00682,Push Notification,2023-07-29,2023-07,0,0,0,0,28.78,-100.0,Mid-Range
CAMP0005162,CUST00682,Email,2023-07-02,2023-07,1,0,0,0,59.15,-100.0,Mid-Range
CAMP0005163,CUST00683,Paid Social,2023-02-08,2023-02,0,0,0,0,1488.58,-100.0,Premium
CAMP0005164,CUST00683,Push Notification,2023-10-19,2023-10,0,0,0,0,14.37,-100.0,Premium
CAMP0005165,CUST00683,Influencer,2022-11-23,2022-11,0,0,0,0,708.13,-100.0,Premium
CAMP0005166,CUST00683,Paid Social,2023-02-26,2023-02,0,0,0,0,1009.55,-100.0,Premium
CAMP0005167,CUST00683,Push Notification,2022-10-25,2022-10,0,0,0,0,26.0,-100.0,Premium
CAMP0005168,CUST00683,Push Notification,2023-04-09,2023-04,1,0,0,0,23.31,-100.0,Premium
CAMP0005169,CUST00684,Push Notification,2023-04-21,2023-04,0,0,0,0,15.04,-100.0,Mid-Range
CAMP0005170,CUST00684,Display Ad,2023-02-15,2023-02,0,0,0,0,747.28,-100.0,Mid-Range
CAMP0005171,CUST00684,Email,2022-08-27,2022-08,1,0,0,0,37.09,-100.0,Mid-Range
CAMP0005172,CUST00684,Email,2023-06-16,2023-06,0,0,0,0,43.64,-100.0,Mid-Range
CAMP0005173,CUST00684,Display Ad,2023-02-24,2023-02,1,0,0,0,844.74,-100.0,Mid-Range
CAMP0005174,CUST00684,Email,2023-03-03,2023-03,0,0,0,0,41.54,-100.0,Mid-Range
CAMP0005175,CUST00684,Push Notification,2022-11-25,2022-11,0,0,0,0,8.3,-100.0,Mid-Range
CAMP0005176,CUST00685,Email,2022-01-29,2022-01,0,0,0,0,26.13,-100.0,Mid-Range
CAMP0005177,CUST00685,Email,2024-01-27,2024-01,0,0,0,0,57.81,-100.0,Mid-Range
CAMP0005178,CUST00685,Influencer,2023-01-03,2023-01,0,0,0,0,1198.77,-100.0,Mid-Range
CAMP0005179,CUST00685,Display Ad,2022-10-26,2022-10,0,0,0,0,566.57,-100.0,Mid-Range
CAMP0005180,CUST00685,Email,2022-07-16,2022-07,1,0,0,0,45.23,-100.0,Mid-Range
CAMP0005181,CUST00685,Email,2022-10-11,2022-10,0,0,0,0,38.21,-100.0,Mid-Range
CAMP0005182,CUST00685,Push Notification,2022-02-09,2022-02,0,0,0,0,14.68,-100.0,Mid-Range
CAMP0005183,CUST00686,SMS,2023-06-11,2023-06,0,0,0,0,108.68,-100.0,Mid-Range
CAMP0005184,CUST00686,Paid Social,2024-02-04,2024-02,0,0,0,0,2529.41,-100.0,Mid-Range
CAMP0005185,CUST00686,SMS,2024-03-31,2024-03,0,0,0,0,105.48,-100.0,Mid-Range
CAMP0005186,CUST00686,Email,2024-02-09,2024-02,0,0,0,0,34.61,-100.0,Mid-Range
CAMP0005187,CUST00687,Influencer,2022-04-16,2022-04,0,0,0,0,984.16,-100.0,Mid-Range
CAMP0005188,CUST00687,Influencer,2023-08-15,2023-08,0,0,0,0,897.27,-100.0,Mid-Range
CAMP0005189,CUST00687,Email,2023-05-28,2023-05,1,0,0,0,30.55,-100.0,Mid-Range
CAMP0005190,CUST00687,Email,2023-10-21,2023-10,1,1,0,0,57.47,-100.0,Mid-Range
CAMP0005191,CUST00687,Influencer,2023-04-20,2023-04,0,0,0,0,1624.29,-100.0,Mid-Range
CAMP0005192,CUST00688,SMS,2023-09-01,2023-09,0,0,0,0,66.0,-100.0,Budget
CAMP0005193,CUST00688,Influencer,2023-09-10,2023-09,0,0,0,0,566.22,-100.0,Budget
CAMP0005194,CUST00688,Influencer,2023-08-14,2023-08,0,0,0,0,446.22,-100.0,Budget
CAMP0005195,CUST00688,Influencer,2023-07-15,2023-07,1,1,0,0,671.99,-100.0,Budget
CAMP0005196,CUST00688,Email,2023-09-13,2023-09,0,0,0,0,59.77,-100.0,Budget
CAMP0005197,CUST00688,Paid Social,2024-03-14,2024-03,1,0,0,0,1306.34,-100.0,Budget
CAMP0005198,CUST00688,Email,2023-11-28,2023-11,0,0,0,0,44.47,-100.0,Budget
CAMP0005199,CUST00688,Email,2024-01-18,2024-01,0,0,0,0,17.6,-100.0,Budget
CAMP0005200,CUST00689,SMS,2023-07-03,2023-07,0,0,0,0,54.18,-100.0,Budget
CAMP0005201,CUST00689,Email,2024-03-01,2024-03,1,0,0,0,31.42,-100.0,Budget
CAMP0005202,CUST00689,Paid Social,2023-10-05,2023-10,0,0,0,0,2451.67,-100.0,Budget
CAMP0005203,CUST00689,Email,2023-03-19,2023-03,1,0,0,0,52.47,-100.0,Budget
CAMP0005204,CUST00689,Email,2023-06-09,2023-06,0,0,0,0,57.14,-100.0,Budget
CAMP0005205,CUST00689,Push Notification,2023-10-27,2023-10,0,0,0,0,25.73,-100.0,Budget
CAMP0005206,CUST00689,Paid Social,2023-02-09,2023-02,0,0,0,0,1930.57,-100.0,Budget
CAMP0005207,CUST00689,Push Notification,2023-11-02,2023-11,0,0,0,0,27.37,-100.0,Budget
CAMP0005208,CUST00689,Email,2022-10-28,2022-10,1,0,0,0,19.33,-100.0,Budget
CAMP0005209,CUST00689,Email,2023-08-20,2023-08,0,0,0,0,36.72,-100.0,Budget
CAMP0005210,CUST00689,SMS,2023-06-19,2023-06,1,0,0,0,44.25,-100.0,Budget
CAMP0005211,CUST00689,Paid Social,2023-11-10,2023-11,0,0,0,0,1964.34,-100.0,Budget
CAMP0005212,CUST00690,Paid Social,2022-12-06,2022-12,0,0,0,0,1118.67,-100.0,Mid-Range
CAMP0005213,CUST00690,Paid Social,2023-09-16,2023-09,0,0,0,0,1685.43,-100.0,Mid-Range
CAMP0005214,CUST00690,Email,2023-06-24,2023-06,0,0,0,0,45.05,-100.0,Mid-Range
CAMP0005215,CUST00690,Push Notification,2023-06-07,2023-06,0,0,0,0,23.85,-100.0,Mid-Range
CAMP0005216,CUST00690,Email,2023-10-20,2023-10,0,0,0,0,53.0,-100.0,Mid-Range
CAMP0005217,CUST00690,Email,2022-09-14,2022-09,1,0,0,0,31.04,-100.0,Mid-Range
CAMP0005218,CUST00691,Push Notification,2023-08-18,2023-08,0,0,0,0,19.46,-100.0,Budget
CAMP0005219,CUST00691,Paid Social,2023-11-07,2023-11,0,0,0,0,2172.79,-100.0,Budget
CAMP0005220,CUST00691,Paid Social,2024-01-31,2024-01,0,0,0,0,1525.56,-100.0,Budget
CAMP0005221,CUST00692,Email,2023-11-24,2023-11,1,1,1,139.28,51.93,168.2,Mid-Range
CAMP0005222,CUST00692,Email,2023-12-31,2023-12,0,0,0,0,53.35,-100.0,Mid-Range
CAMP0005223,CUST00692,SMS,2024-01-01,2024-01,0,0,0,0,55.19,-100.0,Mid-Range
CAMP0005224,CUST00692,Influencer,2024-01-18,2024-01,0,0,0,0,844.2,-100.0,Mid-Range
CAMP0005225,CUST00692,Email,2023-11-20,2023-11,0,0,0,0,58.11,-100.0,Mid-Range
CAMP0005226,CUST00692,SMS,2023-10-17,2023-10,0,0,0,0,74.23,-100.0,Mid-Range
CAMP0005227,CUST00692,Paid Social,2024-02-14,2024-02,0,0,0,0,1050.45,-100.0,Mid-Range
CAMP0005228,CUST00692,Display Ad,2024-03-09,2024-03,0,0,0,0,566.47,-100.0,Mid-Range
CAMP0005229,CUST00692,SMS,2023-09-22,2023-09,1,1,0,0,44.03,-100.0,Mid-Range
CAMP0005230,CUST00693,Email,2022-03-01,2022-03,1,1,0,0,36.76,-100.0,Budget
CAMP0005231,CUST00693,SMS,2022-03-26,2022-03,1,0,0,0,54.05,-100.0,Budget
CAMP0005232,CUST00693,Influencer,2022-03-07,2022-03,0,0,0,0,581.56,-100.0,Budget
CAMP0005233,CUST00693,Paid Social,2024-01-02,2024-01,0,0,0,0,987.97,-100.0,Budget
CAMP0005234,CUST00693,Push Notification,2023-01-21,2023-01,0,0,0,0,12.23,-100.0,Budget
CAMP0005235,CUST00693,Influencer,2024-03-14,2024-03,0,0,0,0,590.16,-100.0,Budget
CAMP0005236,CUST00693,Influencer,2024-02-17,2024-02,1,1,0,0,1510.28,-100.0,Budget
CAMP0005237,CUST00693,Email,2023-08-16,2023-08,0,0,0,0,53.05,-100.0,Budget
CAMP0005238,CUST00694,SMS,2022-12-20,2022-12,1,0,0,0,83.63,-100.0,Mid-Range
CAMP0005239,CUST00694,Influencer,2022-09-15,2022-09,0,0,0,0,491.91,-100.0,Mid-Range
CAMP0005240,CUST00694,Email,2023-07-18,2023-07,0,0,0,0,21.86,-100.0,Mid-Range
CAMP0005241,CUST00694,Display Ad,2023-03-22,2023-03,0,0,0,0,760.12,-100.0,Mid-Range
CAMP0005242,CUST00694,Email,2023-04-30,2023-04,0,0,0,0,47.67,-100.0,Mid-Range
CAMP0005243,CUST00694,Email,2022-10-28,2022-10,0,0,0,0,45.21,-100.0,Mid-Range
CAMP0005244,CUST00694,Email,2022-12-20,2022-12,0,0,0,0,31.1,-100.0,Mid-Range
CAMP0005245,CUST00694,Push Notification,2023-11-11,2023-11,1,0,0,0,11.99,-100.0,Mid-Range
CAMP0005246,CUST00694,Email,2024-03-31,2024-03,1,1,0,0,40.49,-100.0,Mid-Range
CAMP0005247,CUST00695,Push Notification,2023-07-23,2023-07,0,0,0,0,12.28,-100.0,Mid-Range
CAMP0005248,CUST00695,Push Notification,2023-07-27,2023-07,0,0,0,0,13.18,-100.0,Mid-Range
CAMP0005249,CUST00695,Influencer,2024-02-01,2024-02,0,0,0,0,586.54,-100.0,Mid-Range
CAMP0005250,CUST00695,SMS,2023-11-18,2023-11,1,1,1,144.81,118.11,22.6,Mid-Range
CAMP0005251,CUST00695,Paid Social,2023-10-10,2023-10,1,1,0,0,1083.04,-100.0,Mid-Range
CAMP0005252,CUST00695,Push Notification,2023-10-24,2023-10,0,0,0,0,19.77,-100.0,Mid-Range
CAMP0005253,CUST00695,Influencer,2023-05-01,2023-05,0,0,0,0,753.11,-100.0,Mid-Range
CAMP0005254,CUST00695,Email,2023-07-21,2023-07,0,0,0,0,37.34,-100.0,Mid-Range
CAMP0005255,CUST00695,Email,2023-09-16,2023-09,0,0,0,0,18.5,-100.0,Mid-Range
CAMP0005256,CUST00695,Paid Social,2024-03-05,2024-03,0,0,0,0,1215.66,-100.0,Mid-Range
CAMP0005257,CUST00695,Email,2023-07-10,2023-07,0,0,0,0,40.11,-100.0,Mid-Range
CAMP0005258,CUST00695,Email,2023-07-25,2023-07,1,0,0,0,50.88,-100.0,Mid-Range
CAMP0005259,CUST00696,Email,2023-05-12,2023-05,0,0,0,0,21.16,-100.0,Mid-Range
CAMP0005260,CUST00696,Influencer,2023-10-26,2023-10,0,0,0,0,1530.0,-100.0,Mid-Range
CAMP0005261,CUST00696,SMS,2024-03-16,2024-03,0,0,0,0,113.19,-100.0,Mid-Range
CAMP0005262,CUST00696,Email,2023-09-02,2023-09,0,0,0,0,22.04,-100.0,Mid-Range
CAMP0005263,CUST00696,Influencer,2023-08-11,2023-08,0,0,0,0,604.78,-100.0,Mid-Range
CAMP0005264,CUST00696,SMS,2023-07-15,2023-07,1,0,0,0,97.89,-100.0,Mid-Range
CAMP0005265,CUST00697,Display Ad,2023-08-07,2023-08,0,0,0,0,392.9,-100.0,Budget
CAMP0005266,CUST00697,Paid Social,2022-11-25,2022-11,0,0,0,0,2052.07,-100.0,Budget
CAMP0005267,CUST00697,Email,2023-08-09,2023-08,1,1,1,189.72,23.5,707.3,Budget
CAMP0005268,CUST00698,Push Notification,2023-02-10,2023-02,0,0,0,0,21.33,-100.0,Premium
CAMP0005269,CUST00698,Push Notification,2023-10-11,2023-10,1,1,0,0,11.2,-100.0,Premium
CAMP0005270,CUST00698,Paid Social,2023-10-10,2023-10,0,0,0,0,2241.32,-100.0,Premium
CAMP0005271,CUST00698,Email,2023-03-17,2023-03,0,0,0,0,26.43,-100.0,Premium
CAMP0005272,CUST00698,Email,2023-12-24,2023-12,0,0,0,0,42.85,-100.0,Premium
CAMP0005273,CUST00698,Influencer,2023-04-16,2023-04,0,0,0,0,706.26,-100.0,Premium
CAMP0005274,CUST00698,Email,2023-10-03,2023-10,0,0,0,0,56.29,-100.0,Premium
CAMP0005275,CUST00699,Email,2023-09-06,2023-09,0,0,0,0,34.33,-100.0,Premium
CAMP0005276,CUST00699,Email,2024-01-17,2024-01,0,0,0,0,40.66,-100.0,Premium
CAMP0005277,CUST00699,Push Notification,2024-01-23,2024-01,1,0,0,0,16.73,-100.0,Premium
CAMP0005278,CUST00699,Paid Social,2023-07-17,2023-07,0,0,0,0,874.42,-100.0,Premium
CAMP0005279,CUST00699,Email,2023-07-18,2023-07,0,0,0,0,55.35,-100.0,Premium
CAMP0005280,CUST00699,Paid Social,2023-11-29,2023-11,0,0,0,0,2212.5,-100.0,Premium
CAMP0005281,CUST00700,Email,2023-11-10,2023-11,0,0,0,0,41.91,-100.0,Budget
CAMP0005282,CUST00700,Email,2024-01-25,2024-01,0,0,0,0,32.63,-100.0,Budget
CAMP0005283,CUST00700,Display Ad,2023-04-19,2023-04,0,0,0,0,845.51,-100.0,Budget
CAMP0005284,CUST00700,Email,2023-12-27,2023-12,1,0,0,0,16.69,-100.0,Budget
CAMP0005285,CUST00700,Email,2023-08-25,2023-08,0,0,0,0,35.39,-100.0,Budget
CAMP0005286,CUST00700,Paid Social,2024-01-30,2024-01,1,1,1,84.67,1502.44,-94.4,Budget
CAMP0005287,CUST00700,Influencer,2023-12-19,2023-12,0,0,0,0,516.26,-100.0,Budget
CAMP0005288,CUST00700,Email,2023-06-23,2023-06,0,0,0,0,17.94,-100.0,Budget
CAMP0005289,CUST00701,Push Notification,2023-03-20,2023-03,0,0,0,0,25.14,-100.0,Luxury
CAMP0005290,CUST00701,Display Ad,2023-07-27,2023-07,0,0,0,0,740.57,-100.0,Luxury
CAMP0005291,CUST00701,Email,2024-03-10,2024-03,0,0,0,0,31.44,-100.0,Luxury
CAMP0005292,CUST00701,Influencer,2024-02-22,2024-02,0,0,0,0,514.14,-100.0,Luxury
CAMP0005293,CUST00701,Push Notification,2023-11-27,2023-11,0,0,0,0,26.47,-100.0,Luxury
CAMP0005294,CUST00701,Paid Social,2022-11-19,2022-11,0,0,0,0,1123.34,-100.0,Luxury
CAMP0005295,CUST00701,Influencer,2022-12-21,2022-12,0,0,0,0,782.52,-100.0,Luxury
CAMP0005296,CUST00701,Influencer,2023-12-24,2023-12,0,0,0,0,885.47,-100.0,Luxury
CAMP0005297,CUST00701,Paid Social,2023-08-20,2023-08,1,1,0,0,971.15,-100.0,Luxury
CAMP0005298,CUST00702,Push Notification,2024-02-06,2024-02,1,0,0,0,14.07,-100.0,Mid-Range
CAMP0005299,CUST00702,SMS,2023-11-09,2023-11,1,1,1,180.47,112.17,60.9,Mid-Range
CAMP0005300,CUST00702,Display Ad,2023-12-27,2023-12,1,0,0,0,299.45,-100.0,Mid-Range
CAMP0005301,CUST00702,Push Notification,2024-02-21,2024-02,0,0,0,0,29.26,-100.0,Mid-Range
CAMP0005302,CUST00702,Push Notification,2023-03-02,2023-03,1,1,0,0,25.14,-100.0,Mid-Range
CAMP0005303,CUST00702,Push Notification,2023-06-18,2023-06,0,0,0,0,28.39,-100.0,Mid-Range
CAMP0005304,CUST00702,SMS,2024-01-04,2024-01,1,0,0,0,90.93,-100.0,Mid-Range
CAMP0005305,CUST00703,Paid Social,2023-04-06,2023-04,0,0,0,0,1089.57,-100.0,Mid-Range
CAMP0005306,CUST00703,Influencer,2023-12-27,2023-12,0,0,0,0,1613.81,-100.0,Mid-Range
CAMP0005307,CUST00703,Push Notification,2024-03-10,2024-03,1,1,0,0,27.07,-100.0,Mid-Range
CAMP0005308,CUST00703,Email,2023-08-10,2023-08,0,0,0,0,26.79,-100.0,Mid-Range
CAMP0005309,CUST00703,Email,2023-05-19,2023-05,1,1,1,40.24,16.24,147.8,Mid-Range
CAMP0005310,CUST00703,SMS,2023-12-29,2023-12,0,0,0,0,103.03,-100.0,Mid-Range
CAMP0005311,CUST00703,Influencer,2023-08-02,2023-08,1,0,0,0,507.02,-100.0,Mid-Range
CAMP0005312,CUST00703,Email,2023-09-01,2023-09,1,0,0,0,59.37,-100.0,Mid-Range
CAMP0005313,CUST00704,Paid Social,2023-01-28,2023-01,0,0,0,0,2319.59,-100.0,Mid-Range
CAMP0005314,CUST00704,Influencer,2022-12-18,2022-12,0,0,0,0,1159.53,-100.0,Mid-Range
CAMP0005315,CUST00704,Push Notification,2024-03-16,2024-03,0,0,0,0,17.65,-100.0,Mid-Range
CAMP0005316,CUST00704,Email,2022-12-18,2022-12,0,0,0,0,27.07,-100.0,Mid-Range
CAMP0005317,CUST00704,Email,2023-10-18,2023-10,1,0,0,0,30.75,-100.0,Mid-Range
CAMP0005318,CUST00704,Email,2023-12-01,2023-12,0,0,0,0,56.75,-100.0,Mid-Range
CAMP0005319,CUST00704,Influencer,2023-11-16,2023-11,0,0,0,0,934.48,-100.0,Mid-Range
CAMP0005320,CUST00704,Paid Social,2023-02-06,2023-02,0,0,0,0,1098.44,-100.0,Mid-Range
CAMP0005321,CUST00704,SMS,2023-09-04,2023-09,0,0,0,0,50.92,-100.0,Mid-Range
CAMP0005322,CUST00704,Paid Social,2023-08-26,2023-08,0,0,0,0,801.88,-100.0,Mid-Range
CAMP0005323,CUST00704,Influencer,2023-01-13,2023-01,1,0,0,0,1546.87,-100.0,Mid-Range
CAMP0005324,CUST00705,Push Notification,2023-06-06,2023-06,0,0,0,0,16.07,-100.0,Mid-Range
CAMP0005325,CUST00705,Paid Social,2022-12-14,2022-12,0,0,0,0,1606.64,-100.0,Mid-Range
CAMP0005326,CUST00705,Email,2023-08-30,2023-08,0,0,0,0,20.66,-100.0,Mid-Range
CAMP0005327,CUST00705,Paid Social,2023-08-10,2023-08,0,0,0,0,905.79,-100.0,Mid-Range
CAMP0005328,CUST00705,Influencer,2022-06-22,2022-06,0,0,0,0,1363.16,-100.0,Mid-Range
CAMP0005329,CUST00705,Email,2023-06-22,2023-06,0,0,0,0,31.68,-100.0,Mid-Range
CAMP0005330,CUST00705,Email,2022-09-30,2022-09,0,0,0,0,47.2,-100.0,Mid-Range
CAMP0005331,CUST00705,SMS,2023-06-04,2023-06,0,0,0,0,104.91,-100.0,Mid-Range
CAMP0005332,CUST00706,SMS,2023-10-24,2023-10,0,0,0,0,72.96,-100.0,Mid-Range
CAMP0005333,CUST00706,Push Notification,2023-06-30,2023-06,1,0,0,0,18.05,-100.0,Mid-Range
CAMP0005334,CUST00706,Email,2023-10-10,2023-10,1,0,0,0,45.58,-100.0,Mid-Range
CAMP0005335,CUST00706,Influencer,2023-11-22,2023-11,0,0,0,0,1511.48,-100.0,Mid-Range
CAMP0005336,CUST00706,Email,2023-10-12,2023-10,0,0,0,0,29.34,-100.0,Mid-Range
CAMP0005337,CUST00706,Influencer,2023-06-18,2023-06,0,0,0,0,509.36,-100.0,Mid-Range
CAMP0005338,CUST00706,Influencer,2022-01-24,2022-01,0,0,0,0,1055.36,-100.0,Mid-Range
CAMP0005339,CUST00707,Display Ad,2024-02-13,2024-02,0,0,0,0,634.89,-100.0,Mid-Range
CAMP0005340,CUST00707,Influencer,2023-07-31,2023-07,1,0,0,0,1446.57,-100.0,Mid-Range
CAMP0005341,CUST00707,Influencer,2023-05-27,2023-05,0,0,0,0,1599.45,-100.0,Mid-Range
CAMP0005342,CUST00707,Influencer,2023-12-20,2023-12,0,0,0,0,1072.48,-100.0,Mid-Range
CAMP0005343,CUST00707,Email,2024-02-01,2024-02,0,0,0,0,32.27,-100.0,Mid-Range
CAMP0005344,CUST00707,Paid Social,2023-12-09,2023-12,0,0,0,0,1653.08,-100.0,Mid-Range
CAMP0005345,CUST00707,Influencer,2022-11-13,2022-11,0,0,0,0,1135.67,-100.0,Mid-Range
CAMP0005346,CUST00707,Email,2023-03-06,2023-03,1,0,0,0,51.28,-100.0,Mid-Range
CAMP0005347,CUST00707,Email,2023-05-29,2023-05,0,0,0,0,46.7,-100.0,Mid-Range
CAMP0005348,CUST00707,Email,2023-09-05,2023-09,1,0,0,0,53.1,-100.0,Mid-Range
CAMP0005349,CUST00707,Paid Social,2023-08-03,2023-08,0,0,0,0,2359.74,-100.0,Mid-Range
CAMP0005350,CUST00707,Email,2023-04-02,2023-04,1,0,0,0,46.75,-100.0,Mid-Range
CAMP0005351,CUST00708,SMS,2024-03-07,2024-03,0,0,0,0,103.17,-100.0,Budget
CAMP0005352,CUST00708,Email,2023-08-11,2023-08,1,0,0,0,55.46,-100.0,Budget
CAMP0005353,CUST00708,Email,2023-03-21,2023-03,0,0,0,0,46.04,-100.0,Budget
CAMP0005354,CUST00708,Email,2023-04-15,2023-04,0,0,0,0,30.95,-100.0,Budget
CAMP0005355,CUST00708,Email,2023-11-26,2023-11,0,0,0,0,31.04,-100.0,Budget
CAMP0005356,CUST00709,Email,2022-10-21,2022-10,0,0,0,0,44.7,-100.0,Mid-Range
CAMP0005357,CUST00709,Paid Social,2023-08-22,2023-08,0,0,0,0,2199.2,-100.0,Mid-Range
CAMP0005358,CUST00709,SMS,2023-01-31,2023-01,0,0,0,0,119.36,-100.0,Mid-Range
CAMP0005359,CUST00709,Email,2023-05-25,2023-05,1,1,1,134.79,32.3,317.3,Mid-Range
CAMP0005360,CUST00709,Influencer,2024-01-23,2024-01,1,0,0,0,1475.38,-100.0,Mid-Range
CAMP0005361,CUST00709,Email,2024-01-03,2024-01,0,0,0,0,45.07,-100.0,Mid-Range
CAMP0005362,CUST00709,Email,2024-03-07,2024-03,0,0,0,0,48.48,-100.0,Mid-Range
CAMP0005363,CUST00709,Influencer,2022-10-13,2022-10,0,0,0,0,1378.35,-100.0,Mid-Range
CAMP0005364,CUST00709,Email,2022-11-30,2022-11,1,1,0,0,35.86,-100.0,Mid-Range
CAMP0005365,CUST00710,Push Notification,2023-04-26,2023-04,1,0,0,0,15.43,-100.0,Mid-Range
CAMP0005366,CUST00710,Email,2023-12-22,2023-12,1,0,0,0,36.83,-100.0,Mid-Range
CAMP0005367,CUST00710,Influencer,2023-01-13,2023-01,0,0,0,0,1163.35,-100.0,Mid-Range
CAMP0005368,CUST00710,Paid Social,2023-07-15,2023-07,0,0,0,0,1232.12,-100.0,Mid-Range
CAMP0005369,CUST00710,Display Ad,2023-10-15,2023-10,0,0,0,0,747.18,-100.0,Mid-Range
CAMP0005370,CUST00710,Email,2024-03-03,2024-03,0,0,0,0,19.39,-100.0,Mid-Range
CAMP0005371,CUST00710,Paid Social,2023-04-21,2023-04,1,0,0,0,1045.41,-100.0,Mid-Range
CAMP0005372,CUST00710,Paid Social,2022-11-20,2022-11,0,0,0,0,1754.93,-100.0,Mid-Range
CAMP0005373,CUST00710,Email,2022-12-05,2022-12,0,0,0,0,16.38,-100.0,Mid-Range
CAMP0005374,CUST00710,Paid Social,2023-10-05,2023-10,1,0,0,0,753.41,-100.0,Mid-Range
CAMP0005375,CUST00710,Email,2024-01-08,2024-01,0,0,0,0,36.33,-100.0,Mid-Range
CAMP0005376,CUST00711,Paid Social,2023-12-22,2023-12,0,0,0,0,2333.93,-100.0,Budget
CAMP0005377,CUST00711,Paid Social,2023-11-19,2023-11,0,0,0,0,2530.06,-100.0,Budget
CAMP0005378,CUST00711,Paid Social,2024-01-16,2024-01,0,0,0,0,2540.68,-100.0,Budget
CAMP0005379,CUST00712,Influencer,2024-01-22,2024-01,1,0,0,0,1248.15,-100.0,Mid-Range
CAMP0005380,CUST00712,Paid Social,2023-10-11,2023-10,0,0,0,0,967.77,-100.0,Mid-Range
CAMP0005381,CUST00712,Influencer,2023-09-28,2023-09,0,0,0,0,947.64,-100.0,Mid-Range
CAMP0005382,CUST00712,Email,2023-12-18,2023-12,0,0,0,0,53.87,-100.0,Mid-Range
CAMP0005383,CUST00712,Paid Social,2023-12-05,2023-12,0,0,0,0,1039.3,-100.0,Mid-Range
CAMP0005384,CUST00712,Push Notification,2024-01-08,2024-01,0,0,0,0,20.99,-100.0,Mid-Range
CAMP0005385,CUST00713,Email,2023-07-22,2023-07,0,0,0,0,53.47,-100.0,Premium
CAMP0005386,CUST00713,Email,2023-02-09,2023-02,0,0,0,0,44.8,-100.0,Premium
CAMP0005387,CUST00713,Influencer,2023-10-02,2023-10,0,0,0,0,975.83,-100.0,Premium
CAMP0005388,CUST00714,Display Ad,2022-03-27,2022-03,0,0,0,0,649.56,-100.0,Premium
CAMP0005389,CUST00714,Paid Social,2022-06-15,2022-06,0,0,0,0,1327.45,-100.0,Premium
CAMP0005390,CUST00714,Display Ad,2023-11-01,2023-11,0,0,0,0,798.06,-100.0,Premium
CAMP0005391,CUST00714,Email,2023-10-19,2023-10,1,1,0,0,51.69,-100.0,Premium
CAMP0005392,CUST00714,SMS,2023-07-08,2023-07,1,1,0,0,70.66,-100.0,Premium
CAMP0005393,CUST00714,SMS,2022-03-19,2022-03,0,0,0,0,112.46,-100.0,Premium
CAMP0005394,CUST00714,Influencer,2023-08-03,2023-08,0,0,0,0,796.75,-100.0,Premium
CAMP0005395,CUST00714,SMS,2023-05-02,2023-05,0,0,0,0,76.17,-100.0,Premium
CAMP0005396,CUST00714,Paid Social,2023-11-04,2023-11,0,0,0,0,1891.54,-100.0,Premium
CAMP0005397,CUST00714,Influencer,2024-03-19,2024-03,0,0,0,0,1246.96,-100.0,Premium
CAMP0005398,CUST00714,Email,2023-02-03,2023-02,0,0,0,0,50.2,-100.0,Premium
CAMP0005399,CUST00715,Paid Social,2023-07-08,2023-07,0,0,0,0,1577.33,-100.0,Premium
CAMP0005400,CUST00715,Paid Social,2023-02-15,2023-02,0,0,0,0,2321.6,-100.0,Premium
CAMP0005401,CUST00715,Display Ad,2022-07-26,2022-07,0,0,0,0,375.76,-100.0,Premium
CAMP0005402,CUST00715,Influencer,2022-12-14,2022-12,0,0,0,0,1026.02,-100.0,Premium
CAMP0005403,CUST00715,Push Notification,2023-08-15,2023-08,0,0,0,0,10.58,-100.0,Premium
CAMP0005404,CUST00715,Push Notification,2024-03-17,2024-03,1,0,0,0,19.64,-100.0,Premium
CAMP0005405,CUST00715,Email,2022-12-27,2022-12,0,0,0,0,33.14,-100.0,Premium
CAMP0005406,CUST00715,Influencer,2023-06-24,2023-06,0,0,0,0,440.69,-100.0,Premium
CAMP0005407,CUST00715,Paid Social,2022-11-02,2022-11,0,0,0,0,1057.6,-100.0,Premium
CAMP0005408,CUST00715,Paid Social,2023-12-14,2023-12,0,0,0,0,1568.14,-100.0,Premium
CAMP0005409,CUST00715,Push Notification,2022-11-13,2022-11,0,0,0,0,11.45,-100.0,Premium
CAMP0005410,CUST00715,Email,2023-02-08,2023-02,0,0,0,0,26.05,-100.0,Premium
CAMP0005411,CUST00716,Influencer,2023-09-10,2023-09,1,0,0,0,1015.54,-100.0,Mid-Range
CAMP0005412,CUST00716,Display Ad,2023-10-16,2023-10,0,0,0,0,911.97,-100.0,Mid-Range
CAMP0005413,CUST00716,Influencer,2023-07-06,2023-07,0,0,0,0,1014.71,-100.0,Mid-Range
CAMP0005414,CUST00716,Push Notification,2023-07-16,2023-07,1,1,1,170.89,26.54,543.9,Mid-Range
CAMP0005415,CUST00716,Email,2023-06-22,2023-06,0,0,0,0,45.64,-100.0,Mid-Range
CAMP0005416,CUST00716,Email,2023-12-19,2023-12,0,0,0,0,55.23,-100.0,Mid-Range
CAMP0005417,CUST00716,Email,2023-09-22,2023-09,0,0,0,0,19.48,-100.0,Mid-Range
CAMP0005418,CUST00717,Paid Social,2023-05-21,2023-05,0,0,0,0,2275.78,-100.0,Premium
CAMP0005419,CUST00717,Email,2023-04-17,2023-04,0,0,0,0,21.36,-100.0,Premium
CAMP0005420,CUST00717,Email,2023-11-04,2023-11,0,0,0,0,42.01,-100.0,Premium
CAMP0005421,CUST00717,Email,2023-03-01,2023-03,0,0,0,0,29.52,-100.0,Premium
CAMP0005422,CUST00717,Email,2023-11-28,2023-11,0,0,0,0,28.23,-100.0,Premium
CAMP0005423,CUST00717,Display Ad,2022-12-30,2022-12,0,0,0,0,958.91,-100.0,Premium
CAMP0005424,CUST00717,Email,2022-12-31,2022-12,0,0,0,0,25.32,-100.0,Premium
CAMP0005425,CUST00717,Paid Social,2022-11-16,2022-11,1,1,0,0,1076.85,-100.0,Premium
CAMP0005426,CUST00718,SMS,2024-03-21,2024-03,1,0,0,0,49.43,-100.0,Premium
CAMP0005427,CUST00718,Paid Social,2023-04-27,2023-04,0,0,0,0,1258.35,-100.0,Premium
CAMP0005428,CUST00718,Display Ad,2023-06-12,2023-06,0,0,0,0,373.06,-100.0,Premium
CAMP0005429,CUST00718,Influencer,2023-08-11,2023-08,0,0,0,0,753.2,-100.0,Premium
CAMP0005430,CUST00718,Push Notification,2024-01-14,2024-01,1,0,0,0,28.42,-100.0,Premium
CAMP0005431,CUST00718,Email,2024-01-18,2024-01,0,0,0,0,54.49,-100.0,Premium
CAMP0005432,CUST00718,Influencer,2024-03-10,2024-03,1,1,0,0,1491.92,-100.0,Premium
CAMP0005433,CUST00718,Display Ad,2024-03-31,2024-03,0,0,0,0,570.43,-100.0,Premium
CAMP0005434,CUST00718,Email,2023-08-28,2023-08,0,0,0,0,26.0,-100.0,Premium
CAMP0005435,CUST00718,Email,2023-09-10,2023-09,1,0,0,0,57.68,-100.0,Premium
CAMP0005436,CUST00719,Push Notification,2024-02-19,2024-02,0,0,0,0,25.58,-100.0,Premium
CAMP0005437,CUST00719,Display Ad,2023-04-15,2023-04,0,0,0,0,627.56,-100.0,Premium
CAMP0005438,CUST00719,SMS,2023-01-29,2023-01,0,0,0,0,35.42,-100.0,Premium
CAMP0005439,CUST00719,Influencer,2024-01-14,2024-01,0,0,0,0,1124.76,-100.0,Premium
CAMP0005440,CUST00719,Influencer,2022-10-06,2022-10,0,0,0,0,1206.93,-100.0,Premium
CAMP0005441,CUST00719,Push Notification,2023-05-22,2023-05,0,0,0,0,9.73,-100.0,Premium
CAMP0005442,CUST00719,SMS,2024-02-20,2024-02,0,0,0,0,64.74,-100.0,Premium
CAMP0005443,CUST00720,Influencer,2023-12-20,2023-12,0,0,0,0,1334.16,-100.0,Mid-Range
CAMP0005444,CUST00720,Display Ad,2023-02-10,2023-02,0,0,0,0,430.77,-100.0,Mid-Range
CAMP0005445,CUST00720,Paid Social,2023-06-15,2023-06,0,0,0,0,1753.8,-100.0,Mid-Range
CAMP0005446,CUST00720,Paid Social,2023-05-26,2023-05,0,0,0,0,2543.63,-100.0,Mid-Range
CAMP0005447,CUST00720,Display Ad,2023-10-31,2023-10,0,0,0,0,566.86,-100.0,Mid-Range
CAMP0005448,CUST00720,Display Ad,2023-09-08,2023-09,0,0,0,0,582.53,-100.0,Mid-Range
CAMP0005449,CUST00721,SMS,2023-10-31,2023-10,1,1,1,107.36,99.74,7.6,Mid-Range
CAMP0005450,CUST00721,SMS,2023-06-19,2023-06,0,0,0,0,114.45,-100.0,Mid-Range
CAMP0005451,CUST00721,Display Ad,2024-02-21,2024-02,0,0,0,0,302.37,-100.0,Mid-Range
CAMP0005452,CUST00721,Email,2023-12-22,2023-12,0,0,0,0,28.06,-100.0,Mid-Range
CAMP0005453,CUST00721,Paid Social,2023-03-21,2023-03,1,0,0,0,1168.64,-100.0,Mid-Range
CAMP0005454,CUST00721,Paid Social,2023-08-23,2023-08,0,0,0,0,1910.05,-100.0,Mid-Range
CAMP0005455,CUST00721,Email,2023-06-23,2023-06,0,0,0,0,38.75,-100.0,Mid-Range
CAMP0005456,CUST00721,Email,2023-06-09,2023-06,0,0,0,0,59.85,-100.0,Mid-Range
CAMP0005457,CUST00721,Influencer,2024-01-26,2024-01,1,1,1,83.3,459.19,-81.9,Mid-Range
CAMP0005458,CUST00721,Paid Social,2023-10-17,2023-10,0,0,0,0,1811.42,-100.0,Mid-Range
CAMP0005459,CUST00721,SMS,2023-06-21,2023-06,1,0,0,0,48.22,-100.0,Mid-Range
CAMP0005460,CUST00722,Email,2023-04-01,2023-04,0,0,0,0,56.07,-100.0,Mid-Range
CAMP0005461,CUST00722,SMS,2023-02-25,2023-02,1,1,0,0,117.72,-100.0,Mid-Range
CAMP0005462,CUST00722,SMS,2023-09-08,2023-09,0,0,0,0,115.12,-100.0,Mid-Range
CAMP0005463,CUST00722,Influencer,2023-10-16,2023-10,0,0,0,0,1328.95,-100.0,Mid-Range
CAMP0005464,CUST00723,Influencer,2023-11-30,2023-11,0,0,0,0,1421.65,-100.0,Mid-Range
CAMP0005465,CUST00723,Email,2024-03-18,2024-03,1,0,0,0,31.99,-100.0,Mid-Range
CAMP0005466,CUST00723,Paid Social,2023-04-07,2023-04,1,0,0,0,753.68,-100.0,Mid-Range
CAMP0005467,CUST00723,Push Notification,2023-06-06,2023-06,0,0,0,0,24.74,-100.0,Mid-Range
CAMP0005468,CUST00723,Influencer,2023-05-10,2023-05,0,0,0,0,1267.73,-100.0,Mid-Range
CAMP0005469,CUST00724,Email,2023-10-01,2023-10,0,0,0,0,52.66,-100.0,Premium
CAMP0005470,CUST00724,Push Notification,2023-01-16,2023-01,0,0,0,0,10.24,-100.0,Premium
CAMP0005471,CUST00724,Email,2022-12-05,2022-12,0,0,0,0,30.35,-100.0,Premium
CAMP0005472,CUST00724,Paid Social,2023-09-23,2023-09,0,0,0,0,2014.45,-100.0,Premium
CAMP0005473,CUST00724,SMS,2023-02-18,2023-02,1,0,0,0,53.39,-100.0,Premium
CAMP0005474,CUST00724,Email,2024-03-09,2024-03,0,0,0,0,26.0,-100.0,Premium
CAMP0005475,CUST00724,Email,2023-11-12,2023-11,0,0,0,0,20.38,-100.0,Premium
CAMP0005476,CUST00724,Push Notification,2023-09-17,2023-09,0,0,0,0,25.78,-100.0,Premium
CAMP0005477,CUST00724,Email,2023-10-29,2023-10,0,0,0,0,37.63,-100.0,Premium
CAMP0005478,CUST00724,Influencer,2023-12-17,2023-12,1,0,0,0,1500.84,-100.0,Premium
CAMP0005479,CUST00724,Paid Social,2023-07-29,2023-07,0,0,0,0,812.85,-100.0,Premium
CAMP0005480,CUST00724,Email,2023-08-31,2023-08,0,0,0,0,23.08,-100.0,Premium
CAMP0005481,CUST00725,Influencer,2023-10-24,2023-10,0,0,0,0,447.79,-100.0,Mid-Range
CAMP0005482,CUST00725,Email,2023-08-27,2023-08,1,0,0,0,45.44,-100.0,Mid-Range
CAMP0005483,CUST00725,Paid Social,2023-01-16,2023-01,0,0,0,0,1192.68,-100.0,Mid-Range
CAMP0005484,CUST00725,Email,2022-08-22,2022-08,0,0,0,0,27.57,-100.0,Mid-Range
CAMP0005485,CUST00725,Email,2023-11-05,2023-11,0,0,0,0,58.63,-100.0,Mid-Range
CAMP0005486,CUST00725,Paid Social,2024-01-29,2024-01,0,0,0,0,1892.4,-100.0,Mid-Range
CAMP0005487,CUST00726,Influencer,2023-02-22,2023-02,1,0,0,0,1303.47,-100.0,Budget
CAMP0005488,CUST00726,Email,2023-08-22,2023-08,0,0,0,0,16.24,-100.0,Budget
CAMP0005489,CUST00726,Influencer,2024-01-02,2024-01,1,0,0,0,807.5,-100.0,Budget
CAMP0005490,CUST00726,Email,2024-01-31,2024-01,0,0,0,0,39.29,-100.0,Budget
CAMP0005491,CUST00726,Paid Social,2023-11-07,2023-11,0,0,0,0,2170.98,-100.0,Budget
CAMP0005492,CUST00726,SMS,2023-11-29,2023-11,0,0,0,0,34.39,-100.0,Budget
CAMP0005493,CUST00726,Display Ad,2023-06-20,2023-06,0,0,0,0,1007.81,-100.0,Budget
CAMP0005494,CUST00726,Email,2023-10-30,2023-10,1,0,0,0,44.86,-100.0,Budget
CAMP0005495,CUST00726,Paid Social,2023-02-07,2023-02,1,0,0,0,1371.31,-100.0,Budget
CAMP0005496,CUST00726,Paid Social,2023-10-25,2023-10,0,0,0,0,916.38,-100.0,Budget
CAMP0005497,CUST00726,Display Ad,2023-03-30,2023-03,0,0,0,0,1049.26,-100.0,Budget
CAMP0005498,CUST00726,Email,2023-04-05,2023-04,0,0,0,0,31.85,-100.0,Budget
CAMP0005499,CUST00727,Push Notification,2022-11-11,2022-11,0,0,0,0,15.88,-100.0,Mid-Range
CAMP0005500,CUST00727,Influencer,2023-03-03,2023-03,0,0,0,0,1007.46,-100.0,Mid-Range
CAMP0005501,CUST00727,Paid Social,2023-01-19,2023-01,0,0,0,0,2273.38,-100.0,Mid-Range
CAMP0005502,CUST00728,Email,2022-06-28,2022-06,1,1,1,163.57,40.51,303.8,Premium
CAMP0005503,CUST00728,Display Ad,2022-09-29,2022-09,0,0,0,0,846.23,-100.0,Premium
CAMP0005504,CUST00728,Push Notification,2023-02-05,2023-02,0,0,0,0,22.92,-100.0,Premium
CAMP0005505,CUST00728,Email,2023-03-20,2023-03,0,0,0,0,59.4,-100.0,Premium
CAMP0005506,CUST00728,Email,2023-04-19,2023-04,0,0,0,0,41.68,-100.0,Premium
CAMP0005507,CUST00728,Influencer,2023-01-14,2023-01,0,0,0,0,1160.99,-100.0,Premium
CAMP0005508,CUST00728,Push Notification,2023-09-13,2023-09,0,0,0,0,28.9,-100.0,Premium
CAMP0005509,CUST00728,Paid Social,2023-09-26,2023-09,0,0,0,0,1318.23,-100.0,Premium
CAMP0005510,CUST00728,Email,2024-02-28,2024-02,1,1,1,64.18,36.94,73.7,Premium
CAMP0005511,CUST00728,Email,2022-08-22,2022-08,1,1,0,0,40.93,-100.0,Premium
CAMP0005512,CUST00728,Email,2023-05-09,2023-05,1,0,0,0,53.84,-100.0,Premium
CAMP0005513,CUST00729,Paid Social,2023-09-24,2023-09,0,0,0,0,1996.6,-100.0,Luxury
CAMP0005514,CUST00729,Push Notification,2024-02-21,2024-02,0,0,0,0,21.78,-100.0,Luxury
CAMP0005515,CUST00729,Influencer,2023-09-17,2023-09,0,0,0,0,1222.32,-100.0,Luxury
CAMP0005516,CUST00729,Email,2023-07-31,2023-07,1,0,0,0,42.0,-100.0,Luxury
CAMP0005517,CUST00729,SMS,2023-11-12,2023-11,0,0,0,0,60.62,-100.0,Luxury
CAMP0005518,CUST00729,SMS,2023-08-02,2023-08,0,0,0,0,102.35,-100.0,Luxury
CAMP0005519,CUST00729,Paid Social,2023-11-25,2023-11,1,0,0,0,1491.09,-100.0,Luxury
CAMP0005520,CUST00729,Influencer,2023-08-06,2023-08,1,0,0,0,1276.44,-100.0,Luxury
CAMP0005521,CUST00729,Paid Social,2024-03-18,2024-03,0,0,0,0,1357.52,-100.0,Luxury
CAMP0005522,CUST00729,Push Notification,2024-01-19,2024-01,0,0,0,0,9.22,-100.0,Luxury
CAMP0005523,CUST00730,Influencer,2024-02-26,2024-02,0,0,0,0,1096.52,-100.0,Budget
CAMP0005524,CUST00730,Paid Social,2024-02-12,2024-02,0,0,0,0,2418.27,-100.0,Budget
CAMP0005525,CUST00730,Email,2023-03-01,2023-03,0,0,0,0,22.89,-100.0,Budget
CAMP0005526,CUST00731,Push Notification,2024-02-16,2024-02,0,0,0,0,28.42,-100.0,Premium
CAMP0005527,CUST00731,Influencer,2023-06-30,2023-06,0,0,0,0,1220.98,-100.0,Premium
CAMP0005528,CUST00731,Paid Social,2024-02-13,2024-02,0,0,0,0,2301.78,-100.0,Premium
CAMP0005529,CUST00731,Email,2023-09-12,2023-09,0,0,0,0,56.37,-100.0,Premium
CAMP0005530,CUST00732,Email,2024-03-04,2024-03,0,0,0,0,32.43,-100.0,Mid-Range
CAMP0005531,CUST00732,Paid Social,2024-02-10,2024-02,0,0,0,0,1473.31,-100.0,Mid-Range
CAMP0005532,CUST00732,Paid Social,2024-03-27,2024-03,0,0,0,0,720.19,-100.0,Mid-Range
CAMP0005533,CUST00733,Influencer,2023-10-06,2023-10,0,0,0,0,665.88,-100.0,Premium
CAMP0005534,CUST00733,Push Notification,2023-01-07,2023-01,1,0,0,0,14.16,-100.0,Premium
CAMP0005535,CUST00733,Email,2023-10-05,2023-10,1,0,0,0,35.78,-100.0,Premium
CAMP0005536,CUST00733,Email,2023-04-28,2023-04,0,0,0,0,21.58,-100.0,Premium
CAMP0005537,CUST00733,Influencer,2023-10-22,2023-10,0,0,0,0,1043.82,-100.0,Premium
CAMP0005538,CUST00733,Display Ad,2022-12-09,2022-12,0,0,0,0,781.87,-100.0,Premium
CAMP0005539,CUST00733,Push Notification,2023-09-15,2023-09,0,0,0,0,19.06,-100.0,Premium
CAMP0005540,CUST00733,Email,2022-11-30,2022-11,1,0,0,0,32.52,-100.0,Premium
CAMP0005541,CUST00733,Push Notification,2023-11-01,2023-11,0,0,0,0,20.34,-100.0,Premium
CAMP0005542,CUST00733,Email,2023-10-16,2023-10,0,0,0,0,42.54,-100.0,Premium
CAMP0005543,CUST00733,Email,2023-09-30,2023-09,0,0,0,0,17.2,-100.0,Premium
CAMP0005544,CUST00734,SMS,2023-06-11,2023-06,1,0,0,0,108.15,-100.0,Premium
CAMP0005545,CUST00734,Display Ad,2022-10-17,2022-10,0,0,0,0,995.94,-100.0,Premium
CAMP0005546,CUST00734,Email,2023-11-06,2023-11,0,0,0,0,48.01,-100.0,Premium
CAMP0005547,CUST00735,Paid Social,2023-08-10,2023-08,1,0,0,0,2495.7,-100.0,Mid-Range
CAMP0005548,CUST00735,SMS,2023-02-01,2023-02,0,0,0,0,82.64,-100.0,Mid-Range
CAMP0005549,CUST00735,Email,2022-12-18,2022-12,0,0,0,0,35.05,-100.0,Mid-Range
CAMP0005550,CUST00735,Paid Social,2022-11-11,2022-11,0,0,0,0,2343.13,-100.0,Mid-Range
CAMP0005551,CUST00735,Paid Social,2023-01-22,2023-01,0,0,0,0,2394.15,-100.0,Mid-Range
CAMP0005552,CUST00735,SMS,2024-02-12,2024-02,1,0,0,0,83.46,-100.0,Mid-Range
CAMP0005553,CUST00735,Paid Social,2022-11-22,2022-11,0,0,0,0,915.11,-100.0,Mid-Range
CAMP0005554,CUST00735,Influencer,2023-07-11,2023-07,0,0,0,0,607.05,-100.0,Mid-Range
CAMP0005555,CUST00735,Paid Social,2023-04-06,2023-04,1,0,0,0,1290.26,-100.0,Mid-Range
CAMP0005556,CUST00735,Push Notification,2023-09-06,2023-09,0,0,0,0,27.71,-100.0,Mid-Range
CAMP0005557,CUST00735,Paid Social,2023-11-26,2023-11,0,0,0,0,1705.25,-100.0,Mid-Range
CAMP0005558,CUST00735,Paid Social,2023-02-25,2023-02,0,0,0,0,1666.41,-100.0,Mid-Range
CAMP0005559,CUST00736,Email,2022-07-11,2022-07,0,0,0,0,19.6,-100.0,Mid-Range
CAMP0005560,CUST00736,Influencer,2023-08-07,2023-08,1,0,0,0,569.16,-100.0,Mid-Range
CAMP0005561,CUST00736,SMS,2023-07-26,2023-07,1,1,0,0,101.59,-100.0,Mid-Range
CAMP0005562,CUST00736,Paid Social,2023-02-03,2023-02,1,1,0,0,1501.32,-100.0,Mid-Range
CAMP0005563,CUST00736,Influencer,2022-07-19,2022-07,1,1,1,173.24,654.08,-73.5,Mid-Range
CAMP0005564,CUST00736,SMS,2023-10-22,2023-10,0,0,0,0,118.37,-100.0,Mid-Range
CAMP0005565,CUST00736,Paid Social,2022-08-20,2022-08,0,0,0,0,2507.43,-100.0,Mid-Range
CAMP0005566,CUST00736,Influencer,2022-07-29,2022-07,0,0,0,0,1215.41,-100.0,Mid-Range
CAMP0005567,CUST00736,SMS,2022-12-15,2022-12,0,0,0,0,89.45,-100.0,Mid-Range
CAMP0005568,CUST00736,Email,2023-11-30,2023-11,1,0,0,0,29.94,-100.0,Mid-Range
CAMP0005569,CUST00736,Paid Social,2023-08-05,2023-08,0,0,0,0,1054.01,-100.0,Mid-Range
CAMP0005570,CUST00736,Email,2023-09-12,2023-09,0,0,0,0,34.29,-100.0,Mid-Range
CAMP0005571,CUST00737,Influencer,2024-03-22,2024-03,0,0,0,0,558.34,-100.0,Budget
CAMP0005572,CUST00737,Paid Social,2022-09-22,2022-09,0,0,0,0,2190.57,-100.0,Budget
CAMP0005573,CUST00737,Email,2022-09-12,2022-09,1,1,1,101.11,39.2,157.9,Budget
CAMP0005574,CUST00737,Influencer,2022-09-08,2022-09,0,0,0,0,807.82,-100.0,Budget
CAMP0005575,CUST00737,Email,2022-11-21,2022-11,0,0,0,0,54.1,-100.0,Budget
CAMP0005576,CUST00737,Push Notification,2023-02-27,2023-02,0,0,0,0,9.43,-100.0,Budget
CAMP0005577,CUST00737,Email,2023-11-30,2023-11,1,1,0,0,31.71,-100.0,Budget
CAMP0005578,CUST00737,Paid Social,2022-12-05,2022-12,0,0,0,0,1050.96,-100.0,Budget
CAMP0005579,CUST00737,Display Ad,2023-04-09,2023-04,0,0,0,0,1035.66,-100.0,Budget
CAMP0005580,CUST00738,SMS,2022-06-20,2022-06,0,0,0,0,119.84,-100.0,Mid-Range
CAMP0005581,CUST00738,Paid Social,2023-04-30,2023-04,1,1,0,0,1175.12,-100.0,Mid-Range
CAMP0005582,CUST00738,Paid Social,2023-01-13,2023-01,1,0,0,0,1697.69,-100.0,Mid-Range
CAMP0005583,CUST00738,Paid Social,2024-01-26,2024-01,0,0,0,0,2101.57,-100.0,Mid-Range
CAMP0005584,CUST00738,Email,2022-04-03,2022-04,1,0,0,0,32.6,-100.0,Mid-Range
CAMP0005585,CUST00738,Email,2022-05-27,2022-05,0,0,0,0,17.51,-100.0,Mid-Range
CAMP0005586,CUST00738,Paid Social,2023-03-28,2023-03,0,0,0,0,2171.08,-100.0,Mid-Range
CAMP0005587,CUST00739,Email,2022-09-19,2022-09,0,0,0,0,21.46,-100.0,Mid-Range
CAMP0005588,CUST00739,Paid Social,2023-02-19,2023-02,0,0,0,0,1169.98,-100.0,Mid-Range
CAMP0005589,CUST00739,SMS,2023-02-16,2023-02,1,1,0,0,113.72,-100.0,Mid-Range
CAMP0005590,CUST00739,Email,2022-10-06,2022-10,0,0,0,0,22.89,-100.0,Mid-Range
CAMP0005591,CUST00740,Email,2023-02-16,2023-02,0,0,0,0,40.95,-100.0,Premium
CAMP0005592,CUST00740,Display Ad,2023-10-22,2023-10,0,0,0,0,589.01,-100.0,Premium
CAMP0005593,CUST00740,Email,2022-12-01,2022-12,0,0,0,0,36.21,-100.0,Premium
CAMP0005594,CUST00740,Push Notification,2023-03-14,2023-03,0,0,0,0,16.38,-100.0,Premium
CAMP0005595,CUST00741,Push Notification,2024-02-11,2024-02,1,0,0,0,11.8,-100.0,Budget
CAMP0005596,CUST00741,Email,2022-03-02,2022-03,0,0,0,0,53.7,-100.0,Budget
CAMP0005597,CUST00741,Paid Social,2022-09-29,2022-09,0,0,0,0,2412.99,-100.0,Budget
CAMP0005598,CUST00741,SMS,2023-07-25,2023-07,1,1,0,0,73.05,-100.0,Budget
CAMP0005599,CUST00741,Influencer,2022-08-11,2022-08,0,0,0,0,1512.62,-100.0,Budget
CAMP0005600,CUST00741,Influencer,2023-05-14,2023-05,0,0,0,0,1540.96,-100.0,Budget
CAMP0005601,CUST00741,Email,2022-11-12,2022-11,1,0,0,0,42.07,-100.0,Budget
CAMP0005602,CUST00741,Push Notification,2023-07-27,2023-07,0,0,0,0,12.49,-100.0,Budget
CAMP0005603,CUST00741,Email,2022-04-26,2022-04,0,0,0,0,19.49,-100.0,Budget
CAMP0005604,CUST00742,Paid Social,2023-10-26,2023-10,0,0,0,0,1066.18,-100.0,Premium
CAMP0005605,CUST00742,Email,2023-09-21,2023-09,1,1,0,0,42.42,-100.0,Premium
CAMP0005606,CUST00742,Email,2022-12-26,2022-12,0,0,0,0,49.64,-100.0,Premium
CAMP0005607,CUST00742,Paid Social,2024-01-08,2024-01,0,0,0,0,2030.21,-100.0,Premium
CAMP0005608,CUST00742,Paid Social,2023-06-16,2023-06,0,0,0,0,1513.16,-100.0,Premium
CAMP0005609,CUST00742,SMS,2022-12-06,2022-12,0,0,0,0,102.85,-100.0,Premium
CAMP0005610,CUST00742,Email,2023-10-10,2023-10,0,0,0,0,37.59,-100.0,Premium
CAMP0005611,CUST00742,Email,2023-03-08,2023-03,1,0,0,0,19.14,-100.0,Premium
CAMP0005612,CUST00742,Email,2022-10-16,2022-10,0,0,0,0,52.85,-100.0,Premium
CAMP0005613,CUST00742,Influencer,2023-04-25,2023-04,0,0,0,0,1213.19,-100.0,Premium
CAMP0005614,CUST00742,Email,2023-01-23,2023-01,0,0,0,0,31.62,-100.0,Premium
CAMP0005615,CUST00742,Influencer,2022-09-17,2022-09,0,0,0,0,799.59,-100.0,Premium
CAMP0005616,CUST00743,Paid Social,2023-08-01,2023-08,0,0,0,0,747.69,-100.0,Premium
CAMP0005617,CUST00743,Paid Social,2023-06-01,2023-06,0,0,0,0,1636.53,-100.0,Premium
CAMP0005618,CUST00743,Email,2023-04-07,2023-04,1,0,0,0,23.51,-100.0,Premium
CAMP0005619,CUST00743,Email,2024-01-09,2024-01,0,0,0,0,31.33,-100.0,Premium
CAMP0005620,CUST00743,Paid Social,2023-07-04,2023-07,0,0,0,0,2321.79,-100.0,Premium
CAMP0005621,CUST00743,Email,2024-01-10,2024-01,1,0,0,0,32.05,-100.0,Premium
CAMP0005622,CUST00743,Influencer,2023-04-08,2023-04,1,1,0,0,1504.33,-100.0,Premium
CAMP0005623,CUST00743,Email,2024-02-13,2024-02,0,0,0,0,33.93,-100.0,Premium
CAMP0005624,CUST00743,Paid Social,2023-06-20,2023-06,0,0,0,0,1973.39,-100.0,Premium
CAMP0005625,CUST00743,Paid Social,2024-02-05,2024-02,0,0,0,0,1925.98,-100.0,Premium
CAMP0005626,CUST00744,SMS,2023-06-20,2023-06,0,0,0,0,34.65,-100.0,Mid-Range
CAMP0005627,CUST00744,Push Notification,2024-02-02,2024-02,0,0,0,0,15.06,-100.0,Mid-Range
CAMP0005628,CUST00744,SMS,2022-10-26,2022-10,1,1,0,0,119.21,-100.0,Mid-Range
CAMP0005629,CUST00744,Email,2022-06-09,2022-06,0,0,0,0,35.81,-100.0,Mid-Range
CAMP0005630,CUST00744,SMS,2023-12-12,2023-12,1,1,1,128.94,85.91,50.1,Mid-Range
CAMP0005631,CUST00744,Push Notification,2023-06-14,2023-06,0,0,0,0,13.88,-100.0,Mid-Range
CAMP0005632,CUST00744,Influencer,2023-03-30,2023-03,1,0,0,0,1616.8,-100.0,Mid-Range
CAMP0005633,CUST00744,Push Notification,2022-07-28,2022-07,1,0,0,0,11.6,-100.0,Mid-Range
CAMP0005634,CUST00744,Influencer,2022-05-10,2022-05,0,0,0,0,805.01,-100.0,Mid-Range
CAMP0005635,CUST00744,Paid Social,2023-05-20,2023-05,0,0,0,0,1264.32,-100.0,Mid-Range
CAMP0005636,CUST00745,SMS,2023-10-28,2023-10,0,0,0,0,45.93,-100.0,Budget
CAMP0005637,CUST00745,Email,2023-10-27,2023-10,1,0,0,0,49.54,-100.0,Budget
CAMP0005638,CUST00745,Paid Social,2022-10-11,2022-10,0,0,0,0,1306.42,-100.0,Budget
CAMP0005639,CUST00745,Paid Social,2024-01-14,2024-01,0,0,0,0,2346.18,-100.0,Budget
CAMP0005640,CUST00745,Paid Social,2022-08-25,2022-08,0,0,0,0,1520.93,-100.0,Budget
CAMP0005641,CUST00746,SMS,2022-07-28,2022-07,0,0,0,0,83.15,-100.0,Premium
CAMP0005642,CUST00746,Influencer,2023-11-17,2023-11,0,0,0,0,1609.72,-100.0,Premium
CAMP0005643,CUST00746,Push Notification,2022-06-30,2022-06,0,0,0,0,9.65,-100.0,Premium
CAMP0005644,CUST00746,Influencer,2023-11-25,2023-11,0,0,0,0,745.19,-100.0,Premium
CAMP0005645,CUST00746,Influencer,2024-01-20,2024-01,1,0,0,0,463.16,-100.0,Premium
CAMP0005646,CUST00746,Paid Social,2023-12-20,2023-12,0,0,0,0,1200.96,-100.0,Premium
CAMP0005647,CUST00746,Email,2022-12-27,2022-12,0,0,0,0,40.81,-100.0,Premium
CAMP0005648,CUST00746,Display Ad,2022-07-30,2022-07,0,0,0,0,441.96,-100.0,Premium
CAMP0005649,CUST00747,SMS,2023-03-26,2023-03,0,0,0,0,118.06,-100.0,Mid-Range
CAMP0005650,CUST00747,Paid Social,2024-03-25,2024-03,0,0,0,0,1382.79,-100.0,Mid-Range
CAMP0005651,CUST00747,Email,2023-05-28,2023-05,0,0,0,0,47.67,-100.0,Mid-Range
CAMP0005652,CUST00747,Email,2023-05-07,2023-05,0,0,0,0,21.66,-100.0,Mid-Range
CAMP0005653,CUST00747,Paid Social,2023-03-12,2023-03,0,0,0,0,2534.52,-100.0,Mid-Range
CAMP0005654,CUST00747,Paid Social,2024-01-29,2024-01,0,0,0,0,803.49,-100.0,Mid-Range
CAMP0005655,CUST00747,Paid Social,2022-08-10,2022-08,0,0,0,0,1657.75,-100.0,Mid-Range
CAMP0005656,CUST00748,Email,2023-06-17,2023-06,0,0,0,0,49.41,-100.0,Budget
CAMP0005657,CUST00748,Email,2024-03-21,2024-03,0,0,0,0,20.78,-100.0,Budget
CAMP0005658,CUST00748,Email,2023-04-11,2023-04,0,0,0,0,42.23,-100.0,Budget
CAMP0005659,CUST00748,SMS,2024-02-02,2024-02,1,0,0,0,102.59,-100.0,Budget
CAMP0005660,CUST00748,Influencer,2023-04-06,2023-04,1,1,1,111.75,1169.49,-90.4,Budget
CAMP0005661,CUST00748,Paid Social,2023-11-15,2023-11,0,0,0,0,2240.07,-100.0,Budget
CAMP0005662,CUST00748,Push Notification,2023-05-02,2023-05,0,0,0,0,13.91,-100.0,Budget
CAMP0005663,CUST00749,Paid Social,2023-06-24,2023-06,0,0,0,0,2110.75,-100.0,Mid-Range
CAMP0005664,CUST00749,Display Ad,2023-05-28,2023-05,0,0,0,0,725.34,-100.0,Mid-Range
CAMP0005665,CUST00749,Push Notification,2024-01-30,2024-01,0,0,0,0,22.03,-100.0,Mid-Range
CAMP0005666,CUST00750,Email,2023-09-25,2023-09,0,0,0,0,33.11,-100.0,Mid-Range
CAMP0005667,CUST00750,Influencer,2023-03-15,2023-03,0,0,0,0,860.96,-100.0,Mid-Range
CAMP0005668,CUST00750,Paid Social,2023-07-09,2023-07,0,0,0,0,2425.23,-100.0,Mid-Range
CAMP0005669,CUST00750,Email,2024-01-09,2024-01,1,0,0,0,51.45,-100.0,Mid-Range
CAMP0005670,CUST00750,Email,2023-06-24,2023-06,0,0,0,0,41.32,-100.0,Mid-Range
CAMP0005671,CUST00750,Push Notification,2023-02-02,2023-02,1,1,1,157.15,23.09,580.6,Mid-Range
CAMP0005672,CUST00750,Email,2023-05-29,2023-05,0,0,0,0,28.34,-100.0,Mid-Range
CAMP0005673,CUST00750,Push Notification,2024-03-29,2024-03,0,0,0,0,20.79,-100.0,Mid-Range
CAMP0005674,CUST00750,Email,2024-03-31,2024-03,0,0,0,0,47.5,-100.0,Mid-Range
CAMP0005675,CUST00751,Email,2023-09-26,2023-09,0,0,0,0,28.99,-100.0,Luxury
CAMP0005676,CUST00751,Paid Social,2023-09-11,2023-09,0,0,0,0,1753.77,-100.0,Luxury
CAMP0005677,CUST00751,Paid Social,2024-03-07,2024-03,0,0,0,0,2289.3,-100.0,Luxury
CAMP0005678,CUST00751,Email,2023-11-30,2023-11,0,0,0,0,22.64,-100.0,Luxury
CAMP0005679,CUST00751,Display Ad,2024-03-03,2024-03,0,0,0,0,436.52,-100.0,Luxury
CAMP0005680,CUST00751,Paid Social,2024-03-31,2024-03,0,0,0,0,1303.43,-100.0,Luxury
CAMP0005681,CUST00751,Email,2023-11-29,2023-11,0,0,0,0,57.27,-100.0,Luxury
CAMP0005682,CUST00751,Email,2023-10-20,2023-10,0,0,0,0,21.46,-100.0,Luxury
CAMP0005683,CUST00751,Email,2024-03-23,2024-03,0,0,0,0,28.54,-100.0,Luxury
CAMP0005684,CUST00751,Paid Social,2023-11-09,2023-11,0,0,0,0,1335.38,-100.0,Luxury
CAMP0005685,CUST00751,Email,2023-12-10,2023-12,0,0,0,0,27.26,-100.0,Luxury
CAMP0005686,CUST00752,Display Ad,2023-06-23,2023-06,0,0,0,0,487.19,-100.0,Premium
CAMP0005687,CUST00752,Email,2023-09-09,2023-09,1,0,0,0,34.24,-100.0,Premium
CAMP0005688,CUST00752,Paid Social,2023-10-27,2023-10,1,1,0,0,1186.51,-100.0,Premium
CAMP0005689,CUST00752,SMS,2023-08-23,2023-08,1,1,1,70.01,77.77,-10.0,Premium
CAMP0005690,CUST00752,Paid Social,2023-12-23,2023-12,0,0,0,0,964.87,-100.0,Premium
CAMP0005691,CUST00752,Influencer,2023-10-10,2023-10,0,0,0,0,1163.57,-100.0,Premium
CAMP0005692,CUST00752,SMS,2024-02-26,2024-02,0,0,0,0,72.09,-100.0,Premium
CAMP0005693,CUST00752,Influencer,2024-03-15,2024-03,0,0,0,0,708.15,-100.0,Premium
CAMP0005694,CUST00753,Influencer,2023-04-16,2023-04,0,0,0,0,1275.87,-100.0,Premium
CAMP0005695,CUST00753,Display Ad,2023-10-19,2023-10,0,0,0,0,1046.53,-100.0,Premium
CAMP0005696,CUST00753,Paid Social,2023-04-09,2023-04,1,0,0,0,1513.54,-100.0,Premium
CAMP0005697,CUST00753,Email,2023-07-16,2023-07,0,0,0,0,19.99,-100.0,Premium
CAMP0005698,CUST00754,Influencer,2022-10-08,2022-10,1,0,0,0,866.9,-100.0,Budget
CAMP0005699,CUST00754,Push Notification,2023-05-26,2023-05,0,0,0,0,27.62,-100.0,Budget
CAMP0005700,CUST00754,Push Notification,2023-05-16,2023-05,0,0,0,0,28.15,-100.0,Budget
CAMP0005701,CUST00754,Paid Social,2023-12-03,2023-12,0,0,0,0,1890.18,-100.0,Budget
CAMP0005702,CUST00754,Paid Social,2022-08-08,2022-08,0,0,0,0,1587.36,-100.0,Budget
CAMP0005703,CUST00754,Paid Social,2022-07-05,2022-07,0,0,0,0,1870.07,-100.0,Budget
CAMP0005704,CUST00754,Influencer,2024-02-17,2024-02,1,0,0,0,454.24,-100.0,Budget
CAMP0005705,CUST00754,Email,2023-07-29,2023-07,0,0,0,0,35.94,-100.0,Budget
CAMP0005706,CUST00755,Influencer,2022-03-11,2022-03,0,0,0,0,1328.34,-100.0,Mid-Range
CAMP0005707,CUST00755,Email,2023-03-15,2023-03,1,1,0,0,36.01,-100.0,Mid-Range
CAMP0005708,CUST00755,Influencer,2022-10-08,2022-10,0,0,0,0,986.43,-100.0,Mid-Range
CAMP0005709,CUST00755,Push Notification,2022-07-21,2022-07,0,0,0,0,25.79,-100.0,Mid-Range
CAMP0005710,CUST00755,Paid Social,2023-07-11,2023-07,0,0,0,0,2109.64,-100.0,Mid-Range
CAMP0005711,CUST00755,Push Notification,2022-07-22,2022-07,0,0,0,0,15.81,-100.0,Mid-Range
CAMP0005712,CUST00755,Paid Social,2023-12-06,2023-12,1,0,0,0,1860.36,-100.0,Mid-Range
CAMP0005713,CUST00755,Display Ad,2023-07-06,2023-07,0,0,0,0,354.85,-100.0,Mid-Range
CAMP0005714,CUST00755,Display Ad,2023-11-05,2023-11,0,0,0,0,441.95,-100.0,Mid-Range
CAMP0005715,CUST00755,Paid Social,2022-12-16,2022-12,0,0,0,0,984.8,-100.0,Mid-Range
CAMP0005716,CUST00755,Paid Social,2023-11-10,2023-11,0,0,0,0,1923.02,-100.0,Mid-Range
CAMP0005717,CUST00756,Influencer,2023-06-02,2023-06,0,0,0,0,1402.49,-100.0,Budget
CAMP0005718,CUST00756,Influencer,2023-01-07,2023-01,0,0,0,0,999.78,-100.0,Budget
CAMP0005719,CUST00756,Influencer,2023-05-09,2023-05,0,0,0,0,736.19,-100.0,Budget
CAMP0005720,CUST00756,SMS,2023-03-07,2023-03,0,0,0,0,81.09,-100.0,Budget
CAMP0005721,CUST00757,SMS,2024-03-08,2024-03,0,0,0,0,112.87,-100.0,Luxury
CAMP0005722,CUST00757,Influencer,2024-01-13,2024-01,0,0,0,0,1143.48,-100.0,Luxury
CAMP0005723,CUST00757,Paid Social,2023-12-20,2023-12,0,0,0,0,2314.71,-100.0,Luxury
CAMP0005724,CUST00757,Paid Social,2023-10-18,2023-10,0,0,0,0,2050.76,-100.0,Luxury
CAMP0005725,CUST00757,Push Notification,2023-11-13,2023-11,0,0,0,0,10.72,-100.0,Luxury
CAMP0005726,CUST00757,Influencer,2023-11-13,2023-11,0,0,0,0,1433.98,-100.0,Luxury
CAMP0005727,CUST00757,Paid Social,2023-10-22,2023-10,0,0,0,0,2088.27,-100.0,Luxury
CAMP0005728,CUST00757,Email,2023-11-12,2023-11,0,0,0,0,39.67,-100.0,Luxury
CAMP0005729,CUST00757,Paid Social,2023-08-22,2023-08,0,0,0,0,1352.39,-100.0,Luxury
CAMP0005730,CUST00757,Email,2023-11-02,2023-11,1,0,0,0,52.82,-100.0,Luxury
CAMP0005731,CUST00757,Paid Social,2024-01-06,2024-01,0,0,0,0,1693.26,-100.0,Luxury
CAMP0005732,CUST00757,Influencer,2023-10-30,2023-10,1,1,0,0,1027.41,-100.0,Luxury
CAMP0005733,CUST00758,Push Notification,2022-11-15,2022-11,0,0,0,0,25.88,-100.0,Budget
CAMP0005734,CUST00758,Email,2022-05-12,2022-05,0,0,0,0,58.51,-100.0,Budget
CAMP0005735,CUST00758,Paid Social,2022-09-16,2022-09,0,0,0,0,1662.06,-100.0,Budget
CAMP0005736,CUST00758,Push Notification,2022-08-30,2022-08,0,0,0,0,11.74,-100.0,Budget
CAMP0005737,CUST00758,Paid Social,2023-06-01,2023-06,0,0,0,0,2409.06,-100.0,Budget
CAMP0005738,CUST00758,Email,2023-09-09,2023-09,0,0,0,0,35.8,-100.0,Budget
CAMP0005739,CUST00758,Paid Social,2023-08-24,2023-08,0,0,0,0,2453.45,-100.0,Budget
CAMP0005740,CUST00758,Paid Social,2022-08-11,2022-08,0,0,0,0,1121.4,-100.0,Budget
CAMP0005741,CUST00758,Paid Social,2022-05-26,2022-05,0,0,0,0,1566.08,-100.0,Budget
CAMP0005742,CUST00758,Influencer,2022-05-29,2022-05,1,0,0,0,960.3,-100.0,Budget
CAMP0005743,CUST00758,Email,2023-11-25,2023-11,0,0,0,0,29.65,-100.0,Budget
CAMP0005744,CUST00759,Push Notification,2023-10-14,2023-10,0,0,0,0,13.77,-100.0,Budget
CAMP0005745,CUST00759,Influencer,2023-06-25,2023-06,0,0,0,0,1648.36,-100.0,Budget
CAMP0005746,CUST00759,Paid Social,2023-11-26,2023-11,0,0,0,0,1865.95,-100.0,Budget
CAMP0005747,CUST00759,Email,2023-12-13,2023-12,0,0,0,0,21.35,-100.0,Budget
CAMP0005748,CUST00759,Email,2023-06-14,2023-06,0,0,0,0,32.84,-100.0,Budget
CAMP0005749,CUST00759,Paid Social,2023-05-17,2023-05,1,1,0,0,755.09,-100.0,Budget
CAMP0005750,CUST00759,Display Ad,2023-11-15,2023-11,0,0,0,0,894.56,-100.0,Budget
CAMP0005751,CUST00760,Email,2024-01-12,2024-01,0,0,0,0,42.5,-100.0,Premium
CAMP0005752,CUST00760,Influencer,2023-09-03,2023-09,1,0,0,0,1093.76,-100.0,Premium
CAMP0005753,CUST00760,SMS,2023-12-01,2023-12,1,0,0,0,45.1,-100.0,Premium
CAMP0005754,CUST00760,Paid Social,2023-10-08,2023-10,0,0,0,0,2418.91,-100.0,Premium
CAMP0005755,CUST00760,Display Ad,2024-01-19,2024-01,0,0,0,0,1019.33,-100.0,Premium
CAMP0005756,CUST00760,Push Notification,2024-02-23,2024-02,1,0,0,0,10.52,-100.0,Premium
CAMP0005757,CUST00760,Paid Social,2023-10-07,2023-10,0,0,0,0,1900.93,-100.0,Premium
CAMP0005758,CUST00761,Push Notification,2023-10-27,2023-10,1,0,0,0,19.5,-100.0,Mid-Range
CAMP0005759,CUST00761,SMS,2023-03-15,2023-03,1,1,0,0,34.81,-100.0,Mid-Range
CAMP0005760,CUST00761,Paid Social,2023-04-12,2023-04,0,0,0,0,837.15,-100.0,Mid-Range
CAMP0005761,CUST00761,Display Ad,2024-02-01,2024-02,0,0,0,0,338.31,-100.0,Mid-Range
CAMP0005762,CUST00761,Display Ad,2024-01-17,2024-01,0,0,0,0,717.98,-100.0,Mid-Range
CAMP0005763,CUST00761,Influencer,2023-06-24,2023-06,0,0,0,0,471.32,-100.0,Mid-Range
CAMP0005764,CUST00761,Email,2024-03-31,2024-03,0,0,0,0,58.64,-100.0,Mid-Range
CAMP0005765,CUST00761,Influencer,2023-09-25,2023-09,0,0,0,0,999.56,-100.0,Mid-Range
CAMP0005766,CUST00761,Paid Social,2023-11-21,2023-11,0,0,0,0,1139.05,-100.0,Mid-Range
CAMP0005767,CUST00761,Email,2024-03-23,2024-03,0,0,0,0,47.45,-100.0,Mid-Range
CAMP0005768,CUST00761,Email,2023-08-15,2023-08,0,0,0,0,44.86,-100.0,Mid-Range
CAMP0005769,CUST00761,SMS,2023-06-23,2023-06,1,0,0,0,41.17,-100.0,Mid-Range
CAMP0005770,CUST00762,Display Ad,2024-02-28,2024-02,0,0,0,0,374.5,-100.0,Mid-Range
CAMP0005771,CUST00762,Email,2022-09-06,2022-09,0,0,0,0,38.21,-100.0,Mid-Range
CAMP0005772,CUST00762,Push Notification,2023-06-16,2023-06,0,0,0,0,26.82,-100.0,Mid-Range
CAMP0005773,CUST00762,Display Ad,2022-12-04,2022-12,0,0,0,0,888.96,-100.0,Mid-Range
CAMP0005774,CUST00762,Email,2022-10-29,2022-10,0,0,0,0,18.23,-100.0,Mid-Range
CAMP0005775,CUST00763,SMS,2024-03-12,2024-03,1,0,0,0,110.51,-100.0,Budget
CAMP0005776,CUST00763,Display Ad,2023-10-11,2023-10,0,0,0,0,396.04,-100.0,Budget
CAMP0005777,CUST00763,Push Notification,2023-09-22,2023-09,0,0,0,0,28.2,-100.0,Budget
CAMP0005778,CUST00763,Email,2023-08-09,2023-08,1,0,0,0,34.65,-100.0,Budget
CAMP0005779,CUST00764,Paid Social,2023-04-07,2023-04,0,0,0,0,2251.58,-100.0,Mid-Range
CAMP0005780,CUST00764,SMS,2023-06-26,2023-06,0,0,0,0,111.61,-100.0,Mid-Range
CAMP0005781,CUST00764,Paid Social,2023-05-23,2023-05,0,0,0,0,1043.49,-100.0,Mid-Range
CAMP0005782,CUST00764,Email,2023-03-15,2023-03,0,0,0,0,30.03,-100.0,Mid-Range
CAMP0005783,CUST00764,Display Ad,2022-10-07,2022-10,1,0,0,0,475.61,-100.0,Mid-Range
CAMP0005784,CUST00764,Influencer,2022-10-15,2022-10,0,0,0,0,1166.49,-100.0,Mid-Range
CAMP0005785,CUST00764,Paid Social,2023-03-07,2023-03,0,0,0,0,2000.39,-100.0,Mid-Range
CAMP0005786,CUST00764,Influencer,2023-05-04,2023-05,1,0,0,0,1516.92,-100.0,Mid-Range
CAMP0005787,CUST00764,Influencer,2022-07-20,2022-07,0,0,0,0,813.95,-100.0,Mid-Range
CAMP0005788,CUST00764,Paid Social,2024-03-25,2024-03,0,0,0,0,2540.15,-100.0,Mid-Range
CAMP0005789,CUST00764,SMS,2023-08-08,2023-08,0,0,0,0,64.55,-100.0,Mid-Range
CAMP0005790,CUST00764,SMS,2022-12-24,2022-12,0,0,0,0,68.75,-100.0,Mid-Range
CAMP0005791,CUST00765,SMS,2023-02-19,2023-02,1,0,0,0,84.88,-100.0,Premium
CAMP0005792,CUST00765,Email,2023-12-24,2023-12,0,0,0,0,41.34,-100.0,Premium
CAMP0005793,CUST00765,Email,2023-07-20,2023-07,1,0,0,0,34.84,-100.0,Premium
CAMP0005794,CUST00765,Influencer,2023-08-06,2023-08,0,0,0,0,749.14,-100.0,Premium
CAMP0005795,CUST00765,Push Notification,2022-09-27,2022-09,0,0,0,0,29.09,-100.0,Premium
CAMP0005796,CUST00765,Paid Social,2023-09-13,2023-09,0,0,0,0,900.45,-100.0,Premium
CAMP0005797,CUST00765,Paid Social,2022-12-29,2022-12,1,0,0,0,1243.1,-100.0,Premium
CAMP0005798,CUST00766,Influencer,2024-02-27,2024-02,0,0,0,0,797.95,-100.0,Budget
CAMP0005799,CUST00766,Push Notification,2022-06-02,2022-06,0,0,0,0,18.96,-100.0,Budget
CAMP0005800,CUST00766,Push Notification,2023-03-07,2023-03,0,0,0,0,10.35,-100.0,Budget
CAMP0005801,CUST00767,Paid Social,2023-07-15,2023-07,0,0,0,0,2317.91,-100.0,Mid-Range
CAMP0005802,CUST00767,Influencer,2024-02-16,2024-02,0,0,0,0,982.05,-100.0,Mid-Range
CAMP0005803,CUST00767,SMS,2023-03-27,2023-03,1,0,0,0,51.9,-100.0,Mid-Range
CAMP0005804,CUST00767,Influencer,2023-05-05,2023-05,0,0,0,0,482.01,-100.0,Mid-Range
CAMP0005805,CUST00767,Email,2023-05-08,2023-05,0,0,0,0,36.34,-100.0,Mid-Range
CAMP0005806,CUST00767,Paid Social,2023-03-01,2023-03,1,0,0,0,1875.36,-100.0,Mid-Range
CAMP0005807,CUST00767,Display Ad,2023-02-20,2023-02,0,0,0,0,822.79,-100.0,Mid-Range
CAMP0005808,CUST00767,Email,2023-09-04,2023-09,1,0,0,0,47.03,-100.0,Mid-Range
CAMP0005809,CUST00767,Paid Social,2024-03-20,2024-03,0,0,0,0,1533.23,-100.0,Mid-Range
CAMP0005810,CUST00767,Display Ad,2024-02-20,2024-02,0,0,0,0,957.34,-100.0,Mid-Range
CAMP0005811,CUST00767,SMS,2023-04-19,2023-04,1,1,0,0,43.42,-100.0,Mid-Range
CAMP0005812,CUST00768,Paid Social,2023-08-18,2023-08,0,0,0,0,2047.67,-100.0,Mid-Range
CAMP0005813,CUST00768,Email,2023-07-26,2023-07,0,0,0,0,40.08,-100.0,Mid-Range
CAMP0005814,CUST00768,Influencer,2023-07-02,2023-07,0,0,0,0,740.89,-100.0,Mid-Range
CAMP0005815,CUST00769,Influencer,2023-04-14,2023-04,1,0,0,0,1527.55,-100.0,Mid-Range
CAMP0005816,CUST00769,Push Notification,2023-09-19,2023-09,0,0,0,0,12.63,-100.0,Mid-Range
CAMP0005817,CUST00769,Display Ad,2022-07-02,2022-07,0,0,0,0,953.13,-100.0,Mid-Range
CAMP0005818,CUST00769,Paid Social,2024-02-10,2024-02,0,0,0,0,1488.47,-100.0,Mid-Range
CAMP0005819,CUST00770,Influencer,2023-10-15,2023-10,0,0,0,0,696.49,-100.0,Budget
CAMP0005820,CUST00770,Push Notification,2023-10-27,2023-10,0,0,0,0,23.2,-100.0,Budget
CAMP0005821,CUST00770,Paid Social,2023-06-05,2023-06,0,0,0,0,994.28,-100.0,Budget
CAMP0005822,CUST00770,Email,2024-02-14,2024-02,1,0,0,0,16.29,-100.0,Budget
CAMP0005823,CUST00770,Influencer,2024-01-06,2024-01,0,0,0,0,1503.42,-100.0,Budget
CAMP0005824,CUST00770,Email,2024-02-18,2024-02,1,0,0,0,28.38,-100.0,Budget
CAMP0005825,CUST00770,Paid Social,2023-06-27,2023-06,0,0,0,0,1620.3,-100.0,Budget
CAMP0005826,CUST00771,Paid Social,2024-03-12,2024-03,0,0,0,0,1469.98,-100.0,Mid-Range
CAMP0005827,CUST00771,Paid Social,2023-12-10,2023-12,0,0,0,0,2501.04,-100.0,Mid-Range
CAMP0005828,CUST00771,Email,2023-11-16,2023-11,0,0,0,0,47.59,-100.0,Mid-Range
CAMP0005829,CUST00771,Email,2024-01-17,2024-01,1,0,0,0,48.36,-100.0,Mid-Range
CAMP0005830,CUST00771,SMS,2023-07-04,2023-07,0,0,0,0,102.97,-100.0,Mid-Range
CAMP0005831,CUST00772,Paid Social,2023-07-30,2023-07,0,0,0,0,1513.51,-100.0,Mid-Range
CAMP0005832,CUST00772,Paid Social,2023-09-22,2023-09,0,0,0,0,1277.16,-100.0,Mid-Range
CAMP0005833,CUST00772,Paid Social,2022-06-01,2022-06,0,0,0,0,2512.76,-100.0,Mid-Range
CAMP0005834,CUST00772,Email,2023-10-01,2023-10,0,0,0,0,34.56,-100.0,Mid-Range
CAMP0005835,CUST00772,Paid Social,2023-05-11,2023-05,0,0,0,0,871.96,-100.0,Mid-Range
CAMP0005836,CUST00772,Influencer,2024-02-11,2024-02,0,0,0,0,1185.14,-100.0,Mid-Range
CAMP0005837,CUST00773,Email,2022-12-29,2022-12,1,1,0,0,35.53,-100.0,Mid-Range
CAMP0005838,CUST00773,Paid Social,2023-08-01,2023-08,0,0,0,0,992.11,-100.0,Mid-Range
CAMP0005839,CUST00773,Push Notification,2023-10-17,2023-10,0,0,0,0,19.39,-100.0,Mid-Range
CAMP0005840,CUST00773,SMS,2023-01-16,2023-01,0,0,0,0,87.14,-100.0,Mid-Range
CAMP0005841,CUST00773,Influencer,2023-07-21,2023-07,1,0,0,0,1595.72,-100.0,Mid-Range
CAMP0005842,CUST00773,Paid Social,2023-01-13,2023-01,0,0,0,0,1245.32,-100.0,Mid-Range
CAMP0005843,CUST00773,Email,2024-01-07,2024-01,0,0,0,0,31.56,-100.0,Mid-Range
CAMP0005844,CUST00773,Paid Social,2023-10-16,2023-10,1,0,0,0,2024.53,-100.0,Mid-Range
CAMP0005845,CUST00773,Paid Social,2023-09-24,2023-09,0,0,0,0,2100.06,-100.0,Mid-Range
CAMP0005846,CUST00774,Email,2023-07-10,2023-07,0,0,0,0,30.33,-100.0,Mid-Range
CAMP0005847,CUST00774,Paid Social,2023-12-19,2023-12,0,0,0,0,1614.93,-100.0,Mid-Range
CAMP0005848,CUST00774,Email,2023-12-27,2023-12,0,0,0,0,59.45,-100.0,Mid-Range
CAMP0005849,CUST00774,SMS,2023-11-29,2023-11,0,0,0,0,111.1,-100.0,Mid-Range
CAMP0005850,CUST00775,Email,2023-01-07,2023-01,0,0,0,0,20.93,-100.0,Premium
CAMP0005851,CUST00775,Email,2022-10-07,2022-10,0,0,0,0,26.08,-100.0,Premium
CAMP0005852,CUST00775,SMS,2024-03-08,2024-03,0,0,0,0,96.0,-100.0,Premium
CAMP0005853,CUST00775,Email,2024-02-13,2024-02,1,1,1,171.38,44.26,287.2,Premium
CAMP0005854,CUST00775,Paid Social,2024-03-28,2024-03,1,0,0,0,704.32,-100.0,Premium
CAMP0005855,CUST00775,Paid Social,2023-06-11,2023-06,0,0,0,0,848.81,-100.0,Premium
CAMP0005856,CUST00775,Push Notification,2023-04-11,2023-04,0,0,0,0,27.4,-100.0,Premium
CAMP0005857,CUST00775,Paid Social,2024-03-26,2024-03,1,0,0,0,2521.2,-100.0,Premium
CAMP0005858,CUST00775,Paid Social,2024-01-05,2024-01,1,1,0,0,2294.26,-100.0,Premium
CAMP0005859,CUST00775,SMS,2023-12-13,2023-12,1,0,0,0,114.66,-100.0,Premium
CAMP0005860,CUST00776,Email,2024-01-10,2024-01,0,0,0,0,18.8,-100.0,Premium
CAMP0005861,CUST00776,Influencer,2024-03-21,2024-03,1,0,0,0,635.0,-100.0,Premium
CAMP0005862,CUST00776,Paid Social,2024-03-11,2024-03,1,0,0,0,1454.08,-100.0,Premium
CAMP0005863,CUST00776,Email,2023-10-04,2023-10,0,0,0,0,49.68,-100.0,Premium
CAMP0005864,CUST00776,Paid Social,2023-12-19,2023-12,0,0,0,0,1304.79,-100.0,Premium
CAMP0005865,CUST00776,Email,2023-11-11,2023-11,0,0,0,0,45.78,-100.0,Premium
CAMP0005866,CUST00776,SMS,2023-10-04,2023-10,0,0,0,0,50.0,-100.0,Premium
CAMP0005867,CUST00776,Email,2023-09-26,2023-09,0,0,0,0,39.16,-100.0,Premium
CAMP0005868,CUST00776,Email,2023-12-04,2023-12,0,0,0,0,17.43,-100.0,Premium
CAMP0005869,CUST00776,Display Ad,2023-09-19,2023-09,0,0,0,0,443.41,-100.0,Premium
CAMP0005870,CUST00776,Email,2023-11-11,2023-11,0,0,0,0,49.52,-100.0,Premium
CAMP0005871,CUST00776,Email,2024-02-14,2024-02,1,0,0,0,36.03,-100.0,Premium
CAMP0005872,CUST00777,Influencer,2022-11-05,2022-11,0,0,0,0,1026.04,-100.0,Budget
CAMP0005873,CUST00777,Push Notification,2024-02-28,2024-02,0,0,0,0,23.45,-100.0,Budget
CAMP0005874,CUST00777,Paid Social,2023-12-23,2023-12,0,0,0,0,2266.63,-100.0,Budget
CAMP0005875,CUST00777,SMS,2023-04-28,2023-04,1,1,1,61.85,52.59,17.6,Budget
CAMP0005876,CUST00777,Influencer,2023-11-23,2023-11,0,0,0,0,813.84,-100.0,Budget
CAMP0005877,CUST00777,Influencer,2022-11-01,2022-11,0,0,0,0,577.21,-100.0,Budget
CAMP0005878,CUST00777,SMS,2024-03-29,2024-03,0,0,0,0,47.55,-100.0,Budget
CAMP0005879,CUST00777,Email,2023-09-04,2023-09,1,1,0,0,31.01,-100.0,Budget
CAMP0005880,CUST00778,Paid Social,2024-02-04,2024-02,1,0,0,0,1239.14,-100.0,Mid-Range
CAMP0005881,CUST00778,Paid Social,2023-06-02,2023-06,0,0,0,0,1992.39,-100.0,Mid-Range
CAMP0005882,CUST00778,Paid Social,2023-05-24,2023-05,0,0,0,0,2531.52,-100.0,Mid-Range
CAMP0005883,CUST00778,SMS,2023-06-12,2023-06,0,0,0,0,92.67,-100.0,Mid-Range
CAMP0005884,CUST00778,Paid Social,2024-01-20,2024-01,0,0,0,0,2001.4,-100.0,Mid-Range
CAMP0005885,CUST00779,Influencer,2024-02-15,2024-02,0,0,0,0,1284.18,-100.0,Budget
CAMP0005886,CUST00779,Influencer,2024-02-18,2024-02,0,0,0,0,1230.7,-100.0,Budget
CAMP0005887,CUST00779,Email,2024-02-04,2024-02,0,0,0,0,23.28,-100.0,Budget
CAMP0005888,CUST00779,Push Notification,2024-02-02,2024-02,0,0,0,0,21.4,-100.0,Budget
CAMP0005889,CUST00779,Email,2023-10-15,2023-10,0,0,0,0,17.4,-100.0,Budget
CAMP0005890,CUST00779,Influencer,2024-03-29,2024-03,0,0,0,0,954.28,-100.0,Budget
CAMP0005891,CUST00779,Email,2023-11-15,2023-11,0,0,0,0,23.6,-100.0,Budget
CAMP0005892,CUST00779,Paid Social,2023-11-12,2023-11,0,0,0,0,885.04,-100.0,Budget
CAMP0005893,CUST00779,Paid Social,2024-03-12,2024-03,0,0,0,0,2334.08,-100.0,Budget
CAMP0005894,CUST00779,Email,2024-03-18,2024-03,1,1,0,0,29.02,-100.0,Budget
CAMP0005895,CUST00780,Email,2024-01-27,2024-01,1,0,0,0,48.84,-100.0,Budget
CAMP0005896,CUST00780,Influencer,2023-09-01,2023-09,0,0,0,0,651.21,-100.0,Budget
CAMP0005897,CUST00780,Influencer,2023-12-11,2023-12,0,0,0,0,589.79,-100.0,Budget
CAMP0005898,CUST00780,Influencer,2023-09-21,2023-09,0,0,0,0,445.74,-100.0,Budget
CAMP0005899,CUST00781,Email,2023-12-05,2023-12,1,0,0,0,45.64,-100.0,Luxury
CAMP0005900,CUST00781,Email,2024-03-10,2024-03,0,0,0,0,24.55,-100.0,Luxury
CAMP0005901,CUST00781,Paid Social,2023-08-22,2023-08,0,0,0,0,1696.36,-100.0,Luxury
CAMP0005902,CUST00781,Paid Social,2023-11-07,2023-11,0,0,0,0,1191.98,-100.0,Luxury
CAMP0005903,CUST00781,Paid Social,2023-12-24,2023-12,1,0,0,0,2382.41,-100.0,Luxury
CAMP0005904,CUST00781,Email,2024-01-15,2024-01,0,0,0,0,53.88,-100.0,Luxury
CAMP0005905,CUST00781,Email,2023-06-24,2023-06,0,0,0,0,25.3,-100.0,Luxury
CAMP0005906,CUST00781,Email,2023-07-28,2023-07,0,0,0,0,47.28,-100.0,Luxury
CAMP0005907,CUST00781,Influencer,2024-01-28,2024-01,0,0,0,0,1570.43,-100.0,Luxury
CAMP0005908,CUST00781,Display Ad,2024-01-08,2024-01,0,0,0,0,405.51,-100.0,Luxury
CAMP0005909,CUST00782,Paid Social,2024-02-03,2024-02,1,1,1,81.72,1176.52,-93.1,Premium
CAMP0005910,CUST00782,Push Notification,2022-04-10,2022-04,0,0,0,0,17.97,-100.0,Premium
CAMP0005911,CUST00782,Influencer,2024-02-16,2024-02,0,0,0,0,820.15,-100.0,Premium
CAMP0005912,CUST00782,Email,2023-02-06,2023-02,1,0,0,0,43.91,-100.0,Premium
CAMP0005913,CUST00782,Paid Social,2022-12-31,2022-12,0,0,0,0,1453.16,-100.0,Premium
CAMP0005914,CUST00782,Email,2023-05-16,2023-05,0,0,0,0,47.45,-100.0,Premium
CAMP0005915,CUST00782,Paid Social,2023-09-23,2023-09,0,0,0,0,1990.29,-100.0,Premium
CAMP0005916,CUST00782,Email,2024-03-10,2024-03,0,0,0,0,19.97,-100.0,Premium
CAMP0005917,CUST00783,Email,2023-07-21,2023-07,0,0,0,0,41.69,-100.0,Budget
CAMP0005918,CUST00783,Email,2023-03-31,2023-03,0,0,0,0,31.19,-100.0,Budget
CAMP0005919,CUST00783,Email,2023-06-25,2023-06,0,0,0,0,50.72,-100.0,Budget
CAMP0005920,CUST00783,Paid Social,2023-10-30,2023-10,0,0,0,0,2538.28,-100.0,Budget
CAMP0005921,CUST00783,Influencer,2023-05-31,2023-05,0,0,0,0,1629.16,-100.0,Budget
CAMP0005922,CUST00784,Push Notification,2023-08-08,2023-08,1,0,0,0,24.58,-100.0,Budget
CAMP0005923,CUST00784,Display Ad,2023-01-23,2023-01,0,0,0,0,583.37,-100.0,Budget
CAMP0005924,CUST00784,Influencer,2023-09-18,2023-09,0,0,0,0,917.83,-100.0,Budget
CAMP0005925,CUST00784,Push Notification,2022-02-24,2022-02,0,0,0,0,19.69,-100.0,Budget
CAMP0005926,CUST00784,Email,2022-01-31,2022-01,0,0,0,0,47.7,-100.0,Budget
CAMP0005927,CUST00784,Paid Social,2024-01-06,2024-01,0,0,0,0,1410.58,-100.0,Budget
CAMP0005928,CUST00784,Influencer,2023-09-04,2023-09,0,0,0,0,835.11,-100.0,Budget
CAMP0005929,CUST00784,Email,2022-11-15,2022-11,0,0,0,0,41.35,-100.0,Budget
CAMP0005930,CUST00784,Email,2022-07-08,2022-07,0,0,0,0,56.71,-100.0,Budget
CAMP0005931,CUST00785,Paid Social,2024-03-14,2024-03,0,0,0,0,2042.59,-100.0,Mid-Range
CAMP0005932,CUST00785,Paid Social,2024-03-22,2024-03,0,0,0,0,1923.55,-100.0,Mid-Range
CAMP0005933,CUST00785,Paid Social,2024-01-14,2024-01,0,0,0,0,1143.22,-100.0,Mid-Range
CAMP0005934,CUST00786,Paid Social,2023-11-16,2023-11,0,0,0,0,1151.46,-100.0,Luxury
CAMP0005935,CUST00786,Email,2023-08-23,2023-08,0,0,0,0,24.29,-100.0,Luxury
CAMP0005936,CUST00786,Paid Social,2024-02-05,2024-02,0,0,0,0,2028.41,-100.0,Luxury
CAMP0005937,CUST00786,Email,2023-11-21,2023-11,1,0,0,0,54.14,-100.0,Luxury
CAMP0005938,CUST00786,Paid Social,2024-01-27,2024-01,0,0,0,0,2523.08,-100.0,Luxury
CAMP0005939,CUST00786,Email,2024-01-11,2024-01,0,0,0,0,32.89,-100.0,Luxury
CAMP0005940,CUST00786,Email,2023-08-26,2023-08,0,0,0,0,41.28,-100.0,Luxury
CAMP0005941,CUST00786,Paid Social,2023-09-04,2023-09,0,0,0,0,2538.72,-100.0,Luxury
CAMP0005942,CUST00786,Paid Social,2023-08-03,2023-08,0,0,0,0,918.47,-100.0,Luxury
CAMP0005943,CUST00786,SMS,2024-01-27,2024-01,1,0,0,0,78.23,-100.0,Luxury
CAMP0005944,CUST00786,Push Notification,2023-10-09,2023-10,0,0,0,0,23.16,-100.0,Luxury
CAMP0005945,CUST00786,SMS,2023-09-03,2023-09,0,0,0,0,49.7,-100.0,Luxury
CAMP0005946,CUST00787,Email,2023-10-28,2023-10,0,0,0,0,28.59,-100.0,Premium
CAMP0005947,CUST00787,Push Notification,2023-08-20,2023-08,1,0,0,0,14.79,-100.0,Premium
CAMP0005948,CUST00787,Email,2022-09-28,2022-09,0,0,0,0,46.65,-100.0,Premium
CAMP0005949,CUST00787,Email,2024-01-23,2024-01,0,0,0,0,47.65,-100.0,Premium
CAMP0005950,CUST00787,Email,2023-11-04,2023-11,0,0,0,0,42.26,-100.0,Premium
CAMP0005951,CUST00787,Influencer,2022-11-15,2022-11,0,0,0,0,668.05,-100.0,Premium
CAMP0005952,CUST00787,Paid Social,2024-03-20,2024-03,0,0,0,0,684.92,-100.0,Premium
CAMP0005953,CUST00787,Email,2023-02-28,2023-02,1,1,0,0,33.97,-100.0,Premium
CAMP0005954,CUST00788,Paid Social,2023-08-19,2023-08,1,1,0,0,948.24,-100.0,Budget
CAMP0005955,CUST00788,Email,2023-11-11,2023-11,1,0,0,0,56.24,-100.0,Budget
CAMP0005956,CUST00788,Email,2022-11-28,2022-11,1,0,0,0,43.98,-100.0,Budget
CAMP0005957,CUST00788,Influencer,2024-03-19,2024-03,1,1,0,0,735.71,-100.0,Budget
CAMP0005958,CUST00788,Push Notification,2023-03-18,2023-03,0,0,0,0,23.88,-100.0,Budget
CAMP0005959,CUST00788,Display Ad,2023-07-22,2023-07,0,0,0,0,1047.72,-100.0,Budget
CAMP0005960,CUST00788,Email,2024-01-01,2024-01,0,0,0,0,28.76,-100.0,Budget
CAMP0005961,CUST00788,Email,2023-12-05,2023-12,0,0,0,0,28.26,-100.0,Budget
CAMP0005962,CUST00789,Email,2023-10-05,2023-10,0,0,0,0,24.42,-100.0,Premium
CAMP0005963,CUST00789,Influencer,2023-12-28,2023-12,0,0,0,0,1632.51,-100.0,Premium
CAMP0005964,CUST00789,Influencer,2023-09-07,2023-09,0,0,0,0,1440.84,-100.0,Premium
CAMP0005965,CUST00789,Push Notification,2022-12-08,2022-12,0,0,0,0,12.28,-100.0,Premium
CAMP0005966,CUST00789,Paid Social,2022-11-30,2022-11,1,0,0,0,1651.51,-100.0,Premium
CAMP0005967,CUST00789,Influencer,2023-08-22,2023-08,0,0,0,0,530.11,-100.0,Premium
CAMP0005968,CUST00789,Influencer,2024-01-10,2024-01,0,0,0,0,441.85,-100.0,Premium
CAMP0005969,CUST00789,Paid Social,2023-03-31,2023-03,0,0,0,0,1297.05,-100.0,Premium
CAMP0005970,CUST00789,Paid Social,2023-05-08,2023-05,0,0,0,0,2394.28,-100.0,Premium
CAMP0005971,CUST00789,Email,2023-09-22,2023-09,0,0,0,0,53.69,-100.0,Premium
CAMP0005972,CUST00790,SMS,2022-11-10,2022-11,0,0,0,0,72.74,-100.0,Budget
CAMP0005973,CUST00790,Paid Social,2022-10-27,2022-10,1,1,0,0,1582.93,-100.0,Budget
CAMP0005974,CUST00790,SMS,2023-12-23,2023-12,0,0,0,0,119.22,-100.0,Budget
CAMP0005975,CUST00790,Paid Social,2023-03-18,2023-03,0,0,0,0,1094.7,-100.0,Budget
CAMP0005976,CUST00790,Paid Social,2024-02-04,2024-02,1,1,0,0,979.04,-100.0,Budget
CAMP0005977,CUST00790,Email,2023-09-19,2023-09,0,0,0,0,57.68,-100.0,Budget
CAMP0005978,CUST00791,SMS,2023-06-01,2023-06,1,0,0,0,105.81,-100.0,Budget
CAMP0005979,CUST00791,Email,2024-03-19,2024-03,0,0,0,0,36.71,-100.0,Budget
CAMP0005980,CUST00791,Influencer,2023-11-18,2023-11,0,0,0,0,1644.95,-100.0,Budget
CAMP0005981,CUST00791,Influencer,2023-09-28,2023-09,0,0,0,0,1498.72,-100.0,Budget
CAMP0005982,CUST00791,Email,2023-09-20,2023-09,1,0,0,0,37.18,-100.0,Budget
CAMP0005983,CUST00791,SMS,2024-03-28,2024-03,0,0,0,0,50.4,-100.0,Budget
CAMP0005984,CUST00791,Push Notification,2024-02-09,2024-02,0,0,0,0,13.7,-100.0,Budget
CAMP0005985,CUST00792,Paid Social,2022-12-09,2022-12,1,0,0,0,1888.03,-100.0,Budget
CAMP0005986,CUST00792,Email,2023-01-03,2023-01,1,0,0,0,54.72,-100.0,Budget
CAMP0005987,CUST00792,Email,2023-10-17,2023-10,1,0,0,0,16.81,-100.0,Budget
CAMP0005988,CUST00792,Email,2022-05-18,2022-05,0,0,0,0,28.5,-100.0,Budget
CAMP0005989,CUST00792,Paid Social,2024-02-09,2024-02,1,0,0,0,2094.46,-100.0,Budget
CAMP0005990,CUST00793,Email,2023-09-23,2023-09,0,0,0,0,29.41,-100.0,Premium
CAMP0005991,CUST00793,Email,2024-01-27,2024-01,0,0,0,0,35.66,-100.0,Premium
CAMP0005992,CUST00793,Paid Social,2023-07-22,2023-07,0,0,0,0,1518.76,-100.0,Premium
CAMP0005993,CUST00793,Email,2023-11-07,2023-11,1,1,1,177.9,56.72,213.6,Premium
CAMP0005994,CUST00794,Push Notification,2023-06-14,2023-06,0,0,0,0,26.12,-100.0,Budget
CAMP0005995,CUST00794,Email,2023-03-02,2023-03,0,0,0,0,42.37,-100.0,Budget
CAMP0005996,CUST00794,Influencer,2023-03-29,2023-03,0,0,0,0,510.07,-100.0,Budget
CAMP0005997,CUST00794,Push Notification,2023-02-19,2023-02,1,0,0,0,11.41,-100.0,Budget
CAMP0005998,CUST00794,Paid Social,2023-02-15,2023-02,0,0,0,0,1424.57,-100.0,Budget
CAMP0005999,CUST00794,Paid Social,2023-07-21,2023-07,0,0,0,0,993.6,-100.0,Budget
CAMP0006000,CUST00794,Paid Social,2023-06-30,2023-06,0,0,0,0,2457.38,-100.0,Budget
CAMP0006001,CUST00794,Paid Social,2023-11-29,2023-11,0,0,0,0,1914.82,-100.0,Budget
CAMP0006002,CUST00794,Influencer,2023-07-27,2023-07,0,0,0,0,1354.05,-100.0,Budget
CAMP0006003,CUST00794,Email,2023-12-01,2023-12,1,0,0,0,26.66,-100.0,Budget
CAMP0006004,CUST00794,Email,2023-07-23,2023-07,0,0,0,0,48.55,-100.0,Budget
CAMP0006005,CUST00795,Display Ad,2024-03-15,2024-03,0,0,0,0,752.78,-100.0,Budget
CAMP0006006,CUST00795,Influencer,2023-01-22,2023-01,1,1,0,0,540.21,-100.0,Budget
CAMP0006007,CUST00795,Display Ad,2022-07-03,2022-07,0,0,0,0,490.14,-100.0,Budget
CAMP0006008,CUST00795,Paid Social,2023-10-20,2023-10,0,0,0,0,2074.2,-100.0,Budget
CAMP0006009,CUST00796,Influencer,2022-10-01,2022-10,1,0,0,0,1351.67,-100.0,Premium
CAMP0006010,CUST00796,Paid Social,2023-03-15,2023-03,0,0,0,0,2451.12,-100.0,Premium
CAMP0006011,CUST00796,Paid Social,2023-04-27,2023-04,1,0,0,0,896.71,-100.0,Premium
CAMP0006012,CUST00796,Email,2023-03-31,2023-03,0,0,0,0,21.69,-100.0,Premium
CAMP0006013,CUST00796,Email,2023-09-12,2023-09,0,0,0,0,41.86,-100.0,Premium
CAMP0006014,CUST00797,Influencer,2023-11-18,2023-11,0,0,0,0,955.7,-100.0,Luxury
CAMP0006015,CUST00797,Paid Social,2023-07-19,2023-07,0,0,0,0,1491.23,-100.0,Luxury
CAMP0006016,CUST00797,Paid Social,2023-09-13,2023-09,0,0,0,0,860.21,-100.0,Luxury
CAMP0006017,CUST00797,Email,2023-12-25,2023-12,1,0,0,0,57.55,-100.0,Luxury
CAMP0006018,CUST00797,Push Notification,2023-08-29,2023-08,0,0,0,0,16.67,-100.0,Luxury
CAMP0006019,CUST00797,SMS,2023-11-14,2023-11,0,0,0,0,57.93,-100.0,Luxury
CAMP0006020,CUST00797,Email,2023-07-08,2023-07,1,0,0,0,28.37,-100.0,Luxury
CAMP0006021,CUST00797,Email,2023-12-03,2023-12,0,0,0,0,38.03,-100.0,Luxury
CAMP0006022,CUST00797,Push Notification,2023-11-08,2023-11,0,0,0,0,10.46,-100.0,Luxury
CAMP0006023,CUST00797,Influencer,2024-03-26,2024-03,0,0,0,0,1050.9,-100.0,Luxury
CAMP0006024,CUST00798,SMS,2024-01-15,2024-01,1,0,0,0,115.68,-100.0,Mid-Range
CAMP0006025,CUST00798,Display Ad,2023-11-16,2023-11,0,0,0,0,893.43,-100.0,Mid-Range
CAMP0006026,CUST00798,Paid Social,2023-01-07,2023-01,0,0,0,0,1848.77,-100.0,Mid-Range
CAMP0006027,CUST00798,Email,2022-12-30,2022-12,0,0,0,0,30.01,-100.0,Mid-Range
CAMP0006028,CUST00798,Paid Social,2023-08-13,2023-08,0,0,0,0,2487.53,-100.0,Mid-Range
CAMP0006029,CUST00798,Email,2023-08-01,2023-08,0,0,0,0,33.56,-100.0,Mid-Range
CAMP0006030,CUST00798,Influencer,2023-01-27,2023-01,0,0,0,0,1057.23,-100.0,Mid-Range
CAMP0006031,CUST00798,Paid Social,2024-02-09,2024-02,0,0,0,0,1090.96,-100.0,Mid-Range
CAMP0006032,CUST00798,Influencer,2023-04-09,2023-04,0,0,0,0,786.34,-100.0,Mid-Range
CAMP0006033,CUST00798,Email,2024-03-04,2024-03,0,0,0,0,57.93,-100.0,Mid-Range
CAMP0006034,CUST00798,Paid Social,2023-02-28,2023-02,0,0,0,0,798.9,-100.0,Mid-Range
CAMP0006035,CUST00799,Paid Social,2023-09-21,2023-09,0,0,0,0,2117.53,-100.0,Mid-Range
CAMP0006036,CUST00799,SMS,2024-02-04,2024-02,1,0,0,0,68.41,-100.0,Mid-Range
CAMP0006037,CUST00799,Email,2023-09-06,2023-09,0,0,0,0,46.25,-100.0,Mid-Range
CAMP0006038,CUST00800,Influencer,2022-10-01,2022-10,0,0,0,0,596.0,-100.0,Mid-Range
CAMP0006039,CUST00800,Influencer,2023-06-08,2023-06,1,0,0,0,600.45,-100.0,Mid-Range
CAMP0006040,CUST00800,Paid Social,2022-11-22,2022-11,0,0,0,0,1475.42,-100.0,Mid-Range
CAMP0006041,CUST00800,Email,2022-07-23,2022-07,1,0,0,0,51.57,-100.0,Mid-Range
CAMP0006042,CUST00800,Push Notification,2022-09-19,2022-09,0,0,0,0,12.09,-100.0,Mid-Range
CAMP0006043,CUST00800,Push Notification,2022-07-30,2022-07,1,0,0,0,19.43,-100.0,Mid-Range
CAMP0006044,CUST00800,Paid Social,2024-02-04,2024-02,0,0,0,0,759.31,-100.0,Mid-Range
CAMP0006045,CUST00801,Paid Social,2023-11-11,2023-11,0,0,0,0,1118.15,-100.0,Budget
CAMP0006046,CUST00801,Influencer,2024-01-05,2024-01,0,0,0,0,1195.86,-100.0,Budget
CAMP0006047,CUST00801,Paid Social,2023-12-08,2023-12,0,0,0,0,1029.55,-100.0,Budget
CAMP0006048,CUST00802,Email,2023-11-29,2023-11,0,0,0,0,37.89,-100.0,Mid-Range
CAMP0006049,CUST00802,Paid Social,2024-01-27,2024-01,0,0,0,0,1179.01,-100.0,Mid-Range
CAMP0006050,CUST00802,Push Notification,2023-09-25,2023-09,0,0,0,0,13.75,-100.0,Mid-Range
CAMP0006051,CUST00802,Push Notification,2023-12-19,2023-12,0,0,0,0,13.64,-100.0,Mid-Range
CAMP0006052,CUST00802,Email,2023-08-10,2023-08,1,0,0,0,59.34,-100.0,Mid-Range
CAMP0006053,CUST00802,Influencer,2023-11-18,2023-11,1,0,0,0,532.7,-100.0,Mid-Range
CAMP0006054,CUST00802,Display Ad,2023-07-24,2023-07,0,0,0,0,393.97,-100.0,Mid-Range
CAMP0006055,CUST00802,Paid Social,2023-09-22,2023-09,0,0,0,0,2271.56,-100.0,Mid-Range
CAMP0006056,CUST00802,Influencer,2023-12-19,2023-12,0,0,0,0,1280.01,-100.0,Mid-Range
CAMP0006057,CUST00802,Influencer,2023-08-10,2023-08,0,0,0,0,903.68,-100.0,Mid-Range
CAMP0006058,CUST00803,Influencer,2024-03-15,2024-03,0,0,0,0,792.88,-100.0,Mid-Range
CAMP0006059,CUST00803,Influencer,2023-09-23,2023-09,0,0,0,0,1015.41,-100.0,Mid-Range
CAMP0006060,CUST00803,Email,2024-01-22,2024-01,0,0,0,0,35.33,-100.0,Mid-Range
CAMP0006061,CUST00803,SMS,2023-08-30,2023-08,1,0,0,0,36.27,-100.0,Mid-Range
CAMP0006062,CUST00803,Email,2023-08-01,2023-08,0,0,0,0,31.81,-100.0,Mid-Range
CAMP0006063,CUST00803,Email,2024-01-21,2024-01,0,0,0,0,27.63,-100.0,Mid-Range
CAMP0006064,CUST00804,SMS,2023-11-18,2023-11,0,0,0,0,67.66,-100.0,Mid-Range
CAMP0006065,CUST00804,Email,2024-01-08,2024-01,1,1,1,74.78,32.36,131.1,Mid-Range
CAMP0006066,CUST00804,Push Notification,2024-03-14,2024-03,0,0,0,0,21.63,-100.0,Mid-Range
CAMP0006067,CUST00804,Email,2023-09-05,2023-09,0,0,0,0,17.77,-100.0,Mid-Range
CAMP0006068,CUST00804,Email,2023-09-16,2023-09,0,0,0,0,17.48,-100.0,Mid-Range
CAMP0006069,CUST00804,Paid Social,2023-11-14,2023-11,0,0,0,0,2093.21,-100.0,Mid-Range
CAMP0006070,CUST00804,Email,2024-02-09,2024-02,0,0,0,0,18.07,-100.0,Mid-Range
CAMP0006071,CUST00804,Paid Social,2023-12-10,2023-12,0,0,0,0,1858.23,-100.0,Mid-Range
CAMP0006072,CUST00804,SMS,2023-09-11,2023-09,0,0,0,0,117.98,-100.0,Mid-Range
CAMP0006073,CUST00804,Influencer,2024-03-30,2024-03,0,0,0,0,731.23,-100.0,Mid-Range
CAMP0006074,CUST00805,Influencer,2023-06-12,2023-06,0,0,0,0,1547.56,-100.0,Luxury
CAMP0006075,CUST00805,Influencer,2024-03-01,2024-03,1,0,0,0,1442.19,-100.0,Luxury
CAMP0006076,CUST00805,Influencer,2024-03-14,2024-03,1,0,0,0,1643.8,-100.0,Luxury
CAMP0006077,CUST00805,Email,2023-12-09,2023-12,0,0,0,0,25.82,-100.0,Luxury
CAMP0006078,CUST00805,Display Ad,2023-12-26,2023-12,0,0,0,0,865.49,-100.0,Luxury
CAMP0006079,CUST00806,Display Ad,2024-03-14,2024-03,0,0,0,0,635.69,-100.0,Budget
CAMP0006080,CUST00806,Influencer,2023-08-13,2023-08,0,0,0,0,1065.16,-100.0,Budget
CAMP0006081,CUST00806,Display Ad,2023-04-19,2023-04,0,0,0,0,441.78,-100.0,Budget
CAMP0006082,CUST00806,Push Notification,2024-02-08,2024-02,0,0,0,0,17.14,-100.0,Budget
CAMP0006083,CUST00806,Influencer,2023-10-11,2023-10,0,0,0,0,1287.27,-100.0,Budget
CAMP0006084,CUST00806,Email,2023-01-25,2023-01,1,0,0,0,29.12,-100.0,Budget
CAMP0006085,CUST00806,Paid Social,2023-10-05,2023-10,0,0,0,0,2060.42,-100.0,Budget
CAMP0006086,CUST00806,Email,2023-03-18,2023-03,0,0,0,0,36.22,-100.0,Budget
CAMP0006087,CUST00806,SMS,2023-08-21,2023-08,0,0,0,0,116.96,-100.0,Budget
CAMP0006088,CUST00806,Influencer,2023-07-04,2023-07,0,0,0,0,732.74,-100.0,Budget
CAMP0006089,CUST00807,Email,2023-02-08,2023-02,0,0,0,0,50.68,-100.0,Luxury
CAMP0006090,CUST00807,Email,2024-03-30,2024-03,0,0,0,0,20.97,-100.0,Luxury
CAMP0006091,CUST00807,Influencer,2024-02-10,2024-02,1,0,0,0,630.29,-100.0,Luxury
CAMP0006092,CUST00807,SMS,2023-05-27,2023-05,1,0,0,0,112.18,-100.0,Luxury
CAMP0006093,CUST00807,Email,2024-03-21,2024-03,0,0,0,0,34.89,-100.0,Luxury
CAMP0006094,CUST00807,Push Notification,2023-06-16,2023-06,0,0,0,0,12.51,-100.0,Luxury
CAMP0006095,CUST00808,Email,2024-01-12,2024-01,0,0,0,0,59.58,-100.0,Premium
CAMP0006096,CUST00808,Email,2023-11-29,2023-11,0,0,0,0,22.39,-100.0,Premium
CAMP0006097,CUST00808,Paid Social,2024-01-06,2024-01,1,0,0,0,1191.41,-100.0,Premium
CAMP0006098,CUST00808,Paid Social,2023-10-14,2023-10,0,0,0,0,2466.32,-100.0,Premium
CAMP0006099,CUST00808,Display Ad,2023-12-25,2023-12,0,0,0,0,281.44,-100.0,Premium
CAMP0006100,CUST00809,SMS,2023-12-09,2023-12,0,0,0,0,56.77,-100.0,Mid-Range
CAMP0006101,CUST00809,Push Notification,2024-02-05,2024-02,0,0,0,0,26.14,-100.0,Mid-Range
CAMP0006102,CUST00809,SMS,2024-03-15,2024-03,0,0,0,0,96.44,-100.0,Mid-Range
CAMP0006103,CUST00809,SMS,2023-10-17,2023-10,1,1,0,0,108.15,-100.0,Mid-Range
CAMP0006104,CUST00809,Email,2024-03-02,2024-03,1,1,0,0,46.63,-100.0,Mid-Range
CAMP0006105,CUST00809,Display Ad,2024-03-31,2024-03,0,0,0,0,668.46,-100.0,Mid-Range
CAMP0006106,CUST00809,Email,2024-01-09,2024-01,0,0,0,0,25.32,-100.0,Mid-Range
CAMP0006107,CUST00810,Email,2024-02-12,2024-02,0,0,0,0,26.93,-100.0,Budget
CAMP0006108,CUST00810,Email,2023-07-01,2023-07,0,0,0,0,29.09,-100.0,Budget
CAMP0006109,CUST00810,SMS,2023-12-03,2023-12,1,0,0,0,72.69,-100.0,Budget
CAMP0006110,CUST00810,Influencer,2023-05-26,2023-05,1,0,0,0,1242.04,-100.0,Budget
CAMP0006111,CUST00810,Influencer,2023-02-15,2023-02,1,1,0,0,766.23,-100.0,Budget
CAMP0006112,CUST00810,Email,2024-02-04,2024-02,0,0,0,0,36.8,-100.0,Budget
CAMP0006113,CUST00810,SMS,2023-10-08,2023-10,0,0,0,0,37.39,-100.0,Budget
CAMP0006114,CUST00810,SMS,2024-01-06,2024-01,1,0,0,0,96.56,-100.0,Budget
CAMP0006115,CUST00810,SMS,2023-11-12,2023-11,0,0,0,0,33.0,-100.0,Budget
CAMP0006116,CUST00810,Influencer,2022-12-17,2022-12,0,0,0,0,1040.43,-100.0,Budget
CAMP0006117,CUST00810,Email,2023-03-19,2023-03,1,0,0,0,26.03,-100.0,Budget
CAMP0006118,CUST00811,Paid Social,2022-10-02,2022-10,1,0,0,0,1647.98,-100.0,Luxury
CAMP0006119,CUST00811,Paid Social,2022-08-08,2022-08,1,0,0,0,2240.03,-100.0,Luxury
CAMP0006120,CUST00811,Push Notification,2023-11-20,2023-11,0,0,0,0,23.67,-100.0,Luxury
CAMP0006121,CUST00811,Paid Social,2023-03-03,2023-03,1,1,0,0,1750.15,-100.0,Luxury
CAMP0006122,CUST00811,Email,2024-02-28,2024-02,1,0,0,0,23.37,-100.0,Luxury
CAMP0006123,CUST00812,Email,2024-02-11,2024-02,0,0,0,0,41.43,-100.0,Premium
CAMP0006124,CUST00812,Push Notification,2023-06-11,2023-06,0,0,0,0,16.49,-100.0,Premium
CAMP0006125,CUST00812,SMS,2024-01-30,2024-01,0,0,0,0,58.18,-100.0,Premium
CAMP0006126,CUST00812,Push Notification,2023-11-05,2023-11,0,0,0,0,26.0,-100.0,Premium
CAMP0006127,CUST00812,Email,2024-03-26,2024-03,0,0,0,0,50.8,-100.0,Premium
CAMP0006128,CUST00812,Paid Social,2023-11-27,2023-11,1,0,0,0,1036.6,-100.0,Premium
CAMP0006129,CUST00813,Influencer,2023-09-11,2023-09,1,0,0,0,631.42,-100.0,Mid-Range
CAMP0006130,CUST00813,Email,2023-07-29,2023-07,0,0,0,0,31.73,-100.0,Mid-Range
CAMP0006131,CUST00813,Paid Social,2023-08-20,2023-08,0,0,0,0,2323.53,-100.0,Mid-Range
CAMP0006132,CUST00814,Paid Social,2023-11-24,2023-11,1,0,0,0,2358.68,-100.0,Budget
CAMP0006133,CUST00814,Paid Social,2022-05-07,2022-05,0,0,0,0,994.5,-100.0,Budget
CAMP0006134,CUST00814,Email,2024-01-12,2024-01,0,0,0,0,38.35,-100.0,Budget
CAMP0006135,CUST00814,Email,2024-01-01,2024-01,0,0,0,0,32.43,-100.0,Budget
CAMP0006136,CUST00814,Paid Social,2023-09-20,2023-09,0,0,0,0,2081.5,-100.0,Budget
CAMP0006137,CUST00815,Email,2023-02-05,2023-02,0,0,0,0,27.5,-100.0,Premium
CAMP0006138,CUST00815,SMS,2023-03-27,2023-03,0,0,0,0,52.01,-100.0,Premium
CAMP0006139,CUST00815,Paid Social,2022-10-04,2022-10,0,0,0,0,1239.06,-100.0,Premium
CAMP0006140,CUST00815,SMS,2022-12-13,2022-12,0,0,0,0,67.12,-100.0,Premium
CAMP0006141,CUST00815,Influencer,2022-12-19,2022-12,0,0,0,0,599.79,-100.0,Premium
CAMP0006142,CUST00815,Email,2023-02-01,2023-02,0,0,0,0,25.2,-100.0,Premium
CAMP0006143,CUST00815,Email,2023-02-18,2023-02,0,0,0,0,18.71,-100.0,Premium
CAMP0006144,CUST00815,Influencer,2023-04-10,2023-04,0,0,0,0,1033.31,-100.0,Premium
CAMP0006145,CUST00815,SMS,2022-10-25,2022-10,0,0,0,0,34.1,-100.0,Premium
CAMP0006146,CUST00815,SMS,2023-11-24,2023-11,0,0,0,0,96.73,-100.0,Premium
CAMP0006147,CUST00816,SMS,2023-05-07,2023-05,0,0,0,0,63.27,-100.0,Luxury
CAMP0006148,CUST00816,SMS,2023-09-04,2023-09,0,0,0,0,74.18,-100.0,Luxury
CAMP0006149,CUST00816,Email,2024-01-30,2024-01,0,0,0,0,50.83,-100.0,Luxury
CAMP0006150,CUST00817,Email,2023-05-11,2023-05,0,0,0,0,28.38,-100.0,Premium
CAMP0006151,CUST00817,Email,2023-01-26,2023-01,0,0,0,0,59.38,-100.0,Premium
CAMP0006152,CUST00817,Display Ad,2023-05-25,2023-05,0,0,0,0,984.4,-100.0,Premium
CAMP0006153,CUST00817,Paid Social,2023-10-17,2023-10,0,0,0,0,1123.08,-100.0,Premium
CAMP0006154,CUST00817,Influencer,2024-01-14,2024-01,0,0,0,0,1629.75,-100.0,Premium
CAMP0006155,CUST00817,Push Notification,2023-06-29,2023-06,0,0,0,0,26.01,-100.0,Premium
CAMP0006156,CUST00817,Push Notification,2024-02-20,2024-02,1,0,0,0,29.62,-100.0,Premium
CAMP0006157,CUST00817,Email,2023-07-06,2023-07,0,0,0,0,31.42,-100.0,Premium
CAMP0006158,CUST00817,Push Notification,2023-09-08,2023-09,1,0,0,0,25.61,-100.0,Premium
CAMP0006159,CUST00818,Paid Social,2023-03-26,2023-03,0,0,0,0,1741.25,-100.0,Premium
CAMP0006160,CUST00818,Influencer,2023-03-01,2023-03,0,0,0,0,1442.38,-100.0,Premium
CAMP0006161,CUST00818,Paid Social,2023-09-16,2023-09,1,1,1,55.14,1668.27,-96.7,Premium
CAMP0006162,CUST00818,Paid Social,2023-11-13,2023-11,0,0,0,0,2143.75,-100.0,Premium
CAMP0006163,CUST00818,Influencer,2023-05-28,2023-05,0,0,0,0,526.37,-100.0,Premium
CAMP0006164,CUST00818,SMS,2024-01-30,2024-01,1,1,0,0,38.0,-100.0,Premium
CAMP0006165,CUST00818,Push Notification,2023-08-15,2023-08,0,0,0,0,12.77,-100.0,Premium
CAMP0006166,CUST00818,Paid Social,2023-12-22,2023-12,1,0,0,0,1423.89,-100.0,Premium
CAMP0006167,CUST00818,Email,2023-04-24,2023-04,1,0,0,0,33.22,-100.0,Premium
CAMP0006168,CUST00818,Influencer,2023-01-10,2023-01,0,0,0,0,964.54,-100.0,Premium
CAMP0006169,CUST00819,Paid Social,2023-10-13,2023-10,0,0,0,0,877.37,-100.0,Budget
CAMP0006170,CUST00819,Email,2023-12-13,2023-12,0,0,0,0,20.99,-100.0,Budget
CAMP0006171,CUST00819,Paid Social,2023-07-15,2023-07,0,0,0,0,796.89,-100.0,Budget
CAMP0006172,CUST00819,Email,2023-08-12,2023-08,0,0,0,0,24.86,-100.0,Budget
CAMP0006173,CUST00819,Email,2023-03-21,2023-03,1,0,0,0,19.76,-100.0,Budget
CAMP0006174,CUST00819,Influencer,2023-12-24,2023-12,0,0,0,0,992.91,-100.0,Budget
CAMP0006175,CUST00819,Paid Social,2023-07-20,2023-07,0,0,0,0,1544.83,-100.0,Budget
CAMP0006176,CUST00820,Email,2023-05-29,2023-05,0,0,0,0,40.68,-100.0,Premium
CAMP0006177,CUST00820,Push Notification,2023-09-20,2023-09,1,0,0,0,25.03,-100.0,Premium
CAMP0006178,CUST00820,Email,2024-02-28,2024-02,0,0,0,0,30.04,-100.0,Premium
CAMP0006179,CUST00820,Email,2023-07-06,2023-07,0,0,0,0,31.62,-100.0,Premium
CAMP0006180,CUST00820,Paid Social,2024-03-12,2024-03,1,0,0,0,1263.8,-100.0,Premium
CAMP0006181,CUST00820,Paid Social,2023-07-25,2023-07,0,0,0,0,1858.48,-100.0,Premium
CAMP0006182,CUST00820,Email,2023-12-25,2023-12,0,0,0,0,33.64,-100.0,Premium
CAMP0006183,CUST00820,Paid Social,2024-01-08,2024-01,0,0,0,0,2156.3,-100.0,Premium
CAMP0006184,CUST00820,Email,2023-05-19,2023-05,0,0,0,0,44.19,-100.0,Premium
CAMP0006185,CUST00820,Paid Social,2023-08-08,2023-08,0,0,0,0,858.84,-100.0,Premium
CAMP0006186,CUST00820,SMS,2023-12-20,2023-12,0,0,0,0,54.89,-100.0,Premium
CAMP0006187,CUST00821,Email,2022-03-01,2022-03,0,0,0,0,21.27,-100.0,Mid-Range
CAMP0006188,CUST00821,Paid Social,2022-01-13,2022-01,0,0,0,0,2412.65,-100.0,Mid-Range
CAMP0006189,CUST00821,SMS,2022-11-17,2022-11,0,0,0,0,59.02,-100.0,Mid-Range
CAMP0006190,CUST00821,Influencer,2022-08-29,2022-08,0,0,0,0,1202.7,-100.0,Mid-Range
CAMP0006191,CUST00821,Paid Social,2023-05-26,2023-05,0,0,0,0,1142.08,-100.0,Mid-Range
CAMP0006192,CUST00821,Email,2022-12-05,2022-12,0,0,0,0,25.48,-100.0,Mid-Range
CAMP0006193,CUST00821,Email,2022-09-27,2022-09,1,1,0,0,31.04,-100.0,Mid-Range
CAMP0006194,CUST00821,Email,2023-02-27,2023-02,1,0,0,0,16.51,-100.0,Mid-Range
CAMP0006195,CUST00821,Email,2023-05-10,2023-05,0,0,0,0,30.68,-100.0,Mid-Range
CAMP0006196,CUST00822,Email,2024-03-13,2024-03,0,0,0,0,52.44,-100.0,Luxury
CAMP0006197,CUST00822,Influencer,2023-09-15,2023-09,0,0,0,0,976.65,-100.0,Luxury
CAMP0006198,CUST00822,Email,2023-09-12,2023-09,1,0,0,0,44.18,-100.0,Luxury
CAMP0006199,CUST00822,Email,2023-11-20,2023-11,1,1,0,0,52.03,-100.0,Luxury
CAMP0006200,CUST00823,Influencer,2023-08-22,2023-08,0,0,0,0,1076.42,-100.0,Premium
CAMP0006201,CUST00823,Influencer,2023-07-24,2023-07,0,0,0,0,1568.61,-100.0,Premium
CAMP0006202,CUST00823,Paid Social,2023-08-30,2023-08,0,0,0,0,1628.5,-100.0,Premium
CAMP0006203,CUST00823,SMS,2023-08-05,2023-08,0,0,0,0,81.85,-100.0,Premium
CAMP0006204,CUST00824,Push Notification,2023-08-06,2023-08,0,0,0,0,26.47,-100.0,Premium
CAMP0006205,CUST00824,Paid Social,2023-04-08,2023-04,0,0,0,0,2120.0,-100.0,Premium
CAMP0006206,CUST00824,Push Notification,2022-03-13,2022-03,0,0,0,0,16.4,-100.0,Premium
CAMP0006207,CUST00825,Email,2024-01-10,2024-01,1,0,0,0,58.16,-100.0,Premium
CAMP0006208,CUST00825,Email,2023-07-20,2023-07,0,0,0,0,28.38,-100.0,Premium
CAMP0006209,CUST00825,SMS,2023-09-13,2023-09,1,0,0,0,77.13,-100.0,Premium
CAMP0006210,CUST00825,Paid Social,2023-10-02,2023-10,0,0,0,0,2286.38,-100.0,Premium
CAMP0006211,CUST00825,Paid Social,2024-01-26,2024-01,1,0,0,0,1798.16,-100.0,Premium
CAMP0006212,CUST00825,SMS,2023-04-21,2023-04,0,0,0,0,66.78,-100.0,Premium
CAMP0006213,CUST00825,Display Ad,2023-04-11,2023-04,0,0,0,0,886.9,-100.0,Premium
CAMP0006214,CUST00825,Email,2023-10-10,2023-10,0,0,0,0,55.04,-100.0,Premium
CAMP0006215,CUST00825,Influencer,2023-08-28,2023-08,0,0,0,0,1140.68,-100.0,Premium
CAMP0006216,CUST00825,Push Notification,2023-02-22,2023-02,0,0,0,0,12.67,-100.0,Premium
CAMP0006217,CUST00826,Email,2023-01-20,2023-01,1,0,0,0,48.08,-100.0,Premium
CAMP0006218,CUST00826,Email,2023-02-10,2023-02,0,0,0,0,56.11,-100.0,Premium
CAMP0006219,CUST00826,Push Notification,2023-09-07,2023-09,0,0,0,0,20.97,-100.0,Premium
CAMP0006220,CUST00826,Paid Social,2022-12-12,2022-12,0,0,0,0,733.44,-100.0,Premium
CAMP0006221,CUST00826,Paid Social,2023-04-06,2023-04,1,0,0,0,714.72,-100.0,Premium
CAMP0006222,CUST00826,Email,2024-02-24,2024-02,0,0,0,0,56.13,-100.0,Premium
CAMP0006223,CUST00826,Influencer,2022-12-17,2022-12,1,1,1,168.88,453.34,-62.7,Premium
CAMP0006224,CUST00826,Email,2023-12-06,2023-12,0,0,0,0,32.31,-100.0,Premium
CAMP0006225,CUST00826,Paid Social,2022-11-10,2022-11,0,0,0,0,2523.05,-100.0,Premium
CAMP0006226,CUST00827,Paid Social,2023-10-06,2023-10,0,0,0,0,2371.38,-100.0,Luxury
CAMP0006227,CUST00827,Display Ad,2023-08-24,2023-08,1,0,0,0,851.54,-100.0,Luxury
CAMP0006228,CUST00827,Push Notification,2024-02-24,2024-02,0,0,0,0,28.68,-100.0,Luxury
CAMP0006229,CUST00827,Paid Social,2024-02-26,2024-02,0,0,0,0,1941.35,-100.0,Luxury
CAMP0006230,CUST00827,Email,2023-06-03,2023-06,0,0,0,0,46.85,-100.0,Luxury
CAMP0006231,CUST00827,Influencer,2023-10-14,2023-10,0,0,0,0,1466.04,-100.0,Luxury
CAMP0006232,CUST00828,Email,2023-11-17,2023-11,0,0,0,0,20.55,-100.0,Mid-Range
CAMP0006233,CUST00828,Push Notification,2023-09-15,2023-09,0,0,0,0,14.28,-100.0,Mid-Range
CAMP0006234,CUST00828,Email,2023-10-19,2023-10,0,0,0,0,57.06,-100.0,Mid-Range
CAMP0006235,CUST00829,Email,2023-06-08,2023-06,0,0,0,0,20.34,-100.0,Premium
CAMP0006236,CUST00829,Paid Social,2023-11-21,2023-11,0,0,0,0,1302.26,-100.0,Premium
CAMP0006237,CUST00829,Email,2022-09-18,2022-09,1,0,0,0,46.26,-100.0,Premium
CAMP0006238,CUST00829,Push Notification,2022-09-07,2022-09,0,0,0,0,14.45,-100.0,Premium
CAMP0006239,CUST00829,Email,2023-04-20,2023-04,0,0,0,0,37.06,-100.0,Premium
CAMP0006240,CUST00829,Influencer,2023-12-05,2023-12,1,0,0,0,1180.93,-100.0,Premium
CAMP0006241,CUST00829,Paid Social,2024-01-24,2024-01,1,0,0,0,2279.35,-100.0,Premium
CAMP0006242,CUST00829,Email,2022-12-24,2022-12,0,0,0,0,21.65,-100.0,Premium
CAMP0006243,CUST00830,Influencer,2023-06-12,2023-06,0,0,0,0,949.52,-100.0,Premium
CAMP0006244,CUST00830,Push Notification,2023-04-06,2023-04,0,0,0,0,22.96,-100.0,Premium
CAMP0006245,CUST00830,Display Ad,2024-02-01,2024-02,0,0,0,0,289.06,-100.0,Premium
CAMP0006246,CUST00830,Display Ad,2023-06-21,2023-06,0,0,0,0,659.91,-100.0,Premium
CAMP0006247,CUST00830,Email,2024-02-02,2024-02,0,0,0,0,33.51,-100.0,Premium
CAMP0006248,CUST00830,Paid Social,2024-01-31,2024-01,0,0,0,0,2174.3,-100.0,Premium
CAMP0006249,CUST00830,Email,2023-11-11,2023-11,0,0,0,0,31.68,-100.0,Premium
CAMP0006250,CUST00830,Paid Social,2023-07-13,2023-07,0,0,0,0,1799.17,-100.0,Premium
CAMP0006251,CUST00830,Influencer,2023-12-02,2023-12,0,0,0,0,902.46,-100.0,Premium
CAMP0006252,CUST00830,Paid Social,2023-05-04,2023-05,0,0,0,0,1692.77,-100.0,Premium
CAMP0006253,CUST00830,Push Notification,2023-05-12,2023-05,0,0,0,0,14.87,-100.0,Premium
CAMP0006254,CUST00831,Email,2022-11-06,2022-11,1,0,0,0,48.21,-100.0,Mid-Range
CAMP0006255,CUST00831,Influencer,2023-12-10,2023-12,0,0,0,0,843.18,-100.0,Mid-Range
CAMP0006256,CUST00831,SMS,2022-10-23,2022-10,1,1,0,0,80.39,-100.0,Mid-Range
CAMP0006257,CUST00831,Influencer,2023-09-15,2023-09,1,0,0,0,680.41,-100.0,Mid-Range
CAMP0006258,CUST00831,Email,2022-03-06,2022-03,1,1,1,63.76,21.61,195.0,Mid-Range
CAMP0006259,CUST00831,Influencer,2023-08-04,2023-08,0,0,0,0,1324.13,-100.0,Mid-Range
CAMP0006260,CUST00832,Push Notification,2023-10-07,2023-10,0,0,0,0,17.51,-100.0,Luxury
CAMP0006261,CUST00832,Push Notification,2023-07-05,2023-07,0,0,0,0,29.49,-100.0,Luxury
CAMP0006262,CUST00832,Email,2023-10-05,2023-10,0,0,0,0,46.65,-100.0,Luxury
CAMP0006263,CUST00832,Influencer,2023-10-26,2023-10,0,0,0,0,1127.47,-100.0,Luxury
CAMP0006264,CUST00832,Email,2023-09-10,2023-09,0,0,0,0,39.57,-100.0,Luxury
CAMP0006265,CUST00832,Push Notification,2024-01-24,2024-01,0,0,0,0,11.03,-100.0,Luxury
CAMP0006266,CUST00832,Email,2023-11-16,2023-11,1,0,0,0,47.95,-100.0,Luxury
CAMP0006267,CUST00832,Paid Social,2023-08-07,2023-08,0,0,0,0,1024.88,-100.0,Luxury
CAMP0006268,CUST00832,Push Notification,2024-02-12,2024-02,0,0,0,0,15.95,-100.0,Luxury
CAMP0006269,CUST00832,Push Notification,2024-03-05,2024-03,0,0,0,0,25.33,-100.0,Luxury
CAMP0006270,CUST00832,Push Notification,2023-07-21,2023-07,0,0,0,0,13.06,-100.0,Luxury
CAMP0006271,CUST00833,Push Notification,2023-06-10,2023-06,0,0,0,0,26.6,-100.0,Luxury
CAMP0006272,CUST00833,Influencer,2023-06-10,2023-06,1,1,1,99.9,1271.78,-92.1,Luxury
CAMP0006273,CUST00833,Email,2023-12-29,2023-12,0,0,0,0,27.33,-100.0,Luxury
CAMP0006274,CUST00833,Email,2023-03-21,2023-03,0,0,0,0,50.3,-100.0,Luxury
CAMP0006275,CUST00833,Paid Social,2022-11-02,2022-11,0,0,0,0,2310.99,-100.0,Luxury
CAMP0006276,CUST00833,SMS,2023-09-06,2023-09,1,0,0,0,38.6,-100.0,Luxury
CAMP0006277,CUST00833,Push Notification,2023-06-27,2023-06,1,1,0,0,24.94,-100.0,Luxury
CAMP0006278,CUST00833,Paid Social,2023-03-20,2023-03,1,0,0,0,755.61,-100.0,Luxury
CAMP0006279,CUST00833,Email,2023-05-31,2023-05,0,0,0,0,34.27,-100.0,Luxury
CAMP0006280,CUST00833,Influencer,2023-10-22,2023-10,1,1,0,0,955.02,-100.0,Luxury
CAMP0006281,CUST00833,Display Ad,2023-12-03,2023-12,0,0,0,0,986.7,-100.0,Luxury
CAMP0006282,CUST00834,Email,2023-01-05,2023-01,0,0,0,0,22.83,-100.0,Mid-Range
CAMP0006283,CUST00834,SMS,2023-11-25,2023-11,0,0,0,0,63.35,-100.0,Mid-Range
CAMP0006284,CUST00834,Paid Social,2023-04-26,2023-04,0,0,0,0,1686.31,-100.0,Mid-Range
CAMP0006285,CUST00834,SMS,2023-05-15,2023-05,0,0,0,0,68.54,-100.0,Mid-Range
CAMP0006286,CUST00835,Paid Social,2023-10-11,2023-10,0,0,0,0,707.16,-100.0,Budget
CAMP0006287,CUST00835,Influencer,2022-08-14,2022-08,0,0,0,0,747.09,-100.0,Budget
CAMP0006288,CUST00835,Email,2022-11-02,2022-11,1,0,0,0,40.45,-100.0,Budget
CAMP0006289,CUST00835,SMS,2023-04-20,2023-04,0,0,0,0,70.68,-100.0,Budget
CAMP0006290,CUST00835,SMS,2023-12-31,2023-12,0,0,0,0,59.96,-100.0,Budget
CAMP0006291,CUST00835,Paid Social,2023-10-11,2023-10,0,0,0,0,1135.27,-100.0,Budget
CAMP0006292,CUST00835,Paid Social,2023-04-06,2023-04,0,0,0,0,2013.81,-100.0,Budget
CAMP0006293,CUST00835,Email,2024-03-09,2024-03,0,0,0,0,40.69,-100.0,Budget
CAMP0006294,CUST00835,Email,2023-12-14,2023-12,0,0,0,0,45.31,-100.0,Budget
CAMP0006295,CUST00835,Paid Social,2022-07-29,2022-07,0,0,0,0,1725.46,-100.0,Budget
CAMP0006296,CUST00836,Display Ad,2022-04-21,2022-04,0,0,0,0,747.32,-100.0,Mid-Range
CAMP0006297,CUST00836,Paid Social,2022-06-06,2022-06,0,0,0,0,1488.69,-100.0,Mid-Range
CAMP0006298,CUST00836,Paid Social,2023-06-05,2023-06,0,0,0,0,1002.35,-100.0,Mid-Range
CAMP0006299,CUST00837,Influencer,2023-08-08,2023-08,0,0,0,0,807.11,-100.0,Budget
CAMP0006300,CUST00837,SMS,2023-11-29,2023-11,1,0,0,0,64.11,-100.0,Budget
CAMP0006301,CUST00837,Paid Social,2023-06-07,2023-06,0,0,0,0,1136.85,-100.0,Budget
CAMP0006302,CUST00837,Paid Social,2022-11-15,2022-11,0,0,0,0,1918.84,-100.0,Budget
CAMP0006303,CUST00837,Push Notification,2024-01-10,2024-01,0,0,0,0,13.34,-100.0,Budget
CAMP0006304,CUST00837,SMS,2024-02-10,2024-02,1,0,0,0,96.6,-100.0,Budget
CAMP0006305,CUST00837,Push Notification,2023-10-08,2023-10,0,0,0,0,14.59,-100.0,Budget
CAMP0006306,CUST00837,Display Ad,2023-01-20,2023-01,0,0,0,0,295.9,-100.0,Budget
CAMP0006307,CUST00837,Influencer,2023-07-19,2023-07,0,0,0,0,1223.31,-100.0,Budget
CAMP0006308,CUST00837,Email,2022-12-08,2022-12,0,0,0,0,55.99,-100.0,Budget
CAMP0006309,CUST00838,Email,2023-10-26,2023-10,1,0,0,0,18.55,-100.0,Budget
CAMP0006310,CUST00838,Email,2024-01-13,2024-01,0,0,0,0,17.12,-100.0,Budget
CAMP0006311,CUST00838,Email,2024-01-27,2024-01,0,0,0,0,21.42,-100.0,Budget
CAMP0006312,CUST00838,Paid Social,2024-01-07,2024-01,0,0,0,0,1621.56,-100.0,Budget
CAMP0006313,CUST00838,Paid Social,2023-09-16,2023-09,0,0,0,0,2164.51,-100.0,Budget
CAMP0006314,CUST00838,Push Notification,2023-12-31,2023-12,0,0,0,0,16.63,-100.0,Budget
CAMP0006315,CUST00838,Paid Social,2023-10-18,2023-10,0,0,0,0,696.86,-100.0,Budget
CAMP0006316,CUST00838,Push Notification,2023-07-17,2023-07,0,0,0,0,21.68,-100.0,Budget
CAMP0006317,CUST00838,SMS,2023-09-21,2023-09,1,1,0,0,84.19,-100.0,Budget
CAMP0006318,CUST00838,Push Notification,2023-12-01,2023-12,0,0,0,0,11.4,-100.0,Budget
CAMP0006319,CUST00838,Push Notification,2023-07-21,2023-07,0,0,0,0,21.84,-100.0,Budget
CAMP0006320,CUST00839,Paid Social,2024-02-20,2024-02,1,1,0,0,1043.25,-100.0,Mid-Range
CAMP0006321,CUST00839,Email,2024-03-02,2024-03,0,0,0,0,51.6,-100.0,Mid-Range
CAMP0006322,CUST00839,Email,2023-09-14,2023-09,0,0,0,0,19.97,-100.0,Mid-Range
CAMP0006323,CUST00839,Email,2023-11-24,2023-11,0,0,0,0,44.04,-100.0,Mid-Range
CAMP0006324,CUST00839,SMS,2023-09-24,2023-09,0,0,0,0,114.18,-100.0,Mid-Range
CAMP0006325,CUST00839,Paid Social,2023-10-05,2023-10,0,0,0,0,1897.36,-100.0,Mid-Range
CAMP0006326,CUST00839,Email,2024-03-11,2024-03,0,0,0,0,38.76,-100.0,Mid-Range
CAMP0006327,CUST00839,Influencer,2024-01-23,2024-01,0,0,0,0,1435.16,-100.0,Mid-Range
CAMP0006328,CUST00839,Paid Social,2023-09-14,2023-09,0,0,0,0,2278.7,-100.0,Mid-Range
CAMP0006329,CUST00839,Email,2023-11-14,2023-11,0,0,0,0,28.35,-100.0,Mid-Range
CAMP0006330,CUST00839,Email,2023-11-22,2023-11,0,0,0,0,28.05,-100.0,Mid-Range
CAMP0006331,CUST00840,Push Notification,2023-11-19,2023-11,0,0,0,0,27.29,-100.0,Premium
CAMP0006332,CUST00840,Email,2022-12-07,2022-12,0,0,0,0,27.83,-100.0,Premium
CAMP0006333,CUST00840,Influencer,2023-12-06,2023-12,0,0,0,0,917.08,-100.0,Premium
CAMP0006334,CUST00840,Email,2022-11-29,2022-11,0,0,0,0,48.75,-100.0,Premium
CAMP0006335,CUST00841,Influencer,2023-10-22,2023-10,1,0,0,0,1307.35,-100.0,Budget
CAMP0006336,CUST00841,SMS,2023-12-05,2023-12,1,0,0,0,38.6,-100.0,Budget
CAMP0006337,CUST00841,Push Notification,2022-05-31,2022-05,0,0,0,0,19.66,-100.0,Budget
CAMP0006338,CUST00842,Email,2023-01-12,2023-01,1,0,0,0,59.78,-100.0,Mid-Range
CAMP0006339,CUST00842,Influencer,2022-12-08,2022-12,1,0,0,0,1229.99,-100.0,Mid-Range
CAMP0006340,CUST00842,Email,2024-02-13,2024-02,0,0,0,0,33.64,-100.0,Mid-Range
CAMP0006341,CUST00842,Paid Social,2022-09-12,2022-09,0,0,0,0,938.54,-100.0,Mid-Range
CAMP0006342,CUST00843,Push Notification,2024-03-30,2024-03,0,0,0,0,17.73,-100.0,Budget
CAMP0006343,CUST00843,Display Ad,2023-10-03,2023-10,0,0,0,0,788.32,-100.0,Budget
CAMP0006344,CUST00843,SMS,2023-12-18,2023-12,0,0,0,0,58.03,-100.0,Budget
CAMP0006345,CUST00844,Paid Social,2024-01-02,2024-01,0,0,0,0,1310.62,-100.0,Budget
CAMP0006346,CUST00844,Email,2023-09-25,2023-09,1,0,0,0,40.4,-100.0,Budget
CAMP0006347,CUST00844,Email,2023-06-30,2023-06,0,0,0,0,23.77,-100.0,Budget
CAMP0006348,CUST00844,Push Notification,2023-07-24,2023-07,0,0,0,0,11.0,-100.0,Budget
CAMP0006349,CUST00844,Display Ad,2023-12-14,2023-12,0,0,0,0,970.63,-100.0,Budget
CAMP0006350,CUST00844,Paid Social,2022-10-18,2022-10,0,0,0,0,2261.59,-100.0,Budget
CAMP0006351,CUST00844,Paid Social,2024-01-20,2024-01,0,0,0,0,794.48,-100.0,Budget
CAMP0006352,CUST00845,Paid Social,2023-09-12,2023-09,0,0,0,0,923.66,-100.0,Mid-Range
CAMP0006353,CUST00845,Email,2023-11-28,2023-11,0,0,0,0,33.58,-100.0,Mid-Range
CAMP0006354,CUST00845,SMS,2023-04-05,2023-04,0,0,0,0,45.91,-100.0,Mid-Range
CAMP0006355,CUST00845,Influencer,2023-08-21,2023-08,0,0,0,0,712.08,-100.0,Mid-Range
CAMP0006356,CUST00846,Influencer,2023-11-29,2023-11,0,0,0,0,648.68,-100.0,Budget
CAMP0006357,CUST00846,Email,2023-09-29,2023-09,0,0,0,0,22.19,-100.0,Budget
CAMP0006358,CUST00846,Push Notification,2023-08-07,2023-08,0,0,0,0,9.96,-100.0,Budget
CAMP0006359,CUST00846,Paid Social,2023-03-03,2023-03,0,0,0,0,2007.18,-100.0,Budget
CAMP0006360,CUST00846,Push Notification,2023-06-24,2023-06,0,0,0,0,26.54,-100.0,Budget
CAMP0006361,CUST00846,Display Ad,2023-12-04,2023-12,0,0,0,0,358.2,-100.0,Budget
CAMP0006362,CUST00847,SMS,2024-01-29,2024-01,0,0,0,0,87.69,-100.0,Budget
CAMP0006363,CUST00847,Email,2023-06-13,2023-06,0,0,0,0,25.85,-100.0,Budget
CAMP0006364,CUST00847,Email,2023-11-22,2023-11,0,0,0,0,59.62,-100.0,Budget
CAMP0006365,CUST00847,Push Notification,2023-03-28,2023-03,0,0,0,0,10.73,-100.0,Budget
CAMP0006366,CUST00848,Email,2023-03-30,2023-03,0,0,0,0,43.3,-100.0,Budget
CAMP0006367,CUST00848,Influencer,2023-11-21,2023-11,0,0,0,0,1457.67,-100.0,Budget
CAMP0006368,CUST00848,Email,2023-10-27,2023-10,0,0,0,0,32.82,-100.0,Budget
CAMP0006369,CUST00848,Display Ad,2023-11-08,2023-11,0,0,0,0,582.51,-100.0,Budget
CAMP0006370,CUST00848,Paid Social,2023-06-10,2023-06,0,0,0,0,794.56,-100.0,Budget
CAMP0006371,CUST00848,Display Ad,2023-10-08,2023-10,0,0,0,0,732.84,-100.0,Budget
CAMP0006372,CUST00848,Push Notification,2023-05-28,2023-05,0,0,0,0,16.94,-100.0,Budget
CAMP0006373,CUST00848,Email,2024-02-24,2024-02,0,0,0,0,20.76,-100.0,Budget
CAMP0006374,CUST00848,Paid Social,2023-06-26,2023-06,1,0,0,0,2472.12,-100.0,Budget
CAMP0006375,CUST00849,Paid Social,2022-06-04,2022-06,1,1,0,0,706.89,-100.0,Luxury
CAMP0006376,CUST00849,Paid Social,2023-04-22,2023-04,1,1,0,0,1489.91,-100.0,Luxury
CAMP0006377,CUST00849,Email,2024-03-21,2024-03,0,0,0,0,51.76,-100.0,Luxury
CAMP0006378,CUST00850,Paid Social,2023-12-20,2023-12,1,0,0,0,887.4,-100.0,Budget
CAMP0006379,CUST00850,Email,2024-02-15,2024-02,1,0,0,0,21.46,-100.0,Budget
CAMP0006380,CUST00850,SMS,2023-09-24,2023-09,0,0,0,0,119.42,-100.0,Budget
CAMP0006381,CUST00851,Paid Social,2024-02-07,2024-02,0,0,0,0,1844.69,-100.0,Mid-Range
CAMP0006382,CUST00851,Email,2023-04-16,2023-04,0,0,0,0,25.31,-100.0,Mid-Range
CAMP0006383,CUST00851,SMS,2023-10-16,2023-10,0,0,0,0,41.9,-100.0,Mid-Range
CAMP0006384,CUST00851,Display Ad,2023-07-23,2023-07,0,0,0,0,776.01,-100.0,Mid-Range
CAMP0006385,CUST00851,Paid Social,2023-01-13,2023-01,0,0,0,0,1392.91,-100.0,Mid-Range
CAMP0006386,CUST00852,Push Notification,2023-04-15,2023-04,0,0,0,0,21.21,-100.0,Mid-Range
CAMP0006387,CUST00852,Paid Social,2024-02-09,2024-02,0,0,0,0,747.27,-100.0,Mid-Range
CAMP0006388,CUST00852,Paid Social,2024-02-21,2024-02,0,0,0,0,1462.58,-100.0,Mid-Range
CAMP0006389,CUST00853,Push Notification,2024-02-19,2024-02,0,0,0,0,13.19,-100.0,Mid-Range
CAMP0006390,CUST00853,Paid Social,2024-03-13,2024-03,0,0,0,0,1581.41,-100.0,Mid-Range
CAMP0006391,CUST00853,Paid Social,2024-01-03,2024-01,0,0,0,0,1048.45,-100.0,Mid-Range
CAMP0006392,CUST00854,Email,2023-10-24,2023-10,0,0,0,0,37.78,-100.0,Premium
CAMP0006393,CUST00854,Email,2023-11-08,2023-11,0,0,0,0,38.79,-100.0,Premium
CAMP0006394,CUST00854,Paid Social,2023-08-18,2023-08,0,0,0,0,1698.17,-100.0,Premium
CAMP0006395,CUST00854,Paid Social,2023-11-15,2023-11,0,0,0,0,846.9,-100.0,Premium
CAMP0006396,CUST00854,Email,2024-03-17,2024-03,0,0,0,0,58.89,-100.0,Premium
CAMP0006397,CUST00854,Paid Social,2024-02-13,2024-02,0,0,0,0,2151.87,-100.0,Premium
CAMP0006398,CUST00854,Display Ad,2023-09-30,2023-09,0,0,0,0,593.92,-100.0,Premium
CAMP0006399,CUST00854,Paid Social,2023-11-13,2023-11,0,0,0,0,2515.91,-100.0,Premium
CAMP0006400,CUST00855,Email,2022-06-16,2022-06,0,0,0,0,27.55,-100.0,Mid-Range
CAMP0006401,CUST00855,Influencer,2023-04-03,2023-04,0,0,0,0,1391.96,-100.0,Mid-Range
CAMP0006402,CUST00855,Email,2022-05-12,2022-05,0,0,0,0,19.92,-100.0,Mid-Range
CAMP0006403,CUST00855,Display Ad,2024-01-30,2024-01,0,0,0,0,517.51,-100.0,Mid-Range
CAMP0006404,CUST00855,Paid Social,2022-09-05,2022-09,0,0,0,0,1014.42,-100.0,Mid-Range
CAMP0006405,CUST00855,Influencer,2023-02-23,2023-02,0,0,0,0,890.06,-100.0,Mid-Range
CAMP0006406,CUST00855,Influencer,2023-09-12,2023-09,0,0,0,0,607.97,-100.0,Mid-Range
CAMP0006407,CUST00856,Display Ad,2022-09-27,2022-09,0,0,0,0,999.1,-100.0,Mid-Range
CAMP0006408,CUST00856,Influencer,2024-02-04,2024-02,1,0,0,0,1130.81,-100.0,Mid-Range
CAMP0006409,CUST00856,Email,2023-04-02,2023-04,1,1,1,73.9,30.24,144.4,Mid-Range
CAMP0006410,CUST00856,Push Notification,2023-09-27,2023-09,1,1,0,0,25.15,-100.0,Mid-Range
CAMP0006411,CUST00856,SMS,2023-11-03,2023-11,1,0,0,0,118.99,-100.0,Mid-Range
CAMP0006412,CUST00856,Email,2023-02-18,2023-02,0,0,0,0,56.59,-100.0,Mid-Range
CAMP0006413,CUST00856,Email,2023-10-16,2023-10,0,0,0,0,51.94,-100.0,Mid-Range
CAMP0006414,CUST00856,Email,2022-11-15,2022-11,0,0,0,0,17.86,-100.0,Mid-Range
CAMP0006415,CUST00856,Paid Social,2024-01-29,2024-01,1,1,0,0,1687.26,-100.0,Mid-Range
CAMP0006416,CUST00856,Email,2023-08-11,2023-08,0,0,0,0,48.06,-100.0,Mid-Range
CAMP0006417,CUST00857,Paid Social,2023-01-15,2023-01,0,0,0,0,960.08,-100.0,Premium
CAMP0006418,CUST00857,Influencer,2022-08-05,2022-08,0,0,0,0,500.39,-100.0,Premium
CAMP0006419,CUST00857,Influencer,2022-08-23,2022-08,1,1,0,0,961.73,-100.0,Premium
CAMP0006420,CUST00857,Email,2022-06-22,2022-06,1,0,0,0,18.89,-100.0,Premium
CAMP0006421,CUST00857,Email,2023-05-18,2023-05,1,0,0,0,18.31,-100.0,Premium
CAMP0006422,CUST00857,Influencer,2022-02-06,2022-02,0,0,0,0,724.44,-100.0,Premium
CAMP0006423,CUST00857,Influencer,2023-06-14,2023-06,0,0,0,0,1637.25,-100.0,Premium
CAMP0006424,CUST00857,Paid Social,2022-10-13,2022-10,0,0,0,0,2235.81,-100.0,Premium
CAMP0006425,CUST00857,Email,2024-01-17,2024-01,1,1,0,0,17.33,-100.0,Premium
CAMP0006426,CUST00857,Influencer,2022-09-11,2022-09,1,0,0,0,574.26,-100.0,Premium
CAMP0006427,CUST00858,SMS,2024-02-24,2024-02,0,0,0,0,64.03,-100.0,Mid-Range
CAMP0006428,CUST00858,Display Ad,2023-12-12,2023-12,0,0,0,0,483.64,-100.0,Mid-Range
CAMP0006429,CUST00858,Push Notification,2023-10-10,2023-10,0,0,0,0,13.3,-100.0,Mid-Range
CAMP0006430,CUST00858,Email,2024-02-04,2024-02,1,1,0,0,51.36,-100.0,Mid-Range
CAMP0006431,CUST00858,Paid Social,2023-10-09,2023-10,0,0,0,0,1897.82,-100.0,Mid-Range
CAMP0006432,CUST00858,Paid Social,2023-09-25,2023-09,0,0,0,0,1258.37,-100.0,Mid-Range
CAMP0006433,CUST00858,Push Notification,2023-11-10,2023-11,0,0,0,0,13.86,-100.0,Mid-Range
CAMP0006434,CUST00858,SMS,2023-11-28,2023-11,0,0,0,0,74.45,-100.0,Mid-Range
CAMP0006435,CUST00858,Display Ad,2023-10-05,2023-10,0,0,0,0,1026.32,-100.0,Mid-Range
CAMP0006436,CUST00858,Paid Social,2024-03-29,2024-03,0,0,0,0,1387.0,-100.0,Mid-Range
CAMP0006437,CUST00858,Email,2024-02-02,2024-02,0,0,0,0,32.73,-100.0,Mid-Range
CAMP0006438,CUST00858,Paid Social,2023-10-14,2023-10,0,0,0,0,1538.58,-100.0,Mid-Range
CAMP0006439,CUST00859,Email,2023-03-27,2023-03,0,0,0,0,49.76,-100.0,Mid-Range
CAMP0006440,CUST00859,Influencer,2023-07-11,2023-07,0,0,0,0,1459.22,-100.0,Mid-Range
CAMP0006441,CUST00859,Influencer,2023-11-05,2023-11,1,1,0,0,586.44,-100.0,Mid-Range
CAMP0006442,CUST00859,SMS,2024-01-11,2024-01,1,0,0,0,84.69,-100.0,Mid-Range
CAMP0006443,CUST00859,Email,2023-05-14,2023-05,0,0,0,0,58.09,-100.0,Mid-Range
CAMP0006444,CUST00859,Push Notification,2023-10-10,2023-10,1,1,1,107.17,22.98,366.4,Mid-Range
CAMP0006445,CUST00859,Paid Social,2023-10-05,2023-10,0,0,0,0,2230.32,-100.0,Mid-Range
CAMP0006446,CUST00859,Email,2023-07-22,2023-07,0,0,0,0,34.63,-100.0,Mid-Range
CAMP0006447,CUST00859,Paid Social,2023-12-04,2023-12,0,0,0,0,1180.0,-100.0,Mid-Range
CAMP0006448,CUST00859,Email,2023-08-28,2023-08,0,0,0,0,40.39,-100.0,Mid-Range
CAMP0006449,CUST00860,SMS,2022-12-09,2022-12,0,0,0,0,39.35,-100.0,Luxury
CAMP0006450,CUST00860,Paid Social,2022-09-27,2022-09,0,0,0,0,2489.21,-100.0,Luxury
CAMP0006451,CUST00860,Display Ad,2023-01-17,2023-01,0,0,0,0,546.81,-100.0,Luxury
CAMP0006452,CUST00860,Email,2023-03-05,2023-03,0,0,0,0,48.76,-100.0,Luxury
CAMP0006453,CUST00860,Email,2023-11-29,2023-11,0,0,0,0,57.68,-100.0,Luxury
CAMP0006454,CUST00860,Email,2023-09-24,2023-09,0,0,0,0,55.47,-100.0,Luxury
CAMP0006455,CUST00860,Influencer,2023-08-03,2023-08,0,0,0,0,639.97,-100.0,Luxury
CAMP0006456,CUST00860,SMS,2023-10-27,2023-10,1,0,0,0,104.31,-100.0,Luxury
CAMP0006457,CUST00860,SMS,2022-10-09,2022-10,0,0,0,0,108.29,-100.0,Luxury
CAMP0006458,CUST00860,Email,2023-11-05,2023-11,0,0,0,0,55.24,-100.0,Luxury
CAMP0006459,CUST00861,Paid Social,2023-06-26,2023-06,0,0,0,0,1806.39,-100.0,Budget
CAMP0006460,CUST00861,Push Notification,2022-09-20,2022-09,0,0,0,0,9.35,-100.0,Budget
CAMP0006461,CUST00861,Email,2023-12-22,2023-12,0,0,0,0,33.56,-100.0,Budget
CAMP0006462,CUST00861,Paid Social,2023-04-22,2023-04,1,1,1,120.67,1860.06,-93.5,Budget
CAMP0006463,CUST00862,Paid Social,2023-08-28,2023-08,0,0,0,0,2445.63,-100.0,Budget
CAMP0006464,CUST00862,Paid Social,2023-02-07,2023-02,0,0,0,0,1484.58,-100.0,Budget
CAMP0006465,CUST00862,SMS,2023-09-15,2023-09,1,0,0,0,63.11,-100.0,Budget
CAMP0006466,CUST00862,Paid Social,2023-02-11,2023-02,0,0,0,0,1421.21,-100.0,Budget
CAMP0006467,CUST00862,SMS,2023-09-16,2023-09,0,0,0,0,115.06,-100.0,Budget
CAMP0006468,CUST00862,Display Ad,2022-12-08,2022-12,0,0,0,0,923.68,-100.0,Budget
CAMP0006469,CUST00862,Email,2023-11-03,2023-11,0,0,0,0,39.2,-100.0,Budget
CAMP0006470,CUST00862,Email,2023-05-17,2023-05,0,0,0,0,25.71,-100.0,Budget
CAMP0006471,CUST00862,Push Notification,2023-05-03,2023-05,1,0,0,0,21.16,-100.0,Budget
CAMP0006472,CUST00863,Email,2023-10-11,2023-10,0,0,0,0,34.28,-100.0,Premium
CAMP0006473,CUST00863,Email,2023-10-07,2023-10,0,0,0,0,21.06,-100.0,Premium
CAMP0006474,CUST00863,Paid Social,2023-10-26,2023-10,0,0,0,0,1172.15,-100.0,Premium
CAMP0006475,CUST00863,SMS,2023-11-06,2023-11,0,0,0,0,90.18,-100.0,Premium
CAMP0006476,CUST00863,Display Ad,2024-02-09,2024-02,0,0,0,0,664.4,-100.0,Premium
CAMP0006477,CUST00863,Paid Social,2023-12-26,2023-12,0,0,0,0,1999.73,-100.0,Premium
CAMP0006478,CUST00863,Influencer,2023-11-01,2023-11,0,0,0,0,1327.26,-100.0,Premium
CAMP0006479,CUST00863,Influencer,2024-02-29,2024-02,0,0,0,0,1198.1,-100.0,Premium
CAMP0006480,CUST00864,Paid Social,2023-10-08,2023-10,0,0,0,0,1668.39,-100.0,Luxury
CAMP0006481,CUST00864,Paid Social,2022-12-30,2022-12,0,0,0,0,740.58,-100.0,Luxury
CAMP0006482,CUST00864,Email,2023-01-19,2023-01,1,0,0,0,51.09,-100.0,Luxury
CAMP0006483,CUST00864,Display Ad,2023-11-08,2023-11,0,0,0,0,985.15,-100.0,Luxury
CAMP0006484,CUST00864,Paid Social,2024-03-05,2024-03,0,0,0,0,1262.68,-100.0,Luxury
CAMP0006485,CUST00864,Email,2023-01-25,2023-01,0,0,0,0,28.58,-100.0,Luxury
CAMP0006486,CUST00864,Email,2024-03-04,2024-03,0,0,0,0,17.09,-100.0,Luxury
CAMP0006487,CUST00864,Paid Social,2023-12-27,2023-12,1,0,0,0,817.61,-100.0,Luxury
CAMP0006488,CUST00864,Email,2023-04-24,2023-04,0,0,0,0,18.07,-100.0,Luxury
CAMP0006489,CUST00864,Email,2023-08-23,2023-08,0,0,0,0,46.34,-100.0,Luxury
CAMP0006490,CUST00864,Paid Social,2022-12-14,2022-12,0,0,0,0,2168.6,-100.0,Luxury
CAMP0006491,CUST00865,Display Ad,2023-12-26,2023-12,0,0,0,0,558.62,-100.0,Premium
CAMP0006492,CUST00865,Email,2023-05-09,2023-05,1,0,0,0,37.7,-100.0,Premium
CAMP0006493,CUST00865,Influencer,2024-03-08,2024-03,0,0,0,0,884.04,-100.0,Premium
CAMP0006494,CUST00865,Influencer,2022-04-26,2022-04,0,0,0,0,895.3,-100.0,Premium
CAMP0006495,CUST00865,Paid Social,2023-12-17,2023-12,0,0,0,0,973.27,-100.0,Premium
CAMP0006496,CUST00865,Paid Social,2022-04-19,2022-04,0,0,0,0,1949.09,-100.0,Premium
CAMP0006497,CUST00865,Paid Social,2022-08-05,2022-08,0,0,0,0,925.93,-100.0,Premium
CAMP0006498,CUST00865,Email,2023-08-25,2023-08,0,0,0,0,57.75,-100.0,Premium
CAMP0006499,CUST00865,Email,2022-09-25,2022-09,0,0,0,0,33.85,-100.0,Premium
CAMP0006500,CUST00865,Email,2023-08-06,2023-08,0,0,0,0,47.89,-100.0,Premium
CAMP0006501,CUST00866,Email,2023-09-02,2023-09,0,0,0,0,29.8,-100.0,Luxury
CAMP0006502,CUST00866,SMS,2023-03-18,2023-03,1,1,1,128.65,104.19,23.5,Luxury
CAMP0006503,CUST00866,Push Notification,2023-01-03,2023-01,1,0,0,0,25.42,-100.0,Luxury
CAMP0006504,CUST00866,Push Notification,2023-10-12,2023-10,0,0,0,0,10.07,-100.0,Luxury
CAMP0006505,CUST00866,Email,2023-12-13,2023-12,1,0,0,0,24.56,-100.0,Luxury
CAMP0006506,CUST00866,Paid Social,2023-10-26,2023-10,1,0,0,0,899.57,-100.0,Luxury
CAMP0006507,CUST00866,SMS,2024-03-23,2024-03,1,0,0,0,73.16,-100.0,Luxury
CAMP0006508,CUST00866,Paid Social,2024-02-27,2024-02,0,0,0,0,2063.07,-100.0,Luxury
CAMP0006509,CUST00867,Email,2024-02-12,2024-02,0,0,0,0,20.33,-100.0,Budget
CAMP0006510,CUST00867,Email,2022-10-16,2022-10,0,0,0,0,50.22,-100.0,Budget
CAMP0006511,CUST00867,Paid Social,2023-03-17,2023-03,0,0,0,0,2167.28,-100.0,Budget
CAMP0006512,CUST00868,Email,2023-02-16,2023-02,0,0,0,0,59.35,-100.0,Mid-Range
CAMP0006513,CUST00868,Display Ad,2022-08-03,2022-08,0,0,0,0,370.92,-100.0,Mid-Range
CAMP0006514,CUST00868,Influencer,2023-07-09,2023-07,0,0,0,0,1207.56,-100.0,Mid-Range
CAMP0006515,CUST00868,SMS,2023-05-07,2023-05,1,1,1,89.36,100.06,-10.7,Mid-Range
CAMP0006516,CUST00868,Influencer,2024-01-23,2024-01,0,0,0,0,721.54,-100.0,Mid-Range
CAMP0006517,CUST00869,Paid Social,2024-01-15,2024-01,0,0,0,0,1352.4,-100.0,Budget
CAMP0006518,CUST00869,Influencer,2024-03-08,2024-03,1,1,0,0,577.44,-100.0,Budget
CAMP0006519,CUST00869,Paid Social,2023-05-20,2023-05,1,0,0,0,1230.77,-100.0,Budget
CAMP0006520,CUST00869,Display Ad,2023-08-01,2023-08,0,0,0,0,731.27,-100.0,Budget
CAMP0006521,CUST00869,Email,2023-07-10,2023-07,0,0,0,0,19.51,-100.0,Budget
CAMP0006522,CUST00869,Influencer,2023-06-20,2023-06,0,0,0,0,604.55,-100.0,Budget
CAMP0006523,CUST00869,Influencer,2023-10-31,2023-10,0,0,0,0,1541.99,-100.0,Budget
CAMP0006524,CUST00869,Influencer,2023-11-27,2023-11,1,0,0,0,932.5,-100.0,Budget
CAMP0006525,CUST00870,Email,2023-06-05,2023-06,0,0,0,0,18.51,-100.0,Mid-Range
CAMP0006526,CUST00870,Paid Social,2023-07-15,2023-07,0,0,0,0,2484.06,-100.0,Mid-Range
CAMP0006527,CUST00870,Influencer,2023-04-16,2023-04,0,0,0,0,1326.28,-100.0,Mid-Range
CAMP0006528,CUST00870,SMS,2023-05-19,2023-05,0,0,0,0,69.72,-100.0,Mid-Range
CAMP0006529,CUST00871,Display Ad,2024-03-13,2024-03,0,0,0,0,601.63,-100.0,Budget
CAMP0006530,CUST00871,Paid Social,2022-11-26,2022-11,0,0,0,0,2102.13,-100.0,Budget
CAMP0006531,CUST00871,Push Notification,2024-01-31,2024-01,0,0,0,0,16.53,-100.0,Budget
CAMP0006532,CUST00872,Influencer,2023-01-20,2023-01,0,0,0,0,1635.63,-100.0,Budget
CAMP0006533,CUST00872,Paid Social,2023-09-13,2023-09,0,0,0,0,1506.79,-100.0,Budget
CAMP0006534,CUST00872,Influencer,2022-10-29,2022-10,1,0,0,0,636.36,-100.0,Budget
CAMP0006535,CUST00872,Email,2022-11-30,2022-11,1,0,0,0,57.67,-100.0,Budget
CAMP0006536,CUST00872,Push Notification,2023-01-17,2023-01,1,1,0,0,9.5,-100.0,Budget
CAMP0006537,CUST00872,Paid Social,2023-07-08,2023-07,0,0,0,0,2197.03,-100.0,Budget
CAMP0006538,CUST00872,Email,2024-02-24,2024-02,0,0,0,0,28.12,-100.0,Budget
CAMP0006539,CUST00872,Paid Social,2022-12-08,2022-12,0,0,0,0,1153.31,-100.0,Budget
CAMP0006540,CUST00872,Influencer,2024-02-29,2024-02,1,0,0,0,1394.81,-100.0,Budget
CAMP0006541,CUST00872,Email,2023-06-24,2023-06,0,0,0,0,44.29,-100.0,Budget
CAMP0006542,CUST00872,SMS,2022-12-22,2022-12,1,1,1,196.34,54.08,263.1,Budget
CAMP0006543,CUST00872,Email,2023-11-20,2023-11,0,0,0,0,18.54,-100.0,Budget
CAMP0006544,CUST00873,Email,2023-05-14,2023-05,0,0,0,0,19.07,-100.0,Premium
CAMP0006545,CUST00873,Influencer,2023-02-23,2023-02,1,0,0,0,556.93,-100.0,Premium
CAMP0006546,CUST00873,Influencer,2023-09-16,2023-09,1,1,1,47.91,581.61,-91.8,Premium
CAMP0006547,CUST00873,Paid Social,2024-01-05,2024-01,0,0,0,0,1080.33,-100.0,Premium
CAMP0006548,CUST00873,Influencer,2023-09-27,2023-09,0,0,0,0,1544.76,-100.0,Premium
CAMP0006549,CUST00873,Display Ad,2023-05-17,2023-05,1,0,0,0,666.19,-100.0,Premium
CAMP0006550,CUST00873,Paid Social,2023-06-11,2023-06,0,0,0,0,1363.92,-100.0,Premium
CAMP0006551,CUST00874,Email,2023-09-01,2023-09,1,0,0,0,17.53,-100.0,Mid-Range
CAMP0006552,CUST00874,Influencer,2023-05-13,2023-05,1,0,0,0,582.7,-100.0,Mid-Range
CAMP0006553,CUST00874,Paid Social,2023-07-18,2023-07,0,0,0,0,1902.31,-100.0,Mid-Range
CAMP0006554,CUST00874,Influencer,2023-09-09,2023-09,0,0,0,0,984.65,-100.0,Mid-Range
CAMP0006555,CUST00874,Push Notification,2024-03-24,2024-03,0,0,0,0,16.67,-100.0,Mid-Range
CAMP0006556,CUST00874,SMS,2023-06-15,2023-06,0,0,0,0,88.43,-100.0,Mid-Range
CAMP0006557,CUST00874,Influencer,2023-06-08,2023-06,0,0,0,0,1571.79,-100.0,Mid-Range
CAMP0006558,CUST00874,Paid Social,2024-01-12,2024-01,0,0,0,0,2192.66,-100.0,Mid-Range
CAMP0006559,CUST00874,Paid Social,2023-04-04,2023-04,0,0,0,0,2274.02,-100.0,Mid-Range
CAMP0006560,CUST00874,Push Notification,2024-01-08,2024-01,0,0,0,0,12.99,-100.0,Mid-Range
CAMP0006561,CUST00874,SMS,2023-09-10,2023-09,1,0,0,0,41.18,-100.0,Mid-Range
CAMP0006562,CUST00875,Email,2023-02-10,2023-02,0,0,0,0,47.53,-100.0,Premium
CAMP0006563,CUST00875,Influencer,2024-02-22,2024-02,1,0,0,0,732.06,-100.0,Premium
CAMP0006564,CUST00875,Email,2023-08-25,2023-08,0,0,0,0,32.02,-100.0,Premium
CAMP0006565,CUST00876,SMS,2023-02-21,2023-02,1,0,0,0,95.78,-100.0,Mid-Range
CAMP0006566,CUST00876,Email,2022-11-03,2022-11,0,0,0,0,45.58,-100.0,Mid-Range
CAMP0006567,CUST00876,Paid Social,2024-03-09,2024-03,0,0,0,0,1593.61,-100.0,Mid-Range
CAMP0006568,CUST00877,Email,2024-03-10,2024-03,0,0,0,0,40.94,-100.0,Mid-Range
CAMP0006569,CUST00877,Email,2023-07-22,2023-07,1,0,0,0,55.8,-100.0,Mid-Range
CAMP0006570,CUST00877,SMS,2024-03-02,2024-03,0,0,0,0,105.19,-100.0,Mid-Range
CAMP0006571,CUST00877,Push Notification,2024-03-11,2024-03,1,0,0,0,18.99,-100.0,Mid-Range
CAMP0006572,CUST00877,Influencer,2024-02-01,2024-02,0,0,0,0,1270.05,-100.0,Mid-Range
CAMP0006573,CUST00877,Paid Social,2024-02-15,2024-02,0,0,0,0,2216.08,-100.0,Mid-Range
CAMP0006574,CUST00877,Influencer,2023-07-24,2023-07,0,0,0,0,1103.61,-100.0,Mid-Range
CAMP0006575,CUST00877,Email,2023-08-26,2023-08,0,0,0,0,35.22,-100.0,Mid-Range
CAMP0006576,CUST00878,Paid Social,2023-10-25,2023-10,0,0,0,0,681.96,-100.0,Budget
CAMP0006577,CUST00878,Paid Social,2022-03-12,2022-03,0,0,0,0,1561.1,-100.0,Budget
CAMP0006578,CUST00878,Influencer,2022-04-20,2022-04,0,0,0,0,1512.07,-100.0,Budget
CAMP0006579,CUST00878,Push Notification,2023-09-25,2023-09,0,0,0,0,18.97,-100.0,Budget
CAMP0006580,CUST00878,Paid Social,2024-01-08,2024-01,0,0,0,0,1951.59,-100.0,Budget
CAMP0006581,CUST00878,Influencer,2022-04-15,2022-04,0,0,0,0,850.21,-100.0,Budget
CAMP0006582,CUST00879,Paid Social,2023-11-14,2023-11,0,0,0,0,2444.74,-100.0,Budget
CAMP0006583,CUST00879,Email,2023-09-23,2023-09,0,0,0,0,46.99,-100.0,Budget
CAMP0006584,CUST00879,Email,2023-09-14,2023-09,0,0,0,0,37.47,-100.0,Budget
CAMP0006585,CUST00879,Influencer,2023-04-20,2023-04,0,0,0,0,1485.93,-100.0,Budget
CAMP0006586,CUST00879,Paid Social,2023-06-19,2023-06,0,0,0,0,1016.73,-100.0,Budget
CAMP0006587,CUST00879,Influencer,2022-10-27,2022-10,0,0,0,0,883.91,-100.0,Budget
CAMP0006588,CUST00879,Paid Social,2023-12-22,2023-12,0,0,0,0,2381.5,-100.0,Budget
CAMP0006589,CUST00879,Email,2023-11-23,2023-11,0,0,0,0,24.12,-100.0,Budget
CAMP0006590,CUST00879,Paid Social,2024-01-05,2024-01,0,0,0,0,1294.07,-100.0,Budget
CAMP0006591,CUST00879,Push Notification,2022-12-02,2022-12,1,0,0,0,19.89,-100.0,Budget
CAMP0006592,CUST00879,Paid Social,2022-12-21,2022-12,0,0,0,0,1523.89,-100.0,Budget
CAMP0006593,CUST00880,Paid Social,2023-11-20,2023-11,1,0,0,0,2508.63,-100.0,Mid-Range
CAMP0006594,CUST00880,Influencer,2023-07-30,2023-07,0,0,0,0,834.62,-100.0,Mid-Range
CAMP0006595,CUST00880,Paid Social,2023-07-31,2023-07,0,0,0,0,2510.27,-100.0,Mid-Range
CAMP0006596,CUST00880,SMS,2023-06-07,2023-06,0,0,0,0,42.07,-100.0,Mid-Range
CAMP0006597,CUST00880,Push Notification,2024-01-21,2024-01,0,0,0,0,8.05,-100.0,Mid-Range
CAMP0006598,CUST00880,Paid Social,2024-03-13,2024-03,1,0,0,0,2318.26,-100.0,Mid-Range
CAMP0006599,CUST00880,Influencer,2023-10-19,2023-10,0,0,0,0,524.34,-100.0,Mid-Range
CAMP0006600,CUST00880,Email,2023-06-27,2023-06,1,0,0,0,53.5,-100.0,Mid-Range
CAMP0006601,CUST00880,Email,2023-12-17,2023-12,0,0,0,0,55.85,-100.0,Mid-Range
CAMP0006602,CUST00880,Influencer,2023-10-14,2023-10,0,0,0,0,1198.6,-100.0,Mid-Range
CAMP0006603,CUST00881,Email,2023-11-29,2023-11,0,0,0,0,20.74,-100.0,Budget
CAMP0006604,CUST00881,Email,2023-06-15,2023-06,0,0,0,0,19.55,-100.0,Budget
CAMP0006605,CUST00881,Paid Social,2023-08-15,2023-08,0,0,0,0,2544.49,-100.0,Budget
CAMP0006606,CUST00881,Email,2024-01-03,2024-01,1,0,0,0,53.3,-100.0,Budget
CAMP0006607,CUST00881,Email,2023-08-04,2023-08,0,0,0,0,41.28,-100.0,Budget
CAMP0006608,CUST00881,Paid Social,2024-02-21,2024-02,0,0,0,0,1532.42,-100.0,Budget
CAMP0006609,CUST00882,Display Ad,2023-11-29,2023-11,0,0,0,0,766.19,-100.0,Luxury
CAMP0006610,CUST00882,SMS,2023-09-10,2023-09,0,0,0,0,34.09,-100.0,Luxury
CAMP0006611,CUST00882,Email,2024-03-25,2024-03,0,0,0,0,25.99,-100.0,Luxury
CAMP0006612,CUST00882,Email,2023-08-18,2023-08,0,0,0,0,25.62,-100.0,Luxury
CAMP0006613,CUST00883,Email,2024-01-22,2024-01,1,0,0,0,37.11,-100.0,Premium
CAMP0006614,CUST00883,Influencer,2023-09-23,2023-09,0,0,0,0,1574.73,-100.0,Premium
CAMP0006615,CUST00883,Email,2023-10-26,2023-10,0,0,0,0,31.12,-100.0,Premium
CAMP0006616,CUST00883,Paid Social,2023-08-14,2023-08,0,0,0,0,748.19,-100.0,Premium
CAMP0006617,CUST00883,Paid Social,2023-05-17,2023-05,1,1,0,0,2229.05,-100.0,Premium
CAMP0006618,CUST00883,Display Ad,2023-03-24,2023-03,0,0,0,0,293.41,-100.0,Premium
CAMP0006619,CUST00884,Email,2023-06-19,2023-06,1,0,0,0,35.72,-100.0,Mid-Range
CAMP0006620,CUST00884,Email,2023-03-03,2023-03,0,0,0,0,58.66,-100.0,Mid-Range
CAMP0006621,CUST00884,SMS,2023-02-04,2023-02,0,0,0,0,56.17,-100.0,Mid-Range
CAMP0006622,CUST00885,Display Ad,2023-01-22,2023-01,0,0,0,0,352.8,-100.0,Budget
CAMP0006623,CUST00885,SMS,2023-05-11,2023-05,1,0,0,0,108.82,-100.0,Budget
CAMP0006624,CUST00885,Influencer,2023-12-14,2023-12,1,1,0,0,1301.01,-100.0,Budget
CAMP0006625,CUST00885,Paid Social,2022-12-29,2022-12,1,1,0,0,1401.59,-100.0,Budget
CAMP0006626,CUST00885,Paid Social,2022-11-28,2022-11,0,0,0,0,753.65,-100.0,Budget
CAMP0006627,CUST00885,Influencer,2024-01-06,2024-01,1,0,0,0,1038.54,-100.0,Budget
CAMP0006628,CUST00885,SMS,2023-11-13,2023-11,0,0,0,0,82.41,-100.0,Budget
CAMP0006629,CUST00885,Email,2022-06-22,2022-06,0,0,0,0,26.67,-100.0,Budget
CAMP0006630,CUST00885,Email,2023-01-07,2023-01,0,0,0,0,56.12,-100.0,Budget
CAMP0006631,CUST00886,Influencer,2023-10-15,2023-10,0,0,0,0,1419.08,-100.0,Mid-Range
CAMP0006632,CUST00886,Display Ad,2023-10-07,2023-10,0,0,0,0,815.31,-100.0,Mid-Range
CAMP0006633,CUST00886,Paid Social,2023-10-06,2023-10,0,0,0,0,1917.47,-100.0,Mid-Range
CAMP0006634,CUST00886,Display Ad,2023-12-02,2023-12,0,0,0,0,973.5,-100.0,Mid-Range
CAMP0006635,CUST00887,Paid Social,2023-01-22,2023-01,1,0,0,0,1288.68,-100.0,Mid-Range
CAMP0006636,CUST00887,SMS,2022-03-20,2022-03,1,0,0,0,48.17,-100.0,Mid-Range
CAMP0006637,CUST00887,Email,2023-11-12,2023-11,0,0,0,0,56.84,-100.0,Mid-Range
CAMP0006638,CUST00887,SMS,2022-05-10,2022-05,0,0,0,0,92.36,-100.0,Mid-Range
CAMP0006639,CUST00887,Push Notification,2023-12-16,2023-12,0,0,0,0,26.94,-100.0,Mid-Range
CAMP0006640,CUST00887,Email,2023-02-08,2023-02,0,0,0,0,24.55,-100.0,Mid-Range
CAMP0006641,CUST00888,Paid Social,2023-06-15,2023-06,0,0,0,0,1298.27,-100.0,Budget
CAMP0006642,CUST00888,SMS,2023-10-21,2023-10,0,0,0,0,92.6,-100.0,Budget
CAMP0006643,CUST00888,Email,2023-08-20,2023-08,0,0,0,0,31.95,-100.0,Budget
CAMP0006644,CUST00888,Paid Social,2023-11-29,2023-11,0,0,0,0,2212.94,-100.0,Budget
CAMP0006645,CUST00888,Display Ad,2023-10-13,2023-10,0,0,0,0,901.37,-100.0,Budget
CAMP0006646,CUST00888,Influencer,2023-07-02,2023-07,0,0,0,0,571.36,-100.0,Budget
CAMP0006647,CUST00888,SMS,2023-09-17,2023-09,0,0,0,0,87.99,-100.0,Budget
CAMP0006648,CUST00888,Email,2024-02-20,2024-02,0,0,0,0,57.27,-100.0,Budget
CAMP0006649,CUST00888,SMS,2023-06-17,2023-06,1,0,0,0,63.61,-100.0,Budget
CAMP0006650,CUST00888,Display Ad,2024-01-16,2024-01,0,0,0,0,313.61,-100.0,Budget
CAMP0006651,CUST00888,Influencer,2023-05-07,2023-05,1,0,0,0,1576.16,-100.0,Budget
CAMP0006652,CUST00889,Paid Social,2023-11-26,2023-11,0,0,0,0,2436.93,-100.0,Budget
CAMP0006653,CUST00889,Email,2023-12-10,2023-12,0,0,0,0,28.25,-100.0,Budget
CAMP0006654,CUST00889,Push Notification,2023-08-18,2023-08,0,0,0,0,13.96,-100.0,Budget
CAMP0006655,CUST00889,Email,2023-11-30,2023-11,0,0,0,0,46.24,-100.0,Budget
CAMP0006656,CUST00889,Display Ad,2023-06-12,2023-06,0,0,0,0,636.53,-100.0,Budget
CAMP0006657,CUST00889,Email,2023-09-12,2023-09,1,1,1,122.82,40.93,200.1,Budget
CAMP0006658,CUST00889,Email,2023-07-10,2023-07,0,0,0,0,41.98,-100.0,Budget
CAMP0006659,CUST00889,SMS,2023-09-11,2023-09,0,0,0,0,44.11,-100.0,Budget
CAMP0006660,CUST00889,Paid Social,2023-02-26,2023-02,0,0,0,0,2008.55,-100.0,Budget
CAMP0006661,CUST00889,Email,2023-06-04,2023-06,0,0,0,0,56.55,-100.0,Budget
CAMP0006662,CUST00890,Push Notification,2022-05-13,2022-05,0,0,0,0,8.49,-100.0,Mid-Range
CAMP0006663,CUST00890,Paid Social,2023-09-21,2023-09,0,0,0,0,1800.21,-100.0,Mid-Range
CAMP0006664,CUST00890,Email,2022-09-29,2022-09,0,0,0,0,16.46,-100.0,Mid-Range
CAMP0006665,CUST00890,Paid Social,2023-04-08,2023-04,0,0,0,0,1494.14,-100.0,Mid-Range
CAMP0006666,CUST00890,SMS,2023-10-19,2023-10,1,0,0,0,113.11,-100.0,Mid-Range
CAMP0006667,CUST00890,Paid Social,2023-09-17,2023-09,1,0,0,0,1162.55,-100.0,Mid-Range
CAMP0006668,CUST00890,Email,2023-01-31,2023-01,0,0,0,0,53.13,-100.0,Mid-Range
CAMP0006669,CUST00890,Paid Social,2023-10-14,2023-10,0,0,0,0,2491.0,-100.0,Mid-Range
CAMP0006670,CUST00890,Influencer,2023-01-14,2023-01,0,0,0,0,1472.32,-100.0,Mid-Range
CAMP0006671,CUST00890,Email,2022-10-15,2022-10,0,0,0,0,39.92,-100.0,Mid-Range
CAMP0006672,CUST00890,SMS,2023-10-17,2023-10,0,0,0,0,69.17,-100.0,Mid-Range
CAMP0006673,CUST00890,Paid Social,2022-12-24,2022-12,0,0,0,0,2314.22,-100.0,Mid-Range
CAMP0006674,CUST00891,SMS,2023-10-25,2023-10,0,0,0,0,73.81,-100.0,Budget
CAMP0006675,CUST00891,Paid Social,2024-02-19,2024-02,1,0,0,0,1233.15,-100.0,Budget
CAMP0006676,CUST00891,Email,2023-01-03,2023-01,0,0,0,0,30.74,-100.0,Budget
CAMP0006677,CUST00891,Email,2024-01-14,2024-01,1,0,0,0,58.63,-100.0,Budget
CAMP0006678,CUST00891,Display Ad,2023-02-16,2023-02,0,0,0,0,995.53,-100.0,Budget
CAMP0006679,CUST00891,Display Ad,2024-02-05,2024-02,0,0,0,0,903.14,-100.0,Budget
CAMP0006680,CUST00891,Email,2024-03-27,2024-03,1,0,0,0,19.91,-100.0,Budget
CAMP0006681,CUST00892,SMS,2023-07-20,2023-07,1,0,0,0,99.96,-100.0,Budget
CAMP0006682,CUST00892,Push Notification,2023-01-12,2023-01,0,0,0,0,18.76,-100.0,Budget
CAMP0006683,CUST00892,Email,2023-06-15,2023-06,1,0,0,0,26.46,-100.0,Budget
CAMP0006684,CUST00892,Influencer,2022-11-27,2022-11,1,0,0,0,835.38,-100.0,Budget
CAMP0006685,CUST00892,Display Ad,2024-03-17,2024-03,0,0,0,0,590.79,-100.0,Budget
CAMP0006686,CUST00892,Email,2023-03-09,2023-03,0,0,0,0,18.75,-100.0,Budget
CAMP0006687,CUST00892,Influencer,2022-11-10,2022-11,0,0,0,0,1559.64,-100.0,Budget
CAMP0006688,CUST00892,Paid Social,2023-07-16,2023-07,0,0,0,0,937.71,-100.0,Budget
CAMP0006689,CUST00893,Email,2023-02-26,2023-02,1,1,0,0,22.11,-100.0,Mid-Range
CAMP0006690,CUST00893,Email,2023-06-22,2023-06,0,0,0,0,39.4,-100.0,Mid-Range
CAMP0006691,CUST00893,Email,2023-09-15,2023-09,1,0,0,0,18.27,-100.0,Mid-Range
CAMP0006692,CUST00893,Email,2023-05-18,2023-05,1,0,0,0,18.43,-100.0,Mid-Range
CAMP0006693,CUST00893,Email,2023-04-06,2023-04,1,1,1,137.81,26.07,428.6,Mid-Range
CAMP0006694,CUST00893,Paid Social,2023-09-30,2023-09,0,0,0,0,1117.13,-100.0,Mid-Range
CAMP0006695,CUST00893,Paid Social,2022-11-23,2022-11,0,0,0,0,1964.76,-100.0,Mid-Range
CAMP0006696,CUST00894,Paid Social,2023-06-16,2023-06,0,0,0,0,2329.35,-100.0,Mid-Range
CAMP0006697,CUST00894,Paid Social,2022-12-09,2022-12,1,0,0,0,2332.42,-100.0,Mid-Range
CAMP0006698,CUST00894,Push Notification,2023-12-16,2023-12,0,0,0,0,27.16,-100.0,Mid-Range
CAMP0006699,CUST00894,Email,2023-06-06,2023-06,1,0,0,0,55.79,-100.0,Mid-Range
CAMP0006700,CUST00895,Email,2024-02-14,2024-02,0,0,0,0,53.48,-100.0,Mid-Range
CAMP0006701,CUST00895,Email,2023-08-09,2023-08,0,0,0,0,45.75,-100.0,Mid-Range
CAMP0006702,CUST00895,Display Ad,2023-05-01,2023-05,0,0,0,0,1035.52,-100.0,Mid-Range
CAMP0006703,CUST00895,Email,2022-11-20,2022-11,1,0,0,0,22.2,-100.0,Mid-Range
CAMP0006704,CUST00895,Paid Social,2022-09-30,2022-09,0,0,0,0,1517.44,-100.0,Mid-Range
CAMP0006705,CUST00895,Influencer,2023-05-05,2023-05,0,0,0,0,864.87,-100.0,Mid-Range
CAMP0006706,CUST00895,Email,2023-01-21,2023-01,0,0,0,0,38.89,-100.0,Mid-Range
CAMP0006707,CUST00895,Push Notification,2023-07-22,2023-07,0,0,0,0,17.55,-100.0,Mid-Range
CAMP0006708,CUST00895,SMS,2024-01-29,2024-01,0,0,0,0,55.04,-100.0,Mid-Range
CAMP0006709,CUST00895,Paid Social,2022-10-11,2022-10,0,0,0,0,1442.86,-100.0,Mid-Range
CAMP0006710,CUST00896,Paid Social,2023-07-05,2023-07,0,0,0,0,2448.16,-100.0,Premium
CAMP0006711,CUST00896,Paid Social,2023-06-04,2023-06,0,0,0,0,2324.13,-100.0,Premium
CAMP0006712,CUST00896,Email,2024-02-01,2024-02,0,0,0,0,58.39,-100.0,Premium
CAMP0006713,CUST00896,Push Notification,2023-05-26,2023-05,0,0,0,0,29.41,-100.0,Premium
CAMP0006714,CUST00896,Email,2023-06-29,2023-06,0,0,0,0,39.59,-100.0,Premium
CAMP0006715,CUST00896,Email,2023-12-09,2023-12,0,0,0,0,29.88,-100.0,Premium
CAMP0006716,CUST00896,Email,2023-01-13,2023-01,1,1,1,123.13,24.9,394.5,Premium
CAMP0006717,CUST00896,Push Notification,2023-12-29,2023-12,0,0,0,0,15.85,-100.0,Premium
CAMP0006718,CUST00896,Email,2024-01-22,2024-01,1,0,0,0,51.43,-100.0,Premium
CAMP0006719,CUST00896,Email,2023-01-06,2023-01,0,0,0,0,38.34,-100.0,Premium
CAMP0006720,CUST00897,Paid Social,2023-02-22,2023-02,1,1,0,0,1945.97,-100.0,Mid-Range
CAMP0006721,CUST00897,Email,2023-04-15,2023-04,0,0,0,0,21.54,-100.0,Mid-Range
CAMP0006722,CUST00897,SMS,2023-08-11,2023-08,0,0,0,0,82.96,-100.0,Mid-Range
CAMP0006723,CUST00897,Email,2024-03-22,2024-03,0,0,0,0,44.04,-100.0,Mid-Range
CAMP0006724,CUST00897,Email,2023-03-30,2023-03,0,0,0,0,48.57,-100.0,Mid-Range
CAMP0006725,CUST00897,Email,2023-03-15,2023-03,0,0,0,0,17.45,-100.0,Mid-Range
CAMP0006726,CUST00897,SMS,2023-06-20,2023-06,0,0,0,0,63.13,-100.0,Mid-Range
CAMP0006727,CUST00897,Influencer,2022-10-26,2022-10,0,0,0,0,565.93,-100.0,Mid-Range
CAMP0006728,CUST00897,Push Notification,2022-11-30,2022-11,0,0,0,0,18.21,-100.0,Mid-Range
CAMP0006729,CUST00897,Email,2023-08-20,2023-08,1,0,0,0,59.2,-100.0,Mid-Range
CAMP0006730,CUST00897,Push Notification,2023-12-19,2023-12,0,0,0,0,26.67,-100.0,Mid-Range
CAMP0006731,CUST00898,Display Ad,2024-03-29,2024-03,0,0,0,0,421.63,-100.0,Mid-Range
CAMP0006732,CUST00898,Email,2023-10-08,2023-10,1,0,0,0,40.06,-100.0,Mid-Range
CAMP0006733,CUST00898,Paid Social,2023-12-12,2023-12,1,0,0,0,1271.09,-100.0,Mid-Range
CAMP0006734,CUST00898,Email,2023-08-11,2023-08,0,0,0,0,59.78,-100.0,Mid-Range
CAMP0006735,CUST00898,Email,2024-01-07,2024-01,0,0,0,0,42.33,-100.0,Mid-Range
CAMP0006736,CUST00898,Push Notification,2023-10-23,2023-10,0,0,0,0,14.49,-100.0,Mid-Range
CAMP0006737,CUST00898,Push Notification,2024-03-17,2024-03,0,0,0,0,15.22,-100.0,Mid-Range
CAMP0006738,CUST00898,Paid Social,2024-03-10,2024-03,0,0,0,0,1123.01,-100.0,Mid-Range
CAMP0006739,CUST00898,Email,2023-12-24,2023-12,0,0,0,0,24.48,-100.0,Mid-Range
CAMP0006740,CUST00898,Email,2023-08-07,2023-08,0,0,0,0,50.56,-100.0,Mid-Range
CAMP0006741,CUST00898,SMS,2023-10-22,2023-10,0,0,0,0,93.14,-100.0,Mid-Range
CAMP0006742,CUST00898,Push Notification,2024-02-04,2024-02,0,0,0,0,13.25,-100.0,Mid-Range
CAMP0006743,CUST00899,Paid Social,2023-09-02,2023-09,0,0,0,0,1578.46,-100.0,Mid-Range
CAMP0006744,CUST00899,Email,2024-01-10,2024-01,0,0,0,0,31.31,-100.0,Mid-Range
CAMP0006745,CUST00899,Email,2023-06-30,2023-06,0,0,0,0,19.52,-100.0,Mid-Range
CAMP0006746,CUST00899,Display Ad,2023-09-24,2023-09,0,0,0,0,306.23,-100.0,Mid-Range
CAMP0006747,CUST00899,Email,2024-03-06,2024-03,0,0,0,0,58.34,-100.0,Mid-Range
CAMP0006748,CUST00900,Paid Social,2023-11-20,2023-11,0,0,0,0,992.88,-100.0,Premium
CAMP0006749,CUST00900,Paid Social,2024-03-12,2024-03,0,0,0,0,1271.62,-100.0,Premium
CAMP0006750,CUST00900,Influencer,2023-08-31,2023-08,0,0,0,0,1232.18,-100.0,Premium
CAMP0006751,CUST00900,Email,2024-02-19,2024-02,1,0,0,0,59.22,-100.0,Premium
CAMP0006752,CUST00900,SMS,2024-01-17,2024-01,0,0,0,0,33.3,-100.0,Premium
CAMP0006753,CUST00900,Push Notification,2023-08-28,2023-08,1,1,1,60.67,10.17,496.6,Premium
CAMP0006754,CUST00900,Push Notification,2023-10-18,2023-10,0,0,0,0,27.77,-100.0,Premium
CAMP0006755,CUST00900,Influencer,2023-08-20,2023-08,0,0,0,0,443.15,-100.0,Premium
CAMP0006756,CUST00900,SMS,2023-11-03,2023-11,1,1,0,0,112.42,-100.0,Premium
CAMP0006757,CUST00900,Display Ad,2023-12-08,2023-12,1,0,0,0,435.49,-100.0,Premium
CAMP0006758,CUST00900,Push Notification,2024-02-10,2024-02,0,0,0,0,22.54,-100.0,Premium
CAMP0006759,CUST00901,Email,2023-12-29,2023-12,0,0,0,0,45.32,-100.0,Budget
CAMP0006760,CUST00901,Paid Social,2023-11-27,2023-11,0,0,0,0,1881.95,-100.0,Budget
CAMP0006761,CUST00901,Email,2023-11-03,2023-11,0,0,0,0,52.44,-100.0,Budget
CAMP0006762,CUST00901,SMS,2023-08-04,2023-08,1,0,0,0,94.63,-100.0,Budget
CAMP0006763,CUST00901,SMS,2023-01-21,2023-01,0,0,0,0,54.25,-100.0,Budget
CAMP0006764,CUST00901,Paid Social,2023-05-22,2023-05,0,0,0,0,2197.75,-100.0,Budget
CAMP0006765,CUST00901,Influencer,2023-03-19,2023-03,1,0,0,0,1567.66,-100.0,Budget
CAMP0006766,CUST00902,Email,2023-12-22,2023-12,0,0,0,0,48.02,-100.0,Mid-Range
CAMP0006767,CUST00902,Email,2023-11-26,2023-11,0,0,0,0,30.88,-100.0,Mid-Range
CAMP0006768,CUST00902,Display Ad,2024-02-16,2024-02,0,0,0,0,697.33,-100.0,Mid-Range
CAMP0006769,CUST00902,Paid Social,2024-03-07,2024-03,1,1,0,0,1207.0,-100.0,Mid-Range
CAMP0006770,CUST00902,Email,2024-03-21,2024-03,1,0,0,0,57.4,-100.0,Mid-Range
CAMP0006771,CUST00902,Push Notification,2023-08-02,2023-08,0,0,0,0,14.28,-100.0,Mid-Range
CAMP0006772,CUST00903,Paid Social,2023-10-12,2023-10,0,0,0,0,2017.75,-100.0,Premium
CAMP0006773,CUST00903,Email,2023-12-18,2023-12,0,0,0,0,24.47,-100.0,Premium
CAMP0006774,CUST00903,Influencer,2023-12-04,2023-12,0,0,0,0,690.69,-100.0,Premium
CAMP0006775,CUST00903,Email,2024-01-20,2024-01,0,0,0,0,42.7,-100.0,Premium
CAMP0006776,CUST00903,Email,2023-09-23,2023-09,1,0,0,0,20.21,-100.0,Premium
CAMP0006777,CUST00903,Email,2023-11-22,2023-11,1,0,0,0,54.5,-100.0,Premium
CAMP0006778,CUST00904,Email,2023-05-08,2023-05,0,0,0,0,33.63,-100.0,Mid-Range
CAMP0006779,CUST00904,Push Notification,2023-02-05,2023-02,0,0,0,0,19.69,-100.0,Mid-Range
CAMP0006780,CUST00904,Influencer,2024-03-16,2024-03,0,0,0,0,1047.23,-100.0,Mid-Range
CAMP0006781,CUST00904,Paid Social,2024-01-25,2024-01,0,0,0,0,1733.62,-100.0,Mid-Range
CAMP0006782,CUST00904,Email,2023-02-22,2023-02,0,0,0,0,57.78,-100.0,Mid-Range
CAMP0006783,CUST00904,Email,2023-11-22,2023-11,0,0,0,0,49.26,-100.0,Mid-Range
CAMP0006784,CUST00904,SMS,2023-11-07,2023-11,1,0,0,0,61.54,-100.0,Mid-Range
CAMP0006785,CUST00904,Email,2022-10-21,2022-10,0,0,0,0,56.19,-100.0,Mid-Range
CAMP0006786,CUST00904,Paid Social,2023-08-04,2023-08,0,0,0,0,1919.15,-100.0,Mid-Range
CAMP0006787,CUST00904,Email,2023-08-29,2023-08,0,0,0,0,45.14,-100.0,Mid-Range
CAMP0006788,CUST00905,SMS,2023-05-03,2023-05,0,0,0,0,47.56,-100.0,Budget
CAMP0006789,CUST00905,Email,2023-11-11,2023-11,1,0,0,0,32.33,-100.0,Budget
CAMP0006790,CUST00905,Display Ad,2023-11-27,2023-11,1,0,0,0,301.65,-100.0,Budget
CAMP0006791,CUST00906,Email,2023-08-17,2023-08,1,1,0,0,21.43,-100.0,Premium
CAMP0006792,CUST00906,Paid Social,2023-07-22,2023-07,0,0,0,0,1373.56,-100.0,Premium
CAMP0006793,CUST00906,Paid Social,2023-08-30,2023-08,0,0,0,0,685.73,-100.0,Premium
CAMP0006794,CUST00906,SMS,2024-01-15,2024-01,0,0,0,0,42.98,-100.0,Premium
CAMP0006795,CUST00906,Paid Social,2023-12-05,2023-12,0,0,0,0,2292.56,-100.0,Premium
CAMP0006796,CUST00906,Paid Social,2024-03-14,2024-03,0,0,0,0,1261.46,-100.0,Premium
CAMP0006797,CUST00906,Push Notification,2024-03-28,2024-03,0,0,0,0,12.16,-100.0,Premium
CAMP0006798,CUST00906,Paid Social,2023-12-19,2023-12,0,0,0,0,2311.89,-100.0,Premium
CAMP0006799,CUST00906,Influencer,2023-10-10,2023-10,0,0,0,0,1129.49,-100.0,Premium
CAMP0006800,CUST00906,Email,2024-03-31,2024-03,0,0,0,0,54.8,-100.0,Premium
CAMP0006801,CUST00906,Push Notification,2024-01-20,2024-01,0,0,0,0,17.66,-100.0,Premium
CAMP0006802,CUST00907,Push Notification,2023-02-03,2023-02,0,0,0,0,12.65,-100.0,Budget
CAMP0006803,CUST00907,Paid Social,2023-08-21,2023-08,0,0,0,0,2547.15,-100.0,Budget
CAMP0006804,CUST00907,Influencer,2023-07-18,2023-07,0,0,0,0,609.94,-100.0,Budget
CAMP0006805,CUST00907,Paid Social,2022-08-12,2022-08,1,1,1,53.17,1833.06,-97.1,Budget
CAMP0006806,CUST00907,Influencer,2023-09-22,2023-09,0,0,0,0,555.61,-100.0,Budget
CAMP0006807,CUST00908,Email,2024-01-10,2024-01,0,0,0,0,22.29,-100.0,Budget
CAMP0006808,CUST00908,Paid Social,2024-01-29,2024-01,0,0,0,0,2385.31,-100.0,Budget
CAMP0006809,CUST00908,SMS,2023-04-17,2023-04,0,0,0,0,93.03,-100.0,Budget
CAMP0006810,CUST00909,Display Ad,2023-03-12,2023-03,0,0,0,0,843.9,-100.0,Budget
CAMP0006811,CUST00909,SMS,2023-10-23,2023-10,1,0,0,0,63.33,-100.0,Budget
CAMP0006812,CUST00909,Email,2022-06-12,2022-06,0,0,0,0,16.32,-100.0,Budget
CAMP0006813,CUST00909,Email,2023-12-06,2023-12,0,0,0,0,35.68,-100.0,Budget
CAMP0006814,CUST00909,Email,2022-05-10,2022-05,1,0,0,0,17.67,-100.0,Budget
CAMP0006815,CUST00909,Email,2023-07-22,2023-07,1,0,0,0,27.75,-100.0,Budget
CAMP0006816,CUST00910,Email,2023-11-26,2023-11,0,0,0,0,32.63,-100.0,Mid-Range
CAMP0006817,CUST00910,Influencer,2024-02-09,2024-02,0,0,0,0,839.18,-100.0,Mid-Range
CAMP0006818,CUST00910,Email,2024-02-01,2024-02,0,0,0,0,22.83,-100.0,Mid-Range
CAMP0006819,CUST00910,Email,2023-07-27,2023-07,1,0,0,0,32.93,-100.0,Mid-Range
CAMP0006820,CUST00910,Paid Social,2023-12-27,2023-12,0,0,0,0,1727.83,-100.0,Mid-Range
CAMP0006821,CUST00910,Paid Social,2024-02-03,2024-02,0,0,0,0,760.3,-100.0,Mid-Range
CAMP0006822,CUST00910,Email,2023-12-02,2023-12,0,0,0,0,31.16,-100.0,Mid-Range
CAMP0006823,CUST00911,Email,2023-05-26,2023-05,0,0,0,0,33.08,-100.0,Premium
CAMP0006824,CUST00911,Paid Social,2023-12-15,2023-12,1,0,0,0,1728.33,-100.0,Premium
CAMP0006825,CUST00911,Paid Social,2023-07-22,2023-07,1,0,0,0,1555.26,-100.0,Premium
CAMP0006826,CUST00911,SMS,2024-01-19,2024-01,0,0,0,0,50.11,-100.0,Premium
CAMP0006827,CUST00911,Email,2023-06-27,2023-06,0,0,0,0,54.29,-100.0,Premium
CAMP0006828,CUST00911,Email,2024-03-06,2024-03,0,0,0,0,42.0,-100.0,Premium
CAMP0006829,CUST00911,Email,2023-11-25,2023-11,0,0,0,0,41.18,-100.0,Premium
CAMP0006830,CUST00911,Email,2024-01-31,2024-01,0,0,0,0,29.82,-100.0,Premium
CAMP0006831,CUST00911,Push Notification,2023-11-27,2023-11,0,0,0,0,20.28,-100.0,Premium
CAMP0006832,CUST00911,Email,2024-03-10,2024-03,0,0,0,0,39.88,-100.0,Premium
CAMP0006833,CUST00911,Email,2023-10-21,2023-10,0,0,0,0,21.7,-100.0,Premium
CAMP0006834,CUST00911,Push Notification,2023-11-25,2023-11,0,0,0,0,12.23,-100.0,Premium
CAMP0006835,CUST00912,Email,2023-07-16,2023-07,1,1,0,0,29.53,-100.0,Budget
CAMP0006836,CUST00912,Push Notification,2023-02-22,2023-02,0,0,0,0,28.47,-100.0,Budget
CAMP0006837,CUST00912,Paid Social,2023-03-24,2023-03,0,0,0,0,1425.32,-100.0,Budget
CAMP0006838,CUST00912,Paid Social,2024-03-25,2024-03,1,0,0,0,2358.91,-100.0,Budget
CAMP0006839,CUST00912,Influencer,2023-06-22,2023-06,1,0,0,0,1551.32,-100.0,Budget
CAMP0006840,CUST00912,Email,2023-01-20,2023-01,0,0,0,0,38.59,-100.0,Budget
CAMP0006841,CUST00912,Influencer,2023-11-27,2023-11,0,0,0,0,1313.17,-100.0,Budget
CAMP0006842,CUST00913,Push Notification,2023-11-12,2023-11,0,0,0,0,13.85,-100.0,Premium
CAMP0006843,CUST00913,Email,2023-07-21,2023-07,1,0,0,0,16.01,-100.0,Premium
CAMP0006844,CUST00913,Push Notification,2023-02-04,2023-02,0,0,0,0,10.47,-100.0,Premium
CAMP0006845,CUST00913,Paid Social,2023-07-16,2023-07,0,0,0,0,2391.28,-100.0,Premium
CAMP0006846,CUST00913,Email,2023-01-07,2023-01,1,0,0,0,30.54,-100.0,Premium
CAMP0006847,CUST00913,Paid Social,2023-05-16,2023-05,0,0,0,0,1024.21,-100.0,Premium
CAMP0006848,CUST00913,Paid Social,2024-03-06,2024-03,0,0,0,0,2162.34,-100.0,Premium
CAMP0006849,CUST00913,Paid Social,2023-04-10,2023-04,0,0,0,0,1647.44,-100.0,Premium
CAMP0006850,CUST00913,Paid Social,2023-08-29,2023-08,0,0,0,0,2054.5,-100.0,Premium
CAMP0006851,CUST00913,Influencer,2022-08-14,2022-08,0,0,0,0,760.99,-100.0,Premium
CAMP0006852,CUST00913,SMS,2023-11-15,2023-11,0,0,0,0,100.92,-100.0,Premium
CAMP0006853,CUST00914,Paid Social,2024-03-16,2024-03,0,0,0,0,1443.9,-100.0,Budget
CAMP0006854,CUST00914,Influencer,2023-02-13,2023-02,0,0,0,0,937.52,-100.0,Budget
CAMP0006855,CUST00914,Influencer,2024-01-01,2024-01,0,0,0,0,741.5,-100.0,Budget
CAMP0006856,CUST00914,Email,2022-09-15,2022-09,0,0,0,0,19.66,-100.0,Budget
CAMP0006857,CUST00914,Email,2023-11-23,2023-11,1,0,0,0,21.02,-100.0,Budget
CAMP0006858,CUST00915,Influencer,2024-02-21,2024-02,1,1,1,114.78,1302.16,-91.2,Luxury
CAMP0006859,CUST00915,Email,2022-11-25,2022-11,0,0,0,0,16.96,-100.0,Luxury
CAMP0006860,CUST00915,Paid Social,2023-04-14,2023-04,1,1,0,0,1577.45,-100.0,Luxury
CAMP0006861,CUST00915,SMS,2023-05-14,2023-05,1,1,0,0,107.86,-100.0,Luxury
CAMP0006862,CUST00915,Email,2023-02-01,2023-02,0,0,0,0,47.87,-100.0,Luxury
CAMP0006863,CUST00915,SMS,2023-07-14,2023-07,1,0,0,0,35.02,-100.0,Luxury
CAMP0006864,CUST00915,Influencer,2023-02-14,2023-02,0,0,0,0,723.03,-100.0,Luxury
CAMP0006865,CUST00916,Email,2023-05-31,2023-05,1,0,0,0,46.77,-100.0,Premium
CAMP0006866,CUST00916,Influencer,2023-01-10,2023-01,0,0,0,0,498.19,-100.0,Premium
CAMP0006867,CUST00916,Display Ad,2023-11-13,2023-11,0,0,0,0,1027.1,-100.0,Premium
CAMP0006868,CUST00916,Paid Social,2023-12-22,2023-12,0,0,0,0,843.41,-100.0,Premium
CAMP0006869,CUST00916,Paid Social,2023-02-07,2023-02,0,0,0,0,1182.37,-100.0,Premium
CAMP0006870,CUST00916,Push Notification,2024-02-20,2024-02,1,0,0,0,19.07,-100.0,Premium
CAMP0006871,CUST00916,Influencer,2023-03-31,2023-03,0,0,0,0,648.01,-100.0,Premium
CAMP0006872,CUST00916,Influencer,2023-09-03,2023-09,0,0,0,0,925.75,-100.0,Premium
CAMP0006873,CUST00916,Push Notification,2024-01-10,2024-01,0,0,0,0,19.98,-100.0,Premium
CAMP0006874,CUST00916,Email,2023-02-19,2023-02,0,0,0,0,44.81,-100.0,Premium
CAMP0006875,CUST00916,Push Notification,2023-04-29,2023-04,1,0,0,0,26.9,-100.0,Premium
CAMP0006876,CUST00916,Paid Social,2023-08-09,2023-08,0,0,0,0,1501.47,-100.0,Premium
CAMP0006877,CUST00917,Influencer,2023-06-16,2023-06,0,0,0,0,1362.08,-100.0,Luxury
CAMP0006878,CUST00917,Email,2023-12-11,2023-12,1,0,0,0,30.55,-100.0,Luxury
CAMP0006879,CUST00917,Paid Social,2024-01-14,2024-01,0,0,0,0,1164.09,-100.0,Luxury
CAMP0006880,CUST00917,Paid Social,2023-08-15,2023-08,0,0,0,0,1402.89,-100.0,Luxury
CAMP0006881,CUST00917,Influencer,2023-04-05,2023-04,0,0,0,0,1216.6,-100.0,Luxury
CAMP0006882,CUST00917,Paid Social,2023-05-11,2023-05,0,0,0,0,2161.29,-100.0,Luxury
CAMP0006883,CUST00917,Paid Social,2023-11-29,2023-11,0,0,0,0,1848.08,-100.0,Luxury
CAMP0006884,CUST00918,Email,2023-05-14,2023-05,1,0,0,0,34.92,-100.0,Premium
CAMP0006885,CUST00918,SMS,2023-11-12,2023-11,0,0,0,0,119.59,-100.0,Premium
CAMP0006886,CUST00918,Email,2023-05-18,2023-05,1,1,0,0,18.43,-100.0,Premium
CAMP0006887,CUST00918,Push Notification,2023-10-09,2023-10,1,0,0,0,20.6,-100.0,Premium
CAMP0006888,CUST00918,Email,2024-02-24,2024-02,0,0,0,0,20.3,-100.0,Premium
CAMP0006889,CUST00918,Display Ad,2023-08-24,2023-08,0,0,0,0,773.54,-100.0,Premium
CAMP0006890,CUST00918,SMS,2023-11-13,2023-11,1,0,0,0,116.3,-100.0,Premium
CAMP0006891,CUST00918,Display Ad,2023-09-05,2023-09,1,1,1,136.98,330.59,-58.6,Premium
CAMP0006892,CUST00918,Paid Social,2023-05-29,2023-05,0,0,0,0,686.77,-100.0,Premium
CAMP0006893,CUST00918,Email,2023-07-02,2023-07,0,0,0,0,25.79,-100.0,Premium
CAMP0006894,CUST00918,Display Ad,2024-03-30,2024-03,0,0,0,0,898.43,-100.0,Premium
CAMP0006895,CUST00919,Paid Social,2023-01-02,2023-01,1,0,0,0,1541.87,-100.0,Mid-Range
CAMP0006896,CUST00919,Influencer,2022-06-08,2022-06,0,0,0,0,444.43,-100.0,Mid-Range
CAMP0006897,CUST00919,Display Ad,2023-08-19,2023-08,0,0,0,0,614.83,-100.0,Mid-Range
CAMP0006898,CUST00919,SMS,2023-07-15,2023-07,0,0,0,0,109.45,-100.0,Mid-Range
CAMP0006899,CUST00919,SMS,2022-08-31,2022-08,0,0,0,0,85.49,-100.0,Mid-Range
CAMP0006900,CUST00919,Push Notification,2022-03-30,2022-03,0,0,0,0,21.73,-100.0,Mid-Range
CAMP0006901,CUST00920,Paid Social,2022-06-24,2022-06,0,0,0,0,1810.82,-100.0,Budget
CAMP0006902,CUST00920,Influencer,2022-06-25,2022-06,0,0,0,0,595.83,-100.0,Budget
CAMP0006903,CUST00920,Push Notification,2023-07-21,2023-07,0,0,0,0,25.6,-100.0,Budget
CAMP0006904,CUST00920,Email,2022-10-01,2022-10,0,0,0,0,33.07,-100.0,Budget
CAMP0006905,CUST00920,Push Notification,2022-12-24,2022-12,0,0,0,0,25.17,-100.0,Budget
CAMP0006906,CUST00920,Email,2023-04-27,2023-04,1,0,0,0,22.71,-100.0,Budget
CAMP0006907,CUST00920,Push Notification,2023-10-16,2023-10,0,0,0,0,19.86,-100.0,Budget
CAMP0006908,CUST00920,SMS,2023-03-26,2023-03,1,0,0,0,49.73,-100.0,Budget
CAMP0006909,CUST00920,SMS,2022-12-09,2022-12,0,0,0,0,70.71,-100.0,Budget
CAMP0006910,CUST00920,Display Ad,2022-11-17,2022-11,0,0,0,0,824.56,-100.0,Budget
CAMP0006911,CUST00920,Email,2023-08-25,2023-08,1,1,0,0,41.13,-100.0,Budget
CAMP0006912,CUST00920,Paid Social,2024-02-03,2024-02,0,0,0,0,1711.53,-100.0,Budget
CAMP0006913,CUST00921,Email,2022-07-10,2022-07,1,0,0,0,30.3,-100.0,Premium
CAMP0006914,CUST00921,Email,2022-12-19,2022-12,1,0,0,0,58.63,-100.0,Premium
CAMP0006915,CUST00921,SMS,2022-11-19,2022-11,1,1,0,0,119.39,-100.0,Premium
CAMP0006916,CUST00921,Influencer,2022-10-13,2022-10,0,0,0,0,1545.3,-100.0,Premium
CAMP0006917,CUST00921,Paid Social,2022-03-04,2022-03,0,0,0,0,772.04,-100.0,Premium
CAMP0006918,CUST00922,Paid Social,2024-01-23,2024-01,0,0,0,0,864.65,-100.0,Budget
CAMP0006919,CUST00922,Paid Social,2023-06-13,2023-06,0,0,0,0,1436.26,-100.0,Budget
CAMP0006920,CUST00922,Push Notification,2023-07-03,2023-07,1,0,0,0,21.18,-100.0,Budget
CAMP0006921,CUST00922,Email,2023-03-03,2023-03,0,0,0,0,33.19,-100.0,Budget
CAMP0006922,CUST00922,Influencer,2023-06-12,2023-06,0,0,0,0,1456.59,-100.0,Budget
CAMP0006923,CUST00922,Email,2022-12-05,2022-12,0,0,0,0,25.15,-100.0,Budget
CAMP0006924,CUST00922,Email,2022-09-23,2022-09,0,0,0,0,33.02,-100.0,Budget
CAMP0006925,CUST00923,Email,2023-09-22,2023-09,0,0,0,0,55.45,-100.0,Luxury
CAMP0006926,CUST00923,SMS,2024-01-06,2024-01,1,0,0,0,94.46,-100.0,Luxury
CAMP0006927,CUST00923,Paid Social,2023-12-03,2023-12,0,0,0,0,2390.43,-100.0,Luxury
CAMP0006928,CUST00923,Influencer,2023-10-29,2023-10,1,1,0,0,874.45,-100.0,Luxury
CAMP0006929,CUST00923,Paid Social,2023-12-18,2023-12,0,0,0,0,1959.31,-100.0,Luxury
CAMP0006930,CUST00923,Paid Social,2023-12-26,2023-12,0,0,0,0,2097.69,-100.0,Luxury
CAMP0006931,CUST00924,Paid Social,2023-03-24,2023-03,1,0,0,0,977.66,-100.0,Premium
CAMP0006932,CUST00924,Email,2023-05-22,2023-05,0,0,0,0,34.07,-100.0,Premium
CAMP0006933,CUST00924,Paid Social,2023-02-02,2023-02,0,0,0,0,2360.94,-100.0,Premium
CAMP0006934,CUST00924,Email,2024-02-11,2024-02,1,0,0,0,30.27,-100.0,Premium
CAMP0006935,CUST00924,Paid Social,2022-08-30,2022-08,0,0,0,0,887.26,-100.0,Premium
CAMP0006936,CUST00924,Email,2024-01-12,2024-01,0,0,0,0,22.25,-100.0,Premium
CAMP0006937,CUST00924,Email,2023-03-11,2023-03,1,0,0,0,25.7,-100.0,Premium
CAMP0006938,CUST00924,Email,2022-04-25,2022-04,0,0,0,0,22.83,-100.0,Premium
CAMP0006939,CUST00925,Email,2023-10-13,2023-10,0,0,0,0,54.44,-100.0,Mid-Range
CAMP0006940,CUST00925,Push Notification,2023-09-19,2023-09,0,0,0,0,12.36,-100.0,Mid-Range
CAMP0006941,CUST00925,Paid Social,2023-05-12,2023-05,0,0,0,0,1301.83,-100.0,Mid-Range
CAMP0006942,CUST00925,Paid Social,2023-07-02,2023-07,0,0,0,0,1653.48,-100.0,Mid-Range
CAMP0006943,CUST00925,Influencer,2023-07-27,2023-07,0,0,0,0,1571.83,-100.0,Mid-Range
CAMP0006944,CUST00925,Paid Social,2023-09-03,2023-09,0,0,0,0,2348.05,-100.0,Mid-Range
CAMP0006945,CUST00925,Paid Social,2023-05-18,2023-05,0,0,0,0,2355.29,-100.0,Mid-Range
CAMP0006946,CUST00925,Influencer,2024-03-09,2024-03,1,1,0,0,491.61,-100.0,Mid-Range
CAMP0006947,CUST00925,Paid Social,2023-11-21,2023-11,0,0,0,0,2187.14,-100.0,Mid-Range
CAMP0006948,CUST00925,Influencer,2023-07-15,2023-07,1,0,0,0,1341.47,-100.0,Mid-Range
CAMP0006949,CUST00925,Paid Social,2023-08-23,2023-08,0,0,0,0,849.23,-100.0,Mid-Range
CAMP0006950,CUST00926,SMS,2022-11-21,2022-11,1,0,0,0,86.67,-100.0,Budget
CAMP0006951,CUST00926,Email,2024-01-05,2024-01,0,0,0,0,29.93,-100.0,Budget
CAMP0006952,CUST00926,Influencer,2023-10-31,2023-10,0,0,0,0,1517.47,-100.0,Budget
CAMP0006953,CUST00926,Paid Social,2023-07-13,2023-07,0,0,0,0,1189.45,-100.0,Budget
CAMP0006954,CUST00926,SMS,2023-06-03,2023-06,0,0,0,0,107.68,-100.0,Budget
CAMP0006955,CUST00926,Email,2023-10-10,2023-10,0,0,0,0,55.15,-100.0,Budget
CAMP0006956,CUST00927,Influencer,2023-04-07,2023-04,0,0,0,0,1174.43,-100.0,Premium
CAMP0006957,CUST00927,Email,2024-03-29,2024-03,0,0,0,0,22.07,-100.0,Premium
CAMP0006958,CUST00927,SMS,2023-12-17,2023-12,0,0,0,0,96.05,-100.0,Premium
CAMP0006959,CUST00927,Paid Social,2023-04-10,2023-04,0,0,0,0,1052.33,-100.0,Premium
CAMP0006960,CUST00927,Paid Social,2024-03-23,2024-03,0,0,0,0,754.45,-100.0,Premium
CAMP0006961,CUST00927,SMS,2023-09-18,2023-09,0,0,0,0,94.06,-100.0,Premium
CAMP0006962,CUST00927,Push Notification,2023-09-24,2023-09,0,0,0,0,20.96,-100.0,Premium
CAMP0006963,CUST00927,Influencer,2023-08-16,2023-08,0,0,0,0,1405.96,-100.0,Premium
CAMP0006964,CUST00927,Push Notification,2023-07-16,2023-07,0,0,0,0,21.94,-100.0,Premium
CAMP0006965,CUST00928,Email,2023-05-09,2023-05,0,0,0,0,55.12,-100.0,Premium
CAMP0006966,CUST00928,Push Notification,2023-08-11,2023-08,0,0,0,0,15.96,-100.0,Premium
CAMP0006967,CUST00928,SMS,2023-09-05,2023-09,0,0,0,0,34.72,-100.0,Premium
CAMP0006968,CUST00929,Influencer,2023-06-13,2023-06,1,1,1,149.24,562.36,-73.5,Mid-Range
CAMP0006969,CUST00929,Influencer,2023-04-04,2023-04,0,0,0,0,1025.25,-100.0,Mid-Range
CAMP0006970,CUST00929,Push Notification,2024-01-07,2024-01,0,0,0,0,9.85,-100.0,Mid-Range
CAMP0006971,CUST00929,Email,2023-04-08,2023-04,0,0,0,0,18.86,-100.0,Mid-Range
CAMP0006972,CUST00929,Paid Social,2023-05-28,2023-05,0,0,0,0,1330.93,-100.0,Mid-Range
CAMP0006973,CUST00929,Email,2023-10-08,2023-10,1,0,0,0,58.54,-100.0,Mid-Range
CAMP0006974,CUST00929,Influencer,2023-10-09,2023-10,0,0,0,0,821.53,-100.0,Mid-Range
CAMP0006975,CUST00929,Influencer,2023-03-29,2023-03,1,1,0,0,1100.45,-100.0,Mid-Range
CAMP0006976,CUST00929,Email,2023-12-15,2023-12,0,0,0,0,46.87,-100.0,Mid-Range
CAMP0006977,CUST00929,Email,2023-08-14,2023-08,0,0,0,0,36.04,-100.0,Mid-Range
CAMP0006978,CUST00929,SMS,2023-03-08,2023-03,0,0,0,0,105.98,-100.0,Mid-Range
CAMP0006979,CUST00930,Paid Social,2023-10-31,2023-10,0,0,0,0,913.73,-100.0,Mid-Range
CAMP0006980,CUST00930,Push Notification,2023-05-13,2023-05,1,0,0,0,21.22,-100.0,Mid-Range
CAMP0006981,CUST00930,Display Ad,2022-05-21,2022-05,0,0,0,0,510.57,-100.0,Mid-Range
CAMP0006982,CUST00930,SMS,2024-01-07,2024-01,1,0,0,0,69.77,-100.0,Mid-Range
CAMP0006983,CUST00930,Display Ad,2022-03-05,2022-03,0,0,0,0,621.26,-100.0,Mid-Range
CAMP0006984,CUST00930,Display Ad,2023-02-25,2023-02,0,0,0,0,336.46,-100.0,Mid-Range
CAMP0006985,CUST00930,Display Ad,2022-04-08,2022-04,0,0,0,0,799.82,-100.0,Mid-Range
CAMP0006986,CUST00930,SMS,2022-07-20,2022-07,1,0,0,0,73.12,-100.0,Mid-Range
CAMP0006987,CUST00930,Display Ad,2023-07-13,2023-07,0,0,0,0,566.86,-100.0,Mid-Range
CAMP0006988,CUST00931,SMS,2023-11-18,2023-11,0,0,0,0,57.06,-100.0,Budget
CAMP0006989,CUST00931,Email,2023-08-31,2023-08,1,1,1,106.38,39.31,170.6,Budget
CAMP0006990,CUST00931,Email,2023-10-02,2023-10,0,0,0,0,39.82,-100.0,Budget
CAMP0006991,CUST00931,SMS,2023-06-30,2023-06,0,0,0,0,91.07,-100.0,Budget
CAMP0006992,CUST00931,Email,2023-12-12,2023-12,0,0,0,0,36.39,-100.0,Budget
CAMP0006993,CUST00931,Push Notification,2023-06-11,2023-06,0,0,0,0,19.23,-100.0,Budget
CAMP0006994,CUST00932,Paid Social,2023-11-28,2023-11,0,0,0,0,2483.21,-100.0,Premium
CAMP0006995,CUST00932,Email,2022-05-19,2022-05,0,0,0,0,56.16,-100.0,Premium
CAMP0006996,CUST00932,Influencer,2023-02-28,2023-02,0,0,0,0,693.89,-100.0,Premium
CAMP0006997,CUST00932,Paid Social,2023-08-15,2023-08,0,0,0,0,1615.01,-100.0,Premium
CAMP0006998,CUST00932,SMS,2023-03-31,2023-03,0,0,0,0,118.9,-100.0,Premium
CAMP0006999,CUST00932,Influencer,2022-12-16,2022-12,0,0,0,0,496.38,-100.0,Premium
CAMP0007000,CUST00932,Paid Social,2023-10-15,2023-10,0,0,0,0,1249.64,-100.0,Premium
CAMP0007001,CUST00932,Paid Social,2023-03-14,2023-03,0,0,0,0,1899.66,-100.0,Premium
CAMP0007002,CUST00932,Influencer,2023-08-17,2023-08,0,0,0,0,580.76,-100.0,Premium
CAMP0007003,CUST00932,Email,2022-07-17,2022-07,0,0,0,0,36.03,-100.0,Premium
CAMP0007004,CUST00932,Paid Social,2023-06-05,2023-06,0,0,0,0,925.09,-100.0,Premium
CAMP0007005,CUST00932,Push Notification,2023-01-10,2023-01,0,0,0,0,16.63,-100.0,Premium
CAMP0007006,CUST00933,Influencer,2023-06-16,2023-06,0,0,0,0,1449.81,-100.0,Luxury
CAMP0007007,CUST00933,Influencer,2023-11-08,2023-11,0,0,0,0,1344.97,-100.0,Luxury
CAMP0007008,CUST00933,Paid Social,2023-09-10,2023-09,1,0,0,0,2120.9,-100.0,Luxury
CAMP0007009,CUST00933,Email,2023-09-25,2023-09,0,0,0,0,17.38,-100.0,Luxury
CAMP0007010,CUST00933,SMS,2024-01-04,2024-01,0,0,0,0,35.99,-100.0,Luxury
CAMP0007011,CUST00934,Email,2023-04-27,2023-04,0,0,0,0,33.5,-100.0,Premium
CAMP0007012,CUST00934,Email,2023-10-19,2023-10,1,0,0,0,52.6,-100.0,Premium
CAMP0007013,CUST00934,Paid Social,2022-11-09,2022-11,0,0,0,0,1370.77,-100.0,Premium
CAMP0007014,CUST00934,Paid Social,2023-09-16,2023-09,0,0,0,0,2242.12,-100.0,Premium
CAMP0007015,CUST00934,Paid Social,2023-08-31,2023-08,0,0,0,0,825.58,-100.0,Premium
CAMP0007016,CUST00934,Email,2023-09-21,2023-09,0,0,0,0,45.58,-100.0,Premium
CAMP0007017,CUST00934,Paid Social,2023-09-28,2023-09,0,0,0,0,779.91,-100.0,Premium
CAMP0007018,CUST00934,Email,2023-04-28,2023-04,0,0,0,0,49.09,-100.0,Premium
CAMP0007019,CUST00935,Email,2023-11-01,2023-11,0,0,0,0,32.84,-100.0,Mid-Range
CAMP0007020,CUST00935,Email,2024-03-21,2024-03,1,1,1,146.66,45.97,219.0,Mid-Range
CAMP0007021,CUST00935,Push Notification,2023-07-28,2023-07,0,0,0,0,15.93,-100.0,Mid-Range
CAMP0007022,CUST00935,Display Ad,2023-11-30,2023-11,0,0,0,0,475.78,-100.0,Mid-Range
CAMP0007023,CUST00935,Influencer,2024-01-28,2024-01,0,0,0,0,1187.08,-100.0,Mid-Range
CAMP0007024,CUST00935,Email,2023-12-24,2023-12,1,0,0,0,42.2,-100.0,Mid-Range
CAMP0007025,CUST00935,Paid Social,2024-01-11,2024-01,0,0,0,0,1757.85,-100.0,Mid-Range
CAMP0007026,CUST00935,Paid Social,2023-10-07,2023-10,0,0,0,0,1079.58,-100.0,Mid-Range
CAMP0007027,CUST00935,Paid Social,2023-08-17,2023-08,0,0,0,0,2226.93,-100.0,Mid-Range
CAMP0007028,CUST00935,Email,2024-02-09,2024-02,0,0,0,0,23.5,-100.0,Mid-Range
CAMP0007029,CUST00936,Influencer,2023-07-11,2023-07,0,0,0,0,1601.43,-100.0,Mid-Range
CAMP0007030,CUST00936,Email,2023-04-23,2023-04,1,1,0,0,35.41,-100.0,Mid-Range
CAMP0007031,CUST00936,Display Ad,2023-03-08,2023-03,0,0,0,0,704.2,-100.0,Mid-Range
CAMP0007032,CUST00936,SMS,2023-11-18,2023-11,1,1,0,0,89.72,-100.0,Mid-Range
CAMP0007033,CUST00936,Influencer,2022-06-08,2022-06,0,0,0,0,1191.56,-100.0,Mid-Range
CAMP0007034,CUST00936,Paid Social,2022-03-22,2022-03,0,0,0,0,2394.79,-100.0,Mid-Range
CAMP0007035,CUST00936,Push Notification,2022-08-01,2022-08,1,0,0,0,26.97,-100.0,Mid-Range
CAMP0007036,CUST00936,Influencer,2023-12-25,2023-12,1,1,0,0,622.56,-100.0,Mid-Range
CAMP0007037,CUST00936,Email,2023-09-19,2023-09,0,0,0,0,21.02,-100.0,Mid-Range
CAMP0007038,CUST00936,Paid Social,2023-05-15,2023-05,0,0,0,0,1021.92,-100.0,Mid-Range
CAMP0007039,CUST00937,Email,2024-03-04,2024-03,0,0,0,0,24.63,-100.0,Premium
CAMP0007040,CUST00937,Push Notification,2023-07-13,2023-07,0,0,0,0,26.8,-100.0,Premium
CAMP0007041,CUST00937,Paid Social,2023-01-30,2023-01,1,0,0,0,1146.98,-100.0,Premium
CAMP0007042,CUST00937,Email,2022-06-23,2022-06,0,0,0,0,33.9,-100.0,Premium
CAMP0007043,CUST00937,Email,2023-07-16,2023-07,1,0,0,0,32.43,-100.0,Premium
CAMP0007044,CUST00937,Paid Social,2023-07-23,2023-07,0,0,0,0,1422.03,-100.0,Premium
CAMP0007045,CUST00937,SMS,2023-12-30,2023-12,0,0,0,0,57.75,-100.0,Premium
CAMP0007046,CUST00938,Influencer,2023-09-28,2023-09,0,0,0,0,872.5,-100.0,Budget
CAMP0007047,CUST00938,Paid Social,2023-08-01,2023-08,0,0,0,0,1628.78,-100.0,Budget
CAMP0007048,CUST00938,Paid Social,2024-01-26,2024-01,0,0,0,0,1356.41,-100.0,Budget
CAMP0007049,CUST00938,Influencer,2023-09-21,2023-09,0,0,0,0,1608.13,-100.0,Budget
CAMP0007050,CUST00938,Email,2023-10-16,2023-10,0,0,0,0,46.17,-100.0,Budget
CAMP0007051,CUST00938,Email,2023-05-18,2023-05,1,0,0,0,46.38,-100.0,Budget
CAMP0007052,CUST00938,SMS,2024-02-08,2024-02,0,0,0,0,106.31,-100.0,Budget
CAMP0007053,CUST00938,Email,2023-09-30,2023-09,0,0,0,0,51.56,-100.0,Budget
CAMP0007054,CUST00938,Email,2023-11-20,2023-11,1,0,0,0,53.66,-100.0,Budget
CAMP0007055,CUST00938,Display Ad,2024-01-05,2024-01,1,0,0,0,998.78,-100.0,Budget
CAMP0007056,CUST00938,Email,2023-06-15,2023-06,0,0,0,0,18.06,-100.0,Budget
CAMP0007057,CUST00938,Paid Social,2023-11-07,2023-11,0,0,0,0,1579.53,-100.0,Budget
CAMP0007058,CUST00939,Push Notification,2022-12-01,2022-12,0,0,0,0,24.7,-100.0,Mid-Range
CAMP0007059,CUST00939,Push Notification,2023-09-23,2023-09,0,0,0,0,11.02,-100.0,Mid-Range
CAMP0007060,CUST00939,Display Ad,2024-01-23,2024-01,0,0,0,0,651.21,-100.0,Mid-Range
CAMP0007061,CUST00939,Push Notification,2023-08-12,2023-08,0,0,0,0,18.48,-100.0,Mid-Range
CAMP0007062,CUST00939,Push Notification,2023-10-25,2023-10,0,0,0,0,10.38,-100.0,Mid-Range
CAMP0007063,CUST00939,Email,2023-03-24,2023-03,1,0,0,0,44.45,-100.0,Mid-Range
CAMP0007064,CUST00939,Push Notification,2023-12-28,2023-12,0,0,0,0,20.83,-100.0,Mid-Range
CAMP0007065,CUST00939,Influencer,2024-03-07,2024-03,0,0,0,0,911.8,-100.0,Mid-Range
CAMP0007066,CUST00939,Email,2023-06-22,2023-06,1,0,0,0,24.18,-100.0,Mid-Range
CAMP0007067,CUST00940,Paid Social,2023-12-19,2023-12,0,0,0,0,2001.51,-100.0,Luxury
CAMP0007068,CUST00940,Paid Social,2024-03-05,2024-03,0,0,0,0,2193.71,-100.0,Luxury
CAMP0007069,CUST00940,Email,2023-06-21,2023-06,0,0,0,0,27.97,-100.0,Luxury
CAMP0007070,CUST00940,Email,2023-05-24,2023-05,0,0,0,0,31.37,-100.0,Luxury
CAMP0007071,CUST00941,Email,2023-11-20,2023-11,0,0,0,0,20.58,-100.0,Luxury
CAMP0007072,CUST00941,Email,2023-05-25,2023-05,0,0,0,0,55.73,-100.0,Luxury
CAMP0007073,CUST00941,Influencer,2023-01-10,2023-01,0,0,0,0,1521.82,-100.0,Luxury
CAMP0007074,CUST00941,Influencer,2023-11-08,2023-11,1,1,1,154.67,1507.12,-89.7,Luxury
CAMP0007075,CUST00941,Email,2023-07-15,2023-07,1,1,0,0,49.76,-100.0,Luxury
CAMP0007076,CUST00942,Push Notification,2023-08-02,2023-08,0,0,0,0,13.47,-100.0,Premium
CAMP0007077,CUST00942,Influencer,2023-09-05,2023-09,0,0,0,0,1134.11,-100.0,Premium
CAMP0007078,CUST00942,Paid Social,2024-01-31,2024-01,0,0,0,0,2349.24,-100.0,Premium
CAMP0007079,CUST00942,SMS,2024-01-04,2024-01,0,0,0,0,69.08,-100.0,Premium
CAMP0007080,CUST00942,Email,2024-02-07,2024-02,0,0,0,0,25.07,-100.0,Premium
CAMP0007081,CUST00942,Influencer,2024-02-10,2024-02,0,0,0,0,465.52,-100.0,Premium
CAMP0007082,CUST00942,Influencer,2024-02-23,2024-02,0,0,0,0,1608.94,-100.0,Premium
CAMP0007083,CUST00942,Paid Social,2024-03-07,2024-03,0,0,0,0,1005.66,-100.0,Premium
CAMP0007084,CUST00942,Email,2024-02-15,2024-02,1,0,0,0,38.0,-100.0,Premium
CAMP0007085,CUST00943,Push Notification,2023-07-25,2023-07,0,0,0,0,26.99,-100.0,Premium
CAMP0007086,CUST00943,Email,2024-03-02,2024-03,0,0,0,0,18.56,-100.0,Premium
CAMP0007087,CUST00943,Email,2023-10-23,2023-10,0,0,0,0,38.58,-100.0,Premium
CAMP0007088,CUST00943,Influencer,2023-12-04,2023-12,0,0,0,0,659.05,-100.0,Premium
CAMP0007089,CUST00944,Email,2022-07-11,2022-07,0,0,0,0,36.31,-100.0,Budget
CAMP0007090,CUST00944,Push Notification,2022-05-25,2022-05,1,1,0,0,21.19,-100.0,Budget
CAMP0007091,CUST00944,Email,2023-07-13,2023-07,0,0,0,0,38.93,-100.0,Budget
CAMP0007092,CUST00944,Email,2023-05-27,2023-05,0,0,0,0,41.76,-100.0,Budget
CAMP0007093,CUST00944,Influencer,2023-08-03,2023-08,1,1,0,0,640.14,-100.0,Budget
CAMP0007094,CUST00944,Display Ad,2022-03-24,2022-03,0,0,0,0,751.63,-100.0,Budget
CAMP0007095,CUST00944,Influencer,2024-03-08,2024-03,0,0,0,0,695.42,-100.0,Budget
CAMP0007096,CUST00944,Paid Social,2023-12-19,2023-12,0,0,0,0,1334.57,-100.0,Budget
CAMP0007097,CUST00944,SMS,2023-05-07,2023-05,0,0,0,0,69.33,-100.0,Budget
CAMP0007098,CUST00944,Influencer,2023-04-16,2023-04,1,0,0,0,1144.81,-100.0,Budget
CAMP0007099,CUST00945,Influencer,2023-08-13,2023-08,0,0,0,0,1636.08,-100.0,Luxury
CAMP0007100,CUST00945,Paid Social,2023-05-25,2023-05,0,0,0,0,2498.73,-100.0,Luxury
CAMP0007101,CUST00945,Paid Social,2023-05-05,2023-05,0,0,0,0,1855.98,-100.0,Luxury
CAMP0007102,CUST00945,Push Notification,2023-11-01,2023-11,0,0,0,0,16.76,-100.0,Luxury
CAMP0007103,CUST00945,Influencer,2023-10-26,2023-10,0,0,0,0,1053.16,-100.0,Luxury
CAMP0007104,CUST00946,Email,2022-09-06,2022-09,0,0,0,0,16.94,-100.0,Mid-Range
CAMP0007105,CUST00946,Influencer,2024-01-25,2024-01,0,0,0,0,1377.5,-100.0,Mid-Range
CAMP0007106,CUST00946,Email,2023-08-13,2023-08,0,0,0,0,33.43,-100.0,Mid-Range
CAMP0007107,CUST00946,Email,2024-03-11,2024-03,1,0,0,0,55.92,-100.0,Mid-Range
CAMP0007108,CUST00946,SMS,2023-11-07,2023-11,1,1,0,0,33.71,-100.0,Mid-Range
CAMP0007109,CUST00946,Paid Social,2022-06-11,2022-06,0,0,0,0,2327.22,-100.0,Mid-Range
CAMP0007110,CUST00946,Email,2023-01-27,2023-01,0,0,0,0,38.05,-100.0,Mid-Range
CAMP0007111,CUST00946,Push Notification,2023-04-16,2023-04,0,0,0,0,22.06,-100.0,Mid-Range
CAMP0007112,CUST00947,Email,2023-07-01,2023-07,0,0,0,0,24.36,-100.0,Budget
CAMP0007113,CUST00947,Paid Social,2023-02-02,2023-02,0,0,0,0,1594.1,-100.0,Budget
CAMP0007114,CUST00947,Email,2022-06-09,2022-06,1,0,0,0,59.28,-100.0,Budget
CAMP0007115,CUST00947,Paid Social,2022-06-09,2022-06,0,0,0,0,1050.61,-100.0,Budget
CAMP0007116,CUST00947,Paid Social,2022-05-16,2022-05,0,0,0,0,1008.86,-100.0,Budget
CAMP0007117,CUST00947,Paid Social,2023-09-01,2023-09,0,0,0,0,815.01,-100.0,Budget
CAMP0007118,CUST00947,Email,2023-04-10,2023-04,0,0,0,0,28.59,-100.0,Budget
CAMP0007119,CUST00947,Paid Social,2024-02-14,2024-02,0,0,0,0,1067.1,-100.0,Budget
CAMP0007120,CUST00947,Influencer,2022-08-27,2022-08,1,0,0,0,860.64,-100.0,Budget
CAMP0007121,CUST00947,Influencer,2023-08-18,2023-08,0,0,0,0,1333.69,-100.0,Budget
CAMP0007122,CUST00947,Push Notification,2023-08-18,2023-08,0,0,0,0,18.68,-100.0,Budget
CAMP0007123,CUST00947,Influencer,2022-11-07,2022-11,0,0,0,0,448.36,-100.0,Budget
CAMP0007124,CUST00948,SMS,2023-04-15,2023-04,0,0,0,0,114.05,-100.0,Mid-Range
CAMP0007125,CUST00948,Paid Social,2024-02-04,2024-02,0,0,0,0,737.69,-100.0,Mid-Range
CAMP0007126,CUST00948,Email,2024-03-15,2024-03,1,0,0,0,46.61,-100.0,Mid-Range
CAMP0007127,CUST00949,Influencer,2023-07-05,2023-07,0,0,0,0,1544.68,-100.0,Budget
CAMP0007128,CUST00949,Influencer,2022-11-11,2022-11,0,0,0,0,1328.84,-100.0,Budget
CAMP0007129,CUST00949,Email,2024-02-07,2024-02,0,0,0,0,25.47,-100.0,Budget
CAMP0007130,CUST00949,Paid Social,2023-10-10,2023-10,0,0,0,0,997.26,-100.0,Budget
CAMP0007131,CUST00949,SMS,2024-03-17,2024-03,1,1,1,164.07,37.02,343.2,Budget
CAMP0007132,CUST00949,Display Ad,2023-06-22,2023-06,0,0,0,0,657.23,-100.0,Budget
CAMP0007133,CUST00949,Influencer,2023-01-21,2023-01,0,0,0,0,456.67,-100.0,Budget
CAMP0007134,CUST00949,Email,2022-11-10,2022-11,0,0,0,0,19.69,-100.0,Budget
CAMP0007135,CUST00949,Push Notification,2023-07-02,2023-07,0,0,0,0,25.67,-100.0,Budget
CAMP0007136,CUST00949,SMS,2024-03-06,2024-03,1,0,0,0,57.91,-100.0,Budget
CAMP0007137,CUST00949,Paid Social,2024-01-30,2024-01,0,0,0,0,2392.24,-100.0,Budget
CAMP0007138,CUST00950,Push Notification,2024-02-10,2024-02,0,0,0,0,26.36,-100.0,Mid-Range
CAMP0007139,CUST00950,Influencer,2024-03-12,2024-03,0,0,0,0,978.96,-100.0,Mid-Range
CAMP0007140,CUST00950,Influencer,2023-04-19,2023-04,0,0,0,0,1084.4,-100.0,Mid-Range
CAMP0007141,CUST00950,Paid Social,2023-02-19,2023-02,0,0,0,0,1335.68,-100.0,Mid-Range
CAMP0007142,CUST00950,SMS,2023-06-10,2023-06,0,0,0,0,79.22,-100.0,Mid-Range
CAMP0007143,CUST00950,Influencer,2023-02-10,2023-02,0,0,0,0,704.11,-100.0,Mid-Range
CAMP0007144,CUST00950,Display Ad,2022-12-11,2022-12,0,0,0,0,531.64,-100.0,Mid-Range
CAMP0007145,CUST00950,Influencer,2023-02-19,2023-02,1,1,0,0,1010.0,-100.0,Mid-Range
CAMP0007146,CUST00950,Paid Social,2024-02-16,2024-02,1,0,0,0,1223.12,-100.0,Mid-Range
CAMP0007147,CUST00950,Paid Social,2023-07-24,2023-07,0,0,0,0,2084.61,-100.0,Mid-Range
CAMP0007148,CUST00950,Paid Social,2023-04-29,2023-04,1,0,0,0,897.3,-100.0,Mid-Range
CAMP0007149,CUST00951,Push Notification,2024-02-27,2024-02,0,0,0,0,21.35,-100.0,Budget
CAMP0007150,CUST00951,Email,2023-10-18,2023-10,1,1,1,70.87,28.01,153.0,Budget
CAMP0007151,CUST00951,Paid Social,2024-02-25,2024-02,0,0,0,0,2191.11,-100.0,Budget
CAMP0007152,CUST00951,Paid Social,2023-12-04,2023-12,1,0,0,0,1819.7,-100.0,Budget
CAMP0007153,CUST00952,SMS,2023-11-09,2023-11,0,0,0,0,98.18,-100.0,Budget
CAMP0007154,CUST00952,Influencer,2023-09-22,2023-09,0,0,0,0,1593.83,-100.0,Budget
CAMP0007155,CUST00952,Display Ad,2023-06-12,2023-06,0,0,0,0,392.13,-100.0,Budget
CAMP0007156,CUST00952,Email,2023-12-15,2023-12,0,0,0,0,18.53,-100.0,Budget
CAMP0007157,CUST00952,Paid Social,2023-10-08,2023-10,0,0,0,0,1293.04,-100.0,Budget
CAMP0007158,CUST00953,Influencer,2024-03-12,2024-03,1,0,0,0,571.3,-100.0,Budget
CAMP0007159,CUST00953,Display Ad,2022-12-06,2022-12,0,0,0,0,466.83,-100.0,Budget
CAMP0007160,CUST00953,Influencer,2023-07-16,2023-07,0,0,0,0,1605.76,-100.0,Budget
CAMP0007161,CUST00953,Influencer,2022-10-10,2022-10,0,0,0,0,1161.23,-100.0,Budget
CAMP0007162,CUST00954,Push Notification,2022-12-17,2022-12,0,0,0,0,10.97,-100.0,Premium
CAMP0007163,CUST00954,Paid Social,2023-01-10,2023-01,0,0,0,0,2116.6,-100.0,Premium
CAMP0007164,CUST00954,Email,2022-03-22,2022-03,0,0,0,0,57.56,-100.0,Premium
CAMP0007165,CUST00954,SMS,2022-01-10,2022-01,0,0,0,0,79.88,-100.0,Premium
CAMP0007166,CUST00954,Email,2022-07-04,2022-07,1,1,0,0,51.38,-100.0,Premium
CAMP0007167,CUST00954,Paid Social,2022-06-23,2022-06,0,0,0,0,2107.64,-100.0,Premium
CAMP0007168,CUST00954,Influencer,2022-07-20,2022-07,0,0,0,0,491.88,-100.0,Premium
CAMP0007169,CUST00954,SMS,2022-01-11,2022-01,1,0,0,0,62.36,-100.0,Premium
CAMP0007170,CUST00954,Email,2023-01-29,2023-01,1,0,0,0,32.6,-100.0,Premium
CAMP0007171,CUST00954,Display Ad,2024-01-09,2024-01,1,0,0,0,695.05,-100.0,Premium
CAMP0007172,CUST00955,SMS,2022-06-22,2022-06,1,0,0,0,70.5,-100.0,Mid-Range
CAMP0007173,CUST00955,Paid Social,2023-04-18,2023-04,0,0,0,0,1076.17,-100.0,Mid-Range
CAMP0007174,CUST00955,Push Notification,2023-02-25,2023-02,0,0,0,0,17.97,-100.0,Mid-Range
CAMP0007175,CUST00955,Paid Social,2022-11-16,2022-11,0,0,0,0,1155.61,-100.0,Mid-Range
CAMP0007176,CUST00956,Email,2023-10-16,2023-10,0,0,0,0,58.56,-100.0,Mid-Range
CAMP0007177,CUST00956,Display Ad,2023-11-20,2023-11,0,0,0,0,851.97,-100.0,Mid-Range
CAMP0007178,CUST00956,Push Notification,2023-06-15,2023-06,1,0,0,0,10.69,-100.0,Mid-Range
CAMP0007179,CUST00957,Influencer,2023-08-09,2023-08,0,0,0,0,1179.44,-100.0,Luxury
CAMP0007180,CUST00957,Email,2022-09-30,2022-09,1,0,0,0,17.85,-100.0,Luxury
CAMP0007181,CUST00957,SMS,2023-05-01,2023-05,0,0,0,0,107.73,-100.0,Luxury
CAMP0007182,CUST00957,Email,2023-05-27,2023-05,1,0,0,0,40.11,-100.0,Luxury
CAMP0007183,CUST00958,SMS,2022-04-16,2022-04,1,0,0,0,50.24,-100.0,Luxury
CAMP0007184,CUST00958,Paid Social,2023-07-06,2023-07,0,0,0,0,2360.89,-100.0,Luxury
CAMP0007185,CUST00958,Paid Social,2023-12-02,2023-12,0,0,0,0,1219.54,-100.0,Luxury
CAMP0007186,CUST00958,Paid Social,2022-09-30,2022-09,0,0,0,0,1301.47,-100.0,Luxury
CAMP0007187,CUST00958,Email,2022-11-22,2022-11,0,0,0,0,24.54,-100.0,Luxury
CAMP0007188,CUST00958,Email,2023-07-28,2023-07,0,0,0,0,21.57,-100.0,Luxury
CAMP0007189,CUST00958,Paid Social,2022-08-23,2022-08,0,0,0,0,1901.82,-100.0,Luxury
CAMP0007190,CUST00958,Influencer,2023-03-21,2023-03,0,0,0,0,598.12,-100.0,Luxury
CAMP0007191,CUST00959,Email,2022-10-07,2022-10,0,0,0,0,57.88,-100.0,Budget
CAMP0007192,CUST00959,Email,2022-12-12,2022-12,0,0,0,0,30.61,-100.0,Budget
CAMP0007193,CUST00959,SMS,2024-03-10,2024-03,1,0,0,0,79.74,-100.0,Budget
CAMP0007194,CUST00959,SMS,2023-07-11,2023-07,0,0,0,0,116.45,-100.0,Budget
CAMP0007195,CUST00959,Paid Social,2023-03-04,2023-03,0,0,0,0,843.3,-100.0,Budget
CAMP0007196,CUST00959,Push Notification,2023-07-14,2023-07,1,0,0,0,25.38,-100.0,Budget
CAMP0007197,CUST00959,Email,2023-10-12,2023-10,0,0,0,0,55.92,-100.0,Budget
CAMP0007198,CUST00959,Influencer,2022-02-25,2022-02,0,0,0,0,1306.35,-100.0,Budget
CAMP0007199,CUST00959,Influencer,2022-05-26,2022-05,0,0,0,0,1049.92,-100.0,Budget
CAMP0007200,CUST00959,Influencer,2023-02-04,2023-02,0,0,0,0,1109.1,-100.0,Budget
CAMP0007201,CUST00959,Display Ad,2024-02-24,2024-02,0,0,0,0,658.27,-100.0,Budget
CAMP0007202,CUST00960,Paid Social,2023-12-27,2023-12,0,0,0,0,1531.58,-100.0,Budget
CAMP0007203,CUST00960,Email,2024-01-09,2024-01,0,0,0,0,24.77,-100.0,Budget
CAMP0007204,CUST00960,Email,2023-12-25,2023-12,0,0,0,0,43.9,-100.0,Budget
CAMP0007205,CUST00960,Push Notification,2023-05-21,2023-05,0,0,0,0,27.66,-100.0,Budget
CAMP0007206,CUST00960,Email,2024-02-07,2024-02,0,0,0,0,21.89,-100.0,Budget
CAMP0007207,CUST00961,Email,2023-10-30,2023-10,0,0,0,0,50.42,-100.0,Budget
CAMP0007208,CUST00961,Email,2022-06-29,2022-06,0,0,0,0,45.0,-100.0,Budget
CAMP0007209,CUST00961,Push Notification,2023-05-13,2023-05,0,0,0,0,29.41,-100.0,Budget
CAMP0007210,CUST00961,Influencer,2022-12-29,2022-12,1,0,0,0,907.24,-100.0,Budget
CAMP0007211,CUST00961,SMS,2022-01-10,2022-01,0,0,0,0,53.01,-100.0,Budget
CAMP0007212,CUST00961,Email,2022-08-14,2022-08,0,0,0,0,49.91,-100.0,Budget
CAMP0007213,CUST00961,Influencer,2024-01-10,2024-01,0,0,0,0,801.23,-100.0,Budget
CAMP0007214,CUST00961,Email,2023-01-29,2023-01,0,0,0,0,48.81,-100.0,Budget
CAMP0007215,CUST00961,Influencer,2022-03-14,2022-03,1,0,0,0,1459.12,-100.0,Budget
CAMP0007216,CUST00962,Paid Social,2023-02-18,2023-02,0,0,0,0,1473.14,-100.0,Budget
CAMP0007217,CUST00962,Influencer,2024-03-19,2024-03,0,0,0,0,1283.03,-100.0,Budget
CAMP0007218,CUST00962,Email,2024-01-05,2024-01,0,0,0,0,34.7,-100.0,Budget
CAMP0007219,CUST00962,Paid Social,2022-05-02,2022-05,1,0,0,0,719.87,-100.0,Budget
CAMP0007220,CUST00962,Paid Social,2023-02-09,2023-02,0,0,0,0,1083.96,-100.0,Budget
CAMP0007221,CUST00962,SMS,2023-12-13,2023-12,1,1,0,0,55.76,-100.0,Budget
CAMP0007222,CUST00962,Push Notification,2022-06-15,2022-06,0,0,0,0,18.7,-100.0,Budget
CAMP0007223,CUST00962,Email,2023-03-18,2023-03,0,0,0,0,47.08,-100.0,Budget
CAMP0007224,CUST00962,Paid Social,2023-04-26,2023-04,0,0,0,0,1498.49,-100.0,Budget
CAMP0007225,CUST00962,Influencer,2022-09-17,2022-09,0,0,0,0,791.09,-100.0,Budget
CAMP0007226,CUST00963,Paid Social,2023-08-31,2023-08,1,0,0,0,748.45,-100.0,Budget
CAMP0007227,CUST00963,SMS,2023-05-01,2023-05,0,0,0,0,43.85,-100.0,Budget
CAMP0007228,CUST00963,Display Ad,2022-11-20,2022-11,1,1,0,0,884.85,-100.0,Budget
CAMP0007229,CUST00963,Paid Social,2023-07-26,2023-07,0,0,0,0,1970.1,-100.0,Budget
CAMP0007230,CUST00963,Influencer,2022-06-10,2022-06,0,0,0,0,1094.1,-100.0,Budget
CAMP0007231,CUST00963,Paid Social,2023-12-14,2023-12,0,0,0,0,1304.07,-100.0,Budget
CAMP0007232,CUST00964,Push Notification,2024-01-27,2024-01,0,0,0,0,14.15,-100.0,Mid-Range
CAMP0007233,CUST00964,Paid Social,2023-09-11,2023-09,0,0,0,0,2394.74,-100.0,Mid-Range
CAMP0007234,CUST00964,Email,2023-08-31,2023-08,1,0,0,0,55.93,-100.0,Mid-Range
CAMP0007235,CUST00964,Push Notification,2024-01-06,2024-01,1,1,0,0,19.87,-100.0,Mid-Range
CAMP0007236,CUST00964,Paid Social,2023-10-09,2023-10,0,0,0,0,1650.32,-100.0,Mid-Range
CAMP0007237,CUST00964,Paid Social,2024-02-15,2024-02,0,0,0,0,793.52,-100.0,Mid-Range
CAMP0007238,CUST00964,SMS,2024-01-14,2024-01,0,0,0,0,108.56,-100.0,Mid-Range
CAMP0007239,CUST00964,Push Notification,2023-12-07,2023-12,0,0,0,0,24.81,-100.0,Mid-Range
CAMP0007240,CUST00964,Push Notification,2024-02-05,2024-02,0,0,0,0,17.0,-100.0,Mid-Range
CAMP0007241,CUST00964,Influencer,2023-12-24,2023-12,0,0,0,0,694.11,-100.0,Mid-Range
CAMP0007242,CUST00964,Email,2024-01-04,2024-01,1,1,1,166.08,25.44,552.8,Mid-Range
CAMP0007243,CUST00965,Email,2024-01-27,2024-01,0,0,0,0,38.18,-100.0,Mid-Range
CAMP0007244,CUST00965,Paid Social,2023-09-03,2023-09,0,0,0,0,2089.18,-100.0,Mid-Range
CAMP0007245,CUST00965,Influencer,2023-11-27,2023-11,0,0,0,0,652.75,-100.0,Mid-Range
CAMP0007246,CUST00965,Email,2023-07-19,2023-07,0,0,0,0,56.37,-100.0,Mid-Range
CAMP0007247,CUST00965,Email,2022-04-27,2022-04,0,0,0,0,47.49,-100.0,Mid-Range
CAMP0007248,CUST00965,SMS,2023-04-13,2023-04,0,0,0,0,93.46,-100.0,Mid-Range
CAMP0007249,CUST00965,Influencer,2022-11-14,2022-11,1,1,0,0,1247.84,-100.0,Mid-Range
CAMP0007250,CUST00965,Display Ad,2024-03-14,2024-03,1,0,0,0,787.38,-100.0,Mid-Range
CAMP0007251,CUST00966,SMS,2024-01-14,2024-01,1,1,0,0,87.3,-100.0,Budget
CAMP0007252,CUST00966,Push Notification,2024-03-26,2024-03,0,0,0,0,13.63,-100.0,Budget
CAMP0007253,CUST00966,SMS,2023-11-18,2023-11,0,0,0,0,43.19,-100.0,Budget
CAMP0007254,CUST00966,Paid Social,2023-11-10,2023-11,0,0,0,0,1911.42,-100.0,Budget
CAMP0007255,CUST00966,Paid Social,2023-12-30,2023-12,0,0,0,0,2289.66,-100.0,Budget
CAMP0007256,CUST00966,Paid Social,2023-12-12,2023-12,0,0,0,0,2265.35,-100.0,Budget
CAMP0007257,CUST00966,SMS,2023-09-22,2023-09,0,0,0,0,39.77,-100.0,Budget
CAMP0007258,CUST00966,Influencer,2024-02-04,2024-02,0,0,0,0,1420.8,-100.0,Budget
CAMP0007259,CUST00966,Email,2023-10-22,2023-10,0,0,0,0,59.4,-100.0,Budget
CAMP0007260,CUST00966,Paid Social,2023-11-09,2023-11,0,0,0,0,2124.68,-100.0,Budget
CAMP0007261,CUST00966,Email,2023-12-27,2023-12,1,0,0,0,43.88,-100.0,Budget
CAMP0007262,CUST00967,Influencer,2023-07-31,2023-07,1,1,0,0,1163.33,-100.0,Mid-Range
CAMP0007263,CUST00967,Influencer,2023-07-21,2023-07,0,0,0,0,1341.22,-100.0,Mid-Range
CAMP0007264,CUST00967,Email,2023-10-18,2023-10,0,0,0,0,39.39,-100.0,Mid-Range
CAMP0007265,CUST00967,Push Notification,2022-05-18,2022-05,0,0,0,0,24.76,-100.0,Mid-Range
CAMP0007266,CUST00967,Push Notification,2023-12-21,2023-12,1,1,1,110.59,12.6,777.7,Mid-Range
CAMP0007267,CUST00968,Email,2023-05-11,2023-05,0,0,0,0,43.38,-100.0,Mid-Range
CAMP0007268,CUST00968,Email,2022-08-05,2022-08,0,0,0,0,56.59,-100.0,Mid-Range
CAMP0007269,CUST00968,Email,2022-09-16,2022-09,0,0,0,0,43.8,-100.0,Mid-Range
CAMP0007270,CUST00968,Push Notification,2023-01-17,2023-01,1,0,0,0,27.53,-100.0,Mid-Range
CAMP0007271,CUST00968,Paid Social,2023-05-23,2023-05,0,0,0,0,2526.15,-100.0,Mid-Range
CAMP0007272,CUST00968,Influencer,2022-07-30,2022-07,0,0,0,0,491.05,-100.0,Mid-Range
CAMP0007273,CUST00968,Paid Social,2023-05-17,2023-05,0,0,0,0,2271.99,-100.0,Mid-Range
CAMP0007274,CUST00969,Display Ad,2022-03-18,2022-03,1,1,0,0,440.04,-100.0,Mid-Range
CAMP0007275,CUST00969,Email,2022-07-08,2022-07,1,0,0,0,44.94,-100.0,Mid-Range
CAMP0007276,CUST00969,Paid Social,2023-12-18,2023-12,0,0,0,0,1596.39,-100.0,Mid-Range
CAMP0007277,CUST00969,Email,2023-01-18,2023-01,0,0,0,0,30.18,-100.0,Mid-Range
CAMP0007278,CUST00969,Paid Social,2023-09-02,2023-09,0,0,0,0,2399.74,-100.0,Mid-Range
CAMP0007279,CUST00969,Paid Social,2023-05-31,2023-05,0,0,0,0,2309.7,-100.0,Mid-Range
CAMP0007280,CUST00969,Paid Social,2022-12-12,2022-12,0,0,0,0,1563.76,-100.0,Mid-Range
CAMP0007281,CUST00969,Email,2024-01-10,2024-01,0,0,0,0,20.92,-100.0,Mid-Range
CAMP0007282,CUST00969,Email,2023-02-16,2023-02,0,0,0,0,55.59,-100.0,Mid-Range
CAMP0007283,CUST00969,Email,2023-09-08,2023-09,1,1,0,0,38.63,-100.0,Mid-Range
CAMP0007284,CUST00970,Email,2024-01-21,2024-01,1,0,0,0,52.3,-100.0,Luxury
CAMP0007285,CUST00970,Paid Social,2023-12-06,2023-12,0,0,0,0,2248.99,-100.0,Luxury
CAMP0007286,CUST00970,Email,2023-12-15,2023-12,1,0,0,0,34.4,-100.0,Luxury
CAMP0007287,CUST00970,Email,2023-09-12,2023-09,0,0,0,0,18.87,-100.0,Luxury
CAMP0007288,CUST00970,Paid Social,2023-10-12,2023-10,0,0,0,0,1698.79,-100.0,Luxury
CAMP0007289,CUST00970,Push Notification,2024-03-11,2024-03,0,0,0,0,25.94,-100.0,Luxury
CAMP0007290,CUST00970,Paid Social,2023-08-04,2023-08,1,0,0,0,2480.3,-100.0,Luxury
CAMP0007291,CUST00970,Paid Social,2023-02-28,2023-02,0,0,0,0,1655.25,-100.0,Luxury
CAMP0007292,CUST00970,Influencer,2023-03-10,2023-03,0,0,0,0,1647.32,-100.0,Luxury
CAMP0007293,CUST00970,Paid Social,2023-09-19,2023-09,0,0,0,0,1418.11,-100.0,Luxury
CAMP0007294,CUST00970,Push Notification,2023-11-26,2023-11,0,0,0,0,16.62,-100.0,Luxury
CAMP0007295,CUST00970,Email,2023-07-10,2023-07,0,0,0,0,54.38,-100.0,Luxury
CAMP0007296,CUST00971,Influencer,2023-08-28,2023-08,0,0,0,0,600.04,-100.0,Budget
CAMP0007297,CUST00971,Email,2023-11-22,2023-11,0,0,0,0,51.69,-100.0,Budget
CAMP0007298,CUST00971,Paid Social,2023-07-27,2023-07,0,0,0,0,836.67,-100.0,Budget
CAMP0007299,CUST00971,Display Ad,2023-10-28,2023-10,1,0,0,0,676.95,-100.0,Budget
CAMP0007300,CUST00972,Paid Social,2023-01-18,2023-01,1,0,0,0,1408.77,-100.0,Premium
CAMP0007301,CUST00972,SMS,2023-12-26,2023-12,0,0,0,0,32.9,-100.0,Premium
CAMP0007302,CUST00972,Email,2024-01-31,2024-01,0,0,0,0,49.88,-100.0,Premium
CAMP0007303,CUST00972,Push Notification,2023-02-02,2023-02,1,1,0,0,11.67,-100.0,Premium
CAMP0007304,CUST00972,Email,2022-09-18,2022-09,0,0,0,0,22.81,-100.0,Premium
CAMP0007305,CUST00972,Paid Social,2023-09-20,2023-09,0,0,0,0,2109.12,-100.0,Premium
CAMP0007306,CUST00972,Paid Social,2022-07-20,2022-07,0,0,0,0,2454.09,-100.0,Premium
CAMP0007307,CUST00972,Influencer,2023-11-14,2023-11,0,0,0,0,593.74,-100.0,Premium
CAMP0007308,CUST00972,Email,2023-02-03,2023-02,0,0,0,0,45.16,-100.0,Premium
CAMP0007309,CUST00972,Email,2024-03-01,2024-03,1,0,0,0,34.11,-100.0,Premium
CAMP0007310,CUST00972,Paid Social,2022-08-09,2022-08,0,0,0,0,1482.69,-100.0,Premium
CAMP0007311,CUST00973,Email,2023-09-25,2023-09,0,0,0,0,54.15,-100.0,Mid-Range
CAMP0007312,CUST00973,Display Ad,2023-10-14,2023-10,0,0,0,0,771.59,-100.0,Mid-Range
CAMP0007313,CUST00973,Push Notification,2024-02-19,2024-02,1,0,0,0,18.48,-100.0,Mid-Range
CAMP0007314,CUST00973,Paid Social,2024-01-01,2024-01,0,0,0,0,1210.8,-100.0,Mid-Range
CAMP0007315,CUST00973,Paid Social,2024-01-24,2024-01,0,0,0,0,959.37,-100.0,Mid-Range
CAMP0007316,CUST00973,Email,2023-12-10,2023-12,1,0,0,0,54.92,-100.0,Mid-Range
CAMP0007317,CUST00973,Email,2023-12-06,2023-12,1,1,1,135.36,54.04,150.5,Mid-Range
CAMP0007318,CUST00973,Paid Social,2023-12-20,2023-12,0,0,0,0,1763.95,-100.0,Mid-Range
CAMP0007319,CUST00974,Paid Social,2023-07-01,2023-07,0,0,0,0,1207.39,-100.0,Luxury
CAMP0007320,CUST00974,Paid Social,2024-02-22,2024-02,0,0,0,0,1023.1,-100.0,Luxury
CAMP0007321,CUST00974,Email,2024-02-12,2024-02,0,0,0,0,34.05,-100.0,Luxury
CAMP0007322,CUST00974,Influencer,2024-03-07,2024-03,0,0,0,0,1634.22,-100.0,Luxury
CAMP0007323,CUST00974,SMS,2023-11-15,2023-11,0,0,0,0,95.83,-100.0,Luxury
CAMP0007324,CUST00974,Paid Social,2023-09-24,2023-09,0,0,0,0,2504.67,-100.0,Luxury
CAMP0007325,CUST00975,Push Notification,2022-12-01,2022-12,0,0,0,0,22.6,-100.0,Luxury
CAMP0007326,CUST00975,Influencer,2023-06-03,2023-06,0,0,0,0,1223.01,-100.0,Luxury
CAMP0007327,CUST00975,Email,2023-07-01,2023-07,0,0,0,0,17.04,-100.0,Luxury
CAMP0007328,CUST00975,Paid Social,2022-08-08,2022-08,0,0,0,0,2344.91,-100.0,Luxury
CAMP0007329,CUST00976,Email,2022-11-04,2022-11,0,0,0,0,17.51,-100.0,Premium
CAMP0007330,CUST00976,Paid Social,2023-05-10,2023-05,0,0,0,0,2124.78,-100.0,Premium
CAMP0007331,CUST00976,Paid Social,2023-05-12,2023-05,0,0,0,0,1042.95,-100.0,Premium
CAMP0007332,CUST00976,Push Notification,2023-02-16,2023-02,0,0,0,0,19.38,-100.0,Premium
CAMP0007333,CUST00976,Email,2023-04-27,2023-04,0,0,0,0,46.34,-100.0,Premium
CAMP0007334,CUST00976,Push Notification,2023-11-30,2023-11,0,0,0,0,9.01,-100.0,Premium
CAMP0007335,CUST00976,Display Ad,2023-04-15,2023-04,0,0,0,0,356.19,-100.0,Premium
CAMP0007336,CUST00976,Influencer,2022-12-29,2022-12,0,0,0,0,451.28,-100.0,Premium
CAMP0007337,CUST00976,SMS,2022-12-28,2022-12,0,0,0,0,89.05,-100.0,Premium
CAMP0007338,CUST00976,Influencer,2022-10-26,2022-10,1,0,0,0,815.81,-100.0,Premium
CAMP0007339,CUST00977,SMS,2024-01-19,2024-01,0,0,0,0,62.39,-100.0,Mid-Range
CAMP0007340,CUST00977,SMS,2023-11-01,2023-11,1,1,0,0,65.54,-100.0,Mid-Range
CAMP0007341,CUST00977,Email,2024-01-28,2024-01,0,0,0,0,45.75,-100.0,Mid-Range
CAMP0007342,CUST00977,Influencer,2023-12-09,2023-12,1,1,1,127.44,1191.06,-89.3,Mid-Range
CAMP0007343,CUST00977,Email,2024-01-19,2024-01,0,0,0,0,16.43,-100.0,Mid-Range
CAMP0007344,CUST00977,Display Ad,2024-03-12,2024-03,0,0,0,0,761.07,-100.0,Mid-Range
CAMP0007345,CUST00977,Paid Social,2023-11-13,2023-11,0,0,0,0,1454.65,-100.0,Mid-Range
CAMP0007346,CUST00977,Paid Social,2023-10-21,2023-10,1,1,1,55.19,2353.96,-97.7,Mid-Range
CAMP0007347,CUST00978,Email,2023-09-12,2023-09,1,0,0,0,59.13,-100.0,Premium
CAMP0007348,CUST00978,SMS,2023-12-10,2023-12,0,0,0,0,76.27,-100.0,Premium
CAMP0007349,CUST00978,Email,2024-03-14,2024-03,0,0,0,0,31.05,-100.0,Premium
CAMP0007350,CUST00978,Paid Social,2023-12-27,2023-12,0,0,0,0,2451.74,-100.0,Premium
CAMP0007351,CUST00978,Email,2023-11-17,2023-11,0,0,0,0,28.67,-100.0,Premium
CAMP0007352,CUST00979,Email,2024-01-03,2024-01,0,0,0,0,40.26,-100.0,Budget
CAMP0007353,CUST00979,Paid Social,2022-12-05,2022-12,0,0,0,0,1973.44,-100.0,Budget
CAMP0007354,CUST00979,Email,2022-10-18,2022-10,0,0,0,0,52.14,-100.0,Budget
CAMP0007355,CUST00979,Email,2023-06-14,2023-06,1,1,1,99.4,30.66,224.2,Budget
CAMP0007356,CUST00979,Email,2022-07-06,2022-07,1,1,0,0,41.27,-100.0,Budget
CAMP0007357,CUST00979,SMS,2022-05-26,2022-05,0,0,0,0,91.98,-100.0,Budget
CAMP0007358,CUST00979,Display Ad,2024-01-18,2024-01,0,0,0,0,728.06,-100.0,Budget
CAMP0007359,CUST00979,Push Notification,2024-03-24,2024-03,0,0,0,0,28.61,-100.0,Budget
CAMP0007360,CUST00979,Push Notification,2023-11-23,2023-11,1,0,0,0,17.77,-100.0,Budget
CAMP0007361,CUST00979,Influencer,2024-02-04,2024-02,0,0,0,0,726.95,-100.0,Budget
CAMP0007362,CUST00979,Paid Social,2023-02-18,2023-02,1,0,0,0,1393.38,-100.0,Budget
CAMP0007363,CUST00980,Influencer,2023-11-27,2023-11,0,0,0,0,628.06,-100.0,Mid-Range
CAMP0007364,CUST00980,Push Notification,2023-05-26,2023-05,0,0,0,0,18.58,-100.0,Mid-Range
CAMP0007365,CUST00980,Push Notification,2023-10-08,2023-10,0,0,0,0,26.12,-100.0,Mid-Range
CAMP0007366,CUST00980,SMS,2024-02-27,2024-02,0,0,0,0,70.76,-100.0,Mid-Range
CAMP0007367,CUST00980,Influencer,2024-03-19,2024-03,0,0,0,0,1271.2,-100.0,Mid-Range
CAMP0007368,CUST00980,Paid Social,2023-10-23,2023-10,0,0,0,0,1748.37,-100.0,Mid-Range
CAMP0007369,CUST00980,Paid Social,2023-11-25,2023-11,1,1,0,0,886.34,-100.0,Mid-Range
CAMP0007370,CUST00980,Email,2023-11-29,2023-11,0,0,0,0,24.03,-100.0,Mid-Range
CAMP0007371,CUST00980,Influencer,2024-01-27,2024-01,0,0,0,0,936.52,-100.0,Mid-Range
CAMP0007372,CUST00981,Push Notification,2022-05-25,2022-05,0,0,0,0,12.74,-100.0,Mid-Range
CAMP0007373,CUST00981,Display Ad,2022-12-22,2022-12,0,0,0,0,662.95,-100.0,Mid-Range
CAMP0007374,CUST00981,Email,2023-03-31,2023-03,0,0,0,0,56.6,-100.0,Mid-Range
CAMP0007375,CUST00981,Email,2022-06-27,2022-06,0,0,0,0,58.49,-100.0,Mid-Range
CAMP0007376,CUST00981,Paid Social,2023-10-24,2023-10,0,0,0,0,794.8,-100.0,Mid-Range
CAMP0007377,CUST00981,Paid Social,2023-10-12,2023-10,1,1,0,0,1814.16,-100.0,Mid-Range
CAMP0007378,CUST00981,Paid Social,2024-02-11,2024-02,0,0,0,0,1671.35,-100.0,Mid-Range
CAMP0007379,CUST00981,Paid Social,2022-12-06,2022-12,0,0,0,0,943.71,-100.0,Mid-Range
CAMP0007380,CUST00982,Email,2024-01-30,2024-01,1,0,0,0,39.96,-100.0,Luxury
CAMP0007381,CUST00982,Email,2023-09-11,2023-09,0,0,0,0,18.29,-100.0,Luxury
CAMP0007382,CUST00982,Email,2023-11-26,2023-11,0,0,0,0,35.7,-100.0,Luxury
CAMP0007383,CUST00982,Paid Social,2024-02-03,2024-02,0,0,0,0,1341.26,-100.0,Luxury
CAMP0007384,CUST00982,Push Notification,2023-12-10,2023-12,0,0,0,0,13.16,-100.0,Luxury
CAMP0007385,CUST00982,Paid Social,2023-10-06,2023-10,0,0,0,0,1873.54,-100.0,Luxury
CAMP0007386,CUST00982,Email,2023-10-31,2023-10,0,0,0,0,37.3,-100.0,Luxury
CAMP0007387,CUST00982,Paid Social,2023-09-25,2023-09,0,0,0,0,967.13,-100.0,Luxury
CAMP0007388,CUST00982,Influencer,2023-10-12,2023-10,0,0,0,0,725.34,-100.0,Luxury
CAMP0007389,CUST00982,SMS,2023-08-23,2023-08,0,0,0,0,80.15,-100.0,Luxury
CAMP0007390,CUST00982,Influencer,2023-11-14,2023-11,0,0,0,0,816.51,-100.0,Luxury
CAMP0007391,CUST00982,Email,2024-02-25,2024-02,0,0,0,0,44.54,-100.0,Luxury
CAMP0007392,CUST00983,Push Notification,2024-02-11,2024-02,0,0,0,0,28.19,-100.0,Budget
CAMP0007393,CUST00983,Email,2023-11-22,2023-11,0,0,0,0,36.7,-100.0,Budget
CAMP0007394,CUST00983,Email,2023-07-19,2023-07,0,0,0,0,36.94,-100.0,Budget
CAMP0007395,CUST00983,Influencer,2023-10-17,2023-10,0,0,0,0,1229.67,-100.0,Budget
CAMP0007396,CUST00983,Paid Social,2023-10-27,2023-10,0,0,0,0,2181.3,-100.0,Budget
CAMP0007397,CUST00983,Push Notification,2023-05-26,2023-05,0,0,0,0,14.3,-100.0,Budget
CAMP0007398,CUST00984,Influencer,2023-01-28,2023-01,0,0,0,0,950.87,-100.0,Mid-Range
CAMP0007399,CUST00984,Paid Social,2023-02-20,2023-02,0,0,0,0,1188.28,-100.0,Mid-Range
CAMP0007400,CUST00984,Email,2023-08-31,2023-08,1,0,0,0,30.23,-100.0,Mid-Range
CAMP0007401,CUST00984,Email,2022-03-23,2022-03,0,0,0,0,32.23,-100.0,Mid-Range
CAMP0007402,CUST00984,Email,2023-11-10,2023-11,0,0,0,0,19.28,-100.0,Mid-Range
CAMP0007403,CUST00984,Influencer,2023-05-05,2023-05,0,0,0,0,968.74,-100.0,Mid-Range
CAMP0007404,CUST00984,Email,2023-02-15,2023-02,0,0,0,0,29.87,-100.0,Mid-Range
CAMP0007405,CUST00984,Email,2022-11-17,2022-11,1,0,0,0,53.55,-100.0,Mid-Range
CAMP0007406,CUST00984,Email,2024-02-22,2024-02,0,0,0,0,58.58,-100.0,Mid-Range
CAMP0007407,CUST00985,Paid Social,2024-03-03,2024-03,0,0,0,0,1166.5,-100.0,Budget
CAMP0007408,CUST00985,Influencer,2023-09-19,2023-09,0,0,0,0,1408.13,-100.0,Budget
CAMP0007409,CUST00985,SMS,2023-12-28,2023-12,0,0,0,0,55.12,-100.0,Budget
CAMP0007410,CUST00985,Push Notification,2023-12-05,2023-12,1,0,0,0,20.1,-100.0,Budget
CAMP0007411,CUST00985,Paid Social,2023-09-30,2023-09,1,0,0,0,2056.83,-100.0,Budget
CAMP0007412,CUST00985,SMS,2023-11-10,2023-11,0,0,0,0,45.7,-100.0,Budget
CAMP0007413,CUST00985,Email,2024-03-15,2024-03,0,0,0,0,36.88,-100.0,Budget
CAMP0007414,CUST00985,Display Ad,2023-11-26,2023-11,0,0,0,0,540.79,-100.0,Budget
CAMP0007415,CUST00985,Email,2023-11-19,2023-11,1,1,0,0,37.86,-100.0,Budget
CAMP0007416,CUST00985,Influencer,2023-10-18,2023-10,0,0,0,0,1606.42,-100.0,Budget
CAMP0007417,CUST00986,Email,2023-07-10,2023-07,1,1,1,72.16,56.58,27.5,Mid-Range
CAMP0007418,CUST00986,Influencer,2022-07-04,2022-07,1,1,1,196.84,1219.74,-83.9,Mid-Range
CAMP0007419,CUST00986,Display Ad,2022-11-17,2022-11,0,0,0,0,876.63,-100.0,Mid-Range
CAMP0007420,CUST00986,Push Notification,2023-10-07,2023-10,0,0,0,0,8.14,-100.0,Mid-Range
CAMP0007421,CUST00986,Email,2022-02-16,2022-02,0,0,0,0,17.71,-100.0,Mid-Range
CAMP0007422,CUST00986,SMS,2023-04-21,2023-04,0,0,0,0,52.25,-100.0,Mid-Range
CAMP0007423,CUST00986,Email,2022-01-10,2022-01,0,0,0,0,20.78,-100.0,Mid-Range
CAMP0007424,CUST00986,Display Ad,2023-01-04,2023-01,0,0,0,0,555.06,-100.0,Mid-Range
CAMP0007425,CUST00986,Email,2022-11-20,2022-11,0,0,0,0,24.21,-100.0,Mid-Range
CAMP0007426,CUST00986,Paid Social,2023-07-21,2023-07,1,0,0,0,872.26,-100.0,Mid-Range
CAMP0007427,CUST00987,Paid Social,2023-01-11,2023-01,0,0,0,0,1008.92,-100.0,Premium
CAMP0007428,CUST00987,Influencer,2022-08-09,2022-08,0,0,0,0,1194.97,-100.0,Premium
CAMP0007429,CUST00987,Email,2023-02-10,2023-02,0,0,0,0,40.34,-100.0,Premium
CAMP0007430,CUST00987,Push Notification,2023-10-29,2023-10,0,0,0,0,20.45,-100.0,Premium
CAMP0007431,CUST00988,Push Notification,2022-08-06,2022-08,0,0,0,0,26.62,-100.0,Luxury
CAMP0007432,CUST00988,Email,2024-01-21,2024-01,0,0,0,0,17.84,-100.0,Luxury
CAMP0007433,CUST00988,Email,2023-07-23,2023-07,0,0,0,0,48.8,-100.0,Luxury
CAMP0007434,CUST00988,Email,2024-02-18,2024-02,0,0,0,0,36.88,-100.0,Luxury
CAMP0007435,CUST00988,Email,2023-02-17,2023-02,0,0,0,0,33.95,-100.0,Luxury
CAMP0007436,CUST00988,Paid Social,2024-03-09,2024-03,0,0,0,0,2494.87,-100.0,Luxury
CAMP0007437,CUST00988,Display Ad,2022-08-18,2022-08,0,0,0,0,866.64,-100.0,Luxury
CAMP0007438,CUST00988,Display Ad,2023-10-17,2023-10,0,0,0,0,617.82,-100.0,Luxury
CAMP0007439,CUST00988,Email,2023-09-01,2023-09,1,1,0,0,23.6,-100.0,Luxury
CAMP0007440,CUST00988,Email,2023-01-20,2023-01,0,0,0,0,30.96,-100.0,Luxury
CAMP0007441,CUST00988,Paid Social,2024-02-13,2024-02,0,0,0,0,1083.77,-100.0,Luxury
CAMP0007442,CUST00988,Push Notification,2022-08-10,2022-08,0,0,0,0,22.01,-100.0,Luxury
CAMP0007443,CUST00989,Push Notification,2023-02-21,2023-02,0,0,0,0,18.24,-100.0,Premium
CAMP0007444,CUST00989,Influencer,2023-02-09,2023-02,0,0,0,0,1014.29,-100.0,Premium
CAMP0007445,CUST00989,Email,2022-11-12,2022-11,0,0,0,0,37.91,-100.0,Premium
CAMP0007446,CUST00989,Push Notification,2022-12-10,2022-12,0,0,0,0,10.41,-100.0,Premium
CAMP0007447,CUST00989,Display Ad,2022-07-16,2022-07,0,0,0,0,736.57,-100.0,Premium
CAMP0007448,CUST00990,Email,2023-08-19,2023-08,0,0,0,0,53.96,-100.0,Luxury
CAMP0007449,CUST00990,Influencer,2023-09-13,2023-09,0,0,0,0,1263.98,-100.0,Luxury
CAMP0007450,CUST00990,Paid Social,2024-01-31,2024-01,0,0,0,0,1723.98,-100.0,Luxury
CAMP0007451,CUST00990,Influencer,2024-02-25,2024-02,0,0,0,0,866.44,-100.0,Luxury
CAMP0007452,CUST00990,Email,2023-07-06,2023-07,0,0,0,0,51.75,-100.0,Luxury
CAMP0007453,CUST00990,Paid Social,2024-01-14,2024-01,1,0,0,0,2160.01,-100.0,Luxury
CAMP0007454,CUST00990,Email,2023-04-22,2023-04,0,0,0,0,48.14,-100.0,Luxury
CAMP0007455,CUST00991,Display Ad,2024-02-06,2024-02,0,0,0,0,618.1,-100.0,Budget
CAMP0007456,CUST00991,Paid Social,2023-07-02,2023-07,0,0,0,0,2517.19,-100.0,Budget
CAMP0007457,CUST00991,Email,2024-01-24,2024-01,0,0,0,0,26.12,-100.0,Budget
CAMP0007458,CUST00991,SMS,2023-08-10,2023-08,0,0,0,0,33.54,-100.0,Budget
CAMP0007459,CUST00991,Paid Social,2022-11-09,2022-11,1,0,0,0,1061.41,-100.0,Budget
CAMP0007460,CUST00991,Influencer,2024-03-20,2024-03,0,0,0,0,1044.59,-100.0,Budget
CAMP0007461,CUST00991,SMS,2023-03-29,2023-03,0,0,0,0,75.15,-100.0,Budget
CAMP0007462,CUST00991,Email,2023-02-10,2023-02,1,1,1,179.51,25.21,612.1,Budget
CAMP0007463,CUST00991,Push Notification,2023-05-18,2023-05,0,0,0,0,29.62,-100.0,Budget
CAMP0007464,CUST00991,Email,2024-02-18,2024-02,1,0,0,0,26.2,-100.0,Budget
CAMP0007465,CUST00991,Email,2023-07-20,2023-07,0,0,0,0,43.73,-100.0,Budget
CAMP0007466,CUST00991,Paid Social,2023-10-28,2023-10,0,0,0,0,2449.67,-100.0,Budget
CAMP0007467,CUST00992,Paid Social,2023-05-14,2023-05,1,1,0,0,847.05,-100.0,Mid-Range
CAMP0007468,CUST00992,Email,2023-12-31,2023-12,1,0,0,0,38.73,-100.0,Mid-Range
CAMP0007469,CUST00992,Paid Social,2023-02-08,2023-02,1,0,0,0,2466.31,-100.0,Mid-Range
CAMP0007470,CUST00992,Email,2023-04-22,2023-04,0,0,0,0,41.62,-100.0,Mid-Range
CAMP0007471,CUST00992,SMS,2024-03-21,2024-03,1,0,0,0,33.98,-100.0,Mid-Range
CAMP0007472,CUST00993,Paid Social,2023-12-05,2023-12,0,0,0,0,2219.35,-100.0,Mid-Range
CAMP0007473,CUST00993,Influencer,2023-07-16,2023-07,0,0,0,0,738.83,-100.0,Mid-Range
CAMP0007474,CUST00993,Paid Social,2023-08-17,2023-08,1,0,0,0,759.57,-100.0,Mid-Range
CAMP0007475,CUST00993,Email,2023-09-11,2023-09,0,0,0,0,50.95,-100.0,Mid-Range
CAMP0007476,CUST00993,Paid Social,2023-05-27,2023-05,0,0,0,0,2505.27,-100.0,Mid-Range
CAMP0007477,CUST00993,Email,2024-01-27,2024-01,0,0,0,0,40.12,-100.0,Mid-Range
CAMP0007478,CUST00994,SMS,2022-10-25,2022-10,0,0,0,0,72.26,-100.0,Budget
CAMP0007479,CUST00994,Paid Social,2022-09-08,2022-09,0,0,0,0,2459.27,-100.0,Budget
CAMP0007480,CUST00994,Influencer,2023-08-31,2023-08,1,0,0,0,1311.65,-100.0,Budget
CAMP0007481,CUST00994,Paid Social,2023-01-14,2023-01,0,0,0,0,1343.83,-100.0,Budget
CAMP0007482,CUST00994,Push Notification,2023-04-13,2023-04,1,1,1,199.79,23.44,752.3,Budget
CAMP0007483,CUST00994,Display Ad,2022-07-21,2022-07,0,0,0,0,599.53,-100.0,Budget
CAMP0007484,CUST00994,Email,2022-07-30,2022-07,0,0,0,0,16.19,-100.0,Budget
CAMP0007485,CUST00994,Email,2023-07-16,2023-07,0,0,0,0,35.81,-100.0,Budget
CAMP0007486,CUST00994,Influencer,2024-02-03,2024-02,1,1,0,0,1021.28,-100.0,Budget
CAMP0007487,CUST00994,Push Notification,2024-03-19,2024-03,0,0,0,0,14.42,-100.0,Budget
CAMP0007488,CUST00995,Email,2022-09-29,2022-09,0,0,0,0,59.46,-100.0,Budget
CAMP0007489,CUST00995,Email,2023-01-25,2023-01,0,0,0,0,19.69,-100.0,Budget
CAMP0007490,CUST00995,Email,2022-12-22,2022-12,0,0,0,0,44.12,-100.0,Budget
CAMP0007491,CUST00995,Email,2023-02-02,2023-02,0,0,0,0,31.38,-100.0,Budget
CAMP0007492,CUST00995,Push Notification,2022-09-25,2022-09,0,0,0,0,13.68,-100.0,Budget
CAMP0007493,CUST00995,Influencer,2023-12-17,2023-12,1,0,0,0,952.19,-100.0,Budget
CAMP0007494,CUST00995,Email,2023-11-10,2023-11,0,0,0,0,42.92,-100.0,Budget
CAMP0007495,CUST00995,Display Ad,2023-07-31,2023-07,0,0,0,0,626.43,-100.0,Budget
CAMP0007496,CUST00995,Paid Social,2023-12-16,2023-12,0,0,0,0,1809.88,-100.0,Budget
CAMP0007497,CUST00995,Push Notification,2023-06-12,2023-06,0,0,0,0,15.0,-100.0,Budget
CAMP0007498,CUST00995,Email,2022-11-07,2022-11,0,0,0,0,43.66,-100.0,Budget
CAMP0007499,CUST00996,Influencer,2023-02-09,2023-02,0,0,0,0,1580.32,-100.0,Premium
CAMP0007500,CUST00996,Push Notification,2023-05-27,2023-05,0,0,0,0,18.23,-100.0,Premium
CAMP0007501,CUST00996,Display Ad,2022-08-10,2022-08,0,0,0,0,775.56,-100.0,Premium
CAMP0007502,CUST00996,Influencer,2024-01-17,2024-01,0,0,0,0,901.91,-100.0,Premium
CAMP0007503,CUST00996,Email,2023-04-21,2023-04,1,1,0,0,33.95,-100.0,Premium
CAMP0007504,CUST00996,Email,2023-01-25,2023-01,1,0,0,0,34.55,-100.0,Premium
CAMP0007505,CUST00996,Email,2022-09-20,2022-09,1,0,0,0,18.35,-100.0,Premium
CAMP0007506,CUST00996,Push Notification,2024-02-02,2024-02,0,0,0,0,28.82,-100.0,Premium
CAMP0007507,CUST00996,SMS,2022-11-28,2022-11,0,0,0,0,93.63,-100.0,Premium
CAMP0007508,CUST00996,Push Notification,2024-03-04,2024-03,0,0,0,0,14.06,-100.0,Premium
CAMP0007509,CUST00996,Paid Social,2023-04-09,2023-04,0,0,0,0,831.33,-100.0,Premium
CAMP0007510,CUST00997,Paid Social,2024-03-15,2024-03,0,0,0,0,2471.68,-100.0,Budget
CAMP0007511,CUST00997,Email,2023-06-30,2023-06,0,0,0,0,41.06,-100.0,Budget
CAMP0007512,CUST00997,Influencer,2023-11-23,2023-11,1,1,0,0,1404.28,-100.0,Budget
CAMP0007513,CUST00997,Influencer,2023-03-07,2023-03,1,0,0,0,614.62,-100.0,Budget
CAMP0007514,CUST00997,Influencer,2023-02-05,2023-02,1,1,0,0,594.35,-100.0,Budget
CAMP0007515,CUST00998,Paid Social,2023-09-06,2023-09,0,0,0,0,2322.46,-100.0,Premium
CAMP0007516,CUST00998,Influencer,2023-08-01,2023-08,0,0,0,0,1473.54,-100.0,Premium
CAMP0007517,CUST00998,Paid Social,2024-03-16,2024-03,0,0,0,0,2025.28,-100.0,Premium
CAMP0007518,CUST00998,Influencer,2023-10-25,2023-10,0,0,0,0,701.14,-100.0,Premium
CAMP0007519,CUST00999,Email,2024-02-01,2024-02,1,1,1,106.82,42.3,152.5,Budget
CAMP0007520,CUST00999,Email,2023-11-01,2023-11,0,0,0,0,16.69,-100.0,Budget
CAMP0007521,CUST00999,Email,2023-07-25,2023-07,0,0,0,0,33.12,-100.0,Budget
CAMP0007522,CUST00999,Email,2024-02-13,2024-02,1,1,1,168.95,34.21,393.9,Budget
CAMP0007523,CUST01000,Paid Social,2024-01-20,2024-01,0,0,0,0,1612.35,-100.0,Mid-Range
CAMP0007524,CUST01000,Paid Social,2023-09-19,2023-09,0,0,0,0,1856.68,-100.0,Mid-Range
CAMP0007525,CUST01000,Influencer,2023-11-06,2023-11,0,0,0,0,1493.63,-100.0,Mid-Range
CAMP0007526,CUST01000,SMS,2023-03-27,2023-03,0,0,0,0,114.81,-100.0,Mid-Range
CAMP0007527,CUST01000,Push Notification,2023-05-02,2023-05,1,0,0,0,28.94,-100.0,Mid-Range
CAMP0007528,CUST01000,Paid Social,2023-11-22,2023-11,0,0,0,0,1039.28,-100.0,Mid-Range
CAMP0007529,CUST01000,Paid Social,2023-07-26,2023-07,1,0,0,0,1360.17,-100.0,Mid-Range
CAMP0007530,CUST01000,Paid Social,2023-06-23,2023-06,1,1,0,0,958.92,-100.0,Mid-Range
CAMP0007531,CUST01000,Email,2024-03-27,2024-03,0,0,0,0,51.66,-100.0,Mid-Range
CAMP0007532,CUST01000,Paid Social,2023-04-22,2023-04,0,0,0,0,800.52,-100.0,Mid-Range
CAMP0007533,CUST01001,Email,2023-12-09,2023-12,0,0,0,0,29.68,-100.0,Budget
CAMP0007534,CUST01001,SMS,2023-11-19,2023-11,1,0,0,0,115.99,-100.0,Budget
CAMP0007535,CUST01001,Display Ad,2024-03-09,2024-03,0,0,0,0,973.34,-100.0,Budget
CAMP0007536,CUST01001,Push Notification,2024-02-26,2024-02,0,0,0,0,20.2,-100.0,Budget
CAMP0007537,CUST01001,SMS,2023-06-07,2023-06,0,0,0,0,54.26,-100.0,Budget
CAMP0007538,CUST01001,Display Ad,2023-06-01,2023-06,0,0,0,0,797.13,-100.0,Budget
CAMP0007539,CUST01001,Display Ad,2023-12-13,2023-12,0,0,0,0,407.41,-100.0,Budget
CAMP0007540,CUST01002,Paid Social,2022-03-30,2022-03,0,0,0,0,741.98,-100.0,Budget
CAMP0007541,CUST01002,Influencer,2023-12-03,2023-12,0,0,0,0,864.24,-100.0,Budget
CAMP0007542,CUST01002,Paid Social,2024-03-01,2024-03,0,0,0,0,1821.85,-100.0,Budget
CAMP0007543,CUST01002,SMS,2024-03-20,2024-03,0,0,0,0,62.76,-100.0,Budget
CAMP0007544,CUST01002,Paid Social,2022-04-01,2022-04,1,0,0,0,2346.15,-100.0,Budget
CAMP0007545,CUST01002,SMS,2023-05-25,2023-05,0,0,0,0,114.01,-100.0,Budget
CAMP0007546,CUST01002,SMS,2023-01-10,2023-01,1,1,1,66.26,62.35,6.3,Budget
CAMP0007547,CUST01002,Email,2022-11-24,2022-11,1,0,0,0,57.5,-100.0,Budget
CAMP0007548,CUST01002,Paid Social,2023-10-28,2023-10,0,0,0,0,807.86,-100.0,Budget
CAMP0007549,CUST01002,Email,2024-02-24,2024-02,0,0,0,0,53.05,-100.0,Budget
CAMP0007550,CUST01002,Email,2024-01-30,2024-01,0,0,0,0,19.84,-100.0,Budget
CAMP0007551,CUST01002,Paid Social,2022-09-13,2022-09,1,0,0,0,1118.82,-100.0,Budget
CAMP0007552,CUST01003,Email,2023-12-13,2023-12,0,0,0,0,44.52,-100.0,Mid-Range
CAMP0007553,CUST01003,Influencer,2023-10-14,2023-10,0,0,0,0,469.78,-100.0,Mid-Range
CAMP0007554,CUST01003,Paid Social,2023-11-14,2023-11,1,0,0,0,1022.72,-100.0,Mid-Range
CAMP0007555,CUST01003,Email,2023-12-24,2023-12,0,0,0,0,17.07,-100.0,Mid-Range
CAMP0007556,CUST01003,Influencer,2023-10-26,2023-10,0,0,0,0,1072.23,-100.0,Mid-Range
CAMP0007557,CUST01003,Paid Social,2023-09-04,2023-09,0,0,0,0,2455.1,-100.0,Mid-Range
CAMP0007558,CUST01004,SMS,2023-08-16,2023-08,0,0,0,0,47.51,-100.0,Mid-Range
CAMP0007559,CUST01004,Paid Social,2023-06-24,2023-06,0,0,0,0,1585.0,-100.0,Mid-Range
CAMP0007560,CUST01004,Influencer,2023-04-23,2023-04,0,0,0,0,811.73,-100.0,Mid-Range
CAMP0007561,CUST01004,SMS,2022-10-09,2022-10,1,0,0,0,118.62,-100.0,Mid-Range
CAMP0007562,CUST01004,Paid Social,2023-07-24,2023-07,0,0,0,0,2504.09,-100.0,Mid-Range
CAMP0007563,CUST01004,Email,2024-01-31,2024-01,0,0,0,0,25.96,-100.0,Mid-Range
CAMP0007564,CUST01004,SMS,2023-09-26,2023-09,0,0,0,0,50.17,-100.0,Mid-Range
CAMP0007565,CUST01005,Paid Social,2023-06-26,2023-06,0,0,0,0,1967.47,-100.0,Mid-Range
CAMP0007566,CUST01005,Paid Social,2022-12-05,2022-12,0,0,0,0,2478.72,-100.0,Mid-Range
CAMP0007567,CUST01005,Display Ad,2022-10-21,2022-10,0,0,0,0,476.74,-100.0,Mid-Range
CAMP0007568,CUST01005,Email,2023-11-02,2023-11,0,0,0,0,26.52,-100.0,Mid-Range
CAMP0007569,CUST01005,SMS,2022-12-01,2022-12,1,0,0,0,76.04,-100.0,Mid-Range
CAMP0007570,CUST01005,SMS,2024-02-02,2024-02,0,0,0,0,87.72,-100.0,Mid-Range
CAMP0007571,CUST01005,Influencer,2024-01-30,2024-01,0,0,0,0,1158.32,-100.0,Mid-Range
CAMP0007572,CUST01005,Paid Social,2023-12-14,2023-12,1,0,0,0,2347.52,-100.0,Mid-Range
CAMP0007573,CUST01005,Email,2023-06-23,2023-06,1,0,0,0,38.1,-100.0,Mid-Range
CAMP0007574,CUST01005,SMS,2022-12-29,2022-12,0,0,0,0,38.62,-100.0,Mid-Range
CAMP0007575,CUST01006,Paid Social,2023-04-07,2023-04,1,0,0,0,1229.52,-100.0,Premium
CAMP0007576,CUST01006,Email,2023-11-15,2023-11,0,0,0,0,24.74,-100.0,Premium
CAMP0007577,CUST01006,Influencer,2023-12-26,2023-12,0,0,0,0,864.87,-100.0,Premium
CAMP0007578,CUST01006,Influencer,2024-03-21,2024-03,0,0,0,0,1314.57,-100.0,Premium
CAMP0007579,CUST01006,Influencer,2023-02-20,2023-02,0,0,0,0,475.51,-100.0,Premium
CAMP0007580,CUST01007,Paid Social,2023-10-14,2023-10,0,0,0,0,1535.9,-100.0,Premium
CAMP0007581,CUST01007,Email,2023-11-04,2023-11,0,0,0,0,35.39,-100.0,Premium
CAMP0007582,CUST01007,SMS,2023-09-01,2023-09,0,0,0,0,43.26,-100.0,Premium
CAMP0007583,CUST01007,Paid Social,2023-10-17,2023-10,0,0,0,0,1910.49,-100.0,Premium
CAMP0007584,CUST01007,Paid Social,2022-10-31,2022-10,0,0,0,0,2498.8,-100.0,Premium
CAMP0007585,CUST01007,Influencer,2024-03-04,2024-03,0,0,0,0,1249.59,-100.0,Premium
CAMP0007586,CUST01007,Display Ad,2022-10-21,2022-10,0,0,0,0,596.78,-100.0,Premium
CAMP0007587,CUST01007,Influencer,2024-03-22,2024-03,1,1,0,0,1399.16,-100.0,Premium
CAMP0007588,CUST01007,Email,2024-02-12,2024-02,0,0,0,0,57.92,-100.0,Premium
CAMP0007589,CUST01007,Influencer,2023-07-29,2023-07,0,0,0,0,519.59,-100.0,Premium
CAMP0007590,CUST01008,Email,2024-02-15,2024-02,0,0,0,0,57.32,-100.0,Premium
CAMP0007591,CUST01008,Email,2022-08-04,2022-08,0,0,0,0,49.98,-100.0,Premium
CAMP0007592,CUST01008,Paid Social,2022-05-23,2022-05,0,0,0,0,1369.88,-100.0,Premium
CAMP0007593,CUST01008,Paid Social,2022-08-09,2022-08,0,0,0,0,1258.13,-100.0,Premium
CAMP0007594,CUST01008,Email,2022-09-07,2022-09,0,0,0,0,54.69,-100.0,Premium
CAMP0007595,CUST01008,Push Notification,2022-12-02,2022-12,0,0,0,0,15.71,-100.0,Premium
CAMP0007596,CUST01008,Paid Social,2023-09-16,2023-09,0,0,0,0,781.3,-100.0,Premium
CAMP0007597,CUST01008,Influencer,2023-04-27,2023-04,1,0,0,0,681.6,-100.0,Premium
CAMP0007598,CUST01008,Push Notification,2024-01-31,2024-01,0,0,0,0,10.76,-100.0,Premium
CAMP0007599,CUST01008,Push Notification,2023-10-08,2023-10,0,0,0,0,14.01,-100.0,Premium
CAMP0007600,CUST01008,Email,2023-02-15,2023-02,1,1,1,165.23,52.73,213.4,Premium
CAMP0007601,CUST01009,Email,2023-10-04,2023-10,0,0,0,0,37.26,-100.0,Budget
CAMP0007602,CUST01009,Paid Social,2023-09-10,2023-09,0,0,0,0,2456.0,-100.0,Budget
CAMP0007603,CUST01009,Push Notification,2023-05-10,2023-05,0,0,0,0,20.67,-100.0,Budget
CAMP0007604,CUST01009,Paid Social,2023-07-27,2023-07,0,0,0,0,1197.52,-100.0,Budget
CAMP0007605,CUST01009,Email,2023-10-16,2023-10,0,0,0,0,56.34,-100.0,Budget
CAMP0007606,CUST01009,SMS,2023-10-25,2023-10,0,0,0,0,97.07,-100.0,Budget
CAMP0007607,CUST01009,Email,2023-11-28,2023-11,0,0,0,0,34.83,-100.0,Budget
CAMP0007608,CUST01009,SMS,2023-09-23,2023-09,0,0,0,0,111.32,-100.0,Budget
CAMP0007609,CUST01009,Paid Social,2023-12-29,2023-12,0,0,0,0,1425.2,-100.0,Budget
CAMP0007610,CUST01010,SMS,2023-12-27,2023-12,0,0,0,0,93.35,-100.0,Mid-Range
CAMP0007611,CUST01010,Display Ad,2023-07-29,2023-07,0,0,0,0,315.13,-100.0,Mid-Range
CAMP0007612,CUST01010,Push Notification,2023-06-22,2023-06,0,0,0,0,26.54,-100.0,Mid-Range
CAMP0007613,CUST01010,Email,2023-09-30,2023-09,1,1,0,0,24.59,-100.0,Mid-Range
CAMP0007614,CUST01010,Paid Social,2024-02-27,2024-02,1,0,0,0,1861.21,-100.0,Mid-Range
CAMP0007615,CUST01011,SMS,2022-05-30,2022-05,0,0,0,0,53.47,-100.0,Luxury
CAMP0007616,CUST01011,Email,2023-03-16,2023-03,1,1,1,185.52,24.21,666.3,Luxury
CAMP0007617,CUST01011,Email,2023-08-01,2023-08,0,0,0,0,41.23,-100.0,Luxury
CAMP0007618,CUST01011,Email,2023-09-09,2023-09,0,0,0,0,56.6,-100.0,Luxury
CAMP0007619,CUST01011,Email,2022-05-26,2022-05,0,0,0,0,39.95,-100.0,Luxury
CAMP0007620,CUST01011,Paid Social,2023-10-25,2023-10,0,0,0,0,1882.17,-100.0,Luxury
CAMP0007621,CUST01011,Paid Social,2023-01-30,2023-01,0,0,0,0,1636.6,-100.0,Luxury
CAMP0007622,CUST01011,Push Notification,2022-07-19,2022-07,0,0,0,0,10.93,-100.0,Luxury
CAMP0007623,CUST01011,SMS,2023-06-11,2023-06,1,0,0,0,44.39,-100.0,Luxury
CAMP0007624,CUST01011,Paid Social,2022-12-20,2022-12,0,0,0,0,1346.94,-100.0,Luxury
CAMP0007625,CUST01012,Influencer,2022-05-29,2022-05,0,0,0,0,1469.32,-100.0,Mid-Range
CAMP0007626,CUST01012,Paid Social,2022-05-20,2022-05,0,0,0,0,1859.8,-100.0,Mid-Range
CAMP0007627,CUST01012,Display Ad,2023-01-15,2023-01,0,0,0,0,343.16,-100.0,Mid-Range
CAMP0007628,CUST01012,Paid Social,2022-08-24,2022-08,0,0,0,0,1278.6,-100.0,Mid-Range
CAMP0007629,CUST01012,Push Notification,2023-10-25,2023-10,0,0,0,0,29.13,-100.0,Mid-Range
CAMP0007630,CUST01012,Email,2023-07-30,2023-07,0,0,0,0,24.39,-100.0,Mid-Range
CAMP0007631,CUST01012,Push Notification,2022-06-22,2022-06,0,0,0,0,22.0,-100.0,Mid-Range
CAMP0007632,CUST01012,Email,2022-11-02,2022-11,0,0,0,0,50.46,-100.0,Mid-Range
CAMP0007633,CUST01012,SMS,2024-03-25,2024-03,0,0,0,0,66.73,-100.0,Mid-Range
CAMP0007634,CUST01012,Paid Social,2023-05-19,2023-05,0,0,0,0,1845.81,-100.0,Mid-Range
CAMP0007635,CUST01012,Email,2022-11-20,2022-11,0,0,0,0,58.92,-100.0,Mid-Range
CAMP0007636,CUST01012,SMS,2023-02-07,2023-02,0,0,0,0,64.62,-100.0,Mid-Range
CAMP0007637,CUST01013,Push Notification,2023-06-24,2023-06,1,1,0,0,19.82,-100.0,Mid-Range
CAMP0007638,CUST01013,Push Notification,2023-02-28,2023-02,0,0,0,0,17.52,-100.0,Mid-Range
CAMP0007639,CUST01013,Display Ad,2022-05-30,2022-05,0,0,0,0,564.88,-100.0,Mid-Range
CAMP0007640,CUST01013,Email,2022-05-31,2022-05,0,0,0,0,16.67,-100.0,Mid-Range
CAMP0007641,CUST01013,Display Ad,2023-12-29,2023-12,0,0,0,0,426.23,-100.0,Mid-Range
CAMP0007642,CUST01013,Influencer,2023-03-26,2023-03,0,0,0,0,1432.57,-100.0,Mid-Range
CAMP0007643,CUST01013,Paid Social,2023-12-31,2023-12,0,0,0,0,865.05,-100.0,Mid-Range
CAMP0007644,CUST01013,Influencer,2024-01-30,2024-01,0,0,0,0,983.36,-100.0,Mid-Range
CAMP0007645,CUST01014,Email,2024-02-18,2024-02,0,0,0,0,45.41,-100.0,Mid-Range
CAMP0007646,CUST01014,Push Notification,2024-03-14,2024-03,1,0,0,0,23.75,-100.0,Mid-Range
CAMP0007647,CUST01014,Influencer,2023-09-26,2023-09,0,0,0,0,1079.29,-100.0,Mid-Range
CAMP0007648,CUST01015,Email,2023-12-09,2023-12,0,0,0,0,41.2,-100.0,Mid-Range
CAMP0007649,CUST01015,Influencer,2024-01-24,2024-01,0,0,0,0,1316.85,-100.0,Mid-Range
CAMP0007650,CUST01015,Email,2024-02-08,2024-02,1,0,0,0,46.73,-100.0,Mid-Range
CAMP0007651,CUST01015,Email,2024-01-18,2024-01,0,0,0,0,33.93,-100.0,Mid-Range
CAMP0007652,CUST01015,Email,2023-06-17,2023-06,0,0,0,0,34.4,-100.0,Mid-Range
CAMP0007653,CUST01015,Display Ad,2022-10-26,2022-10,0,0,0,0,388.74,-100.0,Mid-Range
CAMP0007654,CUST01015,Influencer,2023-05-19,2023-05,0,0,0,0,1425.62,-100.0,Mid-Range
CAMP0007655,CUST01015,Email,2022-10-29,2022-10,0,0,0,0,59.39,-100.0,Mid-Range
CAMP0007656,CUST01015,Paid Social,2023-01-23,2023-01,0,0,0,0,851.9,-100.0,Mid-Range
CAMP0007657,CUST01015,Email,2024-02-29,2024-02,0,0,0,0,54.08,-100.0,Mid-Range
CAMP0007658,CUST01015,Push Notification,2023-07-21,2023-07,0,0,0,0,13.06,-100.0,Mid-Range
CAMP0007659,CUST01015,Email,2024-03-27,2024-03,0,0,0,0,56.6,-100.0,Mid-Range
CAMP0007660,CUST01016,Paid Social,2023-10-05,2023-10,1,0,0,0,2291.84,-100.0,Mid-Range
CAMP0007661,CUST01016,Email,2024-03-03,2024-03,0,0,0,0,32.99,-100.0,Mid-Range
CAMP0007662,CUST01016,Influencer,2023-10-18,2023-10,0,0,0,0,1130.18,-100.0,Mid-Range
CAMP0007663,CUST01016,Email,2023-11-22,2023-11,0,0,0,0,22.13,-100.0,Mid-Range
CAMP0007664,CUST01016,Paid Social,2024-02-25,2024-02,0,0,0,0,1287.93,-100.0,Mid-Range
CAMP0007665,CUST01016,Email,2024-01-23,2024-01,0,0,0,0,29.83,-100.0,Mid-Range
CAMP0007666,CUST01016,Email,2024-01-26,2024-01,1,0,0,0,16.06,-100.0,Mid-Range
CAMP0007667,CUST01016,Paid Social,2023-09-25,2023-09,0,0,0,0,1986.18,-100.0,Mid-Range
CAMP0007668,CUST01016,Paid Social,2024-01-05,2024-01,0,0,0,0,1519.34,-100.0,Mid-Range
CAMP0007669,CUST01016,Paid Social,2024-03-27,2024-03,0,0,0,0,1572.6,-100.0,Mid-Range
CAMP0007670,CUST01017,Influencer,2022-10-13,2022-10,0,0,0,0,862.41,-100.0,Premium
CAMP0007671,CUST01017,Email,2024-01-25,2024-01,0,0,0,0,17.92,-100.0,Premium
CAMP0007672,CUST01017,Influencer,2023-10-01,2023-10,0,0,0,0,514.29,-100.0,Premium
CAMP0007673,CUST01018,Email,2022-04-30,2022-04,0,0,0,0,46.43,-100.0,Mid-Range
CAMP0007674,CUST01018,SMS,2024-02-07,2024-02,0,0,0,0,99.35,-100.0,Mid-Range
CAMP0007675,CUST01018,Display Ad,2023-06-16,2023-06,0,0,0,0,679.45,-100.0,Mid-Range
CAMP0007676,CUST01018,Email,2024-03-12,2024-03,0,0,0,0,16.51,-100.0,Mid-Range
CAMP0007677,CUST01018,Display Ad,2022-07-07,2022-07,0,0,0,0,866.43,-100.0,Mid-Range
CAMP0007678,CUST01018,Email,2023-03-29,2023-03,0,0,0,0,27.41,-100.0,Mid-Range
CAMP0007679,CUST01019,Email,2024-01-06,2024-01,0,0,0,0,16.29,-100.0,Premium
CAMP0007680,CUST01019,Email,2022-09-27,2022-09,0,0,0,0,32.23,-100.0,Premium
CAMP0007681,CUST01019,Paid Social,2024-01-18,2024-01,1,0,0,0,2213.55,-100.0,Premium
CAMP0007682,CUST01019,Display Ad,2023-05-20,2023-05,1,0,0,0,922.77,-100.0,Premium
CAMP0007683,CUST01019,Push Notification,2023-06-05,2023-06,0,0,0,0,28.57,-100.0,Premium
CAMP0007684,CUST01019,Paid Social,2023-03-28,2023-03,0,0,0,0,1734.72,-100.0,Premium
CAMP0007685,CUST01019,Paid Social,2024-03-17,2024-03,1,0,0,0,1797.12,-100.0,Premium
CAMP0007686,CUST01019,Paid Social,2022-06-01,2022-06,1,1,1,176.93,1282.16,-86.2,Premium
CAMP0007687,CUST01019,Paid Social,2022-10-24,2022-10,0,0,0,0,1445.87,-100.0,Premium
CAMP0007688,CUST01020,Email,2023-08-05,2023-08,0,0,0,0,26.06,-100.0,Mid-Range
CAMP0007689,CUST01020,Email,2023-12-15,2023-12,0,0,0,0,39.03,-100.0,Mid-Range
CAMP0007690,CUST01020,Email,2023-08-22,2023-08,0,0,0,0,46.27,-100.0,Mid-Range
CAMP0007691,CUST01020,Email,2024-01-12,2024-01,0,0,0,0,34.26,-100.0,Mid-Range
CAMP0007692,CUST01020,Paid Social,2023-04-21,2023-04,1,0,0,0,685.86,-100.0,Mid-Range
CAMP0007693,CUST01021,SMS,2023-05-20,2023-05,1,0,0,0,95.99,-100.0,Mid-Range
CAMP0007694,CUST01021,Influencer,2023-09-24,2023-09,0,0,0,0,447.54,-100.0,Mid-Range
CAMP0007695,CUST01021,Email,2023-07-18,2023-07,0,0,0,0,51.84,-100.0,Mid-Range
CAMP0007696,CUST01021,Paid Social,2024-01-04,2024-01,0,0,0,0,834.42,-100.0,Mid-Range
CAMP0007697,CUST01021,Push Notification,2023-09-10,2023-09,0,0,0,0,14.84,-100.0,Mid-Range
CAMP0007698,CUST01021,Paid Social,2023-12-16,2023-12,1,0,0,0,771.25,-100.0,Mid-Range
CAMP0007699,CUST01021,Paid Social,2023-10-13,2023-10,0,0,0,0,2378.75,-100.0,Mid-Range
CAMP0007700,CUST01021,Paid Social,2023-06-01,2023-06,0,0,0,0,1497.94,-100.0,Mid-Range
CAMP0007701,CUST01022,Email,2023-06-06,2023-06,0,0,0,0,44.31,-100.0,Premium
CAMP0007702,CUST01022,Influencer,2022-08-02,2022-08,0,0,0,0,858.7,-100.0,Premium
CAMP0007703,CUST01022,Influencer,2023-01-18,2023-01,1,0,0,0,1157.85,-100.0,Premium
CAMP0007704,CUST01022,Paid Social,2023-03-28,2023-03,1,0,0,0,2542.62,-100.0,Premium
CAMP0007705,CUST01022,SMS,2023-04-28,2023-04,0,0,0,0,101.26,-100.0,Premium
CAMP0007706,CUST01022,Email,2024-03-25,2024-03,0,0,0,0,51.82,-100.0,Premium
CAMP0007707,CUST01023,Paid Social,2023-05-03,2023-05,0,0,0,0,1315.4,-100.0,Mid-Range
CAMP0007708,CUST01023,Email,2023-07-01,2023-07,0,0,0,0,29.23,-100.0,Mid-Range
CAMP0007709,CUST01023,Display Ad,2023-04-23,2023-04,0,0,0,0,637.54,-100.0,Mid-Range
CAMP0007710,CUST01023,Email,2022-08-31,2022-08,1,0,0,0,22.61,-100.0,Mid-Range
CAMP0007711,CUST01023,Push Notification,2023-09-15,2023-09,0,0,0,0,19.18,-100.0,Mid-Range
CAMP0007712,CUST01023,Paid Social,2022-12-25,2022-12,1,0,0,0,1597.34,-100.0,Mid-Range
CAMP0007713,CUST01023,Email,2023-12-04,2023-12,0,0,0,0,45.13,-100.0,Mid-Range
CAMP0007714,CUST01023,Email,2024-01-12,2024-01,0,0,0,0,53.98,-100.0,Mid-Range
CAMP0007715,CUST01024,Paid Social,2024-03-14,2024-03,0,0,0,0,2464.71,-100.0,Budget
CAMP0007716,CUST01024,Email,2022-08-11,2022-08,0,0,0,0,34.59,-100.0,Budget
CAMP0007717,CUST01024,Email,2022-06-05,2022-06,0,0,0,0,57.29,-100.0,Budget
CAMP0007718,CUST01024,Paid Social,2023-01-23,2023-01,0,0,0,0,1130.84,-100.0,Budget
CAMP0007719,CUST01024,Paid Social,2024-01-19,2024-01,0,0,0,0,1212.48,-100.0,Budget
CAMP0007720,CUST01025,Paid Social,2023-10-22,2023-10,0,0,0,0,2062.13,-100.0,Budget
CAMP0007721,CUST01025,Push Notification,2023-03-31,2023-03,0,0,0,0,20.3,-100.0,Budget
CAMP0007722,CUST01025,Email,2023-07-09,2023-07,0,0,0,0,35.08,-100.0,Budget
CAMP0007723,CUST01025,Email,2024-03-01,2024-03,0,0,0,0,54.45,-100.0,Budget
CAMP0007724,CUST01025,SMS,2023-05-11,2023-05,0,0,0,0,70.78,-100.0,Budget
CAMP0007725,CUST01025,Display Ad,2023-10-02,2023-10,0,0,0,0,292.95,-100.0,Budget
CAMP0007726,CUST01026,SMS,2024-01-19,2024-01,0,0,0,0,64.11,-100.0,Mid-Range
CAMP0007727,CUST01026,Influencer,2024-03-16,2024-03,1,0,0,0,1459.91,-100.0,Mid-Range
CAMP0007728,CUST01026,Email,2023-01-29,2023-01,1,0,0,0,57.79,-100.0,Mid-Range
CAMP0007729,CUST01026,Influencer,2023-10-03,2023-10,0,0,0,0,1319.74,-100.0,Mid-Range
CAMP0007730,CUST01027,Email,2022-09-25,2022-09,0,0,0,0,56.8,-100.0,Premium
CAMP0007731,CUST01027,Push Notification,2023-08-26,2023-08,0,0,0,0,10.24,-100.0,Premium
CAMP0007732,CUST01027,Influencer,2023-12-03,2023-12,0,0,0,0,578.07,-100.0,Premium
CAMP0007733,CUST01027,SMS,2023-05-16,2023-05,0,0,0,0,72.28,-100.0,Premium
CAMP0007734,CUST01027,Email,2023-07-19,2023-07,0,0,0,0,20.72,-100.0,Premium
CAMP0007735,CUST01027,Paid Social,2022-11-13,2022-11,0,0,0,0,765.77,-100.0,Premium
CAMP0007736,CUST01027,SMS,2023-06-25,2023-06,0,0,0,0,110.21,-100.0,Premium
CAMP0007737,CUST01027,Paid Social,2024-01-18,2024-01,0,0,0,0,1367.46,-100.0,Premium
CAMP0007738,CUST01027,Email,2022-08-12,2022-08,0,0,0,0,55.08,-100.0,Premium
CAMP0007739,CUST01028,Push Notification,2023-05-30,2023-05,0,0,0,0,8.26,-100.0,Luxury
CAMP0007740,CUST01028,Influencer,2022-07-15,2022-07,0,0,0,0,1532.69,-100.0,Luxury
CAMP0007741,CUST01028,Email,2022-11-05,2022-11,1,0,0,0,33.33,-100.0,Luxury
CAMP0007742,CUST01028,Paid Social,2023-07-10,2023-07,0,0,0,0,1828.29,-100.0,Luxury
CAMP0007743,CUST01028,Email,2022-11-10,2022-11,0,0,0,0,38.23,-100.0,Luxury
CAMP0007744,CUST01028,Display Ad,2023-04-13,2023-04,0,0,0,0,862.14,-100.0,Luxury
CAMP0007745,CUST01028,Paid Social,2022-04-30,2022-04,0,0,0,0,2386.16,-100.0,Luxury
CAMP0007746,CUST01028,Push Notification,2022-08-06,2022-08,0,0,0,0,26.1,-100.0,Luxury
CAMP0007747,CUST01028,Email,2022-07-19,2022-07,0,0,0,0,23.06,-100.0,Luxury
CAMP0007748,CUST01028,Paid Social,2022-12-13,2022-12,0,0,0,0,1023.52,-100.0,Luxury
CAMP0007749,CUST01028,Push Notification,2024-03-04,2024-03,0,0,0,0,9.17,-100.0,Luxury
CAMP0007750,CUST01028,Push Notification,2024-03-21,2024-03,0,0,0,0,14.08,-100.0,Luxury
CAMP0007751,CUST01029,Display Ad,2024-01-26,2024-01,0,0,0,0,900.54,-100.0,Premium
CAMP0007752,CUST01029,Email,2024-02-01,2024-02,0,0,0,0,47.55,-100.0,Premium
CAMP0007753,CUST01029,Email,2023-10-01,2023-10,0,0,0,0,22.38,-100.0,Premium
CAMP0007754,CUST01029,Paid Social,2023-04-10,2023-04,0,0,0,0,1687.67,-100.0,Premium
CAMP0007755,CUST01029,SMS,2022-10-02,2022-10,1,0,0,0,69.39,-100.0,Premium
CAMP0007756,CUST01029,Paid Social,2023-11-02,2023-11,0,0,0,0,1786.71,-100.0,Premium
CAMP0007757,CUST01029,Paid Social,2023-03-02,2023-03,0,0,0,0,1702.82,-100.0,Premium
CAMP0007758,CUST01029,SMS,2022-12-31,2022-12,0,0,0,0,38.31,-100.0,Premium
CAMP0007759,CUST01029,Paid Social,2022-10-01,2022-10,0,0,0,0,1184.33,-100.0,Premium
CAMP0007760,CUST01029,Email,2023-09-28,2023-09,0,0,0,0,32.02,-100.0,Premium
CAMP0007761,CUST01029,Paid Social,2024-01-30,2024-01,1,0,0,0,2260.1,-100.0,Premium
CAMP0007762,CUST01030,Email,2024-01-05,2024-01,0,0,0,0,31.93,-100.0,Premium
CAMP0007763,CUST01030,Email,2024-01-02,2024-01,0,0,0,0,24.15,-100.0,Premium
CAMP0007764,CUST01030,Display Ad,2023-07-31,2023-07,0,0,0,0,620.4,-100.0,Premium
CAMP0007765,CUST01030,Paid Social,2024-01-05,2024-01,0,0,0,0,2196.01,-100.0,Premium
CAMP0007766,CUST01030,Display Ad,2023-11-16,2023-11,0,0,0,0,992.69,-100.0,Premium
CAMP0007767,CUST01030,Email,2024-01-15,2024-01,0,0,0,0,59.44,-100.0,Premium
CAMP0007768,CUST01030,Push Notification,2023-12-02,2023-12,0,0,0,0,29.26,-100.0,Premium
CAMP0007769,CUST01030,Paid Social,2024-01-25,2024-01,0,0,0,0,2323.49,-100.0,Premium
CAMP0007770,CUST01030,Paid Social,2024-03-25,2024-03,0,0,0,0,1321.74,-100.0,Premium
CAMP0007771,CUST01030,Push Notification,2023-07-03,2023-07,0,0,0,0,14.95,-100.0,Premium
CAMP0007772,CUST01030,Paid Social,2023-11-26,2023-11,0,0,0,0,1282.21,-100.0,Premium
CAMP0007773,CUST01030,Email,2023-09-04,2023-09,0,0,0,0,55.04,-100.0,Premium
CAMP0007774,CUST01031,Push Notification,2024-03-18,2024-03,1,1,1,113.78,16.25,600.2,Budget
CAMP0007775,CUST01031,Paid Social,2023-05-16,2023-05,1,0,0,0,907.22,-100.0,Budget
CAMP0007776,CUST01031,Paid Social,2023-01-11,2023-01,0,0,0,0,1181.45,-100.0,Budget
CAMP0007777,CUST01031,SMS,2023-11-23,2023-11,0,0,0,0,112.35,-100.0,Budget
CAMP0007778,CUST01031,Paid Social,2022-08-24,2022-08,0,0,0,0,1354.46,-100.0,Budget
CAMP0007779,CUST01032,Display Ad,2023-03-19,2023-03,0,0,0,0,368.74,-100.0,Mid-Range
CAMP0007780,CUST01032,Paid Social,2023-02-09,2023-02,0,0,0,0,2126.62,-100.0,Mid-Range
CAMP0007781,CUST01032,Email,2022-05-15,2022-05,0,0,0,0,36.78,-100.0,Mid-Range
CAMP0007782,CUST01032,Push Notification,2022-10-16,2022-10,0,0,0,0,12.52,-100.0,Mid-Range
CAMP0007783,CUST01032,Push Notification,2023-07-02,2023-07,0,0,0,0,14.43,-100.0,Mid-Range
CAMP0007784,CUST01032,SMS,2023-11-22,2023-11,0,0,0,0,42.55,-100.0,Mid-Range
CAMP0007785,CUST01032,SMS,2022-04-23,2022-04,1,0,0,0,37.5,-100.0,Mid-Range
CAMP0007786,CUST01032,Paid Social,2023-10-23,2023-10,0,0,0,0,1497.44,-100.0,Mid-Range
CAMP0007787,CUST01032,Influencer,2022-08-04,2022-08,0,0,0,0,749.18,-100.0,Mid-Range
CAMP0007788,CUST01032,SMS,2023-09-07,2023-09,0,0,0,0,49.03,-100.0,Mid-Range
CAMP0007789,CUST01032,Push Notification,2022-12-01,2022-12,0,0,0,0,19.56,-100.0,Mid-Range
CAMP0007790,CUST01033,Push Notification,2022-08-18,2022-08,0,0,0,0,21.8,-100.0,Budget
CAMP0007791,CUST01033,Display Ad,2023-04-17,2023-04,1,1,0,0,462.33,-100.0,Budget
CAMP0007792,CUST01033,Influencer,2022-12-14,2022-12,0,0,0,0,981.71,-100.0,Budget
CAMP0007793,CUST01033,Influencer,2022-10-07,2022-10,0,0,0,0,773.44,-100.0,Budget
CAMP0007794,CUST01033,Paid Social,2022-11-07,2022-11,0,0,0,0,1464.36,-100.0,Budget
CAMP0007795,CUST01033,Influencer,2022-10-25,2022-10,0,0,0,0,1588.85,-100.0,Budget
CAMP0007796,CUST01033,Paid Social,2024-02-28,2024-02,0,0,0,0,2445.05,-100.0,Budget
CAMP0007797,CUST01033,Push Notification,2022-10-04,2022-10,0,0,0,0,28.59,-100.0,Budget
CAMP0007798,CUST01033,SMS,2023-04-07,2023-04,1,1,1,135.62,71.59,89.4,Budget
CAMP0007799,CUST01033,Paid Social,2022-11-27,2022-11,0,0,0,0,1230.74,-100.0,Budget
CAMP0007800,CUST01033,Email,2022-09-23,2022-09,0,0,0,0,33.51,-100.0,Budget
CAMP0007801,CUST01033,Display Ad,2023-11-01,2023-11,0,0,0,0,511.66,-100.0,Budget
CAMP0007802,CUST01034,Paid Social,2024-03-13,2024-03,0,0,0,0,1766.94,-100.0,Premium
CAMP0007803,CUST01034,Display Ad,2023-07-31,2023-07,0,0,0,0,932.01,-100.0,Premium
CAMP0007804,CUST01034,Display Ad,2024-02-26,2024-02,0,0,0,0,498.08,-100.0,Premium
CAMP0007805,CUST01034,Influencer,2024-01-26,2024-01,0,0,0,0,1435.25,-100.0,Premium
CAMP0007806,CUST01034,Email,2023-08-19,2023-08,0,0,0,0,37.36,-100.0,Premium
CAMP0007807,CUST01034,Paid Social,2023-11-02,2023-11,0,0,0,0,961.1,-100.0,Premium
CAMP0007808,CUST01034,Email,2023-10-02,2023-10,1,0,0,0,49.28,-100.0,Premium
CAMP0007809,CUST01034,Paid Social,2023-11-12,2023-11,0,0,0,0,1871.11,-100.0,Premium
CAMP0007810,CUST01034,Push Notification,2024-03-05,2024-03,0,0,0,0,28.8,-100.0,Premium
CAMP0007811,CUST01034,Paid Social,2024-03-16,2024-03,0,0,0,0,1646.2,-100.0,Premium
CAMP0007812,CUST01034,Influencer,2024-03-09,2024-03,0,0,0,0,980.48,-100.0,Premium
CAMP0007813,CUST01035,Push Notification,2022-10-13,2022-10,0,0,0,0,18.4,-100.0,Budget
CAMP0007814,CUST01035,Email,2023-09-14,2023-09,0,0,0,0,26.28,-100.0,Budget
CAMP0007815,CUST01035,Email,2022-10-29,2022-10,0,0,0,0,28.56,-100.0,Budget
CAMP0007816,CUST01035,Push Notification,2023-12-01,2023-12,0,0,0,0,22.84,-100.0,Budget
CAMP0007817,CUST01035,Push Notification,2024-03-23,2024-03,0,0,0,0,8.71,-100.0,Budget
CAMP0007818,CUST01035,Paid Social,2023-10-14,2023-10,1,1,1,45.4,819.74,-94.5,Budget
CAMP0007819,CUST01035,Email,2022-11-20,2022-11,1,0,0,0,50.8,-100.0,Budget
CAMP0007820,CUST01035,Display Ad,2022-07-02,2022-07,0,0,0,0,755.66,-100.0,Budget
CAMP0007821,CUST01035,Email,2023-08-18,2023-08,1,1,0,0,38.4,-100.0,Budget
CAMP0007822,CUST01035,Paid Social,2023-10-03,2023-10,0,0,0,0,926.45,-100.0,Budget
CAMP0007823,CUST01035,Paid Social,2022-12-18,2022-12,0,0,0,0,1801.67,-100.0,Budget
CAMP0007824,CUST01035,Display Ad,2023-02-09,2023-02,1,0,0,0,1012.79,-100.0,Budget
CAMP0007825,CUST01036,Email,2023-11-02,2023-11,0,0,0,0,38.34,-100.0,Mid-Range
CAMP0007826,CUST01036,Email,2023-10-28,2023-10,0,0,0,0,51.12,-100.0,Mid-Range
CAMP0007827,CUST01036,Display Ad,2023-12-14,2023-12,0,0,0,0,815.46,-100.0,Mid-Range
CAMP0007828,CUST01036,Email,2023-10-05,2023-10,1,1,0,0,25.02,-100.0,Mid-Range
CAMP0007829,CUST01036,Paid Social,2024-02-23,2024-02,0,0,0,0,1868.8,-100.0,Mid-Range
CAMP0007830,CUST01036,Email,2023-10-18,2023-10,0,0,0,0,35.87,-100.0,Mid-Range
CAMP0007831,CUST01036,Email,2023-10-18,2023-10,0,0,0,0,50.08,-100.0,Mid-Range
CAMP0007832,CUST01036,Display Ad,2024-01-18,2024-01,0,0,0,0,753.47,-100.0,Mid-Range
CAMP0007833,CUST01036,Email,2023-12-24,2023-12,0,0,0,0,46.21,-100.0,Mid-Range
CAMP0007834,CUST01036,Email,2024-01-27,2024-01,0,0,0,0,48.45,-100.0,Mid-Range
CAMP0007835,CUST01036,Email,2024-03-10,2024-03,0,0,0,0,34.02,-100.0,Mid-Range
CAMP0007836,CUST01036,Paid Social,2023-12-26,2023-12,0,0,0,0,1652.4,-100.0,Mid-Range
CAMP0007837,CUST01037,Push Notification,2023-09-17,2023-09,0,0,0,0,21.75,-100.0,Mid-Range
CAMP0007838,CUST01037,Email,2022-08-01,2022-08,0,0,0,0,32.28,-100.0,Mid-Range
CAMP0007839,CUST01037,Paid Social,2022-10-08,2022-10,0,0,0,0,2354.33,-100.0,Mid-Range
CAMP0007840,CUST01037,Influencer,2022-10-21,2022-10,0,0,0,0,1619.77,-100.0,Mid-Range
CAMP0007841,CUST01037,Paid Social,2023-01-21,2023-01,0,0,0,0,1382.66,-100.0,Mid-Range
CAMP0007842,CUST01037,Influencer,2023-11-27,2023-11,0,0,0,0,911.96,-100.0,Mid-Range
CAMP0007843,CUST01037,Paid Social,2024-01-24,2024-01,0,0,0,0,1601.87,-100.0,Mid-Range
CAMP0007844,CUST01037,Influencer,2023-08-14,2023-08,0,0,0,0,1440.3,-100.0,Mid-Range
CAMP0007845,CUST01037,Push Notification,2023-02-08,2023-02,0,0,0,0,22.52,-100.0,Mid-Range
CAMP0007846,CUST01038,Email,2024-02-20,2024-02,0,0,0,0,46.58,-100.0,Luxury
CAMP0007847,CUST01038,Email,2023-04-11,2023-04,0,0,0,0,50.36,-100.0,Luxury
CAMP0007848,CUST01038,Display Ad,2024-03-10,2024-03,0,0,0,0,337.58,-100.0,Luxury
CAMP0007849,CUST01038,Email,2023-11-23,2023-11,0,0,0,0,55.32,-100.0,Luxury
CAMP0007850,CUST01038,Push Notification,2023-12-25,2023-12,0,0,0,0,13.61,-100.0,Luxury
CAMP0007851,CUST01038,Push Notification,2023-05-02,2023-05,0,0,0,0,19.18,-100.0,Luxury
CAMP0007852,CUST01038,Paid Social,2023-12-24,2023-12,0,0,0,0,1287.89,-100.0,Luxury
CAMP0007853,CUST01039,SMS,2023-11-30,2023-11,0,0,0,0,96.43,-100.0,Premium
CAMP0007854,CUST01039,Influencer,2023-10-18,2023-10,0,0,0,0,599.43,-100.0,Premium
CAMP0007855,CUST01039,Influencer,2023-10-01,2023-10,0,0,0,0,633.48,-100.0,Premium
CAMP0007856,CUST01039,Push Notification,2024-01-26,2024-01,0,0,0,0,15.21,-100.0,Premium
CAMP0007857,CUST01039,Push Notification,2024-02-08,2024-02,0,0,0,0,26.88,-100.0,Premium
CAMP0007858,CUST01039,Paid Social,2023-11-30,2023-11,0,0,0,0,1976.8,-100.0,Premium
CAMP0007859,CUST01039,Email,2023-11-24,2023-11,1,0,0,0,33.97,-100.0,Premium
CAMP0007860,CUST01039,Email,2023-11-01,2023-11,0,0,0,0,46.4,-100.0,Premium
CAMP0007861,CUST01039,Email,2023-12-05,2023-12,1,0,0,0,47.35,-100.0,Premium
CAMP0007862,CUST01039,Push Notification,2024-01-10,2024-01,0,0,0,0,18.87,-100.0,Premium
CAMP0007863,CUST01039,Email,2023-09-26,2023-09,0,0,0,0,27.38,-100.0,Premium
CAMP0007864,CUST01040,Paid Social,2024-01-29,2024-01,0,0,0,0,1362.64,-100.0,Premium
CAMP0007865,CUST01040,Push Notification,2023-09-14,2023-09,0,0,0,0,18.33,-100.0,Premium
CAMP0007866,CUST01040,Influencer,2023-11-25,2023-11,0,0,0,0,888.85,-100.0,Premium
CAMP0007867,CUST01040,Push Notification,2024-03-04,2024-03,0,0,0,0,24.24,-100.0,Premium
CAMP0007868,CUST01041,Email,2024-01-15,2024-01,0,0,0,0,35.37,-100.0,Budget
CAMP0007869,CUST01041,Paid Social,2023-09-01,2023-09,0,0,0,0,2166.36,-100.0,Budget
CAMP0007870,CUST01041,Email,2024-01-03,2024-01,0,0,0,0,26.56,-100.0,Budget
CAMP0007871,CUST01041,Push Notification,2024-03-29,2024-03,1,1,0,0,11.71,-100.0,Budget
CAMP0007872,CUST01041,Email,2023-08-24,2023-08,1,0,0,0,58.4,-100.0,Budget
CAMP0007873,CUST01042,Influencer,2022-08-27,2022-08,1,0,0,0,897.52,-100.0,Premium
CAMP0007874,CUST01042,Paid Social,2023-03-27,2023-03,0,0,0,0,1218.56,-100.0,Premium
CAMP0007875,CUST01042,Influencer,2023-11-27,2023-11,0,0,0,0,1362.62,-100.0,Premium
CAMP0007876,CUST01042,Paid Social,2022-05-20,2022-05,1,0,0,0,758.12,-100.0,Premium
CAMP0007877,CUST01042,Email,2022-03-16,2022-03,0,0,0,0,42.5,-100.0,Premium
CAMP0007878,CUST01043,Email,2023-10-08,2023-10,0,0,0,0,17.83,-100.0,Mid-Range
CAMP0007879,CUST01043,Influencer,2024-02-14,2024-02,1,1,0,0,935.7,-100.0,Mid-Range
CAMP0007880,CUST01043,Paid Social,2024-01-06,2024-01,0,0,0,0,1497.94,-100.0,Mid-Range
CAMP0007881,CUST01043,Push Notification,2024-01-01,2024-01,0,0,0,0,18.83,-100.0,Mid-Range
CAMP0007882,CUST01043,Influencer,2023-10-12,2023-10,0,0,0,0,1207.76,-100.0,Mid-Range
CAMP0007883,CUST01043,Influencer,2023-05-19,2023-05,0,0,0,0,1276.48,-100.0,Mid-Range
CAMP0007884,CUST01043,SMS,2023-12-09,2023-12,1,1,0,0,42.8,-100.0,Mid-Range
CAMP0007885,CUST01043,Email,2023-09-18,2023-09,0,0,0,0,37.19,-100.0,Mid-Range
CAMP0007886,CUST01044,SMS,2024-01-17,2024-01,0,0,0,0,74.55,-100.0,Budget
CAMP0007887,CUST01044,Paid Social,2024-03-23,2024-03,0,0,0,0,1795.9,-100.0,Budget
CAMP0007888,CUST01044,Email,2024-02-14,2024-02,1,0,0,0,58.43,-100.0,Budget
CAMP0007889,CUST01044,Paid Social,2024-02-01,2024-02,0,0,0,0,1168.43,-100.0,Budget
CAMP0007890,CUST01044,Paid Social,2023-09-15,2023-09,0,0,0,0,764.93,-100.0,Budget
CAMP0007891,CUST01044,Email,2024-03-07,2024-03,1,0,0,0,49.85,-100.0,Budget
CAMP0007892,CUST01045,Paid Social,2024-01-29,2024-01,0,0,0,0,2193.97,-100.0,Luxury
CAMP0007893,CUST01045,Email,2023-11-20,2023-11,1,0,0,0,56.36,-100.0,Luxury
CAMP0007894,CUST01045,Influencer,2024-01-22,2024-01,0,0,0,0,839.77,-100.0,Luxury
CAMP0007895,CUST01045,Display Ad,2024-01-20,2024-01,0,0,0,0,586.51,-100.0,Luxury
CAMP0007896,CUST01045,Push Notification,2024-02-24,2024-02,0,0,0,0,24.51,-100.0,Luxury
CAMP0007897,CUST01046,Email,2023-10-28,2023-10,0,0,0,0,45.85,-100.0,Mid-Range
CAMP0007898,CUST01046,Paid Social,2023-04-06,2023-04,0,0,0,0,981.82,-100.0,Mid-Range
CAMP0007899,CUST01046,Email,2023-05-11,2023-05,0,0,0,0,25.7,-100.0,Mid-Range
CAMP0007900,CUST01046,Influencer,2023-07-05,2023-07,1,1,0,0,1561.57,-100.0,Mid-Range
CAMP0007901,CUST01046,Influencer,2023-06-10,2023-06,1,0,0,0,924.94,-100.0,Mid-Range
CAMP0007902,CUST01047,Paid Social,2023-12-21,2023-12,0,0,0,0,2049.81,-100.0,Premium
CAMP0007903,CUST01047,Paid Social,2023-03-14,2023-03,0,0,0,0,1702.58,-100.0,Premium
CAMP0007904,CUST01047,Paid Social,2023-12-15,2023-12,0,0,0,0,1523.33,-100.0,Premium
CAMP0007905,CUST01047,Email,2023-11-03,2023-11,1,0,0,0,41.59,-100.0,Premium
CAMP0007906,CUST01047,Paid Social,2024-02-25,2024-02,0,0,0,0,2300.29,-100.0,Premium
CAMP0007907,CUST01047,Paid Social,2024-01-08,2024-01,0,0,0,0,1110.04,-100.0,Premium
CAMP0007908,CUST01047,Paid Social,2022-05-17,2022-05,0,0,0,0,1219.22,-100.0,Premium
CAMP0007909,CUST01047,Push Notification,2023-08-28,2023-08,0,0,0,0,17.05,-100.0,Premium
CAMP0007910,CUST01047,Email,2022-05-28,2022-05,0,0,0,0,22.27,-100.0,Premium
CAMP0007911,CUST01047,Display Ad,2022-10-25,2022-10,0,0,0,0,765.05,-100.0,Premium
CAMP0007912,CUST01047,Paid Social,2024-03-21,2024-03,0,0,0,0,2034.8,-100.0,Premium
CAMP0007913,CUST01048,Influencer,2023-01-09,2023-01,0,0,0,0,1502.51,-100.0,Mid-Range
CAMP0007914,CUST01048,Display Ad,2024-03-01,2024-03,0,0,0,0,671.22,-100.0,Mid-Range
CAMP0007915,CUST01048,Influencer,2024-03-18,2024-03,0,0,0,0,1551.83,-100.0,Mid-Range
CAMP0007916,CUST01048,Paid Social,2023-03-29,2023-03,0,0,0,0,1749.13,-100.0,Mid-Range
CAMP0007917,CUST01049,SMS,2023-10-15,2023-10,0,0,0,0,48.5,-100.0,Budget
CAMP0007918,CUST01049,Influencer,2023-12-08,2023-12,1,1,0,0,1467.06,-100.0,Budget
CAMP0007919,CUST01049,Paid Social,2024-03-17,2024-03,0,0,0,0,2355.28,-100.0,Budget
CAMP0007920,CUST01049,Influencer,2024-01-15,2024-01,1,0,0,0,1315.76,-100.0,Budget
CAMP0007921,CUST01049,Email,2023-12-27,2023-12,0,0,0,0,46.31,-100.0,Budget
CAMP0007922,CUST01049,Paid Social,2023-12-21,2023-12,1,0,0,0,1432.64,-100.0,Budget
CAMP0007923,CUST01049,Push Notification,2024-03-26,2024-03,0,0,0,0,12.78,-100.0,Budget
CAMP0007924,CUST01050,Paid Social,2023-11-21,2023-11,1,1,0,0,1091.26,-100.0,Mid-Range
CAMP0007925,CUST01050,Paid Social,2023-08-12,2023-08,1,0,0,0,1190.0,-100.0,Mid-Range
CAMP0007926,CUST01050,Push Notification,2023-07-19,2023-07,0,0,0,0,28.81,-100.0,Mid-Range
CAMP0007927,CUST01050,Paid Social,2024-02-23,2024-02,0,0,0,0,1352.51,-100.0,Mid-Range
CAMP0007928,CUST01050,Paid Social,2023-12-14,2023-12,0,0,0,0,2503.16,-100.0,Mid-Range
CAMP0007929,CUST01050,Paid Social,2023-07-06,2023-07,0,0,0,0,1888.23,-100.0,Mid-Range
CAMP0007930,CUST01050,Email,2024-02-01,2024-02,0,0,0,0,36.77,-100.0,Mid-Range
CAMP0007931,CUST01050,Email,2023-08-06,2023-08,1,0,0,0,24.07,-100.0,Mid-Range
CAMP0007932,CUST01050,Email,2023-09-13,2023-09,0,0,0,0,17.22,-100.0,Mid-Range
CAMP0007933,CUST01051,Display Ad,2023-08-25,2023-08,0,0,0,0,425.71,-100.0,Mid-Range
CAMP0007934,CUST01051,Paid Social,2023-10-17,2023-10,0,0,0,0,1437.72,-100.0,Mid-Range
CAMP0007935,CUST01051,Paid Social,2024-03-02,2024-03,0,0,0,0,2400.8,-100.0,Mid-Range
CAMP0007936,CUST01052,Display Ad,2023-04-21,2023-04,1,1,0,0,298.77,-100.0,Budget
CAMP0007937,CUST01052,SMS,2023-07-16,2023-07,0,0,0,0,35.51,-100.0,Budget
CAMP0007938,CUST01052,Email,2024-02-08,2024-02,0,0,0,0,28.08,-100.0,Budget
CAMP0007939,CUST01052,Paid Social,2023-07-31,2023-07,0,0,0,0,2367.81,-100.0,Budget
CAMP0007940,CUST01052,Influencer,2023-07-04,2023-07,1,1,0,0,1319.23,-100.0,Budget
CAMP0007941,CUST01052,Display Ad,2023-03-28,2023-03,0,0,0,0,347.77,-100.0,Budget
CAMP0007942,CUST01052,Email,2023-03-06,2023-03,0,0,0,0,57.49,-100.0,Budget
CAMP0007943,CUST01052,Paid Social,2023-09-25,2023-09,0,0,0,0,2515.13,-100.0,Budget
CAMP0007944,CUST01052,Influencer,2023-10-26,2023-10,0,0,0,0,742.69,-100.0,Budget
CAMP0007945,CUST01052,Paid Social,2023-08-19,2023-08,0,0,0,0,1744.15,-100.0,Budget
CAMP0007946,CUST01052,Email,2023-10-29,2023-10,0,0,0,0,35.04,-100.0,Budget
CAMP0007947,CUST01052,Display Ad,2023-09-25,2023-09,0,0,0,0,962.09,-100.0,Budget
CAMP0007948,CUST01053,Email,2022-08-21,2022-08,0,0,0,0,23.89,-100.0,Premium
CAMP0007949,CUST01053,Paid Social,2023-10-30,2023-10,0,0,0,0,1372.36,-100.0,Premium
CAMP0007950,CUST01053,Push Notification,2023-12-21,2023-12,0,0,0,0,13.81,-100.0,Premium
CAMP0007951,CUST01053,Paid Social,2024-02-03,2024-02,0,0,0,0,1416.6,-100.0,Premium
CAMP0007952,CUST01054,Paid Social,2024-01-14,2024-01,0,0,0,0,1996.93,-100.0,Mid-Range
CAMP0007953,CUST01054,Paid Social,2023-08-02,2023-08,0,0,0,0,1654.45,-100.0,Mid-Range
CAMP0007954,CUST01054,Push Notification,2023-08-12,2023-08,0,0,0,0,15.34,-100.0,Mid-Range
CAMP0007955,CUST01054,Paid Social,2023-08-04,2023-08,0,0,0,0,720.9,-100.0,Mid-Range
CAMP0007956,CUST01054,Email,2024-02-28,2024-02,0,0,0,0,52.03,-100.0,Mid-Range
CAMP0007957,CUST01054,Display Ad,2023-11-03,2023-11,0,0,0,0,653.93,-100.0,Mid-Range
CAMP0007958,CUST01055,SMS,2024-02-10,2024-02,1,0,0,0,57.42,-100.0,Mid-Range
CAMP0007959,CUST01055,SMS,2023-12-02,2023-12,1,0,0,0,106.17,-100.0,Mid-Range
CAMP0007960,CUST01055,Push Notification,2023-07-20,2023-07,0,0,0,0,17.23,-100.0,Mid-Range
CAMP0007961,CUST01055,Email,2023-05-03,2023-05,0,0,0,0,40.77,-100.0,Mid-Range
CAMP0007962,CUST01055,Paid Social,2023-09-15,2023-09,0,0,0,0,2330.91,-100.0,Mid-Range
CAMP0007963,CUST01055,Push Notification,2023-07-16,2023-07,1,1,1,186.36,17.95,938.2,Mid-Range
CAMP0007964,CUST01055,Email,2023-11-24,2023-11,0,0,0,0,40.96,-100.0,Mid-Range
CAMP0007965,CUST01055,Paid Social,2023-07-21,2023-07,0,0,0,0,1558.02,-100.0,Mid-Range
CAMP0007966,CUST01055,Email,2023-05-28,2023-05,0,0,0,0,56.27,-100.0,Mid-Range
CAMP0007967,CUST01055,Paid Social,2023-08-19,2023-08,0,0,0,0,1786.47,-100.0,Mid-Range
CAMP0007968,CUST01056,SMS,2023-02-04,2023-02,0,0,0,0,62.19,-100.0,Budget
CAMP0007969,CUST01056,Email,2023-10-21,2023-10,1,0,0,0,28.94,-100.0,Budget
CAMP0007970,CUST01056,SMS,2022-10-13,2022-10,0,0,0,0,72.48,-100.0,Budget
CAMP0007971,CUST01056,Paid Social,2023-11-18,2023-11,0,0,0,0,1906.29,-100.0,Budget
CAMP0007972,CUST01056,Influencer,2023-12-13,2023-12,0,0,0,0,1225.33,-100.0,Budget
CAMP0007973,CUST01056,Paid Social,2023-09-26,2023-09,0,0,0,0,1055.46,-100.0,Budget
CAMP0007974,CUST01056,Email,2022-10-14,2022-10,0,0,0,0,39.32,-100.0,Budget
CAMP0007975,CUST01056,Paid Social,2024-01-06,2024-01,0,0,0,0,1760.76,-100.0,Budget
CAMP0007976,CUST01056,Email,2023-01-26,2023-01,1,0,0,0,42.89,-100.0,Budget
CAMP0007977,CUST01056,Display Ad,2023-08-28,2023-08,0,0,0,0,488.69,-100.0,Budget
CAMP0007978,CUST01056,Influencer,2024-01-13,2024-01,0,0,0,0,1139.03,-100.0,Budget
CAMP0007979,CUST01056,Push Notification,2024-03-22,2024-03,0,0,0,0,26.18,-100.0,Budget
CAMP0007980,CUST01057,Email,2023-10-09,2023-10,1,0,0,0,58.97,-100.0,Mid-Range
CAMP0007981,CUST01057,Influencer,2023-01-15,2023-01,0,0,0,0,1044.61,-100.0,Mid-Range
CAMP0007982,CUST01057,Push Notification,2023-04-05,2023-04,0,0,0,0,14.15,-100.0,Mid-Range
CAMP0007983,CUST01057,Email,2023-12-22,2023-12,0,0,0,0,20.26,-100.0,Mid-Range
CAMP0007984,CUST01058,Paid Social,2023-12-09,2023-12,0,0,0,0,2397.04,-100.0,Premium
CAMP0007985,CUST01058,Paid Social,2024-01-25,2024-01,0,0,0,0,1708.66,-100.0,Premium
CAMP0007986,CUST01058,Influencer,2023-10-09,2023-10,0,0,0,0,1529.11,-100.0,Premium
CAMP0007987,CUST01058,SMS,2024-01-08,2024-01,1,0,0,0,34.74,-100.0,Premium
CAMP0007988,CUST01058,Paid Social,2024-02-08,2024-02,0,0,0,0,1153.86,-100.0,Premium
CAMP0007989,CUST01058,Paid Social,2024-02-03,2024-02,0,0,0,0,2445.25,-100.0,Premium
CAMP0007990,CUST01058,Push Notification,2023-10-22,2023-10,0,0,0,0,25.74,-100.0,Premium
CAMP0007991,CUST01058,Paid Social,2023-11-11,2023-11,0,0,0,0,1356.8,-100.0,Premium
CAMP0007992,CUST01058,Influencer,2023-11-03,2023-11,1,0,0,0,1546.43,-100.0,Premium
CAMP0007993,CUST01058,Influencer,2023-09-30,2023-09,1,0,0,0,1253.05,-100.0,Premium
CAMP0007994,CUST01058,Paid Social,2024-03-16,2024-03,0,0,0,0,2259.13,-100.0,Premium
CAMP0007995,CUST01059,Email,2023-02-05,2023-02,0,0,0,0,54.76,-100.0,Mid-Range
CAMP0007996,CUST01059,Email,2023-03-21,2023-03,0,0,0,0,22.73,-100.0,Mid-Range
CAMP0007997,CUST01059,Paid Social,2023-04-20,2023-04,1,0,0,0,795.44,-100.0,Mid-Range
CAMP0007998,CUST01059,Display Ad,2023-06-18,2023-06,0,0,0,0,873.0,-100.0,Mid-Range
CAMP0007999,CUST01059,Display Ad,2022-09-23,2022-09,0,0,0,0,683.32,-100.0,Mid-Range
CAMP0008000,CUST01059,Email,2022-07-01,2022-07,0,0,0,0,47.45,-100.0,Mid-Range
CAMP0008001,CUST01059,SMS,2023-07-01,2023-07,0,0,0,0,104.69,-100.0,Mid-Range
CAMP0008002,CUST01060,Paid Social,2022-06-28,2022-06,1,0,0,0,724.55,-100.0,Budget
CAMP0008003,CUST01060,Email,2023-06-26,2023-06,0,0,0,0,45.06,-100.0,Budget
CAMP0008004,CUST01060,Email,2023-01-01,2023-01,0,0,0,0,23.74,-100.0,Budget
CAMP0008005,CUST01060,Email,2024-01-26,2024-01,0,0,0,0,53.12,-100.0,Budget
CAMP0008006,CUST01060,Influencer,2023-04-11,2023-04,1,0,0,0,741.38,-100.0,Budget
CAMP0008007,CUST01060,Push Notification,2023-12-01,2023-12,0,0,0,0,19.9,-100.0,Budget
CAMP0008008,CUST01060,Paid Social,2022-08-14,2022-08,0,0,0,0,1940.15,-100.0,Budget
CAMP0008009,CUST01060,Paid Social,2022-06-21,2022-06,0,0,0,0,861.6,-100.0,Budget
CAMP0008010,CUST01060,Paid Social,2022-08-01,2022-08,0,0,0,0,2197.02,-100.0,Budget
CAMP0008011,CUST01060,Paid Social,2023-12-02,2023-12,0,0,0,0,2410.87,-100.0,Budget
CAMP0008012,CUST01061,SMS,2023-08-05,2023-08,0,0,0,0,45.24,-100.0,Premium
CAMP0008013,CUST01061,Paid Social,2023-12-04,2023-12,1,0,0,0,2211.9,-100.0,Premium
CAMP0008014,CUST01061,Paid Social,2024-03-03,2024-03,0,0,0,0,2476.15,-100.0,Premium
CAMP0008015,CUST01061,Push Notification,2023-09-25,2023-09,0,0,0,0,21.09,-100.0,Premium
CAMP0008016,CUST01061,Push Notification,2023-11-13,2023-11,0,0,0,0,12.0,-100.0,Premium
CAMP0008017,CUST01061,Influencer,2024-01-17,2024-01,0,0,0,0,1122.37,-100.0,Premium
CAMP0008018,CUST01062,Influencer,2024-03-07,2024-03,0,0,0,0,1149.27,-100.0,Premium
CAMP0008019,CUST01062,Paid Social,2023-11-17,2023-11,0,0,0,0,2276.01,-100.0,Premium
CAMP0008020,CUST01062,Display Ad,2024-02-16,2024-02,1,1,0,0,366.21,-100.0,Premium
CAMP0008021,CUST01062,Email,2023-06-16,2023-06,0,0,0,0,56.05,-100.0,Premium
CAMP0008022,CUST01062,Influencer,2023-06-11,2023-06,1,0,0,0,1379.04,-100.0,Premium
CAMP0008023,CUST01062,SMS,2023-08-28,2023-08,0,0,0,0,72.49,-100.0,Premium
CAMP0008024,CUST01062,Email,2023-12-30,2023-12,0,0,0,0,23.52,-100.0,Premium
CAMP0008025,CUST01062,Email,2024-03-07,2024-03,0,0,0,0,43.93,-100.0,Premium
CAMP0008026,CUST01062,Paid Social,2024-02-29,2024-02,0,0,0,0,2030.85,-100.0,Premium
CAMP0008027,CUST01062,Email,2023-12-30,2023-12,0,0,0,0,37.8,-100.0,Premium
CAMP0008028,CUST01062,Paid Social,2024-02-20,2024-02,0,0,0,0,1793.98,-100.0,Premium
CAMP0008029,CUST01063,Paid Social,2024-03-08,2024-03,0,0,0,0,1814.52,-100.0,Mid-Range
CAMP0008030,CUST01063,Push Notification,2022-08-07,2022-08,0,0,0,0,10.48,-100.0,Mid-Range
CAMP0008031,CUST01063,SMS,2023-11-12,2023-11,0,0,0,0,61.27,-100.0,Mid-Range
CAMP0008032,CUST01064,Email,2023-07-26,2023-07,0,0,0,0,51.24,-100.0,Mid-Range
CAMP0008033,CUST01064,Display Ad,2024-03-18,2024-03,1,0,0,0,834.29,-100.0,Mid-Range
CAMP0008034,CUST01064,Email,2023-09-09,2023-09,0,0,0,0,37.7,-100.0,Mid-Range
CAMP0008035,CUST01064,Email,2024-03-15,2024-03,0,0,0,0,35.44,-100.0,Mid-Range
CAMP0008036,CUST01064,Email,2023-11-09,2023-11,0,0,0,0,49.92,-100.0,Mid-Range
CAMP0008037,CUST01064,Paid Social,2023-05-15,2023-05,1,1,1,129.61,1998.43,-93.5,Mid-Range
CAMP0008038,CUST01065,Email,2023-11-03,2023-11,1,0,0,0,47.21,-100.0,Luxury
CAMP0008039,CUST01065,Influencer,2024-02-20,2024-02,0,0,0,0,452.23,-100.0,Luxury
CAMP0008040,CUST01065,Email,2024-01-16,2024-01,0,0,0,0,19.57,-100.0,Luxury
CAMP0008041,CUST01065,SMS,2022-04-16,2022-04,1,0,0,0,48.29,-100.0,Luxury
CAMP0008042,CUST01065,Paid Social,2022-07-26,2022-07,0,0,0,0,2490.68,-100.0,Luxury
CAMP0008043,CUST01065,Paid Social,2022-01-17,2022-01,0,0,0,0,2001.74,-100.0,Luxury
CAMP0008044,CUST01065,Email,2023-11-27,2023-11,1,0,0,0,19.42,-100.0,Luxury
CAMP0008045,CUST01065,Push Notification,2023-04-06,2023-04,0,0,0,0,16.42,-100.0,Luxury
CAMP0008046,CUST01065,Email,2022-07-19,2022-07,0,0,0,0,58.19,-100.0,Luxury
CAMP0008047,CUST01065,Email,2022-11-26,2022-11,0,0,0,0,55.51,-100.0,Luxury
CAMP0008048,CUST01065,Email,2022-08-12,2022-08,0,0,0,0,25.89,-100.0,Luxury
CAMP0008049,CUST01066,SMS,2024-02-18,2024-02,0,0,0,0,63.34,-100.0,Budget
CAMP0008050,CUST01066,Paid Social,2023-10-14,2023-10,0,0,0,0,1513.72,-100.0,Budget
CAMP0008051,CUST01066,Email,2024-01-27,2024-01,0,0,0,0,38.83,-100.0,Budget
CAMP0008052,CUST01066,Push Notification,2023-09-08,2023-09,0,0,0,0,12.13,-100.0,Budget
CAMP0008053,CUST01066,Email,2023-12-23,2023-12,0,0,0,0,26.24,-100.0,Budget
CAMP0008054,CUST01066,Email,2023-09-29,2023-09,0,0,0,0,17.72,-100.0,Budget
CAMP0008055,CUST01066,Influencer,2023-12-25,2023-12,0,0,0,0,947.54,-100.0,Budget
CAMP0008056,CUST01066,SMS,2023-08-17,2023-08,0,0,0,0,78.05,-100.0,Budget
CAMP0008057,CUST01066,Display Ad,2024-03-18,2024-03,0,0,0,0,912.41,-100.0,Budget
CAMP0008058,CUST01066,Push Notification,2024-03-15,2024-03,0,0,0,0,12.26,-100.0,Budget
CAMP0008059,CUST01067,Email,2023-10-27,2023-10,0,0,0,0,25.24,-100.0,Mid-Range
CAMP0008060,CUST01067,Email,2024-01-08,2024-01,0,0,0,0,19.58,-100.0,Mid-Range
CAMP0008061,CUST01067,Display Ad,2024-03-31,2024-03,0,0,0,0,483.42,-100.0,Mid-Range
CAMP0008062,CUST01067,Email,2024-02-01,2024-02,1,1,1,138.92,29.4,372.5,Mid-Range
CAMP0008063,CUST01068,Display Ad,2023-04-05,2023-04,0,0,0,0,280.07,-100.0,Mid-Range
CAMP0008064,CUST01068,Paid Social,2022-12-17,2022-12,0,0,0,0,1888.49,-100.0,Mid-Range
CAMP0008065,CUST01068,Email,2023-04-06,2023-04,0,0,0,0,19.76,-100.0,Mid-Range
CAMP0008066,CUST01068,Email,2023-09-05,2023-09,0,0,0,0,21.34,-100.0,Mid-Range
CAMP0008067,CUST01068,Push Notification,2024-02-18,2024-02,0,0,0,0,23.29,-100.0,Mid-Range
CAMP0008068,CUST01068,Paid Social,2023-04-22,2023-04,0,0,0,0,1325.37,-100.0,Mid-Range
CAMP0008069,CUST01068,SMS,2023-03-30,2023-03,1,0,0,0,92.93,-100.0,Mid-Range
CAMP0008070,CUST01068,Push Notification,2023-08-18,2023-08,0,0,0,0,17.52,-100.0,Mid-Range
CAMP0008071,CUST01068,Push Notification,2023-11-27,2023-11,0,0,0,0,13.19,-100.0,Mid-Range
CAMP0008072,CUST01068,Paid Social,2022-12-31,2022-12,0,0,0,0,793.54,-100.0,Mid-Range
CAMP0008073,CUST01068,Paid Social,2023-11-12,2023-11,1,1,1,127.82,1425.74,-91.0,Mid-Range
CAMP0008074,CUST01068,Paid Social,2023-05-24,2023-05,0,0,0,0,700.72,-100.0,Mid-Range
CAMP0008075,CUST01069,Email,2023-07-20,2023-07,1,0,0,0,37.33,-100.0,Premium
CAMP0008076,CUST01069,Paid Social,2024-01-19,2024-01,0,0,0,0,1095.22,-100.0,Premium
CAMP0008077,CUST01069,Push Notification,2024-01-01,2024-01,1,1,0,0,10.99,-100.0,Premium
CAMP0008078,CUST01069,Paid Social,2023-11-25,2023-11,0,0,0,0,2498.94,-100.0,Premium
CAMP0008079,CUST01069,Email,2022-12-03,2022-12,1,0,0,0,46.61,-100.0,Premium
CAMP0008080,CUST01069,SMS,2023-05-08,2023-05,0,0,0,0,81.83,-100.0,Premium
CAMP0008081,CUST01069,Email,2024-02-23,2024-02,0,0,0,0,43.68,-100.0,Premium
CAMP0008082,CUST01069,Influencer,2024-01-18,2024-01,0,0,0,0,680.08,-100.0,Premium
CAMP0008083,CUST01069,SMS,2023-09-26,2023-09,0,0,0,0,49.15,-100.0,Premium
CAMP0008084,CUST01069,Influencer,2023-12-05,2023-12,0,0,0,0,1160.11,-100.0,Premium
CAMP0008085,CUST01069,Email,2023-06-20,2023-06,0,0,0,0,22.08,-100.0,Premium
CAMP0008086,CUST01070,Display Ad,2023-10-29,2023-10,0,0,0,0,1000.61,-100.0,Mid-Range
CAMP0008087,CUST01070,Email,2023-11-17,2023-11,0,0,0,0,16.19,-100.0,Mid-Range
CAMP0008088,CUST01070,Paid Social,2024-03-27,2024-03,0,0,0,0,2138.21,-100.0,Mid-Range
CAMP0008089,CUST01070,Influencer,2023-12-24,2023-12,0,0,0,0,903.15,-100.0,Mid-Range
CAMP0008090,CUST01070,SMS,2023-12-15,2023-12,0,0,0,0,103.43,-100.0,Mid-Range
CAMP0008091,CUST01070,Email,2023-09-07,2023-09,0,0,0,0,26.58,-100.0,Mid-Range
CAMP0008092,CUST01070,Paid Social,2023-10-19,2023-10,0,0,0,0,2288.65,-100.0,Mid-Range
CAMP0008093,CUST01071,Paid Social,2022-08-14,2022-08,0,0,0,0,1803.42,-100.0,Premium
CAMP0008094,CUST01071,Paid Social,2023-10-29,2023-10,0,0,0,0,1382.7,-100.0,Premium
CAMP0008095,CUST01071,Paid Social,2022-09-26,2022-09,0,0,0,0,749.71,-100.0,Premium
CAMP0008096,CUST01072,Display Ad,2023-09-26,2023-09,0,0,0,0,659.08,-100.0,Premium
CAMP0008097,CUST01072,Email,2022-08-07,2022-08,0,0,0,0,35.33,-100.0,Premium
CAMP0008098,CUST01072,Paid Social,2023-12-04,2023-12,0,0,0,0,2283.24,-100.0,Premium
CAMP0008099,CUST01072,Paid Social,2024-02-04,2024-02,0,0,0,0,2187.54,-100.0,Premium
CAMP0008100,CUST01072,Influencer,2022-08-17,2022-08,0,0,0,0,776.6,-100.0,Premium
CAMP0008101,CUST01072,Paid Social,2023-01-13,2023-01,0,0,0,0,1973.48,-100.0,Premium
CAMP0008102,CUST01072,SMS,2022-09-28,2022-09,1,1,0,0,99.51,-100.0,Premium
CAMP0008103,CUST01073,Paid Social,2023-09-08,2023-09,0,0,0,0,1580.52,-100.0,Mid-Range
CAMP0008104,CUST01073,Influencer,2023-12-10,2023-12,0,0,0,0,494.42,-100.0,Mid-Range
CAMP0008105,CUST01073,Influencer,2023-11-30,2023-11,1,0,0,0,1308.09,-100.0,Mid-Range
CAMP0008106,CUST01073,Influencer,2023-07-19,2023-07,0,0,0,0,1020.49,-100.0,Mid-Range
CAMP0008107,CUST01074,Email,2023-10-25,2023-10,0,0,0,0,17.16,-100.0,Mid-Range
CAMP0008108,CUST01074,SMS,2023-05-05,2023-05,0,0,0,0,91.36,-100.0,Mid-Range
CAMP0008109,CUST01074,SMS,2024-01-24,2024-01,0,0,0,0,73.77,-100.0,Mid-Range
CAMP0008110,CUST01074,Display Ad,2022-07-04,2022-07,0,0,0,0,812.75,-100.0,Mid-Range
CAMP0008111,CUST01074,Paid Social,2023-07-11,2023-07,0,0,0,0,2313.4,-100.0,Mid-Range
CAMP0008112,CUST01074,Email,2022-08-06,2022-08,0,0,0,0,34.63,-100.0,Mid-Range
CAMP0008113,CUST01075,SMS,2023-11-27,2023-11,0,0,0,0,51.46,-100.0,Budget
CAMP0008114,CUST01075,Influencer,2022-09-01,2022-09,0,0,0,0,745.63,-100.0,Budget
CAMP0008115,CUST01075,Push Notification,2023-04-18,2023-04,0,0,0,0,24.8,-100.0,Budget
CAMP0008116,CUST01075,Display Ad,2023-10-19,2023-10,0,0,0,0,797.75,-100.0,Budget
CAMP0008117,CUST01075,Push Notification,2023-05-20,2023-05,0,0,0,0,29.56,-100.0,Budget
CAMP0008118,CUST01076,Paid Social,2023-12-18,2023-12,0,0,0,0,1180.36,-100.0,Premium
CAMP0008119,CUST01076,Email,2022-10-11,2022-10,0,0,0,0,51.63,-100.0,Premium
CAMP0008120,CUST01076,Push Notification,2023-10-02,2023-10,0,0,0,0,18.59,-100.0,Premium
CAMP0008121,CUST01076,Push Notification,2022-12-30,2022-12,0,0,0,0,23.98,-100.0,Premium
CAMP0008122,CUST01076,Push Notification,2022-10-18,2022-10,0,0,0,0,10.2,-100.0,Premium
CAMP0008123,CUST01077,Influencer,2024-03-23,2024-03,0,0,0,0,539.64,-100.0,Premium
CAMP0008124,CUST01077,SMS,2023-06-10,2023-06,1,1,0,0,72.35,-100.0,Premium
CAMP0008125,CUST01077,Paid Social,2023-07-28,2023-07,0,0,0,0,2246.5,-100.0,Premium
CAMP0008126,CUST01077,Display Ad,2024-03-12,2024-03,0,0,0,0,1020.82,-100.0,Premium
CAMP0008127,CUST01077,Display Ad,2022-08-23,2022-08,0,0,0,0,1000.94,-100.0,Premium
CAMP0008128,CUST01077,SMS,2024-03-05,2024-03,1,0,0,0,58.28,-100.0,Premium
CAMP0008129,CUST01077,Paid Social,2022-12-24,2022-12,0,0,0,0,1926.78,-100.0,Premium
CAMP0008130,CUST01077,Influencer,2023-10-17,2023-10,0,0,0,0,967.9,-100.0,Premium
CAMP0008131,CUST01078,SMS,2023-07-01,2023-07,0,0,0,0,80.78,-100.0,Mid-Range
CAMP0008132,CUST01078,SMS,2024-03-24,2024-03,0,0,0,0,76.2,-100.0,Mid-Range
CAMP0008133,CUST01078,Email,2023-11-30,2023-11,0,0,0,0,45.1,-100.0,Mid-Range
CAMP0008134,CUST01078,Influencer,2023-12-29,2023-12,0,0,0,0,821.6,-100.0,Mid-Range
CAMP0008135,CUST01078,Paid Social,2023-04-19,2023-04,0,0,0,0,1348.24,-100.0,Mid-Range
CAMP0008136,CUST01078,Paid Social,2023-12-15,2023-12,0,0,0,0,1902.43,-100.0,Mid-Range
CAMP0008137,CUST01078,Email,2023-11-04,2023-11,0,0,0,0,21.94,-100.0,Mid-Range
CAMP0008138,CUST01078,Display Ad,2023-07-06,2023-07,0,0,0,0,506.35,-100.0,Mid-Range
CAMP0008139,CUST01078,Influencer,2022-10-22,2022-10,1,1,0,0,650.08,-100.0,Mid-Range
CAMP0008140,CUST01078,Push Notification,2024-03-14,2024-03,1,1,1,58.04,29.7,95.4,Mid-Range
CAMP0008141,CUST01079,Push Notification,2024-03-21,2024-03,0,0,0,0,20.16,-100.0,Mid-Range
CAMP0008142,CUST01079,Email,2022-05-30,2022-05,0,0,0,0,22.41,-100.0,Mid-Range
CAMP0008143,CUST01079,SMS,2022-03-02,2022-03,0,0,0,0,95.71,-100.0,Mid-Range
CAMP0008144,CUST01079,SMS,2022-11-11,2022-11,0,0,0,0,38.31,-100.0,Mid-Range
CAMP0008145,CUST01079,Email,2023-11-17,2023-11,0,0,0,0,55.25,-100.0,Mid-Range
CAMP0008146,CUST01079,Paid Social,2023-09-18,2023-09,0,0,0,0,848.67,-100.0,Mid-Range
CAMP0008147,CUST01079,Paid Social,2024-02-21,2024-02,0,0,0,0,1376.46,-100.0,Mid-Range
CAMP0008148,CUST01079,Influencer,2024-03-19,2024-03,0,0,0,0,1481.14,-100.0,Mid-Range
CAMP0008149,CUST01080,Email,2023-05-17,2023-05,0,0,0,0,21.99,-100.0,Premium
CAMP0008150,CUST01080,Paid Social,2023-06-29,2023-06,0,0,0,0,957.34,-100.0,Premium
CAMP0008151,CUST01080,Email,2023-08-06,2023-08,0,0,0,0,59.89,-100.0,Premium
CAMP0008152,CUST01080,Push Notification,2023-12-03,2023-12,0,0,0,0,26.18,-100.0,Premium
CAMP0008153,CUST01080,Email,2023-03-20,2023-03,0,0,0,0,44.61,-100.0,Premium
CAMP0008154,CUST01080,Paid Social,2023-11-14,2023-11,0,0,0,0,935.05,-100.0,Premium
CAMP0008155,CUST01081,Paid Social,2023-08-27,2023-08,0,0,0,0,2195.75,-100.0,Premium
CAMP0008156,CUST01081,Influencer,2023-04-12,2023-04,0,0,0,0,1440.55,-100.0,Premium
CAMP0008157,CUST01081,Influencer,2023-12-18,2023-12,0,0,0,0,1490.88,-100.0,Premium
CAMP0008158,CUST01081,Display Ad,2023-12-03,2023-12,0,0,0,0,828.5,-100.0,Premium
CAMP0008159,CUST01082,Push Notification,2023-08-03,2023-08,0,0,0,0,11.49,-100.0,Premium
CAMP0008160,CUST01082,Paid Social,2024-01-04,2024-01,0,0,0,0,2292.49,-100.0,Premium
CAMP0008161,CUST01082,Paid Social,2023-12-05,2023-12,0,0,0,0,1946.99,-100.0,Premium
CAMP0008162,CUST01082,Display Ad,2023-12-07,2023-12,0,0,0,0,721.16,-100.0,Premium
CAMP0008163,CUST01082,Email,2023-06-30,2023-06,0,0,0,0,26.61,-100.0,Premium
CAMP0008164,CUST01082,Push Notification,2023-07-27,2023-07,0,0,0,0,15.94,-100.0,Premium
CAMP0008165,CUST01082,SMS,2023-11-09,2023-11,0,0,0,0,69.97,-100.0,Premium
CAMP0008166,CUST01082,SMS,2024-01-12,2024-01,0,0,0,0,37.14,-100.0,Premium
CAMP0008167,CUST01082,Email,2023-10-03,2023-10,1,1,0,0,53.12,-100.0,Premium
CAMP0008168,CUST01083,Email,2023-03-05,2023-03,0,0,0,0,48.53,-100.0,Luxury
CAMP0008169,CUST01083,Paid Social,2023-02-22,2023-02,0,0,0,0,864.22,-100.0,Luxury
CAMP0008170,CUST01083,Influencer,2023-09-13,2023-09,0,0,0,0,1365.06,-100.0,Luxury
CAMP0008171,CUST01083,Email,2023-03-14,2023-03,0,0,0,0,37.45,-100.0,Luxury
CAMP0008172,CUST01083,SMS,2023-06-18,2023-06,0,0,0,0,115.74,-100.0,Luxury
CAMP0008173,CUST01083,Email,2024-01-01,2024-01,0,0,0,0,38.74,-100.0,Luxury
CAMP0008174,CUST01083,Push Notification,2022-06-14,2022-06,0,0,0,0,12.14,-100.0,Luxury
CAMP0008175,CUST01083,Influencer,2024-03-01,2024-03,0,0,0,0,1463.55,-100.0,Luxury
CAMP0008176,CUST01083,Paid Social,2023-08-23,2023-08,0,0,0,0,2273.77,-100.0,Luxury
CAMP0008177,CUST01083,Email,2024-02-29,2024-02,1,1,0,0,32.84,-100.0,Luxury
CAMP0008178,CUST01083,Paid Social,2022-11-19,2022-11,0,0,0,0,2526.68,-100.0,Luxury
CAMP0008179,CUST01084,Email,2022-12-17,2022-12,0,0,0,0,41.64,-100.0,Premium
CAMP0008180,CUST01084,Influencer,2023-10-30,2023-10,1,0,0,0,1343.4,-100.0,Premium
CAMP0008181,CUST01084,Influencer,2023-04-22,2023-04,0,0,0,0,686.4,-100.0,Premium
CAMP0008182,CUST01085,Influencer,2023-06-04,2023-06,0,0,0,0,1200.09,-100.0,Budget
CAMP0008183,CUST01085,Display Ad,2023-02-21,2023-02,1,0,0,0,735.83,-100.0,Budget
CAMP0008184,CUST01085,Push Notification,2023-10-30,2023-10,0,0,0,0,10.08,-100.0,Budget
CAMP0008185,CUST01085,Influencer,2023-10-01,2023-10,1,0,0,0,1178.7,-100.0,Budget
CAMP0008186,CUST01085,Influencer,2023-08-24,2023-08,0,0,0,0,686.81,-100.0,Budget
CAMP0008187,CUST01085,Influencer,2023-12-12,2023-12,1,1,0,0,692.89,-100.0,Budget
CAMP0008188,CUST01085,Influencer,2023-10-28,2023-10,0,0,0,0,1464.95,-100.0,Budget
CAMP0008189,CUST01085,SMS,2022-08-25,2022-08,1,1,1,81.5,98.18,-17.0,Budget
CAMP0008190,CUST01086,Email,2022-03-27,2022-03,1,1,0,0,35.17,-100.0,Mid-Range
CAMP0008191,CUST01086,Display Ad,2023-07-31,2023-07,1,1,0,0,753.64,-100.0,Mid-Range
CAMP0008192,CUST01086,Paid Social,2022-07-18,2022-07,0,0,0,0,2425.82,-100.0,Mid-Range
CAMP0008193,CUST01086,Email,2024-01-28,2024-01,0,0,0,0,37.42,-100.0,Mid-Range
CAMP0008194,CUST01086,SMS,2022-11-05,2022-11,0,0,0,0,117.52,-100.0,Mid-Range
CAMP0008195,CUST01086,Paid Social,2023-11-04,2023-11,0,0,0,0,1390.73,-100.0,Mid-Range
CAMP0008196,CUST01086,SMS,2023-01-24,2023-01,0,0,0,0,69.63,-100.0,Mid-Range
CAMP0008197,CUST01086,Push Notification,2024-03-15,2024-03,0,0,0,0,28.05,-100.0,Mid-Range
CAMP0008198,CUST01086,Paid Social,2023-07-16,2023-07,0,0,0,0,2178.61,-100.0,Mid-Range
CAMP0008199,CUST01086,Paid Social,2024-03-30,2024-03,0,0,0,0,739.78,-100.0,Mid-Range
CAMP0008200,CUST01087,Email,2023-07-03,2023-07,1,1,0,0,23.26,-100.0,Premium
CAMP0008201,CUST01087,Influencer,2023-05-15,2023-05,0,0,0,0,474.52,-100.0,Premium
CAMP0008202,CUST01087,Display Ad,2023-03-14,2023-03,0,0,0,0,899.8,-100.0,Premium
CAMP0008203,CUST01087,Paid Social,2023-02-19,2023-02,0,0,0,0,1959.4,-100.0,Premium
CAMP0008204,CUST01087,Influencer,2023-07-01,2023-07,0,0,0,0,1609.06,-100.0,Premium
CAMP0008205,CUST01087,Influencer,2022-10-18,2022-10,0,0,0,0,1343.58,-100.0,Premium
CAMP0008206,CUST01087,Display Ad,2023-02-06,2023-02,0,0,0,0,383.29,-100.0,Premium
CAMP0008207,CUST01087,Influencer,2023-04-19,2023-04,0,0,0,0,1583.51,-100.0,Premium
CAMP0008208,CUST01088,Email,2023-03-22,2023-03,0,0,0,0,26.36,-100.0,Mid-Range
CAMP0008209,CUST01088,Paid Social,2023-09-19,2023-09,0,0,0,0,1191.11,-100.0,Mid-Range
CAMP0008210,CUST01088,Paid Social,2024-01-22,2024-01,0,0,0,0,1628.04,-100.0,Mid-Range
CAMP0008211,CUST01088,Paid Social,2023-07-27,2023-07,0,0,0,0,1967.42,-100.0,Mid-Range
CAMP0008212,CUST01088,Display Ad,2023-06-23,2023-06,0,0,0,0,313.09,-100.0,Mid-Range
CAMP0008213,CUST01088,Push Notification,2023-11-18,2023-11,1,1,0,0,17.72,-100.0,Mid-Range
CAMP0008214,CUST01088,Push Notification,2023-08-29,2023-08,0,0,0,0,20.97,-100.0,Mid-Range
CAMP0008215,CUST01088,Influencer,2023-12-22,2023-12,0,0,0,0,1196.19,-100.0,Mid-Range
CAMP0008216,CUST01088,Display Ad,2023-07-22,2023-07,0,0,0,0,659.01,-100.0,Mid-Range
CAMP0008217,CUST01088,Display Ad,2023-05-20,2023-05,0,0,0,0,1006.17,-100.0,Mid-Range
CAMP0008218,CUST01088,SMS,2023-01-08,2023-01,1,1,1,167.28,81.14,106.2,Mid-Range
CAMP0008219,CUST01088,Push Notification,2023-10-27,2023-10,0,0,0,0,27.88,-100.0,Mid-Range
CAMP0008220,CUST01089,Display Ad,2022-10-28,2022-10,0,0,0,0,978.07,-100.0,Budget
CAMP0008221,CUST01089,Email,2023-09-19,2023-09,0,0,0,0,19.21,-100.0,Budget
CAMP0008222,CUST01089,Paid Social,2023-07-07,2023-07,0,0,0,0,1229.25,-100.0,Budget
CAMP0008223,CUST01089,Display Ad,2022-07-23,2022-07,0,0,0,0,702.88,-100.0,Budget
CAMP0008224,CUST01089,SMS,2022-06-09,2022-06,1,0,0,0,61.54,-100.0,Budget
CAMP0008225,CUST01089,Push Notification,2023-09-10,2023-09,0,0,0,0,11.13,-100.0,Budget
CAMP0008226,CUST01090,Email,2023-01-16,2023-01,0,0,0,0,19.35,-100.0,Premium
CAMP0008227,CUST01090,Influencer,2023-05-30,2023-05,0,0,0,0,1639.62,-100.0,Premium
CAMP0008228,CUST01090,Display Ad,2022-05-02,2022-05,1,0,0,0,958.42,-100.0,Premium
CAMP0008229,CUST01090,Paid Social,2022-12-20,2022-12,0,0,0,0,1832.7,-100.0,Premium
CAMP0008230,CUST01090,Paid Social,2023-05-11,2023-05,1,1,0,0,1228.47,-100.0,Premium
CAMP0008231,CUST01090,Push Notification,2022-04-29,2022-04,1,1,1,191.09,13.96,1268.8,Premium
CAMP0008232,CUST01090,Push Notification,2023-09-07,2023-09,0,0,0,0,13.21,-100.0,Premium
CAMP0008233,CUST01090,Email,2022-03-18,2022-03,0,0,0,0,48.76,-100.0,Premium
CAMP0008234,CUST01090,Display Ad,2023-07-02,2023-07,0,0,0,0,780.24,-100.0,Premium
CAMP0008235,CUST01090,SMS,2023-08-29,2023-08,0,0,0,0,73.31,-100.0,Premium
CAMP0008236,CUST01090,Paid Social,2023-07-19,2023-07,0,0,0,0,2495.27,-100.0,Premium
CAMP0008237,CUST01091,Push Notification,2022-12-22,2022-12,0,0,0,0,12.63,-100.0,Mid-Range
CAMP0008238,CUST01091,Display Ad,2022-09-13,2022-09,0,0,0,0,714.74,-100.0,Mid-Range
CAMP0008239,CUST01091,Paid Social,2022-03-04,2022-03,0,0,0,0,2059.12,-100.0,Mid-Range
CAMP0008240,CUST01091,Email,2023-09-27,2023-09,1,0,0,0,16.18,-100.0,Mid-Range
CAMP0008241,CUST01091,Email,2023-06-17,2023-06,0,0,0,0,18.38,-100.0,Mid-Range
CAMP0008242,CUST01091,Influencer,2022-12-04,2022-12,0,0,0,0,716.03,-100.0,Mid-Range
CAMP0008243,CUST01091,Display Ad,2022-12-07,2022-12,0,0,0,0,330.8,-100.0,Mid-Range
CAMP0008244,CUST01091,Paid Social,2022-10-19,2022-10,0,0,0,0,1555.78,-100.0,Mid-Range
CAMP0008245,CUST01092,Email,2023-07-02,2023-07,1,1,1,138.0,59.22,133.0,Premium
CAMP0008246,CUST01092,Display Ad,2023-11-22,2023-11,0,0,0,0,317.99,-100.0,Premium
CAMP0008247,CUST01092,Email,2023-07-24,2023-07,0,0,0,0,30.99,-100.0,Premium
CAMP0008248,CUST01092,Push Notification,2024-02-11,2024-02,0,0,0,0,16.42,-100.0,Premium
CAMP0008249,CUST01092,SMS,2024-01-05,2024-01,0,0,0,0,74.08,-100.0,Premium
CAMP0008250,CUST01092,Paid Social,2024-03-25,2024-03,0,0,0,0,1394.73,-100.0,Premium
CAMP0008251,CUST01092,Email,2024-02-28,2024-02,1,0,0,0,56.62,-100.0,Premium
CAMP0008252,CUST01092,Paid Social,2023-12-27,2023-12,0,0,0,0,1872.92,-100.0,Premium
CAMP0008253,CUST01093,Email,2023-10-04,2023-10,0,0,0,0,36.63,-100.0,Premium
CAMP0008254,CUST01093,Email,2024-03-09,2024-03,1,0,0,0,21.64,-100.0,Premium
CAMP0008255,CUST01093,Paid Social,2024-02-19,2024-02,0,0,0,0,1513.47,-100.0,Premium
CAMP0008256,CUST01093,Email,2023-10-07,2023-10,0,0,0,0,43.46,-100.0,Premium
CAMP0008257,CUST01093,Email,2024-03-15,2024-03,0,0,0,0,58.83,-100.0,Premium
CAMP0008258,CUST01093,SMS,2023-08-30,2023-08,0,0,0,0,52.45,-100.0,Premium
CAMP0008259,CUST01093,Email,2024-01-02,2024-01,0,0,0,0,35.34,-100.0,Premium
CAMP0008260,CUST01093,Email,2023-10-26,2023-10,0,0,0,0,25.28,-100.0,Premium
CAMP0008261,CUST01093,Paid Social,2023-12-31,2023-12,0,0,0,0,1935.62,-100.0,Premium
CAMP0008262,CUST01093,Influencer,2024-03-29,2024-03,0,0,0,0,1598.23,-100.0,Premium
CAMP0008263,CUST01093,Push Notification,2023-10-24,2023-10,0,0,0,0,11.27,-100.0,Premium
CAMP0008264,CUST01093,Display Ad,2024-02-13,2024-02,0,0,0,0,703.01,-100.0,Premium
CAMP0008265,CUST01094,Influencer,2023-06-01,2023-06,1,0,0,0,1357.45,-100.0,Mid-Range
CAMP0008266,CUST01094,Paid Social,2023-10-16,2023-10,0,0,0,0,1131.76,-100.0,Mid-Range
CAMP0008267,CUST01094,SMS,2024-03-23,2024-03,1,0,0,0,78.99,-100.0,Mid-Range
CAMP0008268,CUST01094,Email,2023-12-02,2023-12,0,0,0,0,49.61,-100.0,Mid-Range
CAMP0008269,CUST01094,Paid Social,2024-02-22,2024-02,0,0,0,0,1635.36,-100.0,Mid-Range
CAMP0008270,CUST01095,SMS,2024-02-17,2024-02,0,0,0,0,100.16,-100.0,Premium
CAMP0008271,CUST01095,Paid Social,2023-11-10,2023-11,0,0,0,0,1353.1,-100.0,Premium
CAMP0008272,CUST01095,Influencer,2023-08-13,2023-08,0,0,0,0,1347.29,-100.0,Premium
CAMP0008273,CUST01095,Email,2023-07-07,2023-07,0,0,0,0,34.07,-100.0,Premium
CAMP0008274,CUST01095,Influencer,2023-06-02,2023-06,0,0,0,0,533.33,-100.0,Premium
CAMP0008275,CUST01095,Display Ad,2023-08-10,2023-08,0,0,0,0,618.23,-100.0,Premium
CAMP0008276,CUST01095,Email,2023-05-14,2023-05,1,0,0,0,41.77,-100.0,Premium
CAMP0008277,CUST01096,Influencer,2023-12-24,2023-12,0,0,0,0,605.96,-100.0,Premium
CAMP0008278,CUST01096,Email,2024-02-18,2024-02,1,0,0,0,51.72,-100.0,Premium
CAMP0008279,CUST01096,SMS,2023-10-27,2023-10,1,1,0,0,64.76,-100.0,Premium
CAMP0008280,CUST01096,Email,2023-05-15,2023-05,0,0,0,0,53.52,-100.0,Premium
CAMP0008281,CUST01096,Email,2024-01-04,2024-01,1,0,0,0,39.98,-100.0,Premium
CAMP0008282,CUST01096,Email,2023-11-22,2023-11,0,0,0,0,31.89,-100.0,Premium
CAMP0008283,CUST01096,Influencer,2023-10-02,2023-10,0,0,0,0,1581.37,-100.0,Premium
CAMP0008284,CUST01096,Email,2023-07-09,2023-07,0,0,0,0,39.2,-100.0,Premium
CAMP0008285,CUST01096,Push Notification,2024-01-07,2024-01,0,0,0,0,15.23,-100.0,Premium
CAMP0008286,CUST01096,Paid Social,2023-11-21,2023-11,0,0,0,0,1861.93,-100.0,Premium
CAMP0008287,CUST01096,Paid Social,2023-10-09,2023-10,0,0,0,0,1245.9,-100.0,Premium
CAMP0008288,CUST01097,Push Notification,2023-12-17,2023-12,1,0,0,0,16.97,-100.0,Mid-Range
CAMP0008289,CUST01097,SMS,2024-01-04,2024-01,0,0,0,0,65.13,-100.0,Mid-Range
CAMP0008290,CUST01097,Paid Social,2023-12-13,2023-12,1,0,0,0,1004.96,-100.0,Mid-Range
CAMP0008291,CUST01097,Influencer,2023-06-30,2023-06,0,0,0,0,1003.14,-100.0,Mid-Range
CAMP0008292,CUST01097,Paid Social,2023-12-16,2023-12,0,0,0,0,953.25,-100.0,Mid-Range
CAMP0008293,CUST01097,Display Ad,2023-07-11,2023-07,1,0,0,0,479.1,-100.0,Mid-Range
CAMP0008294,CUST01098,Push Notification,2022-08-01,2022-08,0,0,0,0,10.71,-100.0,Budget
CAMP0008295,CUST01098,Display Ad,2023-12-02,2023-12,0,0,0,0,727.21,-100.0,Budget
CAMP0008296,CUST01098,Email,2023-09-19,2023-09,0,0,0,0,29.76,-100.0,Budget
CAMP0008297,CUST01098,Influencer,2023-03-16,2023-03,0,0,0,0,1567.92,-100.0,Budget
CAMP0008298,CUST01098,Push Notification,2023-03-28,2023-03,0,0,0,0,15.34,-100.0,Budget
CAMP0008299,CUST01098,Email,2023-09-16,2023-09,1,1,0,0,28.17,-100.0,Budget
CAMP0008300,CUST01098,Influencer,2023-04-15,2023-04,1,0,0,0,813.49,-100.0,Budget
CAMP0008301,CUST01099,Email,2024-03-11,2024-03,0,0,0,0,59.45,-100.0,Mid-Range
CAMP0008302,CUST01099,SMS,2023-06-13,2023-06,1,0,0,0,61.06,-100.0,Mid-Range
CAMP0008303,CUST01099,Influencer,2023-11-03,2023-11,0,0,0,0,968.17,-100.0,Mid-Range
CAMP0008304,CUST01099,Paid Social,2023-07-08,2023-07,1,0,0,0,1744.3,-100.0,Mid-Range
CAMP0008305,CUST01099,Email,2023-03-29,2023-03,0,0,0,0,44.59,-100.0,Mid-Range
CAMP0008306,CUST01099,Email,2023-05-12,2023-05,0,0,0,0,17.97,-100.0,Mid-Range
CAMP0008307,CUST01100,Paid Social,2023-05-25,2023-05,0,0,0,0,2162.0,-100.0,Mid-Range
CAMP0008308,CUST01100,Email,2023-03-08,2023-03,0,0,0,0,36.81,-100.0,Mid-Range
CAMP0008309,CUST01100,Email,2023-08-22,2023-08,1,0,0,0,58.42,-100.0,Mid-Range
CAMP0008310,CUST01100,Paid Social,2023-11-04,2023-11,0,0,0,0,1416.42,-100.0,Mid-Range
CAMP0008311,CUST01100,SMS,2023-01-27,2023-01,1,0,0,0,71.16,-100.0,Mid-Range
CAMP0008312,CUST01100,Paid Social,2023-08-17,2023-08,0,0,0,0,1472.79,-100.0,Mid-Range
CAMP0008313,CUST01100,Push Notification,2022-06-16,2022-06,1,0,0,0,11.31,-100.0,Mid-Range
CAMP0008314,CUST01100,Influencer,2023-06-18,2023-06,1,1,0,0,1058.21,-100.0,Mid-Range
CAMP0008315,CUST01100,Email,2023-05-05,2023-05,1,1,0,0,17.46,-100.0,Mid-Range
CAMP0008316,CUST01101,Influencer,2023-09-22,2023-09,0,0,0,0,955.42,-100.0,Mid-Range
CAMP0008317,CUST01101,Paid Social,2023-04-13,2023-04,0,0,0,0,1592.96,-100.0,Mid-Range
CAMP0008318,CUST01101,Email,2023-12-04,2023-12,0,0,0,0,26.64,-100.0,Mid-Range
CAMP0008319,CUST01101,Paid Social,2023-08-20,2023-08,0,0,0,0,1450.44,-100.0,Mid-Range
CAMP0008320,CUST01101,Influencer,2023-08-30,2023-08,0,0,0,0,787.85,-100.0,Mid-Range
CAMP0008321,CUST01101,Push Notification,2023-07-19,2023-07,0,0,0,0,9.64,-100.0,Mid-Range
CAMP0008322,CUST01102,Paid Social,2023-03-02,2023-03,0,0,0,0,1766.62,-100.0,Budget
CAMP0008323,CUST01102,SMS,2024-01-14,2024-01,1,1,1,42.49,82.68,-48.6,Budget
CAMP0008324,CUST01102,Paid Social,2023-08-04,2023-08,0,0,0,0,2098.57,-100.0,Budget
CAMP0008325,CUST01102,Push Notification,2022-08-09,2022-08,0,0,0,0,8.31,-100.0,Budget
CAMP0008326,CUST01102,Email,2023-11-11,2023-11,1,0,0,0,23.77,-100.0,Budget
CAMP0008327,CUST01102,Push Notification,2023-03-19,2023-03,0,0,0,0,22.41,-100.0,Budget
CAMP0008328,CUST01102,Paid Social,2023-11-18,2023-11,0,0,0,0,1399.95,-100.0,Budget
CAMP0008329,CUST01103,Influencer,2022-12-04,2022-12,0,0,0,0,514.16,-100.0,Premium
CAMP0008330,CUST01103,Email,2022-05-18,2022-05,0,0,0,0,30.83,-100.0,Premium
CAMP0008331,CUST01103,Email,2023-03-07,2023-03,0,0,0,0,27.29,-100.0,Premium
CAMP0008332,CUST01104,Influencer,2023-11-03,2023-11,0,0,0,0,1519.28,-100.0,Budget
CAMP0008333,CUST01104,Email,2024-02-04,2024-02,0,0,0,0,48.27,-100.0,Budget
CAMP0008334,CUST01104,Paid Social,2023-11-18,2023-11,0,0,0,0,1122.84,-100.0,Budget
CAMP0008335,CUST01104,Push Notification,2023-07-21,2023-07,0,0,0,0,11.47,-100.0,Budget
CAMP0008336,CUST01104,Influencer,2024-02-02,2024-02,0,0,0,0,924.45,-100.0,Budget
CAMP0008337,CUST01104,Push Notification,2023-05-06,2023-05,1,0,0,0,27.76,-100.0,Budget
CAMP0008338,CUST01104,Email,2023-12-12,2023-12,0,0,0,0,40.15,-100.0,Budget
CAMP0008339,CUST01104,SMS,2024-03-05,2024-03,0,0,0,0,75.32,-100.0,Budget
CAMP0008340,CUST01104,Email,2024-03-24,2024-03,1,1,0,0,59.69,-100.0,Budget
CAMP0008341,CUST01104,SMS,2023-11-04,2023-11,0,0,0,0,66.43,-100.0,Budget
CAMP0008342,CUST01104,Email,2023-08-17,2023-08,1,1,0,0,46.42,-100.0,Budget
CAMP0008343,CUST01105,Push Notification,2023-09-29,2023-09,0,0,0,0,23.32,-100.0,Premium
CAMP0008344,CUST01105,Email,2023-11-10,2023-11,1,1,0,0,54.44,-100.0,Premium
CAMP0008345,CUST01105,Paid Social,2022-10-10,2022-10,0,0,0,0,850.35,-100.0,Premium
CAMP0008346,CUST01105,Influencer,2022-11-06,2022-11,1,0,0,0,1174.25,-100.0,Premium
CAMP0008347,CUST01106,Influencer,2023-12-05,2023-12,0,0,0,0,764.92,-100.0,Mid-Range
CAMP0008348,CUST01106,Email,2022-11-25,2022-11,0,0,0,0,32.1,-100.0,Mid-Range
CAMP0008349,CUST01106,Email,2022-12-10,2022-12,1,1,1,157.56,33.47,370.7,Mid-Range
CAMP0008350,CUST01106,Paid Social,2023-11-20,2023-11,0,0,0,0,900.67,-100.0,Mid-Range
CAMP0008351,CUST01106,Email,2023-08-17,2023-08,0,0,0,0,22.97,-100.0,Mid-Range
CAMP0008352,CUST01106,Email,2023-10-01,2023-10,0,0,0,0,35.28,-100.0,Mid-Range
CAMP0008353,CUST01107,Paid Social,2023-10-07,2023-10,1,0,0,0,1247.98,-100.0,Budget
CAMP0008354,CUST01107,Display Ad,2023-04-21,2023-04,0,0,0,0,661.04,-100.0,Budget
CAMP0008355,CUST01107,Paid Social,2023-01-10,2023-01,1,0,0,0,1925.85,-100.0,Budget
CAMP0008356,CUST01107,Paid Social,2023-11-29,2023-11,1,0,0,0,769.19,-100.0,Budget
CAMP0008357,CUST01107,Influencer,2023-01-28,2023-01,0,0,0,0,956.42,-100.0,Budget
CAMP0008358,CUST01107,Email,2022-08-06,2022-08,1,0,0,0,16.32,-100.0,Budget
CAMP0008359,CUST01107,Push Notification,2023-05-06,2023-05,0,0,0,0,27.65,-100.0,Budget
CAMP0008360,CUST01107,Paid Social,2022-05-28,2022-05,0,0,0,0,966.88,-100.0,Budget
CAMP0008361,CUST01107,Paid Social,2022-07-07,2022-07,0,0,0,0,2172.87,-100.0,Budget
CAMP0008362,CUST01107,SMS,2023-01-17,2023-01,0,0,0,0,82.82,-100.0,Budget
CAMP0008363,CUST01107,Display Ad,2022-05-18,2022-05,0,0,0,0,586.07,-100.0,Budget
CAMP0008364,CUST01108,Paid Social,2023-09-18,2023-09,0,0,0,0,2238.41,-100.0,Mid-Range
CAMP0008365,CUST01108,Push Notification,2023-08-19,2023-08,0,0,0,0,12.52,-100.0,Mid-Range
CAMP0008366,CUST01108,Paid Social,2023-07-19,2023-07,0,0,0,0,2362.67,-100.0,Mid-Range
CAMP0008367,CUST01108,SMS,2023-10-12,2023-10,0,0,0,0,53.56,-100.0,Mid-Range
CAMP0008368,CUST01108,Email,2023-01-14,2023-01,1,0,0,0,28.48,-100.0,Mid-Range
CAMP0008369,CUST01108,Paid Social,2023-06-01,2023-06,0,0,0,0,2205.29,-100.0,Mid-Range
CAMP0008370,CUST01109,Email,2024-03-07,2024-03,0,0,0,0,48.07,-100.0,Luxury
CAMP0008371,CUST01109,Email,2024-01-24,2024-01,0,0,0,0,23.69,-100.0,Luxury
CAMP0008372,CUST01109,SMS,2023-04-30,2023-04,0,0,0,0,101.4,-100.0,Luxury
CAMP0008373,CUST01109,Email,2024-03-11,2024-03,1,0,0,0,39.21,-100.0,Luxury
CAMP0008374,CUST01109,Email,2023-07-28,2023-07,1,0,0,0,25.82,-100.0,Luxury
CAMP0008375,CUST01109,Influencer,2023-08-03,2023-08,0,0,0,0,1005.4,-100.0,Luxury
CAMP0008376,CUST01109,SMS,2023-09-11,2023-09,0,0,0,0,34.33,-100.0,Luxury
CAMP0008377,CUST01109,Paid Social,2023-07-17,2023-07,0,0,0,0,2376.13,-100.0,Luxury
CAMP0008378,CUST01109,Paid Social,2024-03-18,2024-03,0,0,0,0,892.56,-100.0,Luxury
CAMP0008379,CUST01109,Paid Social,2023-03-31,2023-03,1,0,0,0,1512.69,-100.0,Luxury
CAMP0008380,CUST01109,Paid Social,2024-01-13,2024-01,1,0,0,0,2526.62,-100.0,Luxury
CAMP0008381,CUST01110,Paid Social,2023-03-24,2023-03,0,0,0,0,1096.81,-100.0,Premium
CAMP0008382,CUST01110,Email,2023-07-06,2023-07,0,0,0,0,59.88,-100.0,Premium
CAMP0008383,CUST01110,Email,2022-12-07,2022-12,0,0,0,0,44.2,-100.0,Premium
CAMP0008384,CUST01110,SMS,2023-08-03,2023-08,0,0,0,0,80.06,-100.0,Premium
CAMP0008385,CUST01110,Paid Social,2023-12-15,2023-12,1,0,0,0,1909.27,-100.0,Premium
CAMP0008386,CUST01110,Email,2023-06-01,2023-06,1,0,0,0,26.74,-100.0,Premium
CAMP0008387,CUST01111,Email,2023-10-16,2023-10,0,0,0,0,49.7,-100.0,Premium
CAMP0008388,CUST01111,Paid Social,2023-12-15,2023-12,0,0,0,0,1054.71,-100.0,Premium
CAMP0008389,CUST01111,Influencer,2023-11-09,2023-11,0,0,0,0,611.42,-100.0,Premium
CAMP0008390,CUST01111,Email,2023-03-07,2023-03,1,1,0,0,23.41,-100.0,Premium
CAMP0008391,CUST01111,Email,2023-04-04,2023-04,0,0,0,0,49.68,-100.0,Premium
CAMP0008392,CUST01111,Push Notification,2023-11-05,2023-11,0,0,0,0,14.93,-100.0,Premium
CAMP0008393,CUST01111,Paid Social,2023-01-15,2023-01,0,0,0,0,1692.86,-100.0,Premium
CAMP0008394,CUST01112,Push Notification,2022-08-31,2022-08,0,0,0,0,19.17,-100.0,Luxury
CAMP0008395,CUST01112,Paid Social,2023-11-08,2023-11,0,0,0,0,1392.61,-100.0,Luxury
CAMP0008396,CUST01112,Display Ad,2023-03-03,2023-03,0,0,0,0,911.72,-100.0,Luxury
CAMP0008397,CUST01112,SMS,2023-09-15,2023-09,0,0,0,0,41.43,-100.0,Luxury
CAMP0008398,CUST01112,Email,2023-06-09,2023-06,0,0,0,0,21.94,-100.0,Luxury
CAMP0008399,CUST01112,Email,2023-06-04,2023-06,1,0,0,0,26.48,-100.0,Luxury
CAMP0008400,CUST01112,Push Notification,2023-08-07,2023-08,0,0,0,0,28.92,-100.0,Luxury
CAMP0008401,CUST01113,Push Notification,2023-01-07,2023-01,1,0,0,0,10.22,-100.0,Premium
CAMP0008402,CUST01113,Paid Social,2024-01-17,2024-01,0,0,0,0,1031.9,-100.0,Premium
CAMP0008403,CUST01113,SMS,2023-10-17,2023-10,0,0,0,0,86.96,-100.0,Premium
CAMP0008404,CUST01113,Influencer,2022-09-04,2022-09,0,0,0,0,1259.41,-100.0,Premium
CAMP0008405,CUST01113,Email,2023-05-25,2023-05,0,0,0,0,42.95,-100.0,Premium
CAMP0008406,CUST01113,Email,2022-09-23,2022-09,0,0,0,0,42.69,-100.0,Premium
CAMP0008407,CUST01113,Email,2023-12-20,2023-12,0,0,0,0,36.41,-100.0,Premium
CAMP0008408,CUST01113,Influencer,2023-04-05,2023-04,0,0,0,0,1023.12,-100.0,Premium
CAMP0008409,CUST01113,Paid Social,2023-10-12,2023-10,0,0,0,0,1188.79,-100.0,Premium
CAMP0008410,CUST01113,SMS,2023-08-04,2023-08,0,0,0,0,82.35,-100.0,Premium
CAMP0008411,CUST01113,Influencer,2022-09-20,2022-09,1,1,0,0,1155.35,-100.0,Premium
CAMP0008412,CUST01114,Push Notification,2023-06-17,2023-06,0,0,0,0,23.83,-100.0,Budget
CAMP0008413,CUST01114,Influencer,2023-03-26,2023-03,0,0,0,0,887.86,-100.0,Budget
CAMP0008414,CUST01114,Paid Social,2023-03-11,2023-03,0,0,0,0,784.15,-100.0,Budget
CAMP0008415,CUST01114,Influencer,2023-09-03,2023-09,0,0,0,0,494.17,-100.0,Budget
CAMP0008416,CUST01114,SMS,2023-03-18,2023-03,0,0,0,0,94.99,-100.0,Budget
CAMP0008417,CUST01114,Influencer,2023-05-10,2023-05,0,0,0,0,1189.02,-100.0,Budget
CAMP0008418,CUST01114,Push Notification,2023-01-12,2023-01,0,0,0,0,19.36,-100.0,Budget
CAMP0008419,CUST01114,Influencer,2023-04-11,2023-04,1,0,0,0,1533.25,-100.0,Budget
CAMP0008420,CUST01114,SMS,2023-01-18,2023-01,0,0,0,0,55.84,-100.0,Budget
CAMP0008421,CUST01114,Email,2023-09-15,2023-09,0,0,0,0,31.39,-100.0,Budget
CAMP0008422,CUST01114,Email,2023-11-22,2023-11,0,0,0,0,33.38,-100.0,Budget
CAMP0008423,CUST01114,Paid Social,2024-02-22,2024-02,0,0,0,0,1508.68,-100.0,Budget
CAMP0008424,CUST01115,Email,2023-01-08,2023-01,0,0,0,0,20.13,-100.0,Budget
CAMP0008425,CUST01115,Paid Social,2023-09-29,2023-09,0,0,0,0,856.73,-100.0,Budget
CAMP0008426,CUST01115,Influencer,2023-06-03,2023-06,0,0,0,0,522.05,-100.0,Budget
CAMP0008427,CUST01115,Email,2023-12-28,2023-12,0,0,0,0,42.0,-100.0,Budget
CAMP0008428,CUST01115,Paid Social,2023-12-20,2023-12,0,0,0,0,2090.37,-100.0,Budget
CAMP0008429,CUST01115,Paid Social,2023-01-12,2023-01,0,0,0,0,2496.5,-100.0,Budget
CAMP0008430,CUST01116,Email,2023-10-18,2023-10,0,0,0,0,27.68,-100.0,Mid-Range
CAMP0008431,CUST01116,Display Ad,2024-03-10,2024-03,0,0,0,0,286.85,-100.0,Mid-Range
CAMP0008432,CUST01116,Email,2024-02-28,2024-02,1,0,0,0,32.91,-100.0,Mid-Range
CAMP0008433,CUST01116,Paid Social,2023-10-14,2023-10,0,0,0,0,1318.19,-100.0,Mid-Range
CAMP0008434,CUST01116,Push Notification,2023-09-18,2023-09,0,0,0,0,15.45,-100.0,Mid-Range
CAMP0008435,CUST01116,Email,2023-11-20,2023-11,0,0,0,0,40.9,-100.0,Mid-Range
CAMP0008436,CUST01116,Influencer,2024-02-27,2024-02,0,0,0,0,1276.86,-100.0,Mid-Range
CAMP0008437,CUST01116,Influencer,2023-11-09,2023-11,0,0,0,0,612.95,-100.0,Mid-Range
CAMP0008438,CUST01116,Push Notification,2023-12-10,2023-12,1,0,0,0,28.75,-100.0,Mid-Range
CAMP0008439,CUST01116,Paid Social,2024-02-22,2024-02,1,0,0,0,2386.86,-100.0,Mid-Range
CAMP0008440,CUST01117,Push Notification,2023-05-10,2023-05,0,0,0,0,18.7,-100.0,Mid-Range
CAMP0008441,CUST01117,SMS,2023-09-05,2023-09,0,0,0,0,66.77,-100.0,Mid-Range
CAMP0008442,CUST01117,SMS,2023-06-24,2023-06,0,0,0,0,46.38,-100.0,Mid-Range
CAMP0008443,CUST01117,Email,2023-06-22,2023-06,1,0,0,0,55.3,-100.0,Mid-Range
CAMP0008444,CUST01118,SMS,2023-05-18,2023-05,0,0,0,0,103.01,-100.0,Budget
CAMP0008445,CUST01118,Push Notification,2023-09-24,2023-09,0,0,0,0,28.6,-100.0,Budget
CAMP0008446,CUST01118,Push Notification,2023-03-31,2023-03,0,0,0,0,21.94,-100.0,Budget
CAMP0008447,CUST01118,Influencer,2022-10-26,2022-10,0,0,0,0,533.67,-100.0,Budget
CAMP0008448,CUST01119,Email,2022-09-23,2022-09,0,0,0,0,27.4,-100.0,Mid-Range
CAMP0008449,CUST01119,Display Ad,2023-12-12,2023-12,0,0,0,0,556.16,-100.0,Mid-Range
CAMP0008450,CUST01119,Email,2024-01-08,2024-01,0,0,0,0,51.91,-100.0,Mid-Range
CAMP0008451,CUST01119,Email,2023-04-30,2023-04,0,0,0,0,49.51,-100.0,Mid-Range
CAMP0008452,CUST01119,Email,2022-12-28,2022-12,0,0,0,0,22.63,-100.0,Mid-Range
CAMP0008453,CUST01119,Paid Social,2023-01-02,2023-01,0,0,0,0,717.32,-100.0,Mid-Range
CAMP0008454,CUST01119,Push Notification,2023-02-16,2023-02,0,0,0,0,10.01,-100.0,Mid-Range
CAMP0008455,CUST01119,Paid Social,2024-03-05,2024-03,0,0,0,0,1980.79,-100.0,Mid-Range
CAMP0008456,CUST01119,SMS,2023-10-06,2023-10,0,0,0,0,104.77,-100.0,Mid-Range
CAMP0008457,CUST01119,Push Notification,2022-11-22,2022-11,0,0,0,0,9.96,-100.0,Mid-Range
CAMP0008458,CUST01119,SMS,2024-02-10,2024-02,0,0,0,0,41.26,-100.0,Mid-Range
CAMP0008459,CUST01120,SMS,2023-11-08,2023-11,1,0,0,0,67.53,-100.0,Mid-Range
CAMP0008460,CUST01120,Push Notification,2023-07-08,2023-07,1,0,0,0,8.91,-100.0,Mid-Range
CAMP0008461,CUST01120,SMS,2023-11-07,2023-11,0,0,0,0,77.4,-100.0,Mid-Range
CAMP0008462,CUST01120,Influencer,2023-08-25,2023-08,0,0,0,0,681.32,-100.0,Mid-Range
CAMP0008463,CUST01121,Display Ad,2023-03-07,2023-03,0,0,0,0,340.61,-100.0,Mid-Range
CAMP0008464,CUST01121,Influencer,2023-02-16,2023-02,0,0,0,0,1390.7,-100.0,Mid-Range
CAMP0008465,CUST01121,Paid Social,2022-10-20,2022-10,1,1,0,0,1921.9,-100.0,Mid-Range
CAMP0008466,CUST01121,Paid Social,2023-05-05,2023-05,0,0,0,0,2510.56,-100.0,Mid-Range
CAMP0008467,CUST01121,Email,2023-12-12,2023-12,0,0,0,0,19.31,-100.0,Mid-Range
CAMP0008468,CUST01121,Email,2023-01-06,2023-01,0,0,0,0,22.3,-100.0,Mid-Range
CAMP0008469,CUST01122,Paid Social,2023-04-29,2023-04,0,0,0,0,2151.24,-100.0,Mid-Range
CAMP0008470,CUST01122,Influencer,2024-02-05,2024-02,0,0,0,0,629.43,-100.0,Mid-Range
CAMP0008471,CUST01122,Email,2023-04-21,2023-04,0,0,0,0,53.25,-100.0,Mid-Range
CAMP0008472,CUST01122,Email,2023-06-23,2023-06,0,0,0,0,17.3,-100.0,Mid-Range
CAMP0008473,CUST01122,SMS,2023-04-16,2023-04,0,0,0,0,96.11,-100.0,Mid-Range
CAMP0008474,CUST01123,Influencer,2022-10-02,2022-10,0,0,0,0,874.31,-100.0,Mid-Range
CAMP0008475,CUST01123,Push Notification,2022-11-13,2022-11,0,0,0,0,20.44,-100.0,Mid-Range
CAMP0008476,CUST01123,Paid Social,2022-11-22,2022-11,0,0,0,0,2176.73,-100.0,Mid-Range
CAMP0008477,CUST01124,Push Notification,2023-12-09,2023-12,0,0,0,0,17.62,-100.0,Premium
CAMP0008478,CUST01124,Paid Social,2023-06-16,2023-06,0,0,0,0,1018.19,-100.0,Premium
CAMP0008479,CUST01124,Email,2023-11-28,2023-11,0,0,0,0,28.48,-100.0,Premium
CAMP0008480,CUST01124,Paid Social,2023-07-20,2023-07,0,0,0,0,1643.54,-100.0,Premium
CAMP0008481,CUST01124,Email,2023-07-19,2023-07,1,0,0,0,56.0,-100.0,Premium
CAMP0008482,CUST01124,Display Ad,2023-06-20,2023-06,0,0,0,0,748.37,-100.0,Premium
CAMP0008483,CUST01125,Paid Social,2024-01-30,2024-01,0,0,0,0,2012.34,-100.0,Budget
CAMP0008484,CUST01125,Email,2024-03-21,2024-03,0,0,0,0,59.36,-100.0,Budget
CAMP0008485,CUST01125,SMS,2024-01-15,2024-01,0,0,0,0,32.57,-100.0,Budget
CAMP0008486,CUST01126,SMS,2024-01-21,2024-01,0,0,0,0,100.24,-100.0,Mid-Range
CAMP0008487,CUST01126,Email,2024-02-14,2024-02,1,0,0,0,19.07,-100.0,Mid-Range
CAMP0008488,CUST01126,Email,2024-01-31,2024-01,1,0,0,0,25.2,-100.0,Mid-Range
CAMP0008489,CUST01126,Email,2024-01-06,2024-01,0,0,0,0,35.52,-100.0,Mid-Range
CAMP0008490,CUST01126,Display Ad,2023-03-22,2023-03,1,0,0,0,598.21,-100.0,Mid-Range
CAMP0008491,CUST01126,Push Notification,2024-03-13,2024-03,1,1,0,0,14.61,-100.0,Mid-Range
CAMP0008492,CUST01126,Email,2023-12-05,2023-12,0,0,0,0,27.17,-100.0,Mid-Range
CAMP0008493,CUST01126,Paid Social,2023-03-17,2023-03,0,0,0,0,1283.82,-100.0,Mid-Range
CAMP0008494,CUST01127,SMS,2023-11-05,2023-11,1,0,0,0,98.76,-100.0,Premium
CAMP0008495,CUST01127,Email,2023-11-10,2023-11,0,0,0,0,29.97,-100.0,Premium
CAMP0008496,CUST01127,Display Ad,2023-11-14,2023-11,0,0,0,0,660.66,-100.0,Premium
CAMP0008497,CUST01128,Paid Social,2022-12-29,2022-12,0,0,0,0,2530.07,-100.0,Mid-Range
CAMP0008498,CUST01128,Push Notification,2022-12-09,2022-12,0,0,0,0,21.98,-100.0,Mid-Range
CAMP0008499,CUST01128,Email,2023-06-10,2023-06,0,0,0,0,24.07,-100.0,Mid-Range
CAMP0008500,CUST01128,Email,2024-03-13,2024-03,1,1,1,138.8,44.11,214.7,Mid-Range
CAMP0008501,CUST01128,Influencer,2023-05-31,2023-05,0,0,0,0,1116.63,-100.0,Mid-Range
CAMP0008502,CUST01128,Paid Social,2022-11-25,2022-11,1,1,0,0,793.94,-100.0,Mid-Range
CAMP0008503,CUST01128,SMS,2022-07-02,2022-07,0,0,0,0,117.79,-100.0,Mid-Range
CAMP0008504,CUST01128,Push Notification,2023-09-19,2023-09,0,0,0,0,18.62,-100.0,Mid-Range
CAMP0008505,CUST01128,Push Notification,2023-06-13,2023-06,0,0,0,0,20.18,-100.0,Mid-Range
CAMP0008506,CUST01128,Email,2023-03-02,2023-03,0,0,0,0,51.03,-100.0,Mid-Range
CAMP0008507,CUST01128,Paid Social,2023-06-11,2023-06,0,0,0,0,2270.32,-100.0,Mid-Range
CAMP0008508,CUST01128,Paid Social,2023-07-27,2023-07,0,0,0,0,1009.88,-100.0,Mid-Range
CAMP0008509,CUST01129,Influencer,2022-11-04,2022-11,0,0,0,0,601.02,-100.0,Budget
CAMP0008510,CUST01129,Paid Social,2023-11-25,2023-11,0,0,0,0,1194.12,-100.0,Budget
CAMP0008511,CUST01129,Paid Social,2023-01-13,2023-01,1,0,0,0,2098.53,-100.0,Budget
CAMP0008512,CUST01129,Email,2023-09-05,2023-09,1,0,0,0,17.74,-100.0,Budget
CAMP0008513,CUST01129,Email,2023-10-20,2023-10,0,0,0,0,51.14,-100.0,Budget
CAMP0008514,CUST01129,Paid Social,2023-09-03,2023-09,0,0,0,0,2260.89,-100.0,Budget
CAMP0008515,CUST01130,Push Notification,2023-02-05,2023-02,0,0,0,0,22.26,-100.0,Budget
CAMP0008516,CUST01130,SMS,2022-12-10,2022-12,1,1,1,111.66,91.86,21.6,Budget
CAMP0008517,CUST01130,Email,2023-04-29,2023-04,0,0,0,0,51.35,-100.0,Budget
CAMP0008518,CUST01130,Influencer,2023-01-02,2023-01,0,0,0,0,713.06,-100.0,Budget
CAMP0008519,CUST01130,Email,2024-01-26,2024-01,0,0,0,0,26.18,-100.0,Budget
CAMP0008520,CUST01130,Email,2023-02-25,2023-02,1,1,1,78.28,44.32,76.6,Budget
CAMP0008521,CUST01130,Email,2023-05-04,2023-05,0,0,0,0,24.06,-100.0,Budget
CAMP0008522,CUST01130,Push Notification,2024-02-29,2024-02,0,0,0,0,18.77,-100.0,Budget
CAMP0008523,CUST01130,Paid Social,2023-07-07,2023-07,1,1,1,121.29,891.53,-86.4,Budget
CAMP0008524,CUST01130,Display Ad,2022-11-22,2022-11,0,0,0,0,590.87,-100.0,Budget
CAMP0008525,CUST01131,Paid Social,2022-09-29,2022-09,1,1,0,0,773.19,-100.0,Budget
CAMP0008526,CUST01131,Email,2022-02-04,2022-02,0,0,0,0,27.61,-100.0,Budget
CAMP0008527,CUST01131,Email,2023-10-25,2023-10,0,0,0,0,55.21,-100.0,Budget
CAMP0008528,CUST01131,Influencer,2022-07-19,2022-07,0,0,0,0,1384.95,-100.0,Budget
CAMP0008529,CUST01132,Email,2023-10-05,2023-10,1,1,0,0,38.15,-100.0,Budget
CAMP0008530,CUST01132,Email,2023-01-12,2023-01,0,0,0,0,56.64,-100.0,Budget
CAMP0008531,CUST01132,Paid Social,2023-09-23,2023-09,0,0,0,0,2184.38,-100.0,Budget
CAMP0008532,CUST01132,SMS,2023-08-26,2023-08,0,0,0,0,53.8,-100.0,Budget
CAMP0008533,CUST01133,Paid Social,2024-02-07,2024-02,0,0,0,0,888.03,-100.0,Budget
CAMP0008534,CUST01133,Paid Social,2023-09-07,2023-09,0,0,0,0,1474.75,-100.0,Budget
CAMP0008535,CUST01133,SMS,2023-11-12,2023-11,0,0,0,0,45.31,-100.0,Budget
CAMP0008536,CUST01133,SMS,2023-09-16,2023-09,1,1,0,0,101.39,-100.0,Budget
CAMP0008537,CUST01133,Display Ad,2023-09-13,2023-09,1,1,1,114.91,677.01,-83.0,Budget
CAMP0008538,CUST01133,Email,2024-02-25,2024-02,1,1,0,0,36.98,-100.0,Budget
CAMP0008539,CUST01133,Email,2024-01-13,2024-01,0,0,0,0,20.39,-100.0,Budget
CAMP0008540,CUST01133,Email,2024-02-17,2024-02,0,0,0,0,47.88,-100.0,Budget
CAMP0008541,CUST01133,Email,2023-10-07,2023-10,0,0,0,0,42.59,-100.0,Budget
CAMP0008542,CUST01133,Paid Social,2024-01-09,2024-01,1,1,0,0,1226.17,-100.0,Budget
CAMP0008543,CUST01134,Display Ad,2023-09-03,2023-09,0,0,0,0,285.46,-100.0,Budget
CAMP0008544,CUST01134,SMS,2023-09-12,2023-09,0,0,0,0,90.97,-100.0,Budget
CAMP0008545,CUST01134,Email,2023-05-01,2023-05,0,0,0,0,36.9,-100.0,Budget
CAMP0008546,CUST01134,SMS,2023-09-11,2023-09,0,0,0,0,67.31,-100.0,Budget
CAMP0008547,CUST01135,Influencer,2024-02-21,2024-02,0,0,0,0,935.11,-100.0,Mid-Range
CAMP0008548,CUST01135,Paid Social,2023-12-26,2023-12,0,0,0,0,753.04,-100.0,Mid-Range
CAMP0008549,CUST01135,Influencer,2023-11-30,2023-11,1,0,0,0,1497.35,-100.0,Mid-Range
CAMP0008550,CUST01135,Email,2023-10-07,2023-10,1,0,0,0,35.08,-100.0,Mid-Range
CAMP0008551,CUST01135,Influencer,2023-10-20,2023-10,0,0,0,0,1531.26,-100.0,Mid-Range
CAMP0008552,CUST01135,Email,2023-10-04,2023-10,0,0,0,0,33.27,-100.0,Mid-Range
CAMP0008553,CUST01135,Email,2023-01-21,2023-01,0,0,0,0,33.45,-100.0,Mid-Range
CAMP0008554,CUST01135,Paid Social,2023-12-13,2023-12,0,0,0,0,1226.57,-100.0,Mid-Range
CAMP0008555,CUST01135,SMS,2023-05-04,2023-05,1,0,0,0,100.4,-100.0,Mid-Range
CAMP0008556,CUST01135,Email,2023-07-27,2023-07,0,0,0,0,32.65,-100.0,Mid-Range
CAMP0008557,CUST01135,Paid Social,2023-09-21,2023-09,0,0,0,0,1280.77,-100.0,Mid-Range
CAMP0008558,CUST01136,Email,2024-02-11,2024-02,0,0,0,0,23.0,-100.0,Premium
CAMP0008559,CUST01136,Influencer,2023-04-15,2023-04,0,0,0,0,750.63,-100.0,Premium
CAMP0008560,CUST01136,Influencer,2024-03-27,2024-03,0,0,0,0,603.1,-100.0,Premium
CAMP0008561,CUST01136,SMS,2024-02-16,2024-02,1,1,1,115.37,71.3,61.8,Premium
CAMP0008562,CUST01136,Paid Social,2023-12-08,2023-12,0,0,0,0,1919.35,-100.0,Premium
CAMP0008563,CUST01136,Paid Social,2023-06-20,2023-06,0,0,0,0,1797.77,-100.0,Premium
CAMP0008564,CUST01137,Email,2023-12-14,2023-12,0,0,0,0,43.52,-100.0,Budget
CAMP0008565,CUST01137,Paid Social,2023-12-04,2023-12,0,0,0,0,2304.64,-100.0,Budget
CAMP0008566,CUST01137,Email,2023-10-24,2023-10,1,0,0,0,46.52,-100.0,Budget
CAMP0008567,CUST01137,Email,2023-10-20,2023-10,0,0,0,0,26.47,-100.0,Budget
CAMP0008568,CUST01137,Influencer,2023-10-08,2023-10,0,0,0,0,602.59,-100.0,Budget
CAMP0008569,CUST01137,Display Ad,2023-10-21,2023-10,0,0,0,0,968.91,-100.0,Budget
CAMP0008570,CUST01137,Email,2024-02-27,2024-02,0,0,0,0,26.09,-100.0,Budget
CAMP0008571,CUST01138,Paid Social,2023-07-13,2023-07,0,0,0,0,2278.12,-100.0,Premium
CAMP0008572,CUST01138,Paid Social,2023-02-25,2023-02,0,0,0,0,2049.79,-100.0,Premium
CAMP0008573,CUST01138,Email,2023-04-24,2023-04,0,0,0,0,36.77,-100.0,Premium
CAMP0008574,CUST01138,SMS,2023-10-29,2023-10,0,0,0,0,61.86,-100.0,Premium
CAMP0008575,CUST01139,Paid Social,2024-03-18,2024-03,1,0,0,0,780.65,-100.0,Mid-Range
CAMP0008576,CUST01139,Influencer,2024-01-28,2024-01,0,0,0,0,1500.07,-100.0,Mid-Range
CAMP0008577,CUST01139,Influencer,2024-01-11,2024-01,0,0,0,0,1536.74,-100.0,Mid-Range
CAMP0008578,CUST01139,Email,2023-12-10,2023-12,0,0,0,0,18.35,-100.0,Mid-Range
CAMP0008579,CUST01139,Paid Social,2023-05-23,2023-05,0,0,0,0,712.56,-100.0,Mid-Range
CAMP0008580,CUST01139,Email,2023-12-10,2023-12,0,0,0,0,25.12,-100.0,Mid-Range
CAMP0008581,CUST01139,SMS,2023-05-26,2023-05,0,0,0,0,73.92,-100.0,Mid-Range
CAMP0008582,CUST01140,Push Notification,2024-02-25,2024-02,0,0,0,0,11.01,-100.0,Mid-Range
CAMP0008583,CUST01140,Push Notification,2022-07-02,2022-07,0,0,0,0,10.43,-100.0,Mid-Range
CAMP0008584,CUST01140,Display Ad,2023-08-11,2023-08,0,0,0,0,351.33,-100.0,Mid-Range
CAMP0008585,CUST01140,Influencer,2024-02-07,2024-02,0,0,0,0,1296.11,-100.0,Mid-Range
CAMP0008586,CUST01140,Influencer,2024-03-29,2024-03,0,0,0,0,466.1,-100.0,Mid-Range
CAMP0008587,CUST01140,Paid Social,2023-06-20,2023-06,0,0,0,0,1822.39,-100.0,Mid-Range
CAMP0008588,CUST01140,Display Ad,2022-06-18,2022-06,0,0,0,0,843.79,-100.0,Mid-Range
CAMP0008589,CUST01140,Paid Social,2023-02-20,2023-02,1,0,0,0,1638.63,-100.0,Mid-Range
CAMP0008590,CUST01140,Email,2022-02-17,2022-02,0,0,0,0,36.37,-100.0,Mid-Range
CAMP0008591,CUST01140,Paid Social,2023-03-25,2023-03,0,0,0,0,1747.88,-100.0,Mid-Range
CAMP0008592,CUST01140,Email,2022-12-20,2022-12,0,0,0,0,56.19,-100.0,Mid-Range
CAMP0008593,CUST01140,Push Notification,2023-11-12,2023-11,0,0,0,0,15.67,-100.0,Mid-Range
CAMP0008594,CUST01141,Influencer,2023-12-22,2023-12,0,0,0,0,1245.17,-100.0,Budget
CAMP0008595,CUST01141,Display Ad,2023-12-19,2023-12,0,0,0,0,758.93,-100.0,Budget
CAMP0008596,CUST01141,Influencer,2024-02-08,2024-02,0,0,0,0,1356.46,-100.0,Budget
CAMP0008597,CUST01141,Push Notification,2023-08-08,2023-08,0,0,0,0,14.41,-100.0,Budget
CAMP0008598,CUST01141,Paid Social,2024-02-22,2024-02,0,0,0,0,1524.51,-100.0,Budget
CAMP0008599,CUST01141,Display Ad,2023-12-24,2023-12,0,0,0,0,767.87,-100.0,Budget
CAMP0008600,CUST01142,Email,2024-03-15,2024-03,0,0,0,0,38.66,-100.0,Premium
CAMP0008601,CUST01142,Email,2024-03-06,2024-03,0,0,0,0,27.08,-100.0,Premium
CAMP0008602,CUST01142,Email,2024-02-28,2024-02,0,0,0,0,42.75,-100.0,Premium
CAMP0008603,CUST01142,Paid Social,2023-08-30,2023-08,0,0,0,0,2412.12,-100.0,Premium
CAMP0008604,CUST01142,Push Notification,2024-03-28,2024-03,0,0,0,0,27.47,-100.0,Premium
CAMP0008605,CUST01142,Paid Social,2024-01-23,2024-01,0,0,0,0,2330.59,-100.0,Premium
CAMP0008606,CUST01143,Push Notification,2023-12-30,2023-12,0,0,0,0,19.14,-100.0,Budget
CAMP0008607,CUST01143,Display Ad,2024-02-09,2024-02,0,0,0,0,293.9,-100.0,Budget
CAMP0008608,CUST01143,SMS,2023-11-07,2023-11,1,0,0,0,45.85,-100.0,Budget
CAMP0008609,CUST01143,Email,2023-10-26,2023-10,1,0,0,0,22.98,-100.0,Budget
CAMP0008610,CUST01143,Email,2024-03-28,2024-03,0,0,0,0,33.49,-100.0,Budget
CAMP0008611,CUST01143,Paid Social,2023-11-29,2023-11,0,0,0,0,844.52,-100.0,Budget
CAMP0008612,CUST01143,SMS,2023-10-21,2023-10,0,0,0,0,85.27,-100.0,Budget
CAMP0008613,CUST01143,Email,2023-11-07,2023-11,1,0,0,0,22.07,-100.0,Budget
CAMP0008614,CUST01143,Influencer,2023-12-14,2023-12,1,0,0,0,1103.63,-100.0,Budget
CAMP0008615,CUST01143,Paid Social,2023-08-03,2023-08,0,0,0,0,756.29,-100.0,Budget
CAMP0008616,CUST01144,Influencer,2024-02-09,2024-02,0,0,0,0,993.36,-100.0,Mid-Range
CAMP0008617,CUST01144,Paid Social,2023-05-21,2023-05,0,0,0,0,956.41,-100.0,Mid-Range
CAMP0008618,CUST01144,Email,2024-02-08,2024-02,0,0,0,0,35.7,-100.0,Mid-Range
CAMP0008619,CUST01144,Influencer,2022-12-23,2022-12,0,0,0,0,886.92,-100.0,Mid-Range
CAMP0008620,CUST01144,Paid Social,2024-03-17,2024-03,0,0,0,0,2085.19,-100.0,Mid-Range
CAMP0008621,CUST01144,Paid Social,2022-11-27,2022-11,0,0,0,0,1551.04,-100.0,Mid-Range
CAMP0008622,CUST01144,Email,2022-09-08,2022-09,0,0,0,0,56.91,-100.0,Mid-Range
CAMP0008623,CUST01144,Paid Social,2023-04-17,2023-04,0,0,0,0,1770.18,-100.0,Mid-Range
CAMP0008624,CUST01144,Display Ad,2022-11-07,2022-11,0,0,0,0,338.45,-100.0,Mid-Range
CAMP0008625,CUST01144,SMS,2023-11-18,2023-11,0,0,0,0,99.35,-100.0,Mid-Range
CAMP0008626,CUST01144,Email,2023-02-27,2023-02,0,0,0,0,37.31,-100.0,Mid-Range
CAMP0008627,CUST01145,SMS,2024-02-15,2024-02,0,0,0,0,72.19,-100.0,Premium
CAMP0008628,CUST01145,Email,2024-01-21,2024-01,0,0,0,0,37.7,-100.0,Premium
CAMP0008629,CUST01145,Influencer,2023-08-08,2023-08,1,0,0,0,1068.1,-100.0,Premium
CAMP0008630,CUST01145,Paid Social,2023-12-09,2023-12,0,0,0,0,1314.06,-100.0,Premium
CAMP0008631,CUST01145,Email,2023-10-13,2023-10,1,1,1,46.91,26.38,77.8,Premium
CAMP0008632,CUST01145,Paid Social,2023-07-07,2023-07,1,0,0,0,1401.05,-100.0,Premium
CAMP0008633,CUST01145,Push Notification,2024-03-11,2024-03,0,0,0,0,17.28,-100.0,Premium
CAMP0008634,CUST01145,Email,2023-07-11,2023-07,1,0,0,0,41.03,-100.0,Premium
CAMP0008635,CUST01145,Push Notification,2023-12-19,2023-12,0,0,0,0,17.77,-100.0,Premium
CAMP0008636,CUST01145,Paid Social,2023-06-15,2023-06,0,0,0,0,751.72,-100.0,Premium
CAMP0008637,CUST01146,Influencer,2024-01-10,2024-01,0,0,0,0,778.61,-100.0,Budget
CAMP0008638,CUST01146,Influencer,2024-02-11,2024-02,0,0,0,0,1582.37,-100.0,Budget
CAMP0008639,CUST01146,SMS,2023-09-15,2023-09,1,1,1,155.65,70.08,122.1,Budget
CAMP0008640,CUST01146,Display Ad,2024-02-21,2024-02,0,0,0,0,514.7,-100.0,Budget
CAMP0008641,CUST01146,Paid Social,2024-02-06,2024-02,0,0,0,0,2134.78,-100.0,Budget
CAMP0008642,CUST01146,Influencer,2023-12-20,2023-12,0,0,0,0,920.8,-100.0,Budget
CAMP0008643,CUST01146,Paid Social,2023-09-11,2023-09,0,0,0,0,1332.51,-100.0,Budget
CAMP0008644,CUST01146,Influencer,2023-09-15,2023-09,0,0,0,0,556.81,-100.0,Budget
CAMP0008645,CUST01147,Influencer,2023-12-28,2023-12,0,0,0,0,1500.35,-100.0,Luxury
CAMP0008646,CUST01147,Paid Social,2022-07-18,2022-07,0,0,0,0,1884.87,-100.0,Luxury
CAMP0008647,CUST01147,Display Ad,2023-12-29,2023-12,0,0,0,0,315.22,-100.0,Luxury
CAMP0008648,CUST01147,Email,2023-09-05,2023-09,0,0,0,0,28.11,-100.0,Luxury
CAMP0008649,CUST01147,Display Ad,2023-02-11,2023-02,0,0,0,0,976.92,-100.0,Luxury
CAMP0008650,CUST01147,Push Notification,2023-06-29,2023-06,0,0,0,0,18.04,-100.0,Luxury
CAMP0008651,CUST01147,Email,2022-11-01,2022-11,1,1,1,54.87,49.0,12.0,Luxury
CAMP0008652,CUST01148,Paid Social,2022-12-05,2022-12,0,0,0,0,1330.52,-100.0,Mid-Range
CAMP0008653,CUST01148,Email,2022-07-13,2022-07,0,0,0,0,57.25,-100.0,Mid-Range
CAMP0008654,CUST01148,Influencer,2023-10-08,2023-10,0,0,0,0,453.97,-100.0,Mid-Range
CAMP0008655,CUST01148,Push Notification,2023-02-10,2023-02,0,0,0,0,22.8,-100.0,Mid-Range
CAMP0008656,CUST01149,SMS,2023-04-25,2023-04,1,1,1,89.49,38.92,129.9,Premium
CAMP0008657,CUST01149,Push Notification,2023-06-10,2023-06,0,0,0,0,28.85,-100.0,Premium
CAMP0008658,CUST01149,Influencer,2023-02-10,2023-02,0,0,0,0,555.19,-100.0,Premium
CAMP0008659,CUST01149,Paid Social,2023-08-29,2023-08,0,0,0,0,1732.78,-100.0,Premium
CAMP0008660,CUST01149,Influencer,2024-01-19,2024-01,0,0,0,0,549.43,-100.0,Premium
CAMP0008661,CUST01150,Email,2023-12-01,2023-12,1,0,0,0,26.8,-100.0,Budget
CAMP0008662,CUST01150,Email,2024-03-25,2024-03,1,0,0,0,56.53,-100.0,Budget
CAMP0008663,CUST01150,Paid Social,2023-03-02,2023-03,0,0,0,0,1777.45,-100.0,Budget
CAMP0008664,CUST01150,Email,2022-12-12,2022-12,0,0,0,0,54.12,-100.0,Budget
CAMP0008665,CUST01150,Paid Social,2023-01-11,2023-01,0,0,0,0,1692.08,-100.0,Budget
CAMP0008666,CUST01151,Push Notification,2023-02-20,2023-02,0,0,0,0,26.54,-100.0,Mid-Range
CAMP0008667,CUST01151,Email,2023-09-08,2023-09,0,0,0,0,54.23,-100.0,Mid-Range
CAMP0008668,CUST01151,SMS,2023-01-24,2023-01,1,0,0,0,88.53,-100.0,Mid-Range
CAMP0008669,CUST01151,Email,2023-05-10,2023-05,1,0,0,0,44.98,-100.0,Mid-Range
CAMP0008670,CUST01151,Push Notification,2023-06-22,2023-06,0,0,0,0,16.96,-100.0,Mid-Range
CAMP0008671,CUST01151,Email,2023-02-01,2023-02,1,0,0,0,50.87,-100.0,Mid-Range
CAMP0008672,CUST01151,Email,2023-06-21,2023-06,0,0,0,0,58.89,-100.0,Mid-Range
CAMP0008673,CUST01151,Influencer,2024-03-02,2024-03,0,0,0,0,775.14,-100.0,Mid-Range
CAMP0008674,CUST01151,Push Notification,2023-07-12,2023-07,1,1,0,0,23.63,-100.0,Mid-Range
CAMP0008675,CUST01151,Email,2023-08-23,2023-08,0,0,0,0,29.83,-100.0,Mid-Range
CAMP0008676,CUST01151,Push Notification,2024-02-29,2024-02,0,0,0,0,16.08,-100.0,Mid-Range
CAMP0008677,CUST01151,Influencer,2023-10-11,2023-10,0,0,0,0,891.33,-100.0,Mid-Range
CAMP0008678,CUST01152,Display Ad,2023-03-03,2023-03,0,0,0,0,872.01,-100.0,Budget
CAMP0008679,CUST01152,SMS,2024-03-08,2024-03,1,1,0,0,52.62,-100.0,Budget
CAMP0008680,CUST01152,Influencer,2023-09-19,2023-09,0,0,0,0,1091.43,-100.0,Budget
CAMP0008681,CUST01152,Email,2022-12-29,2022-12,0,0,0,0,39.78,-100.0,Budget
CAMP0008682,CUST01152,Email,2023-03-11,2023-03,0,0,0,0,59.68,-100.0,Budget
CAMP0008683,CUST01152,Push Notification,2023-06-26,2023-06,0,0,0,0,16.12,-100.0,Budget
CAMP0008684,CUST01152,SMS,2023-09-06,2023-09,0,0,0,0,53.64,-100.0,Budget
CAMP0008685,CUST01152,Email,2023-05-14,2023-05,0,0,0,0,30.87,-100.0,Budget
CAMP0008686,CUST01152,Email,2023-11-19,2023-11,0,0,0,0,44.39,-100.0,Budget
CAMP0008687,CUST01152,Paid Social,2023-11-02,2023-11,0,0,0,0,2039.41,-100.0,Budget
CAMP0008688,CUST01153,Influencer,2024-02-28,2024-02,1,0,0,0,1397.39,-100.0,Mid-Range
CAMP0008689,CUST01153,Email,2023-05-07,2023-05,1,0,0,0,50.02,-100.0,Mid-Range
CAMP0008690,CUST01153,Email,2023-11-23,2023-11,0,0,0,0,16.95,-100.0,Mid-Range
CAMP0008691,CUST01153,Paid Social,2023-01-17,2023-01,1,1,0,0,846.03,-100.0,Mid-Range
CAMP0008692,CUST01153,Display Ad,2023-05-13,2023-05,0,0,0,0,1048.22,-100.0,Mid-Range
CAMP0008693,CUST01153,Email,2024-02-27,2024-02,0,0,0,0,19.08,-100.0,Mid-Range
CAMP0008694,CUST01153,Paid Social,2024-01-29,2024-01,0,0,0,0,743.6,-100.0,Mid-Range
CAMP0008695,CUST01154,Push Notification,2023-10-11,2023-10,0,0,0,0,11.9,-100.0,Luxury
CAMP0008696,CUST01154,Paid Social,2024-03-22,2024-03,0,0,0,0,1119.65,-100.0,Luxury
CAMP0008697,CUST01154,Push Notification,2023-03-31,2023-03,0,0,0,0,14.5,-100.0,Luxury
CAMP0008698,CUST01154,SMS,2022-11-21,2022-11,1,0,0,0,65.95,-100.0,Luxury
CAMP0008699,CUST01154,Influencer,2024-03-15,2024-03,1,0,0,0,1475.86,-100.0,Luxury
CAMP0008700,CUST01155,Email,2022-11-20,2022-11,0,0,0,0,34.84,-100.0,Premium
CAMP0008701,CUST01155,Influencer,2022-04-18,2022-04,1,0,0,0,1475.01,-100.0,Premium
CAMP0008702,CUST01155,Influencer,2022-08-28,2022-08,0,0,0,0,665.33,-100.0,Premium
CAMP0008703,CUST01155,Push Notification,2022-10-23,2022-10,0,0,0,0,26.35,-100.0,Premium
CAMP0008704,CUST01156,Paid Social,2023-06-17,2023-06,0,0,0,0,1032.37,-100.0,Mid-Range
CAMP0008705,CUST01156,Push Notification,2023-12-01,2023-12,0,0,0,0,21.55,-100.0,Mid-Range
CAMP0008706,CUST01156,Email,2022-10-02,2022-10,0,0,0,0,43.62,-100.0,Mid-Range
CAMP0008707,CUST01156,Influencer,2023-12-21,2023-12,0,0,0,0,787.58,-100.0,Mid-Range
CAMP0008708,CUST01156,Push Notification,2022-09-23,2022-09,0,0,0,0,8.08,-100.0,Mid-Range
CAMP0008709,CUST01156,Display Ad,2023-09-02,2023-09,0,0,0,0,882.4,-100.0,Mid-Range
CAMP0008710,CUST01156,Paid Social,2023-04-06,2023-04,0,0,0,0,1768.1,-100.0,Mid-Range
CAMP0008711,CUST01156,SMS,2023-09-26,2023-09,0,0,0,0,94.39,-100.0,Mid-Range
CAMP0008712,CUST01156,SMS,2022-09-04,2022-09,1,0,0,0,37.04,-100.0,Mid-Range
CAMP0008713,CUST01156,Email,2023-10-30,2023-10,0,0,0,0,39.65,-100.0,Mid-Range
CAMP0008714,CUST01157,Display Ad,2023-02-16,2023-02,0,0,0,0,853.23,-100.0,Premium
CAMP0008715,CUST01157,Display Ad,2024-02-23,2024-02,0,0,0,0,598.07,-100.0,Premium
CAMP0008716,CUST01157,Paid Social,2022-10-20,2022-10,0,0,0,0,1608.26,-100.0,Premium
CAMP0008717,CUST01157,Display Ad,2023-03-05,2023-03,0,0,0,0,486.5,-100.0,Premium
CAMP0008718,CUST01157,Push Notification,2023-03-05,2023-03,0,0,0,0,8.32,-100.0,Premium
CAMP0008719,CUST01157,Email,2022-10-26,2022-10,0,0,0,0,29.46,-100.0,Premium
CAMP0008720,CUST01158,SMS,2022-10-27,2022-10,0,0,0,0,68.8,-100.0,Budget
CAMP0008721,CUST01158,Paid Social,2023-11-18,2023-11,0,0,0,0,1916.93,-100.0,Budget
CAMP0008722,CUST01158,Display Ad,2022-10-21,2022-10,0,0,0,0,932.12,-100.0,Budget
CAMP0008723,CUST01158,Paid Social,2024-02-15,2024-02,0,0,0,0,2093.04,-100.0,Budget
CAMP0008724,CUST01158,Influencer,2022-08-13,2022-08,0,0,0,0,757.85,-100.0,Budget
CAMP0008725,CUST01158,Email,2022-04-16,2022-04,0,0,0,0,23.22,-100.0,Budget
CAMP0008726,CUST01158,Email,2023-02-06,2023-02,0,0,0,0,38.78,-100.0,Budget
CAMP0008727,CUST01159,Email,2022-09-22,2022-09,0,0,0,0,41.14,-100.0,Budget
CAMP0008728,CUST01159,Paid Social,2022-11-15,2022-11,0,0,0,0,1575.02,-100.0,Budget
CAMP0008729,CUST01159,Email,2023-10-19,2023-10,0,0,0,0,51.85,-100.0,Budget
CAMP0008730,CUST01159,Influencer,2023-12-05,2023-12,1,0,0,0,1613.34,-100.0,Budget
CAMP0008731,CUST01159,Paid Social,2023-11-08,2023-11,0,0,0,0,2151.85,-100.0,Budget
CAMP0008732,CUST01159,Influencer,2023-03-21,2023-03,1,0,0,0,980.24,-100.0,Budget
CAMP0008733,CUST01159,Paid Social,2023-04-19,2023-04,0,0,0,0,2413.89,-100.0,Budget
CAMP0008734,CUST01159,Email,2023-03-23,2023-03,0,0,0,0,18.16,-100.0,Budget
CAMP0008735,CUST01159,Email,2022-06-16,2022-06,0,0,0,0,46.41,-100.0,Budget
CAMP0008736,CUST01160,Push Notification,2024-02-20,2024-02,0,0,0,0,14.15,-100.0,Premium
CAMP0008737,CUST01160,Display Ad,2023-12-13,2023-12,0,0,0,0,722.76,-100.0,Premium
CAMP0008738,CUST01160,Paid Social,2024-01-15,2024-01,0,0,0,0,1421.14,-100.0,Premium
CAMP0008739,CUST01160,SMS,2024-02-09,2024-02,0,0,0,0,51.59,-100.0,Premium
CAMP0008740,CUST01160,SMS,2023-10-25,2023-10,0,0,0,0,114.03,-100.0,Premium
CAMP0008741,CUST01160,SMS,2023-08-20,2023-08,0,0,0,0,118.91,-100.0,Premium
CAMP0008742,CUST01160,Email,2023-09-17,2023-09,0,0,0,0,38.04,-100.0,Premium
CAMP0008743,CUST01160,Influencer,2023-09-04,2023-09,0,0,0,0,1443.29,-100.0,Premium
CAMP0008744,CUST01160,Paid Social,2024-03-02,2024-03,0,0,0,0,1441.37,-100.0,Premium
CAMP0008745,CUST01160,Paid Social,2024-03-18,2024-03,1,0,0,0,838.81,-100.0,Premium
CAMP0008746,CUST01160,Email,2023-12-15,2023-12,1,1,0,0,20.9,-100.0,Premium
CAMP0008747,CUST01161,Email,2023-10-23,2023-10,0,0,0,0,47.47,-100.0,Mid-Range
CAMP0008748,CUST01161,Paid Social,2023-12-03,2023-12,1,0,0,0,2410.85,-100.0,Mid-Range
CAMP0008749,CUST01161,Email,2023-10-08,2023-10,0,0,0,0,27.87,-100.0,Mid-Range
CAMP0008750,CUST01161,Paid Social,2023-11-04,2023-11,0,0,0,0,1081.28,-100.0,Mid-Range
CAMP0008751,CUST01161,SMS,2023-09-27,2023-09,0,0,0,0,45.51,-100.0,Mid-Range
CAMP0008752,CUST01161,Email,2024-03-01,2024-03,0,0,0,0,47.41,-100.0,Mid-Range
CAMP0008753,CUST01161,SMS,2023-09-10,2023-09,0,0,0,0,61.66,-100.0,Mid-Range
CAMP0008754,CUST01162,SMS,2023-03-28,2023-03,1,1,0,0,46.68,-100.0,Mid-Range
CAMP0008755,CUST01162,Push Notification,2023-12-12,2023-12,1,0,0,0,28.85,-100.0,Mid-Range
CAMP0008756,CUST01162,SMS,2023-06-28,2023-06,1,0,0,0,118.86,-100.0,Mid-Range
CAMP0008757,CUST01162,Email,2024-02-23,2024-02,0,0,0,0,44.72,-100.0,Mid-Range
CAMP0008758,CUST01162,Paid Social,2023-06-23,2023-06,0,0,0,0,1718.9,-100.0,Mid-Range
CAMP0008759,CUST01162,Display Ad,2023-06-10,2023-06,0,0,0,0,881.39,-100.0,Mid-Range
CAMP0008760,CUST01163,Influencer,2024-03-01,2024-03,1,0,0,0,594.63,-100.0,Mid-Range
CAMP0008761,CUST01163,Email,2023-04-16,2023-04,0,0,0,0,27.61,-100.0,Mid-Range
CAMP0008762,CUST01163,Email,2024-01-16,2024-01,0,0,0,0,55.85,-100.0,Mid-Range
CAMP0008763,CUST01163,Paid Social,2023-09-27,2023-09,0,0,0,0,1799.27,-100.0,Mid-Range
CAMP0008764,CUST01163,Push Notification,2023-08-24,2023-08,0,0,0,0,19.21,-100.0,Mid-Range
CAMP0008765,CUST01163,Influencer,2024-02-29,2024-02,0,0,0,0,475.74,-100.0,Mid-Range
CAMP0008766,CUST01163,Email,2023-10-19,2023-10,0,0,0,0,35.49,-100.0,Mid-Range
CAMP0008767,CUST01163,Influencer,2023-12-12,2023-12,1,0,0,0,761.3,-100.0,Mid-Range
CAMP0008768,CUST01163,Influencer,2023-09-25,2023-09,0,0,0,0,1419.77,-100.0,Mid-Range
CAMP0008769,CUST01163,Push Notification,2023-10-19,2023-10,0,0,0,0,12.9,-100.0,Mid-Range
CAMP0008770,CUST01163,Paid Social,2023-04-17,2023-04,0,0,0,0,2255.18,-100.0,Mid-Range
CAMP0008771,CUST01163,Influencer,2023-08-08,2023-08,0,0,0,0,1191.07,-100.0,Mid-Range
CAMP0008772,CUST01164,Push Notification,2023-06-15,2023-06,0,0,0,0,13.76,-100.0,Premium
CAMP0008773,CUST01164,Paid Social,2023-06-18,2023-06,0,0,0,0,2395.25,-100.0,Premium
CAMP0008774,CUST01164,SMS,2023-05-06,2023-05,0,0,0,0,38.15,-100.0,Premium
CAMP0008775,CUST01164,Influencer,2023-12-14,2023-12,0,0,0,0,1165.26,-100.0,Premium
CAMP0008776,CUST01164,Email,2024-02-27,2024-02,0,0,0,0,33.87,-100.0,Premium
CAMP0008777,CUST01164,Paid Social,2024-02-19,2024-02,1,0,0,0,1979.19,-100.0,Premium
CAMP0008778,CUST01164,Influencer,2023-12-23,2023-12,0,0,0,0,509.55,-100.0,Premium
CAMP0008779,CUST01164,SMS,2024-03-20,2024-03,0,0,0,0,85.54,-100.0,Premium
CAMP0008780,CUST01164,Paid Social,2023-06-14,2023-06,0,0,0,0,832.89,-100.0,Premium
CAMP0008781,CUST01164,Push Notification,2024-02-24,2024-02,0,0,0,0,29.32,-100.0,Premium
CAMP0008782,CUST01164,Paid Social,2023-12-05,2023-12,0,0,0,0,2351.04,-100.0,Premium
CAMP0008783,CUST01164,Influencer,2024-02-22,2024-02,0,0,0,0,1129.57,-100.0,Premium
CAMP0008784,CUST01165,Influencer,2022-12-28,2022-12,0,0,0,0,1040.12,-100.0,Mid-Range
CAMP0008785,CUST01165,Email,2023-03-14,2023-03,0,0,0,0,19.57,-100.0,Mid-Range
CAMP0008786,CUST01165,Influencer,2022-06-03,2022-06,1,0,0,0,1347.71,-100.0,Mid-Range
CAMP0008787,CUST01166,Email,2023-08-20,2023-08,1,1,0,0,20.95,-100.0,Mid-Range
CAMP0008788,CUST01166,SMS,2024-02-18,2024-02,0,0,0,0,56.07,-100.0,Mid-Range
CAMP0008789,CUST01166,Push Notification,2024-03-26,2024-03,0,0,0,0,25.71,-100.0,Mid-Range
CAMP0008790,CUST01166,Push Notification,2024-03-24,2024-03,0,0,0,0,26.88,-100.0,Mid-Range
CAMP0008791,CUST01166,SMS,2024-01-14,2024-01,1,1,1,86.08,73.91,16.5,Mid-Range
CAMP0008792,CUST01166,Email,2024-01-15,2024-01,0,0,0,0,41.68,-100.0,Mid-Range
CAMP0008793,CUST01166,Email,2023-07-11,2023-07,0,0,0,0,32.33,-100.0,Mid-Range
CAMP0008794,CUST01166,Paid Social,2023-06-20,2023-06,1,0,0,0,2191.62,-100.0,Mid-Range
CAMP0008795,CUST01167,Influencer,2024-01-13,2024-01,1,0,0,0,1256.51,-100.0,Budget
CAMP0008796,CUST01167,Influencer,2024-02-19,2024-02,0,0,0,0,1396.97,-100.0,Budget
CAMP0008797,CUST01167,Paid Social,2023-12-01,2023-12,1,0,0,0,2514.96,-100.0,Budget
CAMP0008798,CUST01167,Email,2023-11-21,2023-11,0,0,0,0,17.11,-100.0,Budget
CAMP0008799,CUST01168,SMS,2023-07-09,2023-07,0,0,0,0,94.62,-100.0,Premium
CAMP0008800,CUST01168,Display Ad,2023-10-03,2023-10,0,0,0,0,492.46,-100.0,Premium
CAMP0008801,CUST01168,SMS,2022-12-12,2022-12,0,0,0,0,116.09,-100.0,Premium
CAMP0008802,CUST01168,Email,2023-01-15,2023-01,0,0,0,0,48.22,-100.0,Premium
CAMP0008803,CUST01168,Email,2024-02-24,2024-02,0,0,0,0,32.59,-100.0,Premium
CAMP0008804,CUST01169,Paid Social,2023-08-04,2023-08,1,0,0,0,2535.96,-100.0,Mid-Range
CAMP0008805,CUST01169,Push Notification,2024-01-11,2024-01,0,0,0,0,12.76,-100.0,Mid-Range
CAMP0008806,CUST01169,Email,2023-09-11,2023-09,0,0,0,0,20.81,-100.0,Mid-Range
CAMP0008807,CUST01169,Paid Social,2023-06-29,2023-06,0,0,0,0,879.51,-100.0,Mid-Range
CAMP0008808,CUST01169,Email,2023-07-17,2023-07,0,0,0,0,30.64,-100.0,Mid-Range
CAMP0008809,CUST01169,Paid Social,2023-11-05,2023-11,0,0,0,0,1557.43,-100.0,Mid-Range
CAMP0008810,CUST01169,Paid Social,2023-08-17,2023-08,1,0,0,0,1818.17,-100.0,Mid-Range
CAMP0008811,CUST01169,Paid Social,2023-12-13,2023-12,0,0,0,0,724.86,-100.0,Mid-Range
CAMP0008812,CUST01169,Push Notification,2024-03-09,2024-03,0,0,0,0,13.87,-100.0,Mid-Range
CAMP0008813,CUST01169,Email,2024-03-17,2024-03,0,0,0,0,42.63,-100.0,Mid-Range
CAMP0008814,CUST01170,Influencer,2023-03-24,2023-03,0,0,0,0,884.64,-100.0,Premium
CAMP0008815,CUST01170,Influencer,2022-11-01,2022-11,1,0,0,0,501.79,-100.0,Premium
CAMP0008816,CUST01170,Email,2023-03-01,2023-03,1,0,0,0,50.29,-100.0,Premium
CAMP0008817,CUST01171,Influencer,2023-09-17,2023-09,0,0,0,0,475.17,-100.0,Premium
CAMP0008818,CUST01171,SMS,2024-03-26,2024-03,0,0,0,0,114.96,-100.0,Premium
CAMP0008819,CUST01171,Email,2023-03-08,2023-03,0,0,0,0,54.17,-100.0,Premium
CAMP0008820,CUST01171,Paid Social,2023-07-10,2023-07,1,0,0,0,1604.39,-100.0,Premium
CAMP0008821,CUST01171,Email,2023-12-24,2023-12,0,0,0,0,37.87,-100.0,Premium
CAMP0008822,CUST01171,Email,2023-05-23,2023-05,1,0,0,0,19.33,-100.0,Premium
CAMP0008823,CUST01171,SMS,2024-01-14,2024-01,1,1,1,102.34,74.41,37.5,Premium
CAMP0008824,CUST01171,Influencer,2024-01-23,2024-01,0,0,0,0,1385.25,-100.0,Premium
CAMP0008825,CUST01171,Paid Social,2023-06-06,2023-06,0,0,0,0,2081.84,-100.0,Premium
CAMP0008826,CUST01172,Email,2023-06-18,2023-06,1,0,0,0,23.34,-100.0,Budget
CAMP0008827,CUST01172,Influencer,2023-07-17,2023-07,0,0,0,0,619.41,-100.0,Budget
CAMP0008828,CUST01172,Email,2023-11-19,2023-11,1,0,0,0,41.83,-100.0,Budget
CAMP0008829,CUST01172,Paid Social,2023-09-22,2023-09,0,0,0,0,2262.44,-100.0,Budget
CAMP0008830,CUST01172,Paid Social,2023-12-07,2023-12,0,0,0,0,2077.28,-100.0,Budget
CAMP0008831,CUST01172,Email,2023-08-14,2023-08,0,0,0,0,55.92,-100.0,Budget
CAMP0008832,CUST01172,Influencer,2024-01-27,2024-01,0,0,0,0,1088.26,-100.0,Budget
CAMP0008833,CUST01172,Paid Social,2024-03-22,2024-03,0,0,0,0,1331.04,-100.0,Budget
CAMP0008834,CUST01172,Paid Social,2024-02-17,2024-02,1,0,0,0,1168.13,-100.0,Budget
CAMP0008835,CUST01172,Paid Social,2024-02-12,2024-02,0,0,0,0,2140.21,-100.0,Budget
CAMP0008836,CUST01173,Email,2023-12-19,2023-12,1,0,0,0,56.19,-100.0,Luxury
CAMP0008837,CUST01173,Influencer,2023-12-23,2023-12,0,0,0,0,1641.04,-100.0,Luxury
CAMP0008838,CUST01173,Paid Social,2023-06-25,2023-06,0,0,0,0,1754.44,-100.0,Luxury
CAMP0008839,CUST01173,Email,2023-04-27,2023-04,0,0,0,0,53.66,-100.0,Luxury
CAMP0008840,CUST01173,Paid Social,2023-05-12,2023-05,0,0,0,0,2017.88,-100.0,Luxury
CAMP0008841,CUST01173,Email,2023-05-31,2023-05,0,0,0,0,23.36,-100.0,Luxury
CAMP0008842,CUST01174,Influencer,2024-02-19,2024-02,0,0,0,0,936.15,-100.0,Premium
CAMP0008843,CUST01174,Email,2024-03-10,2024-03,0,0,0,0,33.18,-100.0,Premium
CAMP0008844,CUST01174,Push Notification,2024-01-19,2024-01,0,0,0,0,17.0,-100.0,Premium
CAMP0008845,CUST01174,Influencer,2023-07-27,2023-07,0,0,0,0,1028.21,-100.0,Premium
CAMP0008846,CUST01174,SMS,2023-04-16,2023-04,0,0,0,0,32.36,-100.0,Premium
CAMP0008847,CUST01174,Influencer,2024-03-20,2024-03,0,0,0,0,1640.21,-100.0,Premium
CAMP0008848,CUST01174,Paid Social,2023-06-21,2023-06,1,0,0,0,2105.77,-100.0,Premium
CAMP0008849,CUST01174,Push Notification,2024-01-07,2024-01,0,0,0,0,18.55,-100.0,Premium
CAMP0008850,CUST01174,Display Ad,2023-07-13,2023-07,0,0,0,0,597.58,-100.0,Premium
CAMP0008851,CUST01174,SMS,2023-11-17,2023-11,0,0,0,0,113.76,-100.0,Premium
CAMP0008852,CUST01174,Email,2023-06-14,2023-06,0,0,0,0,31.71,-100.0,Premium
CAMP0008853,CUST01174,SMS,2023-07-12,2023-07,0,0,0,0,101.68,-100.0,Premium
CAMP0008854,CUST01175,Email,2024-03-28,2024-03,1,1,0,0,37.08,-100.0,Mid-Range
CAMP0008855,CUST01175,Paid Social,2023-06-05,2023-06,0,0,0,0,1840.62,-100.0,Mid-Range
CAMP0008856,CUST01175,Email,2023-10-18,2023-10,0,0,0,0,39.85,-100.0,Mid-Range
CAMP0008857,CUST01175,Paid Social,2023-03-13,2023-03,0,0,0,0,997.79,-100.0,Mid-Range
CAMP0008858,CUST01175,SMS,2024-01-29,2024-01,1,1,0,0,73.8,-100.0,Mid-Range
CAMP0008859,CUST01175,SMS,2023-05-29,2023-05,1,0,0,0,108.47,-100.0,Mid-Range
CAMP0008860,CUST01175,Email,2023-08-15,2023-08,1,0,0,0,49.48,-100.0,Mid-Range
CAMP0008861,CUST01176,SMS,2023-12-05,2023-12,0,0,0,0,49.69,-100.0,Luxury
CAMP0008862,CUST01176,Display Ad,2024-01-21,2024-01,0,0,0,0,686.9,-100.0,Luxury
CAMP0008863,CUST01176,SMS,2023-10-21,2023-10,1,0,0,0,106.86,-100.0,Luxury
CAMP0008864,CUST01176,Paid Social,2023-10-17,2023-10,0,0,0,0,2425.58,-100.0,Luxury
CAMP0008865,CUST01176,Email,2023-11-05,2023-11,0,0,0,0,18.0,-100.0,Luxury
CAMP0008866,CUST01177,Influencer,2022-10-04,2022-10,0,0,0,0,1594.42,-100.0,Mid-Range
CAMP0008867,CUST01177,Influencer,2023-06-07,2023-06,1,0,0,0,950.97,-100.0,Mid-Range
CAMP0008868,CUST01177,Display Ad,2023-10-11,2023-10,1,0,0,0,317.14,-100.0,Mid-Range
CAMP0008869,CUST01177,Influencer,2023-07-13,2023-07,0,0,0,0,1096.34,-100.0,Mid-Range
CAMP0008870,CUST01177,Display Ad,2023-03-17,2023-03,0,0,0,0,780.19,-100.0,Mid-Range
CAMP0008871,CUST01177,Email,2023-05-01,2023-05,0,0,0,0,40.23,-100.0,Mid-Range
CAMP0008872,CUST01177,Push Notification,2024-02-29,2024-02,0,0,0,0,26.11,-100.0,Mid-Range
CAMP0008873,CUST01177,Influencer,2022-11-02,2022-11,1,0,0,0,1422.07,-100.0,Mid-Range
CAMP0008874,CUST01177,Paid Social,2024-03-12,2024-03,0,0,0,0,848.73,-100.0,Mid-Range
CAMP0008875,CUST01177,Influencer,2024-01-15,2024-01,0,0,0,0,1539.6,-100.0,Mid-Range
CAMP0008876,CUST01177,Influencer,2023-06-19,2023-06,0,0,0,0,1335.96,-100.0,Mid-Range
CAMP0008877,CUST01177,Push Notification,2023-10-26,2023-10,0,0,0,0,14.38,-100.0,Mid-Range
CAMP0008878,CUST01178,SMS,2023-01-01,2023-01,0,0,0,0,116.57,-100.0,Budget
CAMP0008879,CUST01178,Influencer,2023-01-11,2023-01,0,0,0,0,935.03,-100.0,Budget
CAMP0008880,CUST01178,SMS,2023-10-07,2023-10,0,0,0,0,117.46,-100.0,Budget
CAMP0008881,CUST01178,Email,2023-05-19,2023-05,0,0,0,0,29.29,-100.0,Budget
CAMP0008882,CUST01178,Paid Social,2023-11-05,2023-11,0,0,0,0,2230.7,-100.0,Budget
CAMP0008883,CUST01178,Display Ad,2023-03-23,2023-03,0,0,0,0,826.89,-100.0,Budget
CAMP0008884,CUST01178,Email,2022-12-21,2022-12,0,0,0,0,26.37,-100.0,Budget
CAMP0008885,CUST01178,Paid Social,2023-09-03,2023-09,0,0,0,0,2440.27,-100.0,Budget
CAMP0008886,CUST01178,Influencer,2023-03-01,2023-03,0,0,0,0,1033.43,-100.0,Budget
CAMP0008887,CUST01179,Paid Social,2023-09-09,2023-09,0,0,0,0,1539.98,-100.0,Luxury
CAMP0008888,CUST01179,Paid Social,2023-07-20,2023-07,0,0,0,0,1578.29,-100.0,Luxury
CAMP0008889,CUST01179,Push Notification,2023-04-24,2023-04,1,0,0,0,21.64,-100.0,Luxury
CAMP0008890,CUST01179,Email,2023-02-03,2023-02,1,0,0,0,28.56,-100.0,Luxury
CAMP0008891,CUST01179,Push Notification,2023-10-28,2023-10,0,0,0,0,19.38,-100.0,Luxury
CAMP0008892,CUST01179,Paid Social,2023-02-06,2023-02,0,0,0,0,2458.56,-100.0,Luxury
CAMP0008893,CUST01179,Paid Social,2022-12-06,2022-12,0,0,0,0,2054.23,-100.0,Luxury
CAMP0008894,CUST01179,Push Notification,2022-10-08,2022-10,0,0,0,0,22.1,-100.0,Luxury
CAMP0008895,CUST01180,Influencer,2024-01-13,2024-01,0,0,0,0,1014.31,-100.0,Premium
CAMP0008896,CUST01180,Paid Social,2023-12-07,2023-12,0,0,0,0,1215.26,-100.0,Premium
CAMP0008897,CUST01180,Influencer,2023-10-17,2023-10,0,0,0,0,1313.1,-100.0,Premium
CAMP0008898,CUST01180,Email,2024-01-19,2024-01,1,0,0,0,51.66,-100.0,Premium
CAMP0008899,CUST01181,Influencer,2023-12-23,2023-12,0,0,0,0,503.59,-100.0,Budget
CAMP0008900,CUST01181,Email,2023-12-14,2023-12,0,0,0,0,51.9,-100.0,Budget
CAMP0008901,CUST01181,Email,2023-04-05,2023-04,0,0,0,0,21.59,-100.0,Budget
CAMP0008902,CUST01181,Push Notification,2023-04-24,2023-04,0,0,0,0,14.34,-100.0,Budget
CAMP0008903,CUST01181,Email,2023-03-31,2023-03,1,0,0,0,52.81,-100.0,Budget
CAMP0008904,CUST01181,Email,2024-03-28,2024-03,0,0,0,0,41.77,-100.0,Budget
CAMP0008905,CUST01182,Email,2023-03-12,2023-03,0,0,0,0,22.94,-100.0,Premium
CAMP0008906,CUST01182,Paid Social,2023-07-22,2023-07,0,0,0,0,1324.22,-100.0,Premium
CAMP0008907,CUST01182,Push Notification,2024-03-17,2024-03,0,0,0,0,27.39,-100.0,Premium
CAMP0008908,CUST01182,Email,2023-11-01,2023-11,0,0,0,0,44.64,-100.0,Premium
CAMP0008909,CUST01182,Paid Social,2023-06-01,2023-06,0,0,0,0,2367.49,-100.0,Premium
CAMP0008910,CUST01182,Push Notification,2022-11-01,2022-11,0,0,0,0,19.72,-100.0,Premium
CAMP0008911,CUST01182,Paid Social,2024-03-27,2024-03,0,0,0,0,2275.11,-100.0,Premium
CAMP0008912,CUST01182,Push Notification,2023-05-13,2023-05,0,0,0,0,24.4,-100.0,Premium
CAMP0008913,CUST01182,Paid Social,2023-03-20,2023-03,1,1,0,0,1049.64,-100.0,Premium
CAMP0008914,CUST01183,SMS,2023-09-26,2023-09,0,0,0,0,85.11,-100.0,Premium
CAMP0008915,CUST01183,Paid Social,2022-09-22,2022-09,0,0,0,0,2096.69,-100.0,Premium
CAMP0008916,CUST01183,Display Ad,2023-07-14,2023-07,0,0,0,0,718.23,-100.0,Premium
CAMP0008917,CUST01184,Email,2022-09-21,2022-09,0,0,0,0,37.25,-100.0,Mid-Range
CAMP0008918,CUST01184,Influencer,2023-11-23,2023-11,1,0,0,0,648.49,-100.0,Mid-Range
CAMP0008919,CUST01184,Paid Social,2022-10-01,2022-10,1,0,0,0,1367.7,-100.0,Mid-Range
CAMP0008920,CUST01184,Push Notification,2023-12-03,2023-12,0,0,0,0,25.9,-100.0,Mid-Range
CAMP0008921,CUST01185,Display Ad,2023-05-30,2023-05,0,0,0,0,885.58,-100.0,Budget
CAMP0008922,CUST01185,Email,2022-08-28,2022-08,0,0,0,0,59.07,-100.0,Budget
CAMP0008923,CUST01185,Influencer,2022-08-18,2022-08,1,1,0,0,1646.36,-100.0,Budget
CAMP0008924,CUST01185,Paid Social,2023-11-07,2023-11,0,0,0,0,1352.28,-100.0,Budget
CAMP0008925,CUST01185,Display Ad,2023-02-11,2023-02,0,0,0,0,942.9,-100.0,Budget
CAMP0008926,CUST01185,Influencer,2023-05-02,2023-05,0,0,0,0,1087.31,-100.0,Budget
CAMP0008927,CUST01185,Email,2024-01-04,2024-01,0,0,0,0,19.9,-100.0,Budget
CAMP0008928,CUST01185,Push Notification,2023-05-22,2023-05,1,1,0,0,17.78,-100.0,Budget
CAMP0008929,CUST01186,Paid Social,2023-08-23,2023-08,0,0,0,0,1400.35,-100.0,Budget
CAMP0008930,CUST01186,Paid Social,2023-12-23,2023-12,0,0,0,0,1702.27,-100.0,Budget
CAMP0008931,CUST01186,Push Notification,2023-08-25,2023-08,0,0,0,0,15.62,-100.0,Budget
CAMP0008932,CUST01186,SMS,2023-11-25,2023-11,0,0,0,0,43.61,-100.0,Budget
CAMP0008933,CUST01186,SMS,2023-03-10,2023-03,1,0,0,0,106.07,-100.0,Budget
CAMP0008934,CUST01186,Email,2024-01-26,2024-01,0,0,0,0,52.12,-100.0,Budget
CAMP0008935,CUST01186,SMS,2024-02-07,2024-02,1,0,0,0,42.16,-100.0,Budget
CAMP0008936,CUST01187,Influencer,2023-12-07,2023-12,0,0,0,0,838.95,-100.0,Premium
CAMP0008937,CUST01187,Email,2024-02-15,2024-02,0,0,0,0,30.8,-100.0,Premium
CAMP0008938,CUST01187,SMS,2023-06-27,2023-06,0,0,0,0,86.66,-100.0,Premium
CAMP0008939,CUST01187,Push Notification,2023-12-06,2023-12,0,0,0,0,13.91,-100.0,Premium
CAMP0008940,CUST01187,Push Notification,2024-03-21,2024-03,0,0,0,0,20.75,-100.0,Premium
CAMP0008941,CUST01187,Email,2023-07-29,2023-07,0,0,0,0,17.59,-100.0,Premium
CAMP0008942,CUST01188,Paid Social,2023-02-09,2023-02,0,0,0,0,2410.2,-100.0,Budget
CAMP0008943,CUST01188,Paid Social,2023-02-23,2023-02,0,0,0,0,2037.12,-100.0,Budget
CAMP0008944,CUST01188,SMS,2023-08-31,2023-08,1,0,0,0,108.76,-100.0,Budget
CAMP0008945,CUST01188,Email,2023-02-15,2023-02,0,0,0,0,35.31,-100.0,Budget
CAMP0008946,CUST01188,Paid Social,2023-03-16,2023-03,1,1,0,0,1306.21,-100.0,Budget
CAMP0008947,CUST01188,Push Notification,2022-11-21,2022-11,1,0,0,0,29.32,-100.0,Budget
CAMP0008948,CUST01188,Push Notification,2022-07-10,2022-07,0,0,0,0,14.84,-100.0,Budget
CAMP0008949,CUST01188,SMS,2023-09-08,2023-09,0,0,0,0,63.85,-100.0,Budget
CAMP0008950,CUST01188,Paid Social,2024-02-24,2024-02,0,0,0,0,1293.73,-100.0,Budget
CAMP0008951,CUST01188,Email,2023-01-17,2023-01,0,0,0,0,48.65,-100.0,Budget
CAMP0008952,CUST01188,Email,2023-06-29,2023-06,1,0,0,0,38.66,-100.0,Budget
CAMP0008953,CUST01188,Influencer,2023-02-20,2023-02,0,0,0,0,838.99,-100.0,Budget
CAMP0008954,CUST01189,Paid Social,2023-11-03,2023-11,0,0,0,0,1945.91,-100.0,Mid-Range
CAMP0008955,CUST01189,Email,2024-03-19,2024-03,0,0,0,0,44.54,-100.0,Mid-Range
CAMP0008956,CUST01189,Email,2023-02-02,2023-02,0,0,0,0,27.57,-100.0,Mid-Range
CAMP0008957,CUST01189,Push Notification,2022-12-22,2022-12,0,0,0,0,25.11,-100.0,Mid-Range
CAMP0008958,CUST01189,Display Ad,2022-12-27,2022-12,1,1,0,0,337.13,-100.0,Mid-Range
CAMP0008959,CUST01189,Email,2023-07-03,2023-07,0,0,0,0,29.34,-100.0,Mid-Range
CAMP0008960,CUST01189,Paid Social,2023-02-05,2023-02,0,0,0,0,2312.83,-100.0,Mid-Range
CAMP0008961,CUST01189,Push Notification,2022-12-21,2022-12,0,0,0,0,17.28,-100.0,Mid-Range
CAMP0008962,CUST01189,Email,2023-04-15,2023-04,1,0,0,0,19.05,-100.0,Mid-Range
CAMP0008963,CUST01189,Paid Social,2023-06-26,2023-06,0,0,0,0,990.57,-100.0,Mid-Range
CAMP0008964,CUST01189,SMS,2023-06-28,2023-06,1,1,0,0,87.97,-100.0,Mid-Range
CAMP0008965,CUST01189,SMS,2023-08-23,2023-08,0,0,0,0,96.66,-100.0,Mid-Range
CAMP0008966,CUST01190,Push Notification,2023-08-26,2023-08,0,0,0,0,22.42,-100.0,Mid-Range
CAMP0008967,CUST01190,Influencer,2023-12-31,2023-12,0,0,0,0,1622.7,-100.0,Mid-Range
CAMP0008968,CUST01190,Email,2023-09-02,2023-09,0,0,0,0,29.51,-100.0,Mid-Range
CAMP0008969,CUST01190,Display Ad,2023-11-22,2023-11,0,0,0,0,1001.83,-100.0,Mid-Range
CAMP0008970,CUST01190,Email,2023-11-15,2023-11,0,0,0,0,58.62,-100.0,Mid-Range
CAMP0008971,CUST01190,Paid Social,2023-06-30,2023-06,0,0,0,0,2489.18,-100.0,Mid-Range
CAMP0008972,CUST01191,SMS,2024-02-17,2024-02,1,0,0,0,67.63,-100.0,Luxury
CAMP0008973,CUST01191,Email,2024-03-18,2024-03,0,0,0,0,39.77,-100.0,Luxury
CAMP0008974,CUST01191,Display Ad,2023-09-03,2023-09,0,0,0,0,554.69,-100.0,Luxury
CAMP0008975,CUST01191,Influencer,2024-01-11,2024-01,0,0,0,0,785.41,-100.0,Luxury
CAMP0008976,CUST01191,Push Notification,2023-12-26,2023-12,0,0,0,0,29.46,-100.0,Luxury
CAMP0008977,CUST01191,Email,2023-11-08,2023-11,0,0,0,0,57.47,-100.0,Luxury
CAMP0008978,CUST01191,Email,2023-12-02,2023-12,0,0,0,0,30.96,-100.0,Luxury
CAMP0008979,CUST01191,Paid Social,2023-12-16,2023-12,0,0,0,0,1297.82,-100.0,Luxury
CAMP0008980,CUST01191,Paid Social,2023-09-02,2023-09,0,0,0,0,2489.05,-100.0,Luxury
CAMP0008981,CUST01191,Paid Social,2023-09-22,2023-09,0,0,0,0,1658.54,-100.0,Luxury
CAMP0008982,CUST01192,Push Notification,2024-03-14,2024-03,0,0,0,0,24.88,-100.0,Budget
CAMP0008983,CUST01192,Email,2023-09-29,2023-09,1,0,0,0,40.09,-100.0,Budget
CAMP0008984,CUST01192,Paid Social,2023-08-30,2023-08,0,0,0,0,2390.42,-100.0,Budget
CAMP0008985,CUST01192,Paid Social,2023-08-09,2023-08,0,0,0,0,1771.63,-100.0,Budget
CAMP0008986,CUST01192,SMS,2022-07-10,2022-07,0,0,0,0,45.37,-100.0,Budget
CAMP0008987,CUST01192,Email,2023-12-25,2023-12,0,0,0,0,31.04,-100.0,Budget
CAMP0008988,CUST01192,Display Ad,2023-02-26,2023-02,0,0,0,0,787.57,-100.0,Budget
CAMP0008989,CUST01192,Email,2024-01-28,2024-01,0,0,0,0,39.35,-100.0,Budget
CAMP0008990,CUST01192,Display Ad,2022-11-17,2022-11,0,0,0,0,641.25,-100.0,Budget
CAMP0008991,CUST01192,Paid Social,2022-07-25,2022-07,0,0,0,0,722.66,-100.0,Budget
CAMP0008992,CUST01192,Display Ad,2022-05-23,2022-05,0,0,0,0,852.08,-100.0,Budget
CAMP0008993,CUST01193,SMS,2023-03-21,2023-03,1,0,0,0,59.2,-100.0,Mid-Range
CAMP0008994,CUST01193,Paid Social,2023-03-11,2023-03,0,0,0,0,2020.67,-100.0,Mid-Range
CAMP0008995,CUST01193,Paid Social,2023-06-14,2023-06,0,0,0,0,713.4,-100.0,Mid-Range
CAMP0008996,CUST01193,Paid Social,2024-01-21,2024-01,0,0,0,0,1786.68,-100.0,Mid-Range
CAMP0008997,CUST01193,Influencer,2023-01-28,2023-01,0,0,0,0,1602.48,-100.0,Mid-Range
CAMP0008998,CUST01194,SMS,2023-11-30,2023-11,1,1,1,153.54,36.88,316.3,Budget
CAMP0008999,CUST01194,Email,2023-06-09,2023-06,1,0,0,0,20.38,-100.0,Budget
CAMP0009000,CUST01194,Email,2024-01-25,2024-01,0,0,0,0,42.78,-100.0,Budget
CAMP0009001,CUST01194,Email,2023-03-27,2023-03,0,0,0,0,57.95,-100.0,Budget
CAMP0009002,CUST01195,SMS,2023-05-25,2023-05,1,0,0,0,36.56,-100.0,Budget
CAMP0009003,CUST01195,Paid Social,2023-08-11,2023-08,0,0,0,0,1907.57,-100.0,Budget
CAMP0009004,CUST01195,Paid Social,2022-11-24,2022-11,0,0,0,0,1105.31,-100.0,Budget
CAMP0009005,CUST01195,Push Notification,2023-07-26,2023-07,0,0,0,0,26.73,-100.0,Budget
CAMP0009006,CUST01195,Influencer,2022-12-03,2022-12,0,0,0,0,909.77,-100.0,Budget
CAMP0009007,CUST01195,Paid Social,2023-12-04,2023-12,0,0,0,0,813.78,-100.0,Budget
CAMP0009008,CUST01195,Display Ad,2024-03-30,2024-03,0,0,0,0,538.58,-100.0,Budget
CAMP0009009,CUST01195,Influencer,2023-08-13,2023-08,0,0,0,0,1174.14,-100.0,Budget
CAMP0009010,CUST01195,Paid Social,2023-12-29,2023-12,0,0,0,0,1841.04,-100.0,Budget
CAMP0009011,CUST01195,Email,2023-01-31,2023-01,0,0,0,0,28.33,-100.0,Budget
CAMP0009012,CUST01195,Email,2023-06-22,2023-06,0,0,0,0,35.61,-100.0,Budget
CAMP0009013,CUST01196,Influencer,2023-06-21,2023-06,0,0,0,0,525.49,-100.0,Mid-Range
CAMP0009014,CUST01196,Influencer,2022-09-25,2022-09,0,0,0,0,790.38,-100.0,Mid-Range
CAMP0009015,CUST01196,Email,2023-05-02,2023-05,0,0,0,0,37.11,-100.0,Mid-Range
CAMP0009016,CUST01196,Paid Social,2023-05-28,2023-05,0,0,0,0,2317.47,-100.0,Mid-Range
CAMP0009017,CUST01196,SMS,2024-01-10,2024-01,0,0,0,0,35.42,-100.0,Mid-Range
CAMP0009018,CUST01196,Push Notification,2023-02-18,2023-02,0,0,0,0,25.13,-100.0,Mid-Range
CAMP0009019,CUST01196,Email,2022-10-05,2022-10,0,0,0,0,25.27,-100.0,Mid-Range
CAMP0009020,CUST01196,Paid Social,2024-03-12,2024-03,0,0,0,0,1635.9,-100.0,Mid-Range
CAMP0009021,CUST01196,SMS,2022-10-01,2022-10,0,0,0,0,106.62,-100.0,Mid-Range
CAMP0009022,CUST01197,Display Ad,2023-12-03,2023-12,0,0,0,0,390.66,-100.0,Mid-Range
CAMP0009023,CUST01197,Influencer,2022-11-15,2022-11,0,0,0,0,1143.45,-100.0,Mid-Range
CAMP0009024,CUST01197,Influencer,2022-03-29,2022-03,0,0,0,0,916.0,-100.0,Mid-Range
CAMP0009025,CUST01197,Email,2022-08-07,2022-08,0,0,0,0,30.53,-100.0,Mid-Range
CAMP0009026,CUST01197,Influencer,2022-04-21,2022-04,0,0,0,0,954.42,-100.0,Mid-Range
CAMP0009027,CUST01197,Push Notification,2022-02-21,2022-02,0,0,0,0,14.27,-100.0,Mid-Range
CAMP0009028,CUST01197,Email,2023-12-21,2023-12,1,1,1,178.37,32.2,453.9,Mid-Range
CAMP0009029,CUST01197,Push Notification,2022-06-03,2022-06,1,0,0,0,18.21,-100.0,Mid-Range
CAMP0009030,CUST01198,Email,2023-08-27,2023-08,0,0,0,0,58.23,-100.0,Budget
CAMP0009031,CUST01198,Paid Social,2023-04-03,2023-04,0,0,0,0,1649.14,-100.0,Budget
CAMP0009032,CUST01198,Push Notification,2022-11-11,2022-11,0,0,0,0,14.49,-100.0,Budget
CAMP0009033,CUST01198,SMS,2024-03-20,2024-03,0,0,0,0,51.09,-100.0,Budget
CAMP0009034,CUST01198,Display Ad,2023-10-29,2023-10,0,0,0,0,785.99,-100.0,Budget
CAMP0009035,CUST01198,Paid Social,2023-07-25,2023-07,0,0,0,0,1084.15,-100.0,Budget
CAMP0009036,CUST01198,Display Ad,2023-11-24,2023-11,0,0,0,0,924.28,-100.0,Budget
CAMP0009037,CUST01198,Paid Social,2023-02-16,2023-02,1,0,0,0,687.57,-100.0,Budget
CAMP0009038,CUST01198,Paid Social,2023-07-06,2023-07,0,0,0,0,830.38,-100.0,Budget
CAMP0009039,CUST01198,Push Notification,2023-06-30,2023-06,0,0,0,0,20.13,-100.0,Budget
CAMP0009040,CUST01199,Email,2024-03-29,2024-03,0,0,0,0,52.07,-100.0,Budget
CAMP0009041,CUST01199,Paid Social,2023-09-19,2023-09,0,0,0,0,1538.2,-100.0,Budget
CAMP0009042,CUST01199,Email,2022-09-17,2022-09,0,0,0,0,56.89,-100.0,Budget
CAMP0009043,CUST01199,Paid Social,2022-06-18,2022-06,0,0,0,0,2016.09,-100.0,Budget
CAMP0009044,CUST01199,Push Notification,2022-08-19,2022-08,0,0,0,0,19.01,-100.0,Budget
CAMP0009045,CUST01199,Influencer,2022-10-05,2022-10,1,1,0,0,768.11,-100.0,Budget
CAMP0009046,CUST01199,SMS,2022-11-25,2022-11,0,0,0,0,95.37,-100.0,Budget
CAMP0009047,CUST01199,Influencer,2022-10-23,2022-10,0,0,0,0,1350.92,-100.0,Budget
CAMP0009048,CUST01199,Email,2023-07-02,2023-07,0,0,0,0,39.28,-100.0,Budget
CAMP0009049,CUST01200,Paid Social,2023-05-15,2023-05,0,0,0,0,1291.75,-100.0,Premium
CAMP0009050,CUST01200,Paid Social,2024-03-07,2024-03,0,0,0,0,1270.06,-100.0,Premium
CAMP0009051,CUST01200,Push Notification,2023-11-19,2023-11,0,0,0,0,29.3,-100.0,Premium
CAMP0009052,CUST01200,Display Ad,2023-10-06,2023-10,0,0,0,0,484.43,-100.0,Premium
CAMP0009053,CUST01200,Email,2023-11-12,2023-11,0,0,0,0,54.99,-100.0,Premium
CAMP0009054,CUST01201,Display Ad,2024-02-27,2024-02,0,0,0,0,968.63,-100.0,Mid-Range
CAMP0009055,CUST01201,Email,2023-11-09,2023-11,1,1,1,84.25,17.48,382.0,Mid-Range
CAMP0009056,CUST01201,SMS,2023-11-16,2023-11,0,0,0,0,89.1,-100.0,Mid-Range
CAMP0009057,CUST01201,SMS,2023-08-09,2023-08,0,0,0,0,67.53,-100.0,Mid-Range
CAMP0009058,CUST01201,Push Notification,2023-08-24,2023-08,0,0,0,0,21.26,-100.0,Mid-Range
CAMP0009059,CUST01201,Influencer,2023-11-21,2023-11,0,0,0,0,1447.58,-100.0,Mid-Range
CAMP0009060,CUST01201,Push Notification,2024-01-17,2024-01,0,0,0,0,17.42,-100.0,Mid-Range
CAMP0009061,CUST01201,Email,2023-08-07,2023-08,1,0,0,0,57.01,-100.0,Mid-Range
CAMP0009062,CUST01201,Paid Social,2024-02-06,2024-02,0,0,0,0,1490.93,-100.0,Mid-Range
CAMP0009063,CUST01201,Paid Social,2024-02-08,2024-02,0,0,0,0,2017.45,-100.0,Mid-Range
CAMP0009064,CUST01201,Influencer,2023-10-18,2023-10,0,0,0,0,1295.96,-100.0,Mid-Range
CAMP0009065,CUST01201,Paid Social,2024-02-10,2024-02,0,0,0,0,2171.34,-100.0,Mid-Range
CAMP0009066,CUST01202,Paid Social,2024-01-28,2024-01,0,0,0,0,1369.72,-100.0,Premium
CAMP0009067,CUST01202,Paid Social,2023-11-17,2023-11,0,0,0,0,1320.39,-100.0,Premium
CAMP0009068,CUST01202,Push Notification,2023-11-19,2023-11,0,0,0,0,16.94,-100.0,Premium
CAMP0009069,CUST01202,Email,2024-03-10,2024-03,0,0,0,0,33.86,-100.0,Premium
CAMP0009070,CUST01202,Influencer,2024-02-06,2024-02,0,0,0,0,1430.95,-100.0,Premium
CAMP0009071,CUST01202,Push Notification,2024-01-06,2024-01,0,0,0,0,13.48,-100.0,Premium
CAMP0009072,CUST01203,Push Notification,2023-10-29,2023-10,0,0,0,0,22.5,-100.0,Mid-Range
CAMP0009073,CUST01203,Paid Social,2023-12-22,2023-12,0,0,0,0,2412.81,-100.0,Mid-Range
CAMP0009074,CUST01203,SMS,2023-10-30,2023-10,1,1,1,129.93,113.94,14.0,Mid-Range
CAMP0009075,CUST01203,Paid Social,2023-08-20,2023-08,0,0,0,0,1656.05,-100.0,Mid-Range
CAMP0009076,CUST01203,SMS,2024-03-08,2024-03,1,1,1,91.2,63.96,42.6,Mid-Range
CAMP0009077,CUST01203,Email,2023-11-15,2023-11,0,0,0,0,32.75,-100.0,Mid-Range
CAMP0009078,CUST01203,SMS,2023-11-30,2023-11,1,0,0,0,90.76,-100.0,Mid-Range
CAMP0009079,CUST01204,Paid Social,2023-03-05,2023-03,0,0,0,0,1946.73,-100.0,Mid-Range
CAMP0009080,CUST01204,Email,2024-01-07,2024-01,1,0,0,0,51.65,-100.0,Mid-Range
CAMP0009081,CUST01204,SMS,2023-07-03,2023-07,0,0,0,0,62.44,-100.0,Mid-Range
CAMP0009082,CUST01204,Email,2023-12-03,2023-12,0,0,0,0,45.7,-100.0,Mid-Range
CAMP0009083,CUST01204,Paid Social,2023-03-25,2023-03,1,1,1,43.93,1426.51,-96.9,Mid-Range
CAMP0009084,CUST01204,Paid Social,2023-11-11,2023-11,0,0,0,0,1810.96,-100.0,Mid-Range
CAMP0009085,CUST01204,Email,2023-10-05,2023-10,1,1,0,0,50.11,-100.0,Mid-Range
CAMP0009086,CUST01205,Email,2023-07-29,2023-07,1,0,0,0,39.79,-100.0,Premium
CAMP0009087,CUST01205,Push Notification,2022-12-24,2022-12,0,0,0,0,22.62,-100.0,Premium
CAMP0009088,CUST01205,Email,2023-01-28,2023-01,0,0,0,0,34.55,-100.0,Premium
CAMP0009089,CUST01205,Push Notification,2023-08-17,2023-08,1,0,0,0,9.12,-100.0,Premium
CAMP0009090,CUST01205,Paid Social,2023-10-05,2023-10,1,0,0,0,1897.86,-100.0,Premium
CAMP0009091,CUST01205,Influencer,2024-03-09,2024-03,1,0,0,0,1083.36,-100.0,Premium
CAMP0009092,CUST01205,Email,2022-10-28,2022-10,0,0,0,0,40.19,-100.0,Premium
CAMP0009093,CUST01205,Email,2022-11-29,2022-11,0,0,0,0,21.49,-100.0,Premium
CAMP0009094,CUST01205,Display Ad,2024-01-06,2024-01,0,0,0,0,409.14,-100.0,Premium
CAMP0009095,CUST01205,Email,2023-08-20,2023-08,1,1,0,0,50.79,-100.0,Premium
CAMP0009096,CUST01205,Email,2023-04-27,2023-04,0,0,0,0,53.32,-100.0,Premium
CAMP0009097,CUST01206,Paid Social,2023-01-14,2023-01,0,0,0,0,689.58,-100.0,Budget
CAMP0009098,CUST01206,Influencer,2023-10-05,2023-10,1,0,0,0,1210.66,-100.0,Budget
CAMP0009099,CUST01206,Email,2023-01-20,2023-01,0,0,0,0,20.13,-100.0,Budget
CAMP0009100,CUST01206,Email,2022-03-09,2022-03,0,0,0,0,44.13,-100.0,Budget
CAMP0009101,CUST01206,Push Notification,2022-09-17,2022-09,0,0,0,0,18.88,-100.0,Budget
CAMP0009102,CUST01206,Email,2023-11-04,2023-11,0,0,0,0,33.1,-100.0,Budget
CAMP0009103,CUST01206,Influencer,2022-03-27,2022-03,1,1,1,81.28,787.8,-89.7,Budget
CAMP0009104,CUST01206,Email,2023-06-04,2023-06,0,0,0,0,21.35,-100.0,Budget
CAMP0009105,CUST01207,SMS,2022-06-09,2022-06,0,0,0,0,58.56,-100.0,Mid-Range
CAMP0009106,CUST01207,Push Notification,2023-02-24,2023-02,0,0,0,0,13.4,-100.0,Mid-Range
CAMP0009107,CUST01207,Email,2022-06-11,2022-06,0,0,0,0,45.62,-100.0,Mid-Range
CAMP0009108,CUST01207,Display Ad,2023-05-05,2023-05,0,0,0,0,624.12,-100.0,Mid-Range
CAMP0009109,CUST01207,Email,2023-07-10,2023-07,0,0,0,0,43.46,-100.0,Mid-Range
CAMP0009110,CUST01207,Email,2023-07-02,2023-07,1,0,0,0,50.75,-100.0,Mid-Range
CAMP0009111,CUST01208,Push Notification,2023-01-01,2023-01,0,0,0,0,28.59,-100.0,Budget
CAMP0009112,CUST01208,Influencer,2022-06-27,2022-06,0,0,0,0,1055.4,-100.0,Budget
CAMP0009113,CUST01208,Display Ad,2022-10-21,2022-10,0,0,0,0,793.22,-100.0,Budget
CAMP0009114,CUST01208,SMS,2022-10-06,2022-10,0,0,0,0,59.56,-100.0,Budget
CAMP0009115,CUST01208,Influencer,2023-03-01,2023-03,0,0,0,0,1478.8,-100.0,Budget
CAMP0009116,CUST01208,Email,2023-01-28,2023-01,0,0,0,0,23.63,-100.0,Budget
CAMP0009117,CUST01208,Email,2022-11-08,2022-11,0,0,0,0,50.59,-100.0,Budget
CAMP0009118,CUST01208,Display Ad,2023-02-25,2023-02,0,0,0,0,551.2,-100.0,Budget
CAMP0009119,CUST01208,Paid Social,2022-07-17,2022-07,1,0,0,0,1049.52,-100.0,Budget
CAMP0009120,CUST01208,Paid Social,2023-06-20,2023-06,0,0,0,0,1271.5,-100.0,Budget
CAMP0009121,CUST01209,Email,2023-09-14,2023-09,1,0,0,0,23.2,-100.0,Budget
CAMP0009122,CUST01209,Email,2023-06-07,2023-06,0,0,0,0,42.93,-100.0,Budget
CAMP0009123,CUST01209,Influencer,2023-11-07,2023-11,1,0,0,0,1552.54,-100.0,Budget
CAMP0009124,CUST01209,Email,2022-09-01,2022-09,1,1,1,53.47,50.78,5.3,Budget
CAMP0009125,CUST01209,SMS,2024-03-07,2024-03,0,0,0,0,68.0,-100.0,Budget
CAMP0009126,CUST01209,Paid Social,2023-09-05,2023-09,0,0,0,0,1336.77,-100.0,Budget
CAMP0009127,CUST01209,Paid Social,2023-06-13,2023-06,1,0,0,0,708.12,-100.0,Budget
CAMP0009128,CUST01209,Email,2024-01-06,2024-01,0,0,0,0,55.58,-100.0,Budget
CAMP0009129,CUST01209,Display Ad,2023-08-08,2023-08,1,0,0,0,678.81,-100.0,Budget
CAMP0009130,CUST01210,SMS,2023-08-31,2023-08,1,0,0,0,66.96,-100.0,Premium
CAMP0009131,CUST01210,Paid Social,2023-12-11,2023-12,0,0,0,0,2302.88,-100.0,Premium
CAMP0009132,CUST01210,Push Notification,2023-12-02,2023-12,0,0,0,0,23.57,-100.0,Premium
CAMP0009133,CUST01210,Push Notification,2024-03-01,2024-03,0,0,0,0,16.75,-100.0,Premium
CAMP0009134,CUST01210,Paid Social,2024-03-17,2024-03,0,0,0,0,1285.25,-100.0,Premium
CAMP0009135,CUST01210,Display Ad,2023-10-31,2023-10,0,0,0,0,941.78,-100.0,Premium
CAMP0009136,CUST01210,Influencer,2024-03-30,2024-03,1,1,1,91.32,628.28,-85.5,Premium
CAMP0009137,CUST01210,Influencer,2024-03-09,2024-03,0,0,0,0,1448.27,-100.0,Premium
CAMP0009138,CUST01211,Influencer,2023-11-28,2023-11,1,0,0,0,1619.68,-100.0,Budget
CAMP0009139,CUST01211,Influencer,2023-08-31,2023-08,0,0,0,0,769.66,-100.0,Budget
CAMP0009140,CUST01211,Influencer,2023-06-04,2023-06,0,0,0,0,884.4,-100.0,Budget
CAMP0009141,CUST01211,SMS,2023-07-01,2023-07,1,0,0,0,105.11,-100.0,Budget
CAMP0009142,CUST01211,Push Notification,2022-12-13,2022-12,0,0,0,0,23.98,-100.0,Budget
CAMP0009143,CUST01211,Email,2022-05-04,2022-05,1,1,1,197.42,26.19,653.8,Budget
CAMP0009144,CUST01211,Email,2023-08-30,2023-08,0,0,0,0,36.92,-100.0,Budget
CAMP0009145,CUST01211,Email,2023-02-08,2023-02,0,0,0,0,54.42,-100.0,Budget
CAMP0009146,CUST01211,Paid Social,2023-06-27,2023-06,0,0,0,0,1512.14,-100.0,Budget
CAMP0009147,CUST01212,Paid Social,2023-02-25,2023-02,0,0,0,0,1811.54,-100.0,Budget
CAMP0009148,CUST01212,Push Notification,2023-10-28,2023-10,0,0,0,0,17.71,-100.0,Budget
CAMP0009149,CUST01212,Influencer,2023-06-29,2023-06,1,0,0,0,1135.9,-100.0,Budget
CAMP0009150,CUST01212,Email,2023-07-14,2023-07,0,0,0,0,20.45,-100.0,Budget
CAMP0009151,CUST01212,Display Ad,2023-12-26,2023-12,1,1,0,0,898.72,-100.0,Budget
CAMP0009152,CUST01213,SMS,2023-07-13,2023-07,0,0,0,0,72.19,-100.0,Mid-Range
CAMP0009153,CUST01213,Paid Social,2023-10-29,2023-10,0,0,0,0,2545.69,-100.0,Mid-Range
CAMP0009154,CUST01213,Email,2023-05-07,2023-05,1,0,0,0,57.27,-100.0,Mid-Range
CAMP0009155,CUST01213,Push Notification,2022-06-16,2022-06,0,0,0,0,22.54,-100.0,Mid-Range
CAMP0009156,CUST01214,Paid Social,2023-09-16,2023-09,0,0,0,0,1139.54,-100.0,Budget
CAMP0009157,CUST01214,Influencer,2024-02-24,2024-02,0,0,0,0,1426.34,-100.0,Budget
CAMP0009158,CUST01214,Paid Social,2024-02-29,2024-02,1,1,0,0,1390.03,-100.0,Budget
CAMP0009159,CUST01214,Paid Social,2023-09-09,2023-09,0,0,0,0,897.89,-100.0,Budget
CAMP0009160,CUST01214,Influencer,2023-10-20,2023-10,1,1,0,0,1432.45,-100.0,Budget
CAMP0009161,CUST01214,Influencer,2023-09-30,2023-09,0,0,0,0,548.34,-100.0,Budget
CAMP0009162,CUST01214,Display Ad,2023-11-25,2023-11,1,1,0,0,633.43,-100.0,Budget
CAMP0009163,CUST01214,Influencer,2023-09-02,2023-09,0,0,0,0,939.38,-100.0,Budget
CAMP0009164,CUST01214,SMS,2023-10-27,2023-10,1,0,0,0,113.23,-100.0,Budget
CAMP0009165,CUST01215,Paid Social,2023-03-06,2023-03,0,0,0,0,2333.29,-100.0,Mid-Range
CAMP0009166,CUST01215,Display Ad,2024-02-06,2024-02,0,0,0,0,647.6,-100.0,Mid-Range
CAMP0009167,CUST01215,Push Notification,2023-02-25,2023-02,0,0,0,0,28.92,-100.0,Mid-Range
CAMP0009168,CUST01215,SMS,2024-01-26,2024-01,0,0,0,0,117.47,-100.0,Mid-Range
CAMP0009169,CUST01215,Email,2024-01-22,2024-01,1,0,0,0,32.24,-100.0,Mid-Range
CAMP0009170,CUST01215,Email,2023-12-09,2023-12,1,0,0,0,54.68,-100.0,Mid-Range
CAMP0009171,CUST01215,Paid Social,2023-08-30,2023-08,0,0,0,0,1532.47,-100.0,Mid-Range
CAMP0009172,CUST01216,Email,2022-10-19,2022-10,0,0,0,0,43.87,-100.0,Mid-Range
CAMP0009173,CUST01216,Display Ad,2023-12-13,2023-12,0,0,0,0,969.05,-100.0,Mid-Range
CAMP0009174,CUST01216,Paid Social,2023-08-04,2023-08,0,0,0,0,773.37,-100.0,Mid-Range
CAMP0009175,CUST01216,Paid Social,2022-06-02,2022-06,1,0,0,0,970.37,-100.0,Mid-Range
CAMP0009176,CUST01216,Email,2023-11-20,2023-11,0,0,0,0,53.63,-100.0,Mid-Range
CAMP0009177,CUST01216,Paid Social,2022-04-03,2022-04,0,0,0,0,1101.11,-100.0,Mid-Range
CAMP0009178,CUST01216,Email,2022-02-17,2022-02,0,0,0,0,27.55,-100.0,Mid-Range
CAMP0009179,CUST01217,SMS,2023-10-20,2023-10,1,0,0,0,33.95,-100.0,Mid-Range
CAMP0009180,CUST01217,Paid Social,2024-02-29,2024-02,0,0,0,0,970.65,-100.0,Mid-Range
CAMP0009181,CUST01217,Email,2023-09-14,2023-09,0,0,0,0,28.09,-100.0,Mid-Range
CAMP0009182,CUST01217,Push Notification,2024-02-27,2024-02,0,0,0,0,22.82,-100.0,Mid-Range
CAMP0009183,CUST01217,Influencer,2023-07-04,2023-07,0,0,0,0,725.78,-100.0,Mid-Range
CAMP0009184,CUST01217,Push Notification,2023-07-24,2023-07,0,0,0,0,12.45,-100.0,Mid-Range
CAMP0009185,CUST01217,Email,2023-09-22,2023-09,0,0,0,0,28.74,-100.0,Mid-Range
CAMP0009186,CUST01217,Paid Social,2023-10-22,2023-10,0,0,0,0,1639.48,-100.0,Mid-Range
CAMP0009187,CUST01217,SMS,2023-12-18,2023-12,0,0,0,0,92.07,-100.0,Mid-Range
CAMP0009188,CUST01218,Influencer,2022-11-09,2022-11,0,0,0,0,1328.82,-100.0,Premium
CAMP0009189,CUST01218,Email,2022-12-07,2022-12,0,0,0,0,30.61,-100.0,Premium
CAMP0009190,CUST01218,Paid Social,2022-05-07,2022-05,1,1,0,0,737.6,-100.0,Premium
CAMP0009191,CUST01218,Influencer,2022-07-23,2022-07,0,0,0,0,1613.4,-100.0,Premium
CAMP0009192,CUST01218,Paid Social,2024-03-13,2024-03,1,0,0,0,1427.77,-100.0,Premium
CAMP0009193,CUST01218,SMS,2023-08-02,2023-08,0,0,0,0,103.4,-100.0,Premium
CAMP0009194,CUST01218,Email,2023-12-12,2023-12,1,0,0,0,58.68,-100.0,Premium
CAMP0009195,CUST01218,Push Notification,2023-10-03,2023-10,1,0,0,0,18.21,-100.0,Premium
CAMP0009196,CUST01218,Push Notification,2023-12-23,2023-12,0,0,0,0,27.5,-100.0,Premium
CAMP0009197,CUST01218,Email,2023-03-29,2023-03,0,0,0,0,16.42,-100.0,Premium
CAMP0009198,CUST01219,Influencer,2023-05-09,2023-05,0,0,0,0,709.42,-100.0,Luxury
CAMP0009199,CUST01219,Influencer,2023-06-26,2023-06,0,0,0,0,1619.54,-100.0,Luxury
CAMP0009200,CUST01219,Influencer,2023-09-03,2023-09,0,0,0,0,704.08,-100.0,Luxury
CAMP0009201,CUST01219,Push Notification,2023-04-20,2023-04,1,0,0,0,14.21,-100.0,Luxury
CAMP0009202,CUST01220,Display Ad,2023-08-06,2023-08,0,0,0,0,777.92,-100.0,Mid-Range
CAMP0009203,CUST01220,SMS,2023-05-12,2023-05,0,0,0,0,74.35,-100.0,Mid-Range
CAMP0009204,CUST01220,Paid Social,2022-09-13,2022-09,0,0,0,0,1320.2,-100.0,Mid-Range
CAMP0009205,CUST01220,Influencer,2023-06-14,2023-06,0,0,0,0,452.0,-100.0,Mid-Range
CAMP0009206,CUST01220,Email,2023-06-26,2023-06,0,0,0,0,59.91,-100.0,Mid-Range
CAMP0009207,CUST01220,Paid Social,2023-12-15,2023-12,0,0,0,0,2397.03,-100.0,Mid-Range
CAMP0009208,CUST01220,Influencer,2023-08-05,2023-08,0,0,0,0,1211.17,-100.0,Mid-Range
CAMP0009209,CUST01220,Paid Social,2024-01-05,2024-01,0,0,0,0,928.83,-100.0,Mid-Range
CAMP0009210,CUST01220,Email,2023-06-22,2023-06,1,1,0,0,41.03,-100.0,Mid-Range
CAMP0009211,CUST01220,Paid Social,2023-03-12,2023-03,1,0,0,0,2178.79,-100.0,Mid-Range
CAMP0009212,CUST01220,Display Ad,2023-05-31,2023-05,0,0,0,0,464.94,-100.0,Mid-Range
CAMP0009213,CUST01220,SMS,2023-06-27,2023-06,0,0,0,0,32.29,-100.0,Mid-Range
CAMP0009214,CUST01221,Email,2023-07-28,2023-07,1,1,0,0,58.47,-100.0,Premium
CAMP0009215,CUST01221,Push Notification,2024-02-16,2024-02,0,0,0,0,13.28,-100.0,Premium
CAMP0009216,CUST01221,Paid Social,2023-06-01,2023-06,1,0,0,0,1901.27,-100.0,Premium
CAMP0009217,CUST01221,Email,2023-02-26,2023-02,0,0,0,0,44.99,-100.0,Premium
CAMP0009218,CUST01221,Push Notification,2023-01-16,2023-01,0,0,0,0,8.53,-100.0,Premium
CAMP0009219,CUST01221,Push Notification,2023-06-27,2023-06,1,1,0,0,14.75,-100.0,Premium
CAMP0009220,CUST01221,Paid Social,2023-02-03,2023-02,0,0,0,0,1754.54,-100.0,Premium
CAMP0009221,CUST01221,Paid Social,2022-12-02,2022-12,0,0,0,0,1024.55,-100.0,Premium
CAMP0009222,CUST01221,Email,2023-06-15,2023-06,0,0,0,0,17.17,-100.0,Premium
CAMP0009223,CUST01221,SMS,2024-03-14,2024-03,1,0,0,0,91.26,-100.0,Premium
CAMP0009224,CUST01221,Display Ad,2023-08-25,2023-08,1,1,1,86.3,312.48,-72.4,Premium
CAMP0009225,CUST01221,Push Notification,2023-02-03,2023-02,0,0,0,0,23.0,-100.0,Premium
CAMP0009226,CUST01222,Email,2024-03-15,2024-03,0,0,0,0,33.85,-100.0,Premium
CAMP0009227,CUST01222,Paid Social,2023-09-04,2023-09,0,0,0,0,1475.67,-100.0,Premium
CAMP0009228,CUST01222,Paid Social,2023-12-28,2023-12,1,0,0,0,986.08,-100.0,Premium
CAMP0009229,CUST01222,Push Notification,2023-10-15,2023-10,0,0,0,0,15.14,-100.0,Premium
CAMP0009230,CUST01222,SMS,2023-10-25,2023-10,1,1,1,93.08,77.82,19.6,Premium
CAMP0009231,CUST01222,Push Notification,2024-01-19,2024-01,0,0,0,0,25.53,-100.0,Premium
CAMP0009232,CUST01222,Paid Social,2023-09-09,2023-09,0,0,0,0,1033.81,-100.0,Premium
CAMP0009233,CUST01222,Influencer,2023-11-19,2023-11,0,0,0,0,453.86,-100.0,Premium
CAMP0009234,CUST01223,Email,2023-10-02,2023-10,0,0,0,0,30.67,-100.0,Mid-Range
CAMP0009235,CUST01223,Paid Social,2023-06-16,2023-06,1,1,0,0,2260.81,-100.0,Mid-Range
CAMP0009236,CUST01223,Influencer,2024-01-11,2024-01,0,0,0,0,1045.05,-100.0,Mid-Range
CAMP0009237,CUST01223,SMS,2024-02-03,2024-02,0,0,0,0,115.8,-100.0,Mid-Range
CAMP0009238,CUST01223,Display Ad,2023-08-25,2023-08,0,0,0,0,314.55,-100.0,Mid-Range
CAMP0009239,CUST01223,Influencer,2023-10-25,2023-10,0,0,0,0,612.36,-100.0,Mid-Range
CAMP0009240,CUST01223,Paid Social,2023-10-03,2023-10,0,0,0,0,930.35,-100.0,Mid-Range
CAMP0009241,CUST01223,Email,2023-06-18,2023-06,0,0,0,0,50.93,-100.0,Mid-Range
CAMP0009242,CUST01223,Paid Social,2023-08-04,2023-08,0,0,0,0,2147.36,-100.0,Mid-Range
CAMP0009243,CUST01224,Email,2023-12-04,2023-12,1,1,0,0,44.56,-100.0,Premium
CAMP0009244,CUST01224,Display Ad,2023-05-10,2023-05,0,0,0,0,407.73,-100.0,Premium
CAMP0009245,CUST01224,Email,2024-03-05,2024-03,0,0,0,0,31.63,-100.0,Premium
CAMP0009246,CUST01224,Email,2023-06-25,2023-06,0,0,0,0,42.95,-100.0,Premium
CAMP0009247,CUST01224,Push Notification,2023-05-01,2023-05,0,0,0,0,23.07,-100.0,Premium
CAMP0009248,CUST01224,Influencer,2024-03-24,2024-03,0,0,0,0,1271.5,-100.0,Premium
CAMP0009249,CUST01225,Influencer,2022-11-09,2022-11,0,0,0,0,590.63,-100.0,Premium
CAMP0009250,CUST01225,Push Notification,2022-02-09,2022-02,0,0,0,0,9.34,-100.0,Premium
CAMP0009251,CUST01225,SMS,2023-05-13,2023-05,0,0,0,0,70.86,-100.0,Premium
CAMP0009252,CUST01225,Push Notification,2023-10-19,2023-10,0,0,0,0,25.48,-100.0,Premium
CAMP0009253,CUST01225,Influencer,2023-11-25,2023-11,0,0,0,0,1524.57,-100.0,Premium
CAMP0009254,CUST01225,Email,2024-02-10,2024-02,1,0,0,0,51.65,-100.0,Premium
CAMP0009255,CUST01225,Email,2023-02-01,2023-02,1,1,0,0,26.01,-100.0,Premium
CAMP0009256,CUST01225,Display Ad,2023-08-25,2023-08,0,0,0,0,288.22,-100.0,Premium
CAMP0009257,CUST01225,Push Notification,2022-07-16,2022-07,0,0,0,0,27.15,-100.0,Premium
CAMP0009258,CUST01225,Influencer,2022-09-10,2022-09,0,0,0,0,1290.99,-100.0,Premium
CAMP0009259,CUST01226,Email,2023-05-18,2023-05,1,0,0,0,40.35,-100.0,Mid-Range
CAMP0009260,CUST01226,Email,2023-10-20,2023-10,1,1,0,0,42.15,-100.0,Mid-Range
CAMP0009261,CUST01226,Email,2023-04-20,2023-04,1,1,0,0,38.77,-100.0,Mid-Range
CAMP0009262,CUST01227,Paid Social,2023-10-01,2023-10,0,0,0,0,705.51,-100.0,Premium
CAMP0009263,CUST01227,Push Notification,2024-02-06,2024-02,0,0,0,0,13.36,-100.0,Premium
CAMP0009264,CUST01227,Paid Social,2024-03-15,2024-03,0,0,0,0,1486.81,-100.0,Premium
CAMP0009265,CUST01227,Email,2023-11-29,2023-11,0,0,0,0,21.8,-100.0,Premium
CAMP0009266,CUST01227,Push Notification,2023-11-05,2023-11,0,0,0,0,26.45,-100.0,Premium
CAMP0009267,CUST01227,Email,2024-02-09,2024-02,1,1,0,0,49.15,-100.0,Premium
CAMP0009268,CUST01227,Paid Social,2023-10-24,2023-10,1,1,0,0,2031.26,-100.0,Premium
CAMP0009269,CUST01227,SMS,2024-02-13,2024-02,0,0,0,0,107.68,-100.0,Premium
CAMP0009270,CUST01227,Influencer,2024-03-26,2024-03,0,0,0,0,1126.67,-100.0,Premium
CAMP0009271,CUST01227,Paid Social,2024-02-13,2024-02,0,0,0,0,1890.34,-100.0,Premium
CAMP0009272,CUST01227,Paid Social,2023-12-12,2023-12,0,0,0,0,2427.74,-100.0,Premium
CAMP0009273,CUST01228,Email,2024-01-14,2024-01,0,0,0,0,22.83,-100.0,Budget
CAMP0009274,CUST01228,Push Notification,2023-09-09,2023-09,0,0,0,0,22.73,-100.0,Budget
CAMP0009275,CUST01228,Push Notification,2023-07-14,2023-07,0,0,0,0,14.84,-100.0,Budget
CAMP0009276,CUST01228,Email,2023-04-27,2023-04,0,0,0,0,38.06,-100.0,Budget
CAMP0009277,CUST01228,Email,2023-02-17,2023-02,0,0,0,0,35.44,-100.0,Budget
CAMP0009278,CUST01228,Paid Social,2023-03-02,2023-03,1,0,0,0,1547.5,-100.0,Budget
CAMP0009279,CUST01228,Push Notification,2022-09-23,2022-09,0,0,0,0,26.5,-100.0,Budget
CAMP0009280,CUST01228,SMS,2022-11-07,2022-11,1,0,0,0,99.72,-100.0,Budget
CAMP0009281,CUST01229,Email,2023-12-18,2023-12,1,0,0,0,48.4,-100.0,Budget
CAMP0009282,CUST01229,Paid Social,2023-08-25,2023-08,0,0,0,0,1447.47,-100.0,Budget
CAMP0009283,CUST01229,Email,2023-09-15,2023-09,0,0,0,0,42.75,-100.0,Budget
CAMP0009284,CUST01229,SMS,2023-10-11,2023-10,0,0,0,0,103.47,-100.0,Budget
CAMP0009285,CUST01229,Email,2023-11-22,2023-11,0,0,0,0,21.94,-100.0,Budget
CAMP0009286,CUST01230,Influencer,2023-10-25,2023-10,0,0,0,0,1227.19,-100.0,Mid-Range
CAMP0009287,CUST01230,Influencer,2023-12-22,2023-12,0,0,0,0,480.45,-100.0,Mid-Range
CAMP0009288,CUST01230,Paid Social,2023-08-19,2023-08,0,0,0,0,1353.11,-100.0,Mid-Range
CAMP0009289,CUST01230,Influencer,2023-02-28,2023-02,1,0,0,0,1542.3,-100.0,Mid-Range
CAMP0009290,CUST01231,Influencer,2023-10-03,2023-10,1,0,0,0,1325.49,-100.0,Budget
CAMP0009291,CUST01231,Push Notification,2024-01-12,2024-01,0,0,0,0,26.17,-100.0,Budget
CAMP0009292,CUST01231,Paid Social,2023-07-11,2023-07,0,0,0,0,2132.58,-100.0,Budget
CAMP0009293,CUST01231,Influencer,2023-03-12,2023-03,0,0,0,0,990.93,-100.0,Budget
CAMP0009294,CUST01231,Email,2024-02-13,2024-02,1,0,0,0,17.27,-100.0,Budget
CAMP0009295,CUST01231,Influencer,2023-09-21,2023-09,1,1,1,134.73,1187.1,-88.7,Budget
CAMP0009296,CUST01231,Paid Social,2023-11-27,2023-11,0,0,0,0,1202.53,-100.0,Budget
CAMP0009297,CUST01231,Push Notification,2023-09-10,2023-09,0,0,0,0,24.24,-100.0,Budget
CAMP0009298,CUST01231,Display Ad,2023-08-30,2023-08,0,0,0,0,452.52,-100.0,Budget
CAMP0009299,CUST01232,SMS,2023-10-19,2023-10,0,0,0,0,106.75,-100.0,Premium
CAMP0009300,CUST01232,Paid Social,2023-08-28,2023-08,0,0,0,0,926.44,-100.0,Premium
CAMP0009301,CUST01232,Influencer,2023-12-02,2023-12,0,0,0,0,837.76,-100.0,Premium
CAMP0009302,CUST01232,SMS,2023-09-14,2023-09,1,1,1,117.76,112.02,5.1,Premium
CAMP0009303,CUST01233,Email,2023-12-29,2023-12,1,0,0,0,35.06,-100.0,Budget
CAMP0009304,CUST01233,Paid Social,2022-08-30,2022-08,1,1,0,0,1197.84,-100.0,Budget
CAMP0009305,CUST01233,Influencer,2022-06-12,2022-06,0,0,0,0,594.84,-100.0,Budget
CAMP0009306,CUST01233,Email,2022-09-06,2022-09,0,0,0,0,34.79,-100.0,Budget
CAMP0009307,CUST01233,Email,2024-03-02,2024-03,0,0,0,0,54.63,-100.0,Budget
CAMP0009308,CUST01233,Email,2023-01-03,2023-01,1,0,0,0,27.21,-100.0,Budget
CAMP0009309,CUST01234,Influencer,2022-06-07,2022-06,0,0,0,0,1225.26,-100.0,Luxury
CAMP0009310,CUST01234,Paid Social,2023-06-09,2023-06,1,0,0,0,1025.41,-100.0,Luxury
CAMP0009311,CUST01234,Paid Social,2022-07-15,2022-07,0,0,0,0,2413.63,-100.0,Luxury
CAMP0009312,CUST01235,Email,2023-10-13,2023-10,0,0,0,0,51.93,-100.0,Budget
CAMP0009313,CUST01235,Paid Social,2024-03-24,2024-03,0,0,0,0,1504.07,-100.0,Budget
CAMP0009314,CUST01235,Email,2023-12-29,2023-12,0,0,0,0,45.22,-100.0,Budget
CAMP0009315,CUST01235,Paid Social,2023-08-13,2023-08,0,0,0,0,1782.35,-100.0,Budget
CAMP0009316,CUST01236,Influencer,2024-02-17,2024-02,0,0,0,0,555.89,-100.0,Budget
CAMP0009317,CUST01236,Push Notification,2024-01-12,2024-01,1,0,0,0,19.95,-100.0,Budget
CAMP0009318,CUST01236,Display Ad,2024-03-26,2024-03,0,0,0,0,1017.26,-100.0,Budget
CAMP0009319,CUST01237,Influencer,2022-11-07,2022-11,0,0,0,0,658.96,-100.0,Mid-Range
CAMP0009320,CUST01237,Email,2023-12-03,2023-12,0,0,0,0,32.47,-100.0,Mid-Range
CAMP0009321,CUST01237,Paid Social,2023-01-14,2023-01,0,0,0,0,2443.41,-100.0,Mid-Range
CAMP0009322,CUST01238,Influencer,2023-10-27,2023-10,1,0,0,0,807.17,-100.0,Premium
CAMP0009323,CUST01238,Email,2023-12-15,2023-12,0,0,0,0,32.77,-100.0,Premium
CAMP0009324,CUST01238,Paid Social,2023-12-25,2023-12,0,0,0,0,2351.31,-100.0,Premium
CAMP0009325,CUST01238,Influencer,2023-11-30,2023-11,0,0,0,0,1338.35,-100.0,Premium
CAMP0009326,CUST01239,Paid Social,2023-09-11,2023-09,1,1,1,145.43,1759.42,-91.7,Budget
CAMP0009327,CUST01239,Paid Social,2023-07-06,2023-07,1,0,0,0,2153.01,-100.0,Budget
CAMP0009328,CUST01239,Paid Social,2024-01-17,2024-01,0,0,0,0,993.53,-100.0,Budget
CAMP0009329,CUST01239,SMS,2023-11-16,2023-11,1,0,0,0,58.9,-100.0,Budget
CAMP0009330,CUST01239,Influencer,2023-06-27,2023-06,0,0,0,0,1478.81,-100.0,Budget
CAMP0009331,CUST01239,Influencer,2024-03-16,2024-03,0,0,0,0,1599.82,-100.0,Budget
CAMP0009332,CUST01239,Paid Social,2024-02-03,2024-02,0,0,0,0,846.04,-100.0,Budget
CAMP0009333,CUST01239,Display Ad,2023-06-09,2023-06,0,0,0,0,536.92,-100.0,Budget
CAMP0009334,CUST01239,Influencer,2023-04-17,2023-04,0,0,0,0,900.41,-100.0,Budget
CAMP0009335,CUST01239,SMS,2023-11-06,2023-11,1,1,1,64.15,85.31,-24.8,Budget
CAMP0009336,CUST01239,Email,2024-01-01,2024-01,0,0,0,0,25.72,-100.0,Budget
CAMP0009337,CUST01240,Email,2024-02-11,2024-02,0,0,0,0,36.17,-100.0,Mid-Range
CAMP0009338,CUST01240,SMS,2023-05-22,2023-05,0,0,0,0,78.48,-100.0,Mid-Range
CAMP0009339,CUST01240,Paid Social,2023-11-01,2023-11,0,0,0,0,1522.73,-100.0,Mid-Range
CAMP0009340,CUST01240,Display Ad,2024-01-20,2024-01,0,0,0,0,860.9,-100.0,Mid-Range
CAMP0009341,CUST01240,Email,2023-06-07,2023-06,0,0,0,0,47.52,-100.0,Mid-Range
CAMP0009342,CUST01240,Paid Social,2024-01-21,2024-01,0,0,0,0,1411.69,-100.0,Mid-Range
CAMP0009343,CUST01240,Influencer,2023-03-18,2023-03,0,0,0,0,558.26,-100.0,Mid-Range
CAMP0009344,CUST01240,Push Notification,2023-08-31,2023-08,0,0,0,0,15.64,-100.0,Mid-Range
CAMP0009345,CUST01240,Paid Social,2023-05-04,2023-05,0,0,0,0,2175.24,-100.0,Mid-Range
CAMP0009346,CUST01241,Push Notification,2023-03-24,2023-03,1,0,0,0,14.03,-100.0,Premium
CAMP0009347,CUST01241,Push Notification,2023-06-10,2023-06,0,0,0,0,10.19,-100.0,Premium
CAMP0009348,CUST01241,Email,2023-10-01,2023-10,0,0,0,0,24.13,-100.0,Premium
CAMP0009349,CUST01241,Email,2023-06-29,2023-06,0,0,0,0,31.12,-100.0,Premium
CAMP0009350,CUST01241,Paid Social,2023-01-25,2023-01,0,0,0,0,2272.43,-100.0,Premium
CAMP0009351,CUST01241,SMS,2023-09-05,2023-09,0,0,0,0,72.82,-100.0,Premium
CAMP0009352,CUST01241,Email,2024-01-07,2024-01,1,0,0,0,21.73,-100.0,Premium
CAMP0009353,CUST01242,Paid Social,2023-01-09,2023-01,0,0,0,0,2335.56,-100.0,Budget
CAMP0009354,CUST01242,Push Notification,2023-05-29,2023-05,0,0,0,0,19.28,-100.0,Budget
CAMP0009355,CUST01242,Push Notification,2022-10-20,2022-10,0,0,0,0,23.59,-100.0,Budget
CAMP0009356,CUST01243,Paid Social,2023-10-26,2023-10,0,0,0,0,2173.06,-100.0,Mid-Range
CAMP0009357,CUST01243,Email,2024-01-19,2024-01,1,0,0,0,41.42,-100.0,Mid-Range
CAMP0009358,CUST01243,Paid Social,2023-10-01,2023-10,0,0,0,0,1986.76,-100.0,Mid-Range
CAMP0009359,CUST01243,SMS,2023-10-08,2023-10,0,0,0,0,48.98,-100.0,Mid-Range
CAMP0009360,CUST01243,Email,2023-10-06,2023-10,0,0,0,0,43.29,-100.0,Mid-Range
CAMP0009361,CUST01243,Influencer,2023-07-28,2023-07,1,0,0,0,743.02,-100.0,Mid-Range
CAMP0009362,CUST01243,Paid Social,2023-12-27,2023-12,0,0,0,0,1329.1,-100.0,Mid-Range
CAMP0009363,CUST01243,Paid Social,2023-10-31,2023-10,0,0,0,0,2156.22,-100.0,Mid-Range
CAMP0009364,CUST01243,Display Ad,2023-11-18,2023-11,0,0,0,0,673.68,-100.0,Mid-Range
CAMP0009365,CUST01243,Email,2023-08-06,2023-08,0,0,0,0,28.38,-100.0,Mid-Range
CAMP0009366,CUST01243,Paid Social,2024-02-15,2024-02,0,0,0,0,2126.64,-100.0,Mid-Range
CAMP0009367,CUST01243,Influencer,2023-07-06,2023-07,1,0,0,0,1157.66,-100.0,Mid-Range
CAMP0009368,CUST01244,Paid Social,2023-10-25,2023-10,0,0,0,0,2549.02,-100.0,Premium
CAMP0009369,CUST01244,SMS,2023-04-30,2023-04,0,0,0,0,94.32,-100.0,Premium
CAMP0009370,CUST01244,Email,2023-06-15,2023-06,0,0,0,0,20.13,-100.0,Premium
CAMP0009371,CUST01244,Paid Social,2023-06-15,2023-06,0,0,0,0,2410.39,-100.0,Premium
CAMP0009372,CUST01244,Paid Social,2023-07-23,2023-07,0,0,0,0,1143.52,-100.0,Premium
CAMP0009373,CUST01244,Push Notification,2024-01-31,2024-01,0,0,0,0,18.89,-100.0,Premium
CAMP0009374,CUST01244,Email,2023-05-15,2023-05,0,0,0,0,46.44,-100.0,Premium
CAMP0009375,CUST01244,Paid Social,2023-10-11,2023-10,0,0,0,0,1713.85,-100.0,Premium
CAMP0009376,CUST01245,Email,2023-04-03,2023-04,0,0,0,0,40.91,-100.0,Premium
CAMP0009377,CUST01245,Email,2024-02-20,2024-02,0,0,0,0,56.9,-100.0,Premium
CAMP0009378,CUST01245,Email,2023-04-14,2023-04,1,1,1,192.6,38.82,396.1,Premium
CAMP0009379,CUST01245,Influencer,2023-12-06,2023-12,0,0,0,0,1426.65,-100.0,Premium
CAMP0009380,CUST01245,SMS,2023-01-06,2023-01,0,0,0,0,114.76,-100.0,Premium
CAMP0009381,CUST01245,SMS,2023-03-22,2023-03,1,0,0,0,72.76,-100.0,Premium
CAMP0009382,CUST01245,Email,2023-06-22,2023-06,0,0,0,0,33.65,-100.0,Premium
CAMP0009383,CUST01245,Paid Social,2024-02-27,2024-02,1,0,0,0,2319.58,-100.0,Premium
CAMP0009384,CUST01245,Influencer,2023-09-15,2023-09,0,0,0,0,468.95,-100.0,Premium
CAMP0009385,CUST01245,Email,2023-05-28,2023-05,0,0,0,0,31.04,-100.0,Premium
CAMP0009386,CUST01245,Email,2023-10-06,2023-10,0,0,0,0,42.95,-100.0,Premium
CAMP0009387,CUST01246,Influencer,2023-09-26,2023-09,0,0,0,0,1545.26,-100.0,Luxury
CAMP0009388,CUST01246,Email,2024-02-09,2024-02,1,0,0,0,52.41,-100.0,Luxury
CAMP0009389,CUST01246,Email,2023-10-23,2023-10,1,1,1,129.85,39.26,230.7,Luxury
CAMP0009390,CUST01247,Push Notification,2023-04-03,2023-04,0,0,0,0,9.4,-100.0,Premium
CAMP0009391,CUST01247,Email,2023-01-22,2023-01,0,0,0,0,51.59,-100.0,Premium
CAMP0009392,CUST01247,Paid Social,2023-11-16,2023-11,0,0,0,0,2304.39,-100.0,Premium
CAMP0009393,CUST01247,Paid Social,2023-12-23,2023-12,0,0,0,0,2117.41,-100.0,Premium
CAMP0009394,CUST01247,Influencer,2023-02-15,2023-02,0,0,0,0,709.87,-100.0,Premium
CAMP0009395,CUST01247,Push Notification,2023-02-25,2023-02,0,0,0,0,24.25,-100.0,Premium
CAMP0009396,CUST01247,Paid Social,2023-10-07,2023-10,0,0,0,0,2393.17,-100.0,Premium
CAMP0009397,CUST01247,Email,2022-10-03,2022-10,0,0,0,0,51.7,-100.0,Premium
CAMP0009398,CUST01247,Influencer,2023-08-07,2023-08,0,0,0,0,637.62,-100.0,Premium
CAMP0009399,CUST01247,Email,2023-08-19,2023-08,1,1,0,0,35.86,-100.0,Premium
CAMP0009400,CUST01247,Email,2023-04-17,2023-04,0,0,0,0,35.2,-100.0,Premium
CAMP0009401,CUST01248,Paid Social,2023-09-27,2023-09,0,0,0,0,2326.54,-100.0,Premium
CAMP0009402,CUST01248,Email,2023-07-28,2023-07,0,0,0,0,42.24,-100.0,Premium
CAMP0009403,CUST01248,Email,2024-01-19,2024-01,0,0,0,0,17.38,-100.0,Premium
CAMP0009404,CUST01248,Display Ad,2023-12-06,2023-12,1,0,0,0,461.91,-100.0,Premium
CAMP0009405,CUST01248,Email,2023-09-30,2023-09,1,0,0,0,54.08,-100.0,Premium
CAMP0009406,CUST01248,Paid Social,2023-11-04,2023-11,0,0,0,0,1203.4,-100.0,Premium
CAMP0009407,CUST01248,Email,2023-11-06,2023-11,1,1,0,0,31.9,-100.0,Premium
CAMP0009408,CUST01248,Influencer,2023-07-24,2023-07,0,0,0,0,609.88,-100.0,Premium
CAMP0009409,CUST01248,Influencer,2023-07-29,2023-07,1,1,0,0,595.06,-100.0,Premium
CAMP0009410,CUST01249,Push Notification,2024-02-13,2024-02,0,0,0,0,14.07,-100.0,Premium
CAMP0009411,CUST01249,Influencer,2024-01-19,2024-01,0,0,0,0,1538.05,-100.0,Premium
CAMP0009412,CUST01249,Email,2024-03-29,2024-03,0,0,0,0,25.65,-100.0,Premium
CAMP0009413,CUST01249,Display Ad,2023-12-17,2023-12,0,0,0,0,525.37,-100.0,Premium
CAMP0009414,CUST01249,Paid Social,2023-09-08,2023-09,0,0,0,0,815.97,-100.0,Premium
CAMP0009415,CUST01249,Paid Social,2023-09-17,2023-09,0,0,0,0,2504.28,-100.0,Premium
CAMP0009416,CUST01249,Email,2023-10-17,2023-10,1,1,1,108.12,25.83,318.6,Premium
CAMP0009417,CUST01249,SMS,2024-01-19,2024-01,0,0,0,0,79.58,-100.0,Premium
CAMP0009418,CUST01249,SMS,2024-03-11,2024-03,0,0,0,0,67.85,-100.0,Premium
CAMP0009419,CUST01249,Email,2023-12-23,2023-12,0,0,0,0,37.27,-100.0,Premium
CAMP0009420,CUST01249,Influencer,2024-03-12,2024-03,0,0,0,0,1501.14,-100.0,Premium
CAMP0009421,CUST01250,Paid Social,2023-08-29,2023-08,1,1,0,0,688.6,-100.0,Budget
CAMP0009422,CUST01250,Email,2023-11-03,2023-11,0,0,0,0,59.76,-100.0,Budget
CAMP0009423,CUST01250,Push Notification,2024-03-22,2024-03,0,0,0,0,17.64,-100.0,Budget
CAMP0009424,CUST01250,Display Ad,2023-06-02,2023-06,0,0,0,0,726.99,-100.0,Budget
CAMP0009425,CUST01250,Paid Social,2023-05-23,2023-05,0,0,0,0,1589.71,-100.0,Budget
CAMP0009426,CUST01250,Paid Social,2023-11-17,2023-11,0,0,0,0,931.45,-100.0,Budget
CAMP0009427,CUST01250,Paid Social,2023-07-10,2023-07,0,0,0,0,2518.87,-100.0,Budget
CAMP0009428,CUST01250,Email,2023-09-02,2023-09,0,0,0,0,19.63,-100.0,Budget
CAMP0009429,CUST01250,Display Ad,2024-02-18,2024-02,0,0,0,0,749.32,-100.0,Budget
CAMP0009430,CUST01250,Influencer,2024-03-15,2024-03,0,0,0,0,1144.55,-100.0,Budget
CAMP0009431,CUST01250,Email,2023-04-21,2023-04,1,0,0,0,22.28,-100.0,Budget
CAMP0009432,CUST01250,Email,2024-03-28,2024-03,0,0,0,0,50.06,-100.0,Budget
CAMP0009433,CUST01251,Email,2023-03-12,2023-03,0,0,0,0,59.03,-100.0,Mid-Range
CAMP0009434,CUST01251,Email,2024-01-03,2024-01,0,0,0,0,58.35,-100.0,Mid-Range
CAMP0009435,CUST01251,Email,2023-06-11,2023-06,0,0,0,0,28.4,-100.0,Mid-Range
CAMP0009436,CUST01251,Email,2023-03-28,2023-03,0,0,0,0,54.39,-100.0,Mid-Range
CAMP0009437,CUST01251,Display Ad,2023-12-13,2023-12,0,0,0,0,699.24,-100.0,Mid-Range
CAMP0009438,CUST01251,Email,2024-02-17,2024-02,0,0,0,0,27.07,-100.0,Mid-Range
CAMP0009439,CUST01251,Email,2023-10-01,2023-10,1,0,0,0,33.6,-100.0,Mid-Range
CAMP0009440,CUST01251,Email,2023-06-18,2023-06,0,0,0,0,52.2,-100.0,Mid-Range
CAMP0009441,CUST01251,Paid Social,2023-07-23,2023-07,0,0,0,0,1828.27,-100.0,Mid-Range
CAMP0009442,CUST01251,Email,2024-03-05,2024-03,0,0,0,0,48.64,-100.0,Mid-Range
CAMP0009443,CUST01251,SMS,2023-07-24,2023-07,0,0,0,0,47.7,-100.0,Mid-Range
CAMP0009444,CUST01251,Paid Social,2024-02-19,2024-02,0,0,0,0,1475.87,-100.0,Mid-Range
CAMP0009445,CUST01252,Display Ad,2023-11-21,2023-11,0,0,0,0,598.56,-100.0,Premium
CAMP0009446,CUST01252,Display Ad,2023-09-01,2023-09,0,0,0,0,531.75,-100.0,Premium
CAMP0009447,CUST01252,Paid Social,2023-05-28,2023-05,0,0,0,0,2185.21,-100.0,Premium
CAMP0009448,CUST01252,Email,2023-04-30,2023-04,0,0,0,0,28.3,-100.0,Premium
CAMP0009449,CUST01252,Push Notification,2023-10-13,2023-10,0,0,0,0,17.65,-100.0,Premium
CAMP0009450,CUST01252,SMS,2023-06-13,2023-06,1,0,0,0,73.8,-100.0,Premium
CAMP0009451,CUST01252,Influencer,2023-08-01,2023-08,1,1,0,0,1540.52,-100.0,Premium
CAMP0009452,CUST01252,Email,2023-08-20,2023-08,0,0,0,0,51.73,-100.0,Premium
CAMP0009453,CUST01252,Email,2024-03-04,2024-03,0,0,0,0,37.55,-100.0,Premium
CAMP0009454,CUST01253,Influencer,2023-04-30,2023-04,0,0,0,0,525.93,-100.0,Budget
CAMP0009455,CUST01253,Paid Social,2023-07-01,2023-07,0,0,0,0,2122.09,-100.0,Budget
CAMP0009456,CUST01253,Push Notification,2024-01-14,2024-01,1,1,1,79.72,18.08,340.9,Budget
CAMP0009457,CUST01253,Email,2023-12-28,2023-12,0,0,0,0,21.82,-100.0,Budget
CAMP0009458,CUST01253,Push Notification,2024-03-01,2024-03,1,1,0,0,15.11,-100.0,Budget
CAMP0009459,CUST01253,Email,2023-10-07,2023-10,0,0,0,0,23.14,-100.0,Budget
CAMP0009460,CUST01253,Push Notification,2023-11-09,2023-11,0,0,0,0,8.73,-100.0,Budget
CAMP0009461,CUST01253,Push Notification,2024-03-10,2024-03,0,0,0,0,12.35,-100.0,Budget
CAMP0009462,CUST01253,Email,2024-01-12,2024-01,1,1,0,0,49.86,-100.0,Budget
CAMP0009463,CUST01253,Email,2024-03-07,2024-03,0,0,0,0,20.7,-100.0,Budget
CAMP0009464,CUST01254,Email,2023-02-11,2023-02,0,0,0,0,41.62,-100.0,Mid-Range
CAMP0009465,CUST01254,Email,2023-06-01,2023-06,0,0,0,0,40.85,-100.0,Mid-Range
CAMP0009466,CUST01254,Influencer,2022-06-03,2022-06,0,0,0,0,1518.13,-100.0,Mid-Range
CAMP0009467,CUST01255,Paid Social,2024-02-27,2024-02,0,0,0,0,2055.24,-100.0,Budget
CAMP0009468,CUST01255,SMS,2023-09-14,2023-09,0,0,0,0,96.13,-100.0,Budget
CAMP0009469,CUST01255,SMS,2024-03-18,2024-03,0,0,0,0,106.4,-100.0,Budget
CAMP0009470,CUST01255,Email,2024-01-18,2024-01,0,0,0,0,16.2,-100.0,Budget
CAMP0009471,CUST01255,Push Notification,2024-01-16,2024-01,0,0,0,0,23.14,-100.0,Budget
CAMP0009472,CUST01255,Email,2023-08-26,2023-08,0,0,0,0,16.11,-100.0,Budget
CAMP0009473,CUST01255,Push Notification,2023-09-20,2023-09,0,0,0,0,22.01,-100.0,Budget
CAMP0009474,CUST01255,Push Notification,2023-12-15,2023-12,0,0,0,0,16.73,-100.0,Budget
CAMP0009475,CUST01255,Influencer,2023-11-19,2023-11,0,0,0,0,575.24,-100.0,Budget
CAMP0009476,CUST01255,Influencer,2023-12-26,2023-12,0,0,0,0,735.37,-100.0,Budget
CAMP0009477,CUST01255,Email,2023-12-21,2023-12,1,0,0,0,38.5,-100.0,Budget
CAMP0009478,CUST01256,Display Ad,2024-01-04,2024-01,0,0,0,0,892.66,-100.0,Mid-Range
CAMP0009479,CUST01256,Email,2023-12-01,2023-12,0,0,0,0,25.45,-100.0,Mid-Range
CAMP0009480,CUST01256,Email,2023-11-30,2023-11,1,0,0,0,16.8,-100.0,Mid-Range
CAMP0009481,CUST01256,Push Notification,2023-12-09,2023-12,1,0,0,0,24.64,-100.0,Mid-Range
CAMP0009482,CUST01256,Email,2024-03-01,2024-03,0,0,0,0,55.29,-100.0,Mid-Range
CAMP0009483,CUST01256,Email,2023-11-22,2023-11,0,0,0,0,44.22,-100.0,Mid-Range
CAMP0009484,CUST01256,Paid Social,2023-12-25,2023-12,0,0,0,0,1342.76,-100.0,Mid-Range
CAMP0009485,CUST01256,Push Notification,2023-10-14,2023-10,0,0,0,0,18.26,-100.0,Mid-Range
CAMP0009486,CUST01256,Email,2024-01-12,2024-01,1,0,0,0,33.93,-100.0,Mid-Range
CAMP0009487,CUST01256,Display Ad,2024-01-27,2024-01,0,0,0,0,748.1,-100.0,Mid-Range
CAMP0009488,CUST01257,Display Ad,2024-01-01,2024-01,0,0,0,0,296.93,-100.0,Mid-Range
CAMP0009489,CUST01257,Email,2023-10-07,2023-10,0,0,0,0,38.51,-100.0,Mid-Range
CAMP0009490,CUST01257,Email,2023-10-27,2023-10,1,0,0,0,23.59,-100.0,Mid-Range
CAMP0009491,CUST01257,Paid Social,2024-03-01,2024-03,0,0,0,0,1136.75,-100.0,Mid-Range
CAMP0009492,CUST01258,Paid Social,2024-02-24,2024-02,0,0,0,0,2141.61,-100.0,Premium
CAMP0009493,CUST01258,Email,2023-10-25,2023-10,0,0,0,0,54.57,-100.0,Premium
CAMP0009494,CUST01258,SMS,2023-10-25,2023-10,0,0,0,0,44.97,-100.0,Premium
CAMP0009495,CUST01258,Paid Social,2023-10-22,2023-10,0,0,0,0,1670.9,-100.0,Premium
CAMP0009496,CUST01258,Email,2023-07-24,2023-07,0,0,0,0,38.34,-100.0,Premium
CAMP0009497,CUST01258,Display Ad,2023-09-12,2023-09,0,0,0,0,495.17,-100.0,Premium
CAMP0009498,CUST01258,Email,2023-10-25,2023-10,0,0,0,0,47.75,-100.0,Premium
CAMP0009499,CUST01258,Paid Social,2023-08-01,2023-08,0,0,0,0,1545.02,-100.0,Premium
CAMP0009500,CUST01258,Email,2023-11-18,2023-11,1,1,0,0,23.32,-100.0,Premium
CAMP0009501,CUST01258,Influencer,2023-08-12,2023-08,0,0,0,0,1257.33,-100.0,Premium
CAMP0009502,CUST01259,Display Ad,2024-02-21,2024-02,0,0,0,0,631.06,-100.0,Mid-Range
CAMP0009503,CUST01259,Push Notification,2022-09-21,2022-09,0,0,0,0,8.45,-100.0,Mid-Range
CAMP0009504,CUST01259,SMS,2023-12-11,2023-12,0,0,0,0,62.55,-100.0,Mid-Range
CAMP0009505,CUST01259,Email,2023-06-12,2023-06,0,0,0,0,41.78,-100.0,Mid-Range
CAMP0009506,CUST01259,Influencer,2023-01-28,2023-01,1,0,0,0,717.85,-100.0,Mid-Range
CAMP0009507,CUST01259,Paid Social,2023-01-10,2023-01,0,0,0,0,2140.15,-100.0,Mid-Range
CAMP0009508,CUST01260,Paid Social,2023-01-04,2023-01,0,0,0,0,2101.83,-100.0,Mid-Range
CAMP0009509,CUST01260,Email,2024-03-05,2024-03,0,0,0,0,25.93,-100.0,Mid-Range
CAMP0009510,CUST01260,SMS,2022-07-09,2022-07,0,0,0,0,52.79,-100.0,Mid-Range
CAMP0009511,CUST01261,Paid Social,2024-01-05,2024-01,0,0,0,0,694.0,-100.0,Budget
CAMP0009512,CUST01261,Email,2023-07-31,2023-07,0,0,0,0,26.48,-100.0,Budget
CAMP0009513,CUST01261,Influencer,2024-01-30,2024-01,0,0,0,0,794.07,-100.0,Budget
CAMP0009514,CUST01261,Influencer,2023-09-29,2023-09,1,1,1,159.85,571.02,-72.0,Budget
CAMP0009515,CUST01261,Email,2024-03-07,2024-03,0,0,0,0,48.36,-100.0,Budget
CAMP0009516,CUST01261,Email,2023-07-25,2023-07,1,0,0,0,35.36,-100.0,Budget
CAMP0009517,CUST01261,Push Notification,2023-03-22,2023-03,0,0,0,0,26.22,-100.0,Budget
CAMP0009518,CUST01261,Email,2023-03-31,2023-03,0,0,0,0,41.65,-100.0,Budget
CAMP0009519,CUST01261,Paid Social,2024-01-29,2024-01,0,0,0,0,1441.46,-100.0,Budget
CAMP0009520,CUST01262,Email,2023-08-11,2023-08,0,0,0,0,51.1,-100.0,Mid-Range
CAMP0009521,CUST01262,Paid Social,2022-10-05,2022-10,0,0,0,0,896.15,-100.0,Mid-Range
CAMP0009522,CUST01262,Paid Social,2024-01-31,2024-01,0,0,0,0,1646.92,-100.0,Mid-Range
CAMP0009523,CUST01262,Paid Social,2024-03-05,2024-03,0,0,0,0,2166.97,-100.0,Mid-Range
CAMP0009524,CUST01263,Push Notification,2024-01-28,2024-01,0,0,0,0,16.79,-100.0,Mid-Range
CAMP0009525,CUST01263,Influencer,2024-02-18,2024-02,0,0,0,0,1379.9,-100.0,Mid-Range
CAMP0009526,CUST01263,Paid Social,2023-12-19,2023-12,0,0,0,0,1184.73,-100.0,Mid-Range
CAMP0009527,CUST01263,Email,2024-03-28,2024-03,0,0,0,0,37.67,-100.0,Mid-Range
CAMP0009528,CUST01264,Email,2023-04-18,2023-04,0,0,0,0,58.58,-100.0,Budget
CAMP0009529,CUST01264,Email,2023-10-01,2023-10,0,0,0,0,53.31,-100.0,Budget
CAMP0009530,CUST01264,Display Ad,2023-11-02,2023-11,0,0,0,0,452.09,-100.0,Budget
CAMP0009531,CUST01264,Email,2024-03-07,2024-03,0,0,0,0,39.73,-100.0,Budget
CAMP0009532,CUST01264,Email,2023-06-15,2023-06,0,0,0,0,30.66,-100.0,Budget
CAMP0009533,CUST01264,Display Ad,2023-02-01,2023-02,0,0,0,0,647.32,-100.0,Budget
CAMP0009534,CUST01265,Paid Social,2023-07-04,2023-07,0,0,0,0,2545.83,-100.0,Mid-Range
CAMP0009535,CUST01265,Email,2023-02-22,2023-02,0,0,0,0,51.29,-100.0,Mid-Range
CAMP0009536,CUST01265,Influencer,2023-04-10,2023-04,0,0,0,0,446.25,-100.0,Mid-Range
CAMP0009537,CUST01265,Email,2023-04-06,2023-04,0,0,0,0,42.17,-100.0,Mid-Range
CAMP0009538,CUST01265,SMS,2023-07-21,2023-07,0,0,0,0,47.85,-100.0,Mid-Range
CAMP0009539,CUST01265,Influencer,2023-03-30,2023-03,0,0,0,0,655.66,-100.0,Mid-Range
CAMP0009540,CUST01265,Email,2023-10-12,2023-10,0,0,0,0,24.01,-100.0,Mid-Range
CAMP0009541,CUST01266,Paid Social,2024-03-05,2024-03,0,0,0,0,2528.89,-100.0,Budget
CAMP0009542,CUST01266,Email,2022-09-18,2022-09,0,0,0,0,42.41,-100.0,Budget
CAMP0009543,CUST01266,Email,2024-02-05,2024-02,0,0,0,0,39.66,-100.0,Budget
CAMP0009544,CUST01266,Email,2022-04-29,2022-04,0,0,0,0,33.01,-100.0,Budget
CAMP0009545,CUST01267,Paid Social,2023-04-21,2023-04,0,0,0,0,1976.6,-100.0,Luxury
CAMP0009546,CUST01267,Paid Social,2023-09-25,2023-09,0,0,0,0,1914.85,-100.0,Luxury
CAMP0009547,CUST01267,Push Notification,2023-01-21,2023-01,0,0,0,0,18.04,-100.0,Luxury
CAMP0009548,CUST01267,Email,2022-11-25,2022-11,0,0,0,0,35.46,-100.0,Luxury
CAMP0009549,CUST01267,Email,2023-07-16,2023-07,0,0,0,0,50.04,-100.0,Luxury
CAMP0009550,CUST01267,SMS,2023-12-21,2023-12,0,0,0,0,99.33,-100.0,Luxury
CAMP0009551,CUST01267,SMS,2022-12-20,2022-12,0,0,0,0,44.55,-100.0,Luxury
CAMP0009552,CUST01267,Paid Social,2023-06-25,2023-06,0,0,0,0,1713.69,-100.0,Luxury
CAMP0009553,CUST01268,Influencer,2023-10-15,2023-10,1,0,0,0,1033.45,-100.0,Mid-Range
CAMP0009554,CUST01268,Push Notification,2022-12-15,2022-12,1,0,0,0,16.13,-100.0,Mid-Range
CAMP0009555,CUST01268,Email,2023-05-08,2023-05,0,0,0,0,43.36,-100.0,Mid-Range
CAMP0009556,CUST01268,Display Ad,2022-12-19,2022-12,0,0,0,0,738.44,-100.0,Mid-Range
CAMP0009557,CUST01268,Paid Social,2023-09-11,2023-09,0,0,0,0,1350.35,-100.0,Mid-Range
CAMP0009558,CUST01268,Push Notification,2022-12-06,2022-12,0,0,0,0,14.42,-100.0,Mid-Range
CAMP0009559,CUST01268,Paid Social,2024-03-21,2024-03,0,0,0,0,1695.93,-100.0,Mid-Range
CAMP0009560,CUST01268,Influencer,2023-07-18,2023-07,1,0,0,0,1356.61,-100.0,Mid-Range
CAMP0009561,CUST01269,Email,2024-03-27,2024-03,0,0,0,0,25.15,-100.0,Mid-Range
CAMP0009562,CUST01269,Display Ad,2023-12-03,2023-12,0,0,0,0,291.82,-100.0,Mid-Range
CAMP0009563,CUST01269,Email,2024-01-26,2024-01,1,0,0,0,40.88,-100.0,Mid-Range
CAMP0009564,CUST01269,Influencer,2024-01-09,2024-01,0,0,0,0,1112.28,-100.0,Mid-Range
CAMP0009565,CUST01269,Paid Social,2023-09-19,2023-09,0,0,0,0,1252.04,-100.0,Mid-Range
CAMP0009566,CUST01270,Influencer,2023-05-08,2023-05,1,1,0,0,970.54,-100.0,Premium
CAMP0009567,CUST01270,Paid Social,2023-03-16,2023-03,0,0,0,0,2027.51,-100.0,Premium
CAMP0009568,CUST01270,SMS,2023-06-08,2023-06,0,0,0,0,74.35,-100.0,Premium
CAMP0009569,CUST01270,Paid Social,2022-03-23,2022-03,0,0,0,0,1874.95,-100.0,Premium
CAMP0009570,CUST01270,Influencer,2023-03-14,2023-03,1,1,0,0,526.76,-100.0,Premium
CAMP0009571,CUST01270,Email,2022-10-22,2022-10,0,0,0,0,18.82,-100.0,Premium
CAMP0009572,CUST01271,Email,2023-12-31,2023-12,0,0,0,0,52.43,-100.0,Budget
CAMP0009573,CUST01271,SMS,2024-01-15,2024-01,0,0,0,0,51.01,-100.0,Budget
CAMP0009574,CUST01271,Paid Social,2023-12-24,2023-12,0,0,0,0,1072.82,-100.0,Budget
CAMP0009575,CUST01271,Email,2023-05-10,2023-05,0,0,0,0,36.98,-100.0,Budget
CAMP0009576,CUST01271,Email,2022-12-14,2022-12,1,0,0,0,28.12,-100.0,Budget
CAMP0009577,CUST01271,Influencer,2023-03-31,2023-03,0,0,0,0,864.13,-100.0,Budget
CAMP0009578,CUST01271,Email,2023-11-21,2023-11,0,0,0,0,26.86,-100.0,Budget
CAMP0009579,CUST01272,Influencer,2023-07-20,2023-07,0,0,0,0,527.42,-100.0,Budget
CAMP0009580,CUST01272,Email,2022-09-21,2022-09,0,0,0,0,23.8,-100.0,Budget
CAMP0009581,CUST01272,SMS,2023-03-09,2023-03,1,1,0,0,74.05,-100.0,Budget
CAMP0009582,CUST01272,Paid Social,2023-09-09,2023-09,0,0,0,0,2052.16,-100.0,Budget
CAMP0009583,CUST01272,Paid Social,2023-08-25,2023-08,0,0,0,0,1663.6,-100.0,Budget
CAMP0009584,CUST01272,Email,2023-05-25,2023-05,1,0,0,0,48.03,-100.0,Budget
CAMP0009585,CUST01272,Influencer,2022-10-31,2022-10,0,0,0,0,1392.86,-100.0,Budget
CAMP0009586,CUST01272,Email,2023-10-23,2023-10,0,0,0,0,37.4,-100.0,Budget
CAMP0009587,CUST01272,Paid Social,2023-04-12,2023-04,0,0,0,0,1258.83,-100.0,Budget
CAMP0009588,CUST01272,Influencer,2022-10-07,2022-10,0,0,0,0,971.69,-100.0,Budget
CAMP0009589,CUST01272,Email,2023-12-15,2023-12,0,0,0,0,33.89,-100.0,Budget
CAMP0009590,CUST01272,Paid Social,2022-08-26,2022-08,0,0,0,0,1598.76,-100.0,Budget
CAMP0009591,CUST01273,Email,2024-02-10,2024-02,0,0,0,0,23.09,-100.0,Mid-Range
CAMP0009592,CUST01273,Email,2024-01-22,2024-01,0,0,0,0,32.39,-100.0,Mid-Range
CAMP0009593,CUST01273,Influencer,2023-09-08,2023-09,0,0,0,0,1326.41,-100.0,Mid-Range
CAMP0009594,CUST01273,Paid Social,2024-03-19,2024-03,0,0,0,0,1597.32,-100.0,Mid-Range
CAMP0009595,CUST01273,Email,2024-03-07,2024-03,0,0,0,0,41.11,-100.0,Mid-Range
CAMP0009596,CUST01273,Influencer,2024-01-01,2024-01,1,1,0,0,1488.5,-100.0,Mid-Range
CAMP0009597,CUST01273,SMS,2024-02-27,2024-02,0,0,0,0,99.79,-100.0,Mid-Range
CAMP0009598,CUST01273,Display Ad,2024-02-17,2024-02,0,0,0,0,583.44,-100.0,Mid-Range
CAMP0009599,CUST01273,Influencer,2024-01-02,2024-01,0,0,0,0,1603.22,-100.0,Mid-Range
CAMP0009600,CUST01273,Push Notification,2023-11-03,2023-11,0,0,0,0,13.9,-100.0,Mid-Range
CAMP0009601,CUST01273,Push Notification,2024-03-11,2024-03,1,1,0,0,16.13,-100.0,Mid-Range
CAMP0009602,CUST01274,Influencer,2024-01-28,2024-01,0,0,0,0,1355.8,-100.0,Premium
CAMP0009603,CUST01274,Paid Social,2023-12-27,2023-12,0,0,0,0,930.26,-100.0,Premium
CAMP0009604,CUST01274,Email,2023-02-22,2023-02,0,0,0,0,42.6,-100.0,Premium
CAMP0009605,CUST01275,Influencer,2024-03-13,2024-03,0,0,0,0,1380.64,-100.0,Budget
CAMP0009606,CUST01275,Push Notification,2023-12-30,2023-12,0,0,0,0,9.54,-100.0,Budget
CAMP0009607,CUST01275,Push Notification,2024-01-07,2024-01,0,0,0,0,10.23,-100.0,Budget
CAMP0009608,CUST01275,Display Ad,2023-12-08,2023-12,0,0,0,0,613.97,-100.0,Budget
CAMP0009609,CUST01275,SMS,2024-02-13,2024-02,0,0,0,0,95.77,-100.0,Budget
CAMP0009610,CUST01275,Push Notification,2023-11-18,2023-11,0,0,0,0,27.57,-100.0,Budget
CAMP0009611,CUST01275,Email,2024-01-29,2024-01,0,0,0,0,19.01,-100.0,Budget
CAMP0009612,CUST01275,Push Notification,2023-08-16,2023-08,0,0,0,0,18.0,-100.0,Budget
CAMP0009613,CUST01275,Email,2024-01-27,2024-01,0,0,0,0,50.55,-100.0,Budget
CAMP0009614,CUST01275,Email,2024-02-09,2024-02,0,0,0,0,32.63,-100.0,Budget
CAMP0009615,CUST01276,Paid Social,2022-09-17,2022-09,0,0,0,0,885.17,-100.0,Budget
CAMP0009616,CUST01276,Email,2023-07-26,2023-07,0,0,0,0,59.49,-100.0,Budget
CAMP0009617,CUST01276,Email,2023-09-26,2023-09,1,0,0,0,18.16,-100.0,Budget
CAMP0009618,CUST01276,Email,2023-09-16,2023-09,1,1,1,72.99,52.75,38.4,Budget
CAMP0009619,CUST01276,Paid Social,2022-05-31,2022-05,1,0,0,0,1012.05,-100.0,Budget
CAMP0009620,CUST01276,Influencer,2022-07-15,2022-07,0,0,0,0,1251.7,-100.0,Budget
CAMP0009621,CUST01276,Push Notification,2022-11-18,2022-11,1,0,0,0,14.91,-100.0,Budget
CAMP0009622,CUST01276,SMS,2023-09-29,2023-09,1,1,0,0,88.51,-100.0,Budget
CAMP0009623,CUST01276,Push Notification,2022-06-03,2022-06,0,0,0,0,28.84,-100.0,Budget
CAMP0009624,CUST01276,Email,2022-05-24,2022-05,0,0,0,0,58.83,-100.0,Budget
CAMP0009625,CUST01276,Push Notification,2022-05-08,2022-05,0,0,0,0,13.07,-100.0,Budget
CAMP0009626,CUST01277,Influencer,2023-01-05,2023-01,1,0,0,0,1449.25,-100.0,Premium
CAMP0009627,CUST01277,Email,2024-02-03,2024-02,0,0,0,0,56.49,-100.0,Premium
CAMP0009628,CUST01277,Email,2023-06-27,2023-06,0,0,0,0,49.48,-100.0,Premium
CAMP0009629,CUST01278,Paid Social,2024-02-14,2024-02,0,0,0,0,1216.31,-100.0,Mid-Range
CAMP0009630,CUST01278,Push Notification,2023-09-06,2023-09,0,0,0,0,25.84,-100.0,Mid-Range
CAMP0009631,CUST01278,Push Notification,2024-02-21,2024-02,0,0,0,0,19.59,-100.0,Mid-Range
CAMP0009632,CUST01278,Paid Social,2023-09-11,2023-09,0,0,0,0,2030.36,-100.0,Mid-Range
CAMP0009633,CUST01278,Email,2023-11-20,2023-11,0,0,0,0,47.09,-100.0,Mid-Range
CAMP0009634,CUST01278,Paid Social,2023-08-15,2023-08,0,0,0,0,2324.34,-100.0,Mid-Range
CAMP0009635,CUST01278,Paid Social,2023-09-22,2023-09,0,0,0,0,2198.14,-100.0,Mid-Range
CAMP0009636,CUST01278,Paid Social,2023-12-01,2023-12,1,0,0,0,2531.35,-100.0,Mid-Range
CAMP0009637,CUST01278,SMS,2023-09-12,2023-09,0,0,0,0,89.43,-100.0,Mid-Range
CAMP0009638,CUST01278,Influencer,2023-12-27,2023-12,0,0,0,0,1294.32,-100.0,Mid-Range
CAMP0009639,CUST01278,Display Ad,2023-09-23,2023-09,0,0,0,0,777.62,-100.0,Mid-Range
CAMP0009640,CUST01278,Push Notification,2023-09-09,2023-09,1,1,0,0,10.79,-100.0,Mid-Range
CAMP0009641,CUST01279,Paid Social,2024-02-07,2024-02,0,0,0,0,2007.6,-100.0,Luxury
CAMP0009642,CUST01279,Push Notification,2023-07-28,2023-07,0,0,0,0,29.51,-100.0,Luxury
CAMP0009643,CUST01279,Email,2023-06-30,2023-06,0,0,0,0,58.36,-100.0,Luxury
CAMP0009644,CUST01279,Influencer,2022-12-17,2022-12,0,0,0,0,1448.09,-100.0,Luxury
CAMP0009645,CUST01279,SMS,2023-03-22,2023-03,1,1,0,0,66.33,-100.0,Luxury
CAMP0009646,CUST01279,Email,2023-07-10,2023-07,1,1,0,0,49.97,-100.0,Luxury
CAMP0009647,CUST01279,Influencer,2023-12-31,2023-12,0,0,0,0,777.87,-100.0,Luxury
CAMP0009648,CUST01279,Display Ad,2023-09-26,2023-09,0,0,0,0,529.86,-100.0,Luxury
CAMP0009649,CUST01279,Influencer,2023-10-22,2023-10,0,0,0,0,976.09,-100.0,Luxury
CAMP0009650,CUST01279,Influencer,2023-02-13,2023-02,0,0,0,0,1292.41,-100.0,Luxury
CAMP0009651,CUST01279,Email,2023-02-27,2023-02,0,0,0,0,21.58,-100.0,Luxury
CAMP0009652,CUST01279,Email,2024-02-04,2024-02,0,0,0,0,52.35,-100.0,Luxury
CAMP0009653,CUST01280,Paid Social,2023-10-02,2023-10,1,0,0,0,688.86,-100.0,Premium
CAMP0009654,CUST01280,Email,2023-07-16,2023-07,0,0,0,0,20.27,-100.0,Premium
CAMP0009655,CUST01280,Display Ad,2023-07-08,2023-07,0,0,0,0,456.47,-100.0,Premium
CAMP0009656,CUST01280,Email,2024-03-22,2024-03,1,1,1,99.89,42.19,136.8,Premium
CAMP0009657,CUST01280,Email,2024-03-11,2024-03,0,0,0,0,46.43,-100.0,Premium
CAMP0009658,CUST01280,SMS,2023-08-28,2023-08,1,0,0,0,102.92,-100.0,Premium
CAMP0009659,CUST01281,Influencer,2024-02-09,2024-02,0,0,0,0,966.19,-100.0,Budget
CAMP0009660,CUST01281,Email,2024-01-08,2024-01,0,0,0,0,27.67,-100.0,Budget
CAMP0009661,CUST01281,SMS,2024-01-11,2024-01,1,1,0,0,35.56,-100.0,Budget
CAMP0009662,CUST01281,SMS,2023-08-28,2023-08,0,0,0,0,48.36,-100.0,Budget
CAMP0009663,CUST01281,Paid Social,2023-06-25,2023-06,0,0,0,0,978.98,-100.0,Budget
CAMP0009664,CUST01282,Email,2023-08-01,2023-08,0,0,0,0,35.74,-100.0,Mid-Range
CAMP0009665,CUST01282,Email,2023-03-05,2023-03,1,0,0,0,24.39,-100.0,Mid-Range
CAMP0009666,CUST01282,Email,2024-03-17,2024-03,0,0,0,0,45.17,-100.0,Mid-Range
CAMP0009667,CUST01282,Push Notification,2023-03-29,2023-03,1,0,0,0,10.39,-100.0,Mid-Range
CAMP0009668,CUST01283,Email,2024-03-11,2024-03,0,0,0,0,22.3,-100.0,Premium
CAMP0009669,CUST01283,Email,2022-07-06,2022-07,0,0,0,0,47.39,-100.0,Premium
CAMP0009670,CUST01283,Paid Social,2023-08-30,2023-08,0,0,0,0,1421.81,-100.0,Premium
CAMP0009671,CUST01283,SMS,2023-06-28,2023-06,0,0,0,0,115.62,-100.0,Premium
CAMP0009672,CUST01283,Paid Social,2023-03-24,2023-03,0,0,0,0,1545.89,-100.0,Premium
CAMP0009673,CUST01283,Display Ad,2024-03-29,2024-03,1,0,0,0,386.91,-100.0,Premium
CAMP0009674,CUST01283,Paid Social,2023-07-30,2023-07,0,0,0,0,1041.51,-100.0,Premium
CAMP0009675,CUST01283,SMS,2023-06-13,2023-06,0,0,0,0,67.79,-100.0,Premium
CAMP0009676,CUST01283,Influencer,2023-03-02,2023-03,0,0,0,0,1091.67,-100.0,Premium
CAMP0009677,CUST01283,Influencer,2023-06-15,2023-06,0,0,0,0,716.71,-100.0,Premium
CAMP0009678,CUST01283,Display Ad,2022-09-09,2022-09,0,0,0,0,1039.2,-100.0,Premium
CAMP0009679,CUST01283,Email,2022-10-29,2022-10,0,0,0,0,53.42,-100.0,Premium
CAMP0009680,CUST01284,Email,2023-12-25,2023-12,0,0,0,0,50.82,-100.0,Budget
CAMP0009681,CUST01284,Push Notification,2022-08-31,2022-08,0,0,0,0,8.23,-100.0,Budget
CAMP0009682,CUST01284,Influencer,2023-03-18,2023-03,0,0,0,0,1268.93,-100.0,Budget
CAMP0009683,CUST01284,Push Notification,2023-06-22,2023-06,0,0,0,0,21.51,-100.0,Budget
CAMP0009684,CUST01284,Email,2023-06-29,2023-06,0,0,0,0,44.05,-100.0,Budget
CAMP0009685,CUST01285,Influencer,2023-09-25,2023-09,0,0,0,0,679.62,-100.0,Budget
CAMP0009686,CUST01285,Email,2024-02-01,2024-02,1,0,0,0,49.59,-100.0,Budget
CAMP0009687,CUST01285,SMS,2024-01-12,2024-01,0,0,0,0,61.13,-100.0,Budget
CAMP0009688,CUST01285,Influencer,2023-09-04,2023-09,0,0,0,0,718.52,-100.0,Budget
CAMP0009689,CUST01285,Email,2024-01-18,2024-01,0,0,0,0,32.93,-100.0,Budget
CAMP0009690,CUST01286,Email,2023-05-16,2023-05,1,1,1,54.16,52.2,3.8,Premium
CAMP0009691,CUST01286,Paid Social,2023-10-05,2023-10,0,0,0,0,1625.34,-100.0,Premium
CAMP0009692,CUST01286,Push Notification,2023-09-10,2023-09,1,0,0,0,12.06,-100.0,Premium
CAMP0009693,CUST01286,Email,2023-07-24,2023-07,1,1,0,0,24.38,-100.0,Premium
CAMP0009694,CUST01286,Paid Social,2023-02-22,2023-02,0,0,0,0,2493.77,-100.0,Premium
CAMP0009695,CUST01286,Email,2023-03-10,2023-03,0,0,0,0,45.84,-100.0,Premium
CAMP0009696,CUST01286,Influencer,2023-03-13,2023-03,1,1,1,120.98,1399.44,-91.4,Premium
CAMP0009697,CUST01286,Paid Social,2022-12-02,2022-12,0,0,0,0,2419.44,-100.0,Premium
CAMP0009698,CUST01286,Email,2023-05-12,2023-05,0,0,0,0,39.23,-100.0,Premium
CAMP0009699,CUST01286,Display Ad,2023-12-30,2023-12,0,0,0,0,341.44,-100.0,Premium
CAMP0009700,CUST01286,Influencer,2022-12-09,2022-12,0,0,0,0,1492.97,-100.0,Premium
CAMP0009701,CUST01287,SMS,2023-12-05,2023-12,0,0,0,0,119.52,-100.0,Premium
CAMP0009702,CUST01287,Paid Social,2023-05-22,2023-05,0,0,0,0,1683.37,-100.0,Premium
CAMP0009703,CUST01287,Paid Social,2023-04-14,2023-04,0,0,0,0,2236.53,-100.0,Premium
CAMP0009704,CUST01287,Influencer,2023-04-10,2023-04,0,0,0,0,729.4,-100.0,Premium
CAMP0009705,CUST01287,SMS,2023-06-16,2023-06,0,0,0,0,80.16,-100.0,Premium
CAMP0009706,CUST01287,Email,2023-06-01,2023-06,0,0,0,0,57.33,-100.0,Premium
CAMP0009707,CUST01287,Influencer,2024-01-28,2024-01,0,0,0,0,548.17,-100.0,Premium
CAMP0009708,CUST01287,Email,2023-08-16,2023-08,0,0,0,0,57.28,-100.0,Premium
CAMP0009709,CUST01287,Display Ad,2023-11-22,2023-11,0,0,0,0,820.4,-100.0,Premium
CAMP0009710,CUST01287,Email,2023-09-22,2023-09,0,0,0,0,53.47,-100.0,Premium
CAMP0009711,CUST01287,Email,2024-02-09,2024-02,1,0,0,0,42.4,-100.0,Premium
CAMP0009712,CUST01288,Push Notification,2023-04-28,2023-04,1,0,0,0,25.09,-100.0,Premium
CAMP0009713,CUST01288,Email,2023-03-18,2023-03,0,0,0,0,58.44,-100.0,Premium
CAMP0009714,CUST01288,Push Notification,2022-10-24,2022-10,0,0,0,0,20.53,-100.0,Premium
CAMP0009715,CUST01288,Paid Social,2023-12-20,2023-12,0,0,0,0,973.25,-100.0,Premium
CAMP0009716,CUST01288,Email,2022-05-01,2022-05,1,0,0,0,29.98,-100.0,Premium
CAMP0009717,CUST01288,Email,2022-12-28,2022-12,1,0,0,0,47.91,-100.0,Premium
CAMP0009718,CUST01288,Push Notification,2022-04-05,2022-04,1,1,1,72.57,8.86,719.1,Premium
CAMP0009719,CUST01288,Display Ad,2022-10-08,2022-10,0,0,0,0,624.03,-100.0,Premium
CAMP0009720,CUST01288,Paid Social,2022-05-08,2022-05,0,0,0,0,1113.83,-100.0,Premium
CAMP0009721,CUST01288,Paid Social,2023-06-02,2023-06,0,0,0,0,2282.55,-100.0,Premium
CAMP0009722,CUST01288,Push Notification,2022-11-25,2022-11,0,0,0,0,11.87,-100.0,Premium
CAMP0009723,CUST01288,Paid Social,2022-06-05,2022-06,0,0,0,0,1873.83,-100.0,Premium
CAMP0009724,CUST01289,Email,2024-02-02,2024-02,1,0,0,0,43.38,-100.0,Mid-Range
CAMP0009725,CUST01289,Influencer,2023-11-17,2023-11,0,0,0,0,1367.85,-100.0,Mid-Range
CAMP0009726,CUST01289,Influencer,2022-10-22,2022-10,1,0,0,0,1546.48,-100.0,Mid-Range
CAMP0009727,CUST01289,Email,2024-01-30,2024-01,0,0,0,0,59.55,-100.0,Mid-Range
CAMP0009728,CUST01289,Email,2022-06-24,2022-06,0,0,0,0,40.08,-100.0,Mid-Range
CAMP0009729,CUST01289,Email,2023-09-29,2023-09,0,0,0,0,39.89,-100.0,Mid-Range
CAMP0009730,CUST01290,Email,2023-04-10,2023-04,0,0,0,0,32.15,-100.0,Premium
CAMP0009731,CUST01290,Push Notification,2023-11-23,2023-11,0,0,0,0,12.04,-100.0,Premium
CAMP0009732,CUST01290,Paid Social,2023-08-04,2023-08,0,0,0,0,1691.62,-100.0,Premium
CAMP0009733,CUST01291,Influencer,2023-10-27,2023-10,1,0,0,0,1355.93,-100.0,Mid-Range
CAMP0009734,CUST01291,Influencer,2023-05-09,2023-05,0,0,0,0,939.39,-100.0,Mid-Range
CAMP0009735,CUST01291,Paid Social,2023-11-28,2023-11,0,0,0,0,730.49,-100.0,Mid-Range
CAMP0009736,CUST01291,Paid Social,2023-07-18,2023-07,0,0,0,0,2013.95,-100.0,Mid-Range
CAMP0009737,CUST01291,Paid Social,2023-05-01,2023-05,0,0,0,0,1118.85,-100.0,Mid-Range
CAMP0009738,CUST01291,Email,2024-03-07,2024-03,0,0,0,0,41.13,-100.0,Mid-Range
CAMP0009739,CUST01292,Influencer,2022-10-25,2022-10,1,0,0,0,579.11,-100.0,Premium
CAMP0009740,CUST01292,Influencer,2023-03-03,2023-03,0,0,0,0,581.52,-100.0,Premium
CAMP0009741,CUST01292,Email,2022-02-18,2022-02,0,0,0,0,31.16,-100.0,Premium
CAMP0009742,CUST01292,SMS,2023-03-24,2023-03,0,0,0,0,43.1,-100.0,Premium
CAMP0009743,CUST01293,Email,2024-03-13,2024-03,0,0,0,0,53.57,-100.0,Luxury
CAMP0009744,CUST01293,Display Ad,2023-10-24,2023-10,0,0,0,0,724.35,-100.0,Luxury
CAMP0009745,CUST01293,Influencer,2023-03-21,2023-03,0,0,0,0,542.87,-100.0,Luxury
CAMP0009746,CUST01293,Paid Social,2023-11-12,2023-11,0,0,0,0,710.87,-100.0,Luxury
CAMP0009747,CUST01293,SMS,2023-06-05,2023-06,0,0,0,0,32.3,-100.0,Luxury
CAMP0009748,CUST01293,Email,2023-04-23,2023-04,0,0,0,0,35.04,-100.0,Luxury
CAMP0009749,CUST01293,Paid Social,2023-12-18,2023-12,0,0,0,0,1893.63,-100.0,Luxury
CAMP0009750,CUST01293,Display Ad,2024-01-03,2024-01,0,0,0,0,662.09,-100.0,Luxury
CAMP0009751,CUST01293,Email,2023-06-05,2023-06,1,1,1,192.26,43.64,340.6,Luxury
CAMP0009752,CUST01294,Influencer,2023-10-05,2023-10,0,0,0,0,1470.9,-100.0,Mid-Range
CAMP0009753,CUST01294,Paid Social,2023-07-11,2023-07,0,0,0,0,1879.6,-100.0,Mid-Range
CAMP0009754,CUST01294,Display Ad,2023-12-21,2023-12,0,0,0,0,878.55,-100.0,Mid-Range
CAMP0009755,CUST01295,Paid Social,2023-11-12,2023-11,0,0,0,0,875.46,-100.0,Premium
CAMP0009756,CUST01295,SMS,2023-09-04,2023-09,0,0,0,0,40.02,-100.0,Premium
CAMP0009757,CUST01295,Display Ad,2023-03-13,2023-03,0,0,0,0,481.85,-100.0,Premium
CAMP0009758,CUST01295,Email,2023-03-24,2023-03,0,0,0,0,36.49,-100.0,Premium
CAMP0009759,CUST01295,Influencer,2023-10-20,2023-10,0,0,0,0,854.08,-100.0,Premium
CAMP0009760,CUST01295,Email,2023-12-07,2023-12,0,0,0,0,31.9,-100.0,Premium
CAMP0009761,CUST01295,Push Notification,2023-07-19,2023-07,0,0,0,0,22.75,-100.0,Premium
CAMP0009762,CUST01296,Push Notification,2024-03-14,2024-03,0,0,0,0,15.76,-100.0,Mid-Range
CAMP0009763,CUST01296,Paid Social,2022-12-31,2022-12,0,0,0,0,1345.98,-100.0,Mid-Range
CAMP0009764,CUST01296,Email,2023-09-15,2023-09,0,0,0,0,17.0,-100.0,Mid-Range
CAMP0009765,CUST01296,Email,2023-03-07,2023-03,1,0,0,0,30.78,-100.0,Mid-Range
CAMP0009766,CUST01296,SMS,2024-03-02,2024-03,0,0,0,0,58.49,-100.0,Mid-Range
CAMP0009767,CUST01296,Paid Social,2024-01-08,2024-01,0,0,0,0,1200.06,-100.0,Mid-Range
CAMP0009768,CUST01296,Email,2023-11-06,2023-11,0,0,0,0,42.16,-100.0,Mid-Range
CAMP0009769,CUST01297,Push Notification,2023-05-19,2023-05,0,0,0,0,23.8,-100.0,Mid-Range
CAMP0009770,CUST01297,Email,2023-03-02,2023-03,1,0,0,0,21.26,-100.0,Mid-Range
CAMP0009771,CUST01297,Email,2023-04-02,2023-04,0,0,0,0,40.14,-100.0,Mid-Range
CAMP0009772,CUST01298,Influencer,2023-05-06,2023-05,0,0,0,0,1085.27,-100.0,Luxury
CAMP0009773,CUST01298,SMS,2023-07-02,2023-07,0,0,0,0,82.51,-100.0,Luxury
CAMP0009774,CUST01298,Paid Social,2023-05-01,2023-05,0,0,0,0,1180.9,-100.0,Luxury
CAMP0009775,CUST01298,Influencer,2023-02-01,2023-02,0,0,0,0,1524.99,-100.0,Luxury
CAMP0009776,CUST01298,Paid Social,2022-12-11,2022-12,0,0,0,0,2501.17,-100.0,Luxury
CAMP0009777,CUST01298,Push Notification,2024-02-03,2024-02,0,0,0,0,11.28,-100.0,Luxury
CAMP0009778,CUST01298,SMS,2024-02-15,2024-02,0,0,0,0,82.96,-100.0,Luxury
CAMP0009779,CUST01298,Push Notification,2023-04-25,2023-04,0,0,0,0,28.51,-100.0,Luxury
CAMP0009780,CUST01298,Influencer,2023-03-04,2023-03,0,0,0,0,1258.3,-100.0,Luxury
CAMP0009781,CUST01299,Push Notification,2023-02-28,2023-02,1,1,0,0,22.46,-100.0,Budget
CAMP0009782,CUST01299,SMS,2023-05-12,2023-05,0,0,0,0,43.18,-100.0,Budget
CAMP0009783,CUST01299,Paid Social,2023-06-05,2023-06,0,0,0,0,1249.89,-100.0,Budget
CAMP0009784,CUST01299,Paid Social,2023-09-12,2023-09,0,0,0,0,2256.54,-100.0,Budget
CAMP0009785,CUST01300,SMS,2023-08-19,2023-08,0,0,0,0,95.33,-100.0,Budget
CAMP0009786,CUST01300,Email,2024-03-02,2024-03,0,0,0,0,25.31,-100.0,Budget
CAMP0009787,CUST01300,Email,2023-11-14,2023-11,0,0,0,0,31.74,-100.0,Budget
CAMP0009788,CUST01300,Email,2023-09-18,2023-09,1,0,0,0,47.99,-100.0,Budget
CAMP0009789,CUST01301,Paid Social,2023-05-12,2023-05,0,0,0,0,869.26,-100.0,Mid-Range
CAMP0009790,CUST01301,SMS,2023-08-06,2023-08,0,0,0,0,111.64,-100.0,Mid-Range
CAMP0009791,CUST01301,Email,2024-02-08,2024-02,1,0,0,0,29.56,-100.0,Mid-Range
CAMP0009792,CUST01301,Push Notification,2024-01-11,2024-01,0,0,0,0,20.19,-100.0,Mid-Range
CAMP0009793,CUST01301,Email,2024-01-29,2024-01,0,0,0,0,19.41,-100.0,Mid-Range
CAMP0009794,CUST01301,Paid Social,2023-09-10,2023-09,0,0,0,0,1575.58,-100.0,Mid-Range
CAMP0009795,CUST01301,Push Notification,2023-04-02,2023-04,1,0,0,0,18.87,-100.0,Mid-Range
CAMP0009796,CUST01301,Paid Social,2023-06-05,2023-06,0,0,0,0,1407.21,-100.0,Mid-Range
CAMP0009797,CUST01301,Paid Social,2023-11-06,2023-11,0,0,0,0,1220.73,-100.0,Mid-Range
CAMP0009798,CUST01302,Paid Social,2023-04-28,2023-04,1,0,0,0,2077.84,-100.0,Premium
CAMP0009799,CUST01302,SMS,2024-01-10,2024-01,1,0,0,0,39.52,-100.0,Premium
CAMP0009800,CUST01302,Email,2024-02-12,2024-02,0,0,0,0,40.71,-100.0,Premium
CAMP0009801,CUST01302,Influencer,2023-08-06,2023-08,0,0,0,0,1052.32,-100.0,Premium
CAMP0009802,CUST01302,Email,2023-09-20,2023-09,1,1,0,0,34.16,-100.0,Premium
CAMP0009803,CUST01302,SMS,2023-10-21,2023-10,0,0,0,0,46.02,-100.0,Premium
CAMP0009804,CUST01303,Push Notification,2023-11-22,2023-11,0,0,0,0,29.14,-100.0,Mid-Range
CAMP0009805,CUST01303,SMS,2023-08-16,2023-08,1,0,0,0,38.19,-100.0,Mid-Range
CAMP0009806,CUST01303,Push Notification,2023-08-15,2023-08,0,0,0,0,28.35,-100.0,Mid-Range
CAMP0009807,CUST01303,Influencer,2023-12-19,2023-12,1,0,0,0,783.41,-100.0,Mid-Range
CAMP0009808,CUST01303,Email,2024-02-20,2024-02,1,0,0,0,32.08,-100.0,Mid-Range
CAMP0009809,CUST01303,Influencer,2023-08-10,2023-08,0,0,0,0,1543.49,-100.0,Mid-Range
CAMP0009810,CUST01303,Email,2023-12-14,2023-12,0,0,0,0,29.7,-100.0,Mid-Range
CAMP0009811,CUST01303,Display Ad,2023-12-18,2023-12,0,0,0,0,1034.22,-100.0,Mid-Range
CAMP0009812,CUST01303,Influencer,2024-03-22,2024-03,1,1,0,0,600.71,-100.0,Mid-Range
CAMP0009813,CUST01304,SMS,2023-07-29,2023-07,0,0,0,0,61.94,-100.0,Budget
CAMP0009814,CUST01304,Influencer,2023-09-23,2023-09,0,0,0,0,733.87,-100.0,Budget
CAMP0009815,CUST01304,Paid Social,2022-11-23,2022-11,1,0,0,0,2450.53,-100.0,Budget
CAMP0009816,CUST01304,Influencer,2022-06-14,2022-06,0,0,0,0,1265.38,-100.0,Budget
CAMP0009817,CUST01304,SMS,2022-05-13,2022-05,0,0,0,0,105.26,-100.0,Budget
CAMP0009818,CUST01304,Influencer,2022-05-14,2022-05,0,0,0,0,565.36,-100.0,Budget
CAMP0009819,CUST01304,Email,2023-11-09,2023-11,0,0,0,0,51.06,-100.0,Budget
CAMP0009820,CUST01304,Email,2023-04-10,2023-04,0,0,0,0,23.27,-100.0,Budget
CAMP0009821,CUST01304,Email,2022-07-21,2022-07,0,0,0,0,47.25,-100.0,Budget
CAMP0009822,CUST01304,Display Ad,2023-02-26,2023-02,0,0,0,0,1009.53,-100.0,Budget
CAMP0009823,CUST01304,Email,2023-09-10,2023-09,1,0,0,0,19.48,-100.0,Budget
CAMP0009824,CUST01305,Paid Social,2023-01-04,2023-01,0,0,0,0,2154.02,-100.0,Mid-Range
CAMP0009825,CUST01305,Email,2023-06-11,2023-06,0,0,0,0,32.88,-100.0,Mid-Range
CAMP0009826,CUST01305,Display Ad,2023-04-25,2023-04,0,0,0,0,499.2,-100.0,Mid-Range
CAMP0009827,CUST01305,Influencer,2023-12-04,2023-12,0,0,0,0,799.48,-100.0,Mid-Range
CAMP0009828,CUST01305,Paid Social,2023-06-26,2023-06,0,0,0,0,779.82,-100.0,Mid-Range
CAMP0009829,CUST01305,Email,2023-01-08,2023-01,0,0,0,0,31.29,-100.0,Mid-Range
CAMP0009830,CUST01305,Paid Social,2022-11-21,2022-11,0,0,0,0,1588.4,-100.0,Mid-Range
CAMP0009831,CUST01305,Paid Social,2022-11-19,2022-11,1,1,1,87.42,2365.82,-96.3,Mid-Range
CAMP0009832,CUST01305,Paid Social,2023-11-30,2023-11,0,0,0,0,1704.57,-100.0,Mid-Range
CAMP0009833,CUST01305,Paid Social,2024-03-15,2024-03,0,0,0,0,1311.11,-100.0,Mid-Range
CAMP0009834,CUST01306,Paid Social,2023-08-06,2023-08,1,1,1,107.17,2177.12,-95.1,Mid-Range
CAMP0009835,CUST01306,SMS,2022-12-16,2022-12,0,0,0,0,39.63,-100.0,Mid-Range
CAMP0009836,CUST01306,Paid Social,2024-02-29,2024-02,0,0,0,0,1262.4,-100.0,Mid-Range
CAMP0009837,CUST01306,Paid Social,2023-12-02,2023-12,0,0,0,0,897.48,-100.0,Mid-Range
CAMP0009838,CUST01306,Display Ad,2024-02-02,2024-02,0,0,0,0,775.82,-100.0,Mid-Range
CAMP0009839,CUST01306,Email,2023-07-17,2023-07,1,0,0,0,47.26,-100.0,Mid-Range
CAMP0009840,CUST01306,Influencer,2023-01-22,2023-01,0,0,0,0,949.77,-100.0,Mid-Range
CAMP0009841,CUST01306,Paid Social,2023-04-27,2023-04,1,0,0,0,2076.44,-100.0,Mid-Range
CAMP0009842,CUST01306,Push Notification,2023-01-23,2023-01,0,0,0,0,18.67,-100.0,Mid-Range
CAMP0009843,CUST01307,Email,2023-02-23,2023-02,0,0,0,0,51.12,-100.0,Mid-Range
CAMP0009844,CUST01307,Influencer,2022-12-08,2022-12,0,0,0,0,787.72,-100.0,Mid-Range
CAMP0009845,CUST01307,Influencer,2024-02-23,2024-02,0,0,0,0,1533.2,-100.0,Mid-Range
CAMP0009846,CUST01307,SMS,2022-10-01,2022-10,0,0,0,0,39.87,-100.0,Mid-Range
CAMP0009847,CUST01307,Email,2022-12-08,2022-12,0,0,0,0,25.08,-100.0,Mid-Range
CAMP0009848,CUST01307,Paid Social,2022-07-31,2022-07,0,0,0,0,1922.6,-100.0,Mid-Range
CAMP0009849,CUST01308,Push Notification,2023-12-29,2023-12,0,0,0,0,10.15,-100.0,Mid-Range
CAMP0009850,CUST01308,Email,2024-02-04,2024-02,1,0,0,0,59.18,-100.0,Mid-Range
CAMP0009851,CUST01308,Paid Social,2023-09-09,2023-09,0,0,0,0,2023.67,-100.0,Mid-Range
CAMP0009852,CUST01309,Email,2023-08-27,2023-08,1,0,0,0,30.75,-100.0,Premium
CAMP0009853,CUST01309,Email,2023-08-10,2023-08,0,0,0,0,21.39,-100.0,Premium
CAMP0009854,CUST01309,Email,2023-07-31,2023-07,0,0,0,0,53.5,-100.0,Premium
CAMP0009855,CUST01310,SMS,2023-02-08,2023-02,0,0,0,0,42.79,-100.0,Budget
CAMP0009856,CUST01310,Paid Social,2024-02-27,2024-02,0,0,0,0,1216.62,-100.0,Budget
CAMP0009857,CUST01310,Email,2023-05-14,2023-05,1,0,0,0,44.79,-100.0,Budget
CAMP0009858,CUST01310,Paid Social,2024-03-07,2024-03,0,0,0,0,1544.5,-100.0,Budget
CAMP0009859,CUST01310,Email,2023-12-09,2023-12,0,0,0,0,30.08,-100.0,Budget
CAMP0009860,CUST01310,Paid Social,2023-05-18,2023-05,0,0,0,0,2149.74,-100.0,Budget
CAMP0009861,CUST01310,Email,2023-08-12,2023-08,0,0,0,0,56.54,-100.0,Budget
CAMP0009862,CUST01310,Paid Social,2023-07-25,2023-07,0,0,0,0,1258.05,-100.0,Budget
CAMP0009863,CUST01310,Email,2023-05-29,2023-05,1,0,0,0,34.18,-100.0,Budget
CAMP0009864,CUST01310,Influencer,2024-02-16,2024-02,0,0,0,0,479.26,-100.0,Budget
CAMP0009865,CUST01310,Influencer,2024-03-09,2024-03,0,0,0,0,942.1,-100.0,Budget
CAMP0009866,CUST01310,Paid Social,2024-03-12,2024-03,0,0,0,0,1943.28,-100.0,Budget
CAMP0009867,CUST01311,Influencer,2024-02-04,2024-02,0,0,0,0,1503.17,-100.0,Premium
CAMP0009868,CUST01311,Push Notification,2023-07-12,2023-07,0,0,0,0,9.93,-100.0,Premium
CAMP0009869,CUST01311,Paid Social,2022-12-18,2022-12,0,0,0,0,1077.92,-100.0,Premium
CAMP0009870,CUST01311,Influencer,2024-01-02,2024-01,0,0,0,0,1338.22,-100.0,Premium
CAMP0009871,CUST01311,Display Ad,2023-12-25,2023-12,0,0,0,0,1049.41,-100.0,Premium
CAMP0009872,CUST01311,Email,2022-08-11,2022-08,0,0,0,0,59.31,-100.0,Premium
CAMP0009873,CUST01311,Email,2022-11-18,2022-11,0,0,0,0,50.64,-100.0,Premium
CAMP0009874,CUST01311,Influencer,2023-03-09,2023-03,0,0,0,0,537.91,-100.0,Premium
CAMP0009875,CUST01311,Display Ad,2023-10-25,2023-10,0,0,0,0,846.6,-100.0,Premium
CAMP0009876,CUST01311,Push Notification,2024-02-22,2024-02,0,0,0,0,25.67,-100.0,Premium
CAMP0009877,CUST01311,Influencer,2024-01-07,2024-01,1,0,0,0,1071.46,-100.0,Premium
CAMP0009878,CUST01312,Email,2022-12-30,2022-12,1,0,0,0,44.0,-100.0,Mid-Range
CAMP0009879,CUST01312,Influencer,2023-10-26,2023-10,1,0,0,0,1295.43,-100.0,Mid-Range
CAMP0009880,CUST01312,Display Ad,2023-06-06,2023-06,0,0,0,0,320.61,-100.0,Mid-Range
CAMP0009881,CUST01312,SMS,2023-06-16,2023-06,1,0,0,0,47.34,-100.0,Mid-Range
CAMP0009882,CUST01312,SMS,2023-09-12,2023-09,0,0,0,0,118.04,-100.0,Mid-Range
CAMP0009883,CUST01313,Paid Social,2024-02-29,2024-02,0,0,0,0,897.07,-100.0,Budget
CAMP0009884,CUST01313,Email,2024-01-16,2024-01,0,0,0,0,51.27,-100.0,Budget
CAMP0009885,CUST01313,Paid Social,2023-07-24,2023-07,0,0,0,0,1199.94,-100.0,Budget
CAMP0009886,CUST01313,Display Ad,2023-10-14,2023-10,0,0,0,0,386.39,-100.0,Budget
CAMP0009887,CUST01313,Paid Social,2023-05-19,2023-05,0,0,0,0,1767.13,-100.0,Budget
CAMP0009888,CUST01313,SMS,2023-10-25,2023-10,1,1,0,0,73.85,-100.0,Budget
CAMP0009889,CUST01313,SMS,2023-07-01,2023-07,0,0,0,0,91.57,-100.0,Budget
CAMP0009890,CUST01313,Email,2023-09-21,2023-09,0,0,0,0,36.63,-100.0,Budget
CAMP0009891,CUST01314,Email,2022-10-27,2022-10,0,0,0,0,22.55,-100.0,Budget
CAMP0009892,CUST01314,Email,2023-03-02,2023-03,0,0,0,0,29.24,-100.0,Budget
CAMP0009893,CUST01314,Email,2022-11-26,2022-11,0,0,0,0,30.86,-100.0,Budget
CAMP0009894,CUST01314,Email,2023-12-26,2023-12,0,0,0,0,18.6,-100.0,Budget
CAMP0009895,CUST01314,Email,2023-06-30,2023-06,1,0,0,0,59.28,-100.0,Budget
CAMP0009896,CUST01314,Email,2023-06-01,2023-06,0,0,0,0,44.56,-100.0,Budget
CAMP0009897,CUST01314,Push Notification,2024-03-29,2024-03,0,0,0,0,13.47,-100.0,Budget
CAMP0009898,CUST01314,SMS,2022-09-30,2022-09,1,0,0,0,33.23,-100.0,Budget
CAMP0009899,CUST01314,SMS,2023-08-05,2023-08,0,0,0,0,95.61,-100.0,Budget
CAMP0009900,CUST01314,Push Notification,2023-05-10,2023-05,0,0,0,0,9.48,-100.0,Budget
CAMP0009901,CUST01314,Paid Social,2022-12-28,2022-12,0,0,0,0,711.2,-100.0,Budget
CAMP0009902,CUST01315,Paid Social,2022-10-17,2022-10,0,0,0,0,1234.23,-100.0,Budget
CAMP0009903,CUST01315,Paid Social,2023-11-03,2023-11,0,0,0,0,1185.62,-100.0,Budget
CAMP0009904,CUST01315,SMS,2023-02-09,2023-02,0,0,0,0,83.0,-100.0,Budget
CAMP0009905,CUST01315,Email,2023-12-14,2023-12,0,0,0,0,32.81,-100.0,Budget
CAMP0009906,CUST01316,SMS,2023-11-19,2023-11,0,0,0,0,62.98,-100.0,Budget
CAMP0009907,CUST01316,Email,2024-03-29,2024-03,1,1,0,0,59.57,-100.0,Budget
CAMP0009908,CUST01316,Paid Social,2023-12-01,2023-12,0,0,0,0,1455.41,-100.0,Budget
CAMP0009909,CUST01316,Email,2023-10-17,2023-10,0,0,0,0,55.7,-100.0,Budget
CAMP0009910,CUST01316,Paid Social,2023-10-16,2023-10,0,0,0,0,862.06,-100.0,Budget
CAMP0009911,CUST01316,Display Ad,2023-08-13,2023-08,0,0,0,0,714.67,-100.0,Budget
CAMP0009912,CUST01316,Influencer,2023-05-06,2023-05,0,0,0,0,524.84,-100.0,Budget
CAMP0009913,CUST01316,Paid Social,2024-02-17,2024-02,0,0,0,0,1053.56,-100.0,Budget
CAMP0009914,CUST01316,Influencer,2023-09-01,2023-09,0,0,0,0,1570.53,-100.0,Budget
CAMP0009915,CUST01316,SMS,2024-03-13,2024-03,1,1,1,153.33,32.52,371.5,Budget
CAMP0009916,CUST01316,Influencer,2023-11-19,2023-11,0,0,0,0,1451.94,-100.0,Budget
CAMP0009917,CUST01317,Display Ad,2023-04-08,2023-04,0,0,0,0,804.68,-100.0,Mid-Range
CAMP0009918,CUST01317,Push Notification,2022-07-07,2022-07,0,0,0,0,16.94,-100.0,Mid-Range
CAMP0009919,CUST01317,Paid Social,2022-11-09,2022-11,0,0,0,0,1147.83,-100.0,Mid-Range
CAMP0009920,CUST01317,Push Notification,2023-10-02,2023-10,0,0,0,0,24.94,-100.0,Mid-Range
CAMP0009921,CUST01317,Paid Social,2024-03-14,2024-03,0,0,0,0,1630.26,-100.0,Mid-Range
CAMP0009922,CUST01317,SMS,2022-06-15,2022-06,0,0,0,0,91.51,-100.0,Mid-Range
CAMP0009923,CUST01317,Paid Social,2023-03-30,2023-03,0,0,0,0,2100.52,-100.0,Mid-Range
CAMP0009924,CUST01317,Paid Social,2022-06-15,2022-06,0,0,0,0,2042.66,-100.0,Mid-Range
CAMP0009925,CUST01318,Paid Social,2023-08-20,2023-08,0,0,0,0,1422.24,-100.0,Budget
CAMP0009926,CUST01318,Paid Social,2023-12-03,2023-12,0,0,0,0,1288.45,-100.0,Budget
CAMP0009927,CUST01318,Push Notification,2022-05-28,2022-05,0,0,0,0,17.36,-100.0,Budget
CAMP0009928,CUST01318,Influencer,2023-08-09,2023-08,0,0,0,0,1457.38,-100.0,Budget
CAMP0009929,CUST01318,Influencer,2023-07-31,2023-07,0,0,0,0,1391.24,-100.0,Budget
CAMP0009930,CUST01318,Display Ad,2023-04-08,2023-04,0,0,0,0,787.15,-100.0,Budget
CAMP0009931,CUST01318,Paid Social,2023-03-31,2023-03,1,1,0,0,1948.45,-100.0,Budget
CAMP0009932,CUST01318,Paid Social,2024-01-09,2024-01,0,0,0,0,1062.13,-100.0,Budget
CAMP0009933,CUST01318,Email,2023-01-13,2023-01,0,0,0,0,37.33,-100.0,Budget
CAMP0009934,CUST01319,Paid Social,2024-02-09,2024-02,0,0,0,0,1654.31,-100.0,Luxury
CAMP0009935,CUST01319,Paid Social,2023-03-12,2023-03,0,0,0,0,1027.14,-100.0,Luxury
CAMP0009936,CUST01319,Paid Social,2024-02-09,2024-02,0,0,0,0,2289.42,-100.0,Luxury
CAMP0009937,CUST01319,Email,2022-07-28,2022-07,1,1,1,78.66,57.08,37.8,Luxury
CAMP0009938,CUST01319,Email,2022-08-29,2022-08,0,0,0,0,34.23,-100.0,Luxury
CAMP0009939,CUST01319,Email,2023-10-31,2023-10,0,0,0,0,24.13,-100.0,Luxury
CAMP0009940,CUST01319,Email,2023-12-26,2023-12,0,0,0,0,42.27,-100.0,Luxury
CAMP0009941,CUST01320,Email,2022-05-20,2022-05,0,0,0,0,59.2,-100.0,Budget
CAMP0009942,CUST01320,SMS,2023-08-22,2023-08,0,0,0,0,42.03,-100.0,Budget
CAMP0009943,CUST01320,Paid Social,2022-11-07,2022-11,0,0,0,0,823.62,-100.0,Budget
CAMP0009944,CUST01320,Influencer,2022-05-07,2022-05,0,0,0,0,444.47,-100.0,Budget
CAMP0009945,CUST01320,SMS,2023-10-11,2023-10,1,1,1,196.58,112.21,75.2,Budget
CAMP0009946,CUST01320,Email,2022-04-30,2022-04,0,0,0,0,40.71,-100.0,Budget
CAMP0009947,CUST01320,Push Notification,2022-09-05,2022-09,0,0,0,0,27.74,-100.0,Budget
CAMP0009948,CUST01321,Paid Social,2023-03-25,2023-03,1,1,0,0,718.36,-100.0,Mid-Range
CAMP0009949,CUST01321,Influencer,2023-09-01,2023-09,1,0,0,0,1309.49,-100.0,Mid-Range
CAMP0009950,CUST01321,Push Notification,2023-06-23,2023-06,0,0,0,0,15.95,-100.0,Mid-Range
CAMP0009951,CUST01322,Email,2022-09-12,2022-09,0,0,0,0,53.29,-100.0,Luxury
CAMP0009952,CUST01322,Email,2022-09-03,2022-09,1,1,0,0,27.36,-100.0,Luxury
CAMP0009953,CUST01322,Email,2023-09-03,2023-09,0,0,0,0,25.65,-100.0,Luxury
CAMP0009954,CUST01322,Email,2022-04-22,2022-04,1,0,0,0,24.35,-100.0,Luxury
CAMP0009955,CUST01323,Email,2022-09-24,2022-09,0,0,0,0,49.13,-100.0,Mid-Range
CAMP0009956,CUST01323,Push Notification,2022-08-13,2022-08,0,0,0,0,8.25,-100.0,Mid-Range
CAMP0009957,CUST01323,Influencer,2022-09-03,2022-09,1,0,0,0,1230.38,-100.0,Mid-Range
CAMP0009958,CUST01323,SMS,2022-07-05,2022-07,1,1,1,42.49,99.56,-57.3,Mid-Range
CAMP0009959,CUST01323,Email,2022-08-31,2022-08,0,0,0,0,36.16,-100.0,Mid-Range
CAMP0009960,CUST01323,Email,2024-03-10,2024-03,0,0,0,0,50.98,-100.0,Mid-Range
CAMP0009961,CUST01323,Push Notification,2023-09-16,2023-09,1,0,0,0,28.44,-100.0,Mid-Range
CAMP0009962,CUST01324,Paid Social,2023-12-10,2023-12,0,0,0,0,1021.98,-100.0,Mid-Range
CAMP0009963,CUST01324,SMS,2024-02-02,2024-02,1,0,0,0,118.82,-100.0,Mid-Range
CAMP0009964,CUST01324,Paid Social,2023-12-31,2023-12,0,0,0,0,1316.05,-100.0,Mid-Range
CAMP0009965,CUST01324,Push Notification,2023-11-17,2023-11,0,0,0,0,14.26,-100.0,Mid-Range
CAMP0009966,CUST01324,Push Notification,2023-08-18,2023-08,0,0,0,0,14.66,-100.0,Mid-Range
CAMP0009967,CUST01324,Email,2024-02-29,2024-02,0,0,0,0,22.61,-100.0,Mid-Range
CAMP0009968,CUST01324,Paid Social,2023-10-08,2023-10,0,0,0,0,1881.44,-100.0,Mid-Range
CAMP0009969,CUST01324,Display Ad,2024-03-18,2024-03,0,0,0,0,361.92,-100.0,Mid-Range
CAMP0009970,CUST01325,Email,2023-05-08,2023-05,0,0,0,0,55.83,-100.0,Mid-Range
CAMP0009971,CUST01325,Paid Social,2023-02-10,2023-02,0,0,0,0,2472.84,-100.0,Mid-Range
CAMP0009972,CUST01325,Email,2023-05-31,2023-05,0,0,0,0,51.11,-100.0,Mid-Range
CAMP0009973,CUST01326,Influencer,2024-01-20,2024-01,0,0,0,0,1473.81,-100.0,Mid-Range
CAMP0009974,CUST01326,Email,2023-10-03,2023-10,0,0,0,0,48.38,-100.0,Mid-Range
CAMP0009975,CUST01326,Email,2024-02-18,2024-02,0,0,0,0,29.42,-100.0,Mid-Range
CAMP0009976,CUST01326,SMS,2023-07-06,2023-07,0,0,0,0,119.66,-100.0,Mid-Range
CAMP0009977,CUST01326,Email,2023-06-25,2023-06,0,0,0,0,55.4,-100.0,Mid-Range
CAMP0009978,CUST01326,Push Notification,2023-10-31,2023-10,0,0,0,0,15.25,-100.0,Mid-Range
CAMP0009979,CUST01326,Influencer,2024-02-25,2024-02,0,0,0,0,744.88,-100.0,Mid-Range
CAMP0009980,CUST01326,Paid Social,2023-06-12,2023-06,0,0,0,0,964.99,-100.0,Mid-Range
CAMP0009981,CUST01327,Influencer,2024-02-04,2024-02,0,0,0,0,1149.72,-100.0,Mid-Range
CAMP0009982,CUST01327,Email,2024-03-02,2024-03,0,0,0,0,56.64,-100.0,Mid-Range
CAMP0009983,CUST01327,Influencer,2023-05-23,2023-05,1,1,0,0,1043.94,-100.0,Mid-Range
CAMP0009984,CUST01327,Push Notification,2023-07-05,2023-07,0,0,0,0,18.19,-100.0,Mid-Range
CAMP0009985,CUST01327,Display Ad,2023-09-12,2023-09,0,0,0,0,392.59,-100.0,Mid-Range
CAMP0009986,CUST01327,SMS,2024-02-16,2024-02,0,0,0,0,72.84,-100.0,Mid-Range
CAMP0009987,CUST01327,Paid Social,2023-09-26,2023-09,1,1,0,0,1023.7,-100.0,Mid-Range
CAMP0009988,CUST01327,Paid Social,2023-09-03,2023-09,0,0,0,0,1059.56,-100.0,Mid-Range
CAMP0009989,CUST01327,Paid Social,2023-11-03,2023-11,0,0,0,0,2456.98,-100.0,Mid-Range
CAMP0009990,CUST01328,Email,2023-05-17,2023-05,0,0,0,0,56.12,-100.0,Budget
CAMP0009991,CUST01328,Paid Social,2022-07-04,2022-07,0,0,0,0,2060.83,-100.0,Budget
CAMP0009992,CUST01328,Email,2023-05-29,2023-05,0,0,0,0,47.51,-100.0,Budget
CAMP0009993,CUST01328,Paid Social,2023-03-10,2023-03,1,0,0,0,1370.03,-100.0,Budget
CAMP0009994,CUST01328,Paid Social,2023-10-08,2023-10,0,0,0,0,806.87,-100.0,Budget
CAMP0009995,CUST01328,Paid Social,2022-06-17,2022-06,1,0,0,0,994.0,-100.0,Budget
CAMP0009996,CUST01328,SMS,2023-01-31,2023-01,0,0,0,0,111.82,-100.0,Budget
CAMP0009997,CUST01328,Paid Social,2022-06-23,2022-06,0,0,0,0,1945.34,-100.0,Budget
CAMP0009998,CUST01329,Paid Social,2023-04-25,2023-04,0,0,0,0,704.09,-100.0,Luxury
CAMP0009999,CUST01329,Paid Social,2023-11-10,2023-11,0,0,0,0,2014.2,-100.0,Luxury
CAMP0010000,CUST01329,Push Notification,2023-01-19,2023-01,0,0,0,0,12.67,-100.0,Luxury
CAMP0010001,CUST01329,Email,2023-11-09,2023-11,1,0,0,0,43.19,-100.0,Luxury
CAMP0010002,CUST01329,Display Ad,2023-10-06,2023-10,0,0,0,0,541.37,-100.0,Luxury
CAMP0010003,CUST01329,Display Ad,2023-12-01,2023-12,0,0,0,0,960.33,-100.0,Luxury
CAMP0010004,CUST01329,Influencer,2024-02-15,2024-02,0,0,0,0,651.95,-100.0,Luxury
CAMP0010005,CUST01329,Push Notification,2023-04-03,2023-04,0,0,0,0,17.03,-100.0,Luxury
CAMP0010006,CUST01329,Paid Social,2023-07-26,2023-07,0,0,0,0,2086.02,-100.0,Luxury
CAMP0010007,CUST01329,Push Notification,2023-03-19,2023-03,0,0,0,0,16.39,-100.0,Luxury
CAMP0010008,CUST01329,Email,2024-02-27,2024-02,0,0,0,0,49.85,-100.0,Luxury
CAMP0010009,CUST01329,Paid Social,2023-09-29,2023-09,0,0,0,0,1699.43,-100.0,Luxury
CAMP0010010,CUST01330,SMS,2023-08-09,2023-08,0,0,0,0,100.55,-100.0,Mid-Range
CAMP0010011,CUST01330,Display Ad,2023-11-07,2023-11,0,0,0,0,921.77,-100.0,Mid-Range
CAMP0010012,CUST01330,Paid Social,2023-08-05,2023-08,0,0,0,0,2066.82,-100.0,Mid-Range
CAMP0010013,CUST01330,Paid Social,2023-10-05,2023-10,0,0,0,0,2255.44,-100.0,Mid-Range
CAMP0010014,CUST01330,Paid Social,2024-01-22,2024-01,0,0,0,0,2516.01,-100.0,Mid-Range
CAMP0010015,CUST01330,Email,2024-03-06,2024-03,0,0,0,0,28.0,-100.0,Mid-Range
CAMP0010016,CUST01330,Email,2023-06-19,2023-06,0,0,0,0,41.63,-100.0,Mid-Range
CAMP0010017,CUST01330,Email,2023-12-01,2023-12,0,0,0,0,43.29,-100.0,Mid-Range
CAMP0010018,CUST01330,Paid Social,2024-01-30,2024-01,0,0,0,0,1906.9,-100.0,Mid-Range
CAMP0010019,CUST01330,Email,2023-05-30,2023-05,1,1,0,0,22.46,-100.0,Mid-Range
CAMP0010020,CUST01331,Email,2023-11-12,2023-11,0,0,0,0,52.23,-100.0,Premium
CAMP0010021,CUST01331,Influencer,2022-12-14,2022-12,1,0,0,0,1300.96,-100.0,Premium
CAMP0010022,CUST01331,Email,2023-11-03,2023-11,1,0,0,0,29.84,-100.0,Premium
CAMP0010023,CUST01332,SMS,2023-04-27,2023-04,0,0,0,0,104.01,-100.0,Mid-Range
CAMP0010024,CUST01332,Influencer,2023-03-03,2023-03,0,0,0,0,1180.13,-100.0,Mid-Range
CAMP0010025,CUST01332,Paid Social,2022-12-04,2022-12,0,0,0,0,2228.47,-100.0,Mid-Range
CAMP0010026,CUST01332,Paid Social,2023-06-14,2023-06,0,0,0,0,1911.86,-100.0,Mid-Range
CAMP0010027,CUST01332,Paid Social,2023-12-24,2023-12,0,0,0,0,986.55,-100.0,Mid-Range
CAMP0010028,CUST01332,Paid Social,2022-12-05,2022-12,0,0,0,0,2442.57,-100.0,Mid-Range
CAMP0010029,CUST01332,Paid Social,2023-09-05,2023-09,0,0,0,0,1702.46,-100.0,Mid-Range
CAMP0010030,CUST01332,SMS,2023-05-01,2023-05,0,0,0,0,99.4,-100.0,Mid-Range
CAMP0010031,CUST01332,Paid Social,2024-03-22,2024-03,0,0,0,0,1534.97,-100.0,Mid-Range
CAMP0010032,CUST01332,SMS,2024-02-16,2024-02,1,0,0,0,65.99,-100.0,Mid-Range
CAMP0010033,CUST01333,Paid Social,2023-01-12,2023-01,0,0,0,0,2336.62,-100.0,Mid-Range
CAMP0010034,CUST01333,Email,2023-06-17,2023-06,1,1,1,106.67,53.2,100.5,Mid-Range
CAMP0010035,CUST01333,Influencer,2023-12-17,2023-12,0,0,0,0,1182.17,-100.0,Mid-Range
CAMP0010036,CUST01333,Push Notification,2023-02-25,2023-02,0,0,0,0,9.8,-100.0,Mid-Range
CAMP0010037,CUST01333,Influencer,2024-02-28,2024-02,0,0,0,0,803.91,-100.0,Mid-Range
CAMP0010038,CUST01334,Push Notification,2024-03-17,2024-03,0,0,0,0,19.42,-100.0,Mid-Range
CAMP0010039,CUST01334,SMS,2023-12-02,2023-12,0,0,0,0,41.13,-100.0,Mid-Range
CAMP0010040,CUST01334,Email,2023-04-12,2023-04,0,0,0,0,56.65,-100.0,Mid-Range
CAMP0010041,CUST01334,SMS,2022-09-01,2022-09,1,0,0,0,45.42,-100.0,Mid-Range
CAMP0010042,CUST01334,Influencer,2023-05-22,2023-05,0,0,0,0,1588.0,-100.0,Mid-Range
CAMP0010043,CUST01334,Email,2024-03-18,2024-03,0,0,0,0,29.94,-100.0,Mid-Range
CAMP0010044,CUST01334,SMS,2022-08-20,2022-08,0,0,0,0,101.81,-100.0,Mid-Range
CAMP0010045,CUST01334,SMS,2022-08-21,2022-08,0,0,0,0,67.51,-100.0,Mid-Range
CAMP0010046,CUST01334,Email,2022-05-01,2022-05,0,0,0,0,41.87,-100.0,Mid-Range
CAMP0010047,CUST01334,Paid Social,2023-02-16,2023-02,1,0,0,0,2365.83,-100.0,Mid-Range
CAMP0010048,CUST01334,Email,2022-12-25,2022-12,0,0,0,0,49.0,-100.0,Mid-Range
CAMP0010049,CUST01334,Email,2023-08-22,2023-08,0,0,0,0,32.32,-100.0,Mid-Range
CAMP0010050,CUST01335,Paid Social,2023-08-04,2023-08,0,0,0,0,2126.47,-100.0,Premium
CAMP0010051,CUST01335,SMS,2023-03-05,2023-03,1,0,0,0,113.1,-100.0,Premium
CAMP0010052,CUST01335,Push Notification,2024-01-19,2024-01,0,0,0,0,15.68,-100.0,Premium
CAMP0010053,CUST01335,Paid Social,2023-07-10,2023-07,0,0,0,0,1140.52,-100.0,Premium
CAMP0010054,CUST01335,Push Notification,2023-12-16,2023-12,0,0,0,0,14.96,-100.0,Premium
CAMP0010055,CUST01335,Paid Social,2023-02-14,2023-02,0,0,0,0,2204.42,-100.0,Premium
CAMP0010056,CUST01335,Influencer,2023-10-02,2023-10,0,0,0,0,1605.77,-100.0,Premium
CAMP0010057,CUST01335,Paid Social,2023-02-11,2023-02,1,0,0,0,1159.74,-100.0,Premium
CAMP0010058,CUST01336,Influencer,2023-06-18,2023-06,0,0,0,0,952.14,-100.0,Mid-Range
CAMP0010059,CUST01336,Paid Social,2023-02-14,2023-02,0,0,0,0,2156.77,-100.0,Mid-Range
CAMP0010060,CUST01336,Influencer,2024-01-23,2024-01,1,0,0,0,1035.95,-100.0,Mid-Range
CAMP0010061,CUST01336,Email,2022-09-08,2022-09,1,1,0,0,23.43,-100.0,Mid-Range
CAMP0010062,CUST01336,Email,2023-12-08,2023-12,0,0,0,0,45.1,-100.0,Mid-Range
CAMP0010063,CUST01337,Push Notification,2023-12-26,2023-12,0,0,0,0,20.22,-100.0,Mid-Range
CAMP0010064,CUST01337,Email,2023-05-17,2023-05,0,0,0,0,52.42,-100.0,Mid-Range
CAMP0010065,CUST01337,Push Notification,2023-03-13,2023-03,0,0,0,0,14.01,-100.0,Mid-Range
CAMP0010066,CUST01337,Influencer,2023-03-23,2023-03,0,0,0,0,626.43,-100.0,Mid-Range
CAMP0010067,CUST01337,Email,2023-03-17,2023-03,0,0,0,0,38.16,-100.0,Mid-Range
CAMP0010068,CUST01337,Influencer,2023-05-22,2023-05,0,0,0,0,1058.94,-100.0,Mid-Range
CAMP0010069,CUST01337,Email,2023-05-11,2023-05,1,0,0,0,39.23,-100.0,Mid-Range
CAMP0010070,CUST01337,Paid Social,2023-09-21,2023-09,0,0,0,0,745.35,-100.0,Mid-Range
CAMP0010071,CUST01337,Display Ad,2023-10-08,2023-10,0,0,0,0,446.59,-100.0,Mid-Range
CAMP0010072,CUST01338,Push Notification,2023-10-24,2023-10,0,0,0,0,13.71,-100.0,Budget
CAMP0010073,CUST01338,Paid Social,2023-08-27,2023-08,0,0,0,0,1873.22,-100.0,Budget
CAMP0010074,CUST01338,Push Notification,2023-07-11,2023-07,1,0,0,0,12.34,-100.0,Budget
CAMP0010075,CUST01338,Push Notification,2023-06-16,2023-06,1,0,0,0,8.98,-100.0,Budget
CAMP0010076,CUST01338,Email,2023-05-16,2023-05,0,0,0,0,57.52,-100.0,Budget
CAMP0010077,CUST01339,Paid Social,2023-08-16,2023-08,0,0,0,0,781.22,-100.0,Mid-Range
CAMP0010078,CUST01339,Push Notification,2024-02-05,2024-02,0,0,0,0,14.22,-100.0,Mid-Range
CAMP0010079,CUST01339,Influencer,2023-07-15,2023-07,0,0,0,0,1099.05,-100.0,Mid-Range
CAMP0010080,CUST01339,Paid Social,2024-01-09,2024-01,0,0,0,0,1424.75,-100.0,Mid-Range
CAMP0010081,CUST01339,Email,2023-03-08,2023-03,0,0,0,0,22.29,-100.0,Mid-Range
CAMP0010082,CUST01339,Paid Social,2024-02-12,2024-02,0,0,0,0,1175.33,-100.0,Mid-Range
CAMP0010083,CUST01339,Paid Social,2023-11-20,2023-11,1,1,0,0,1123.76,-100.0,Mid-Range
CAMP0010084,CUST01339,Paid Social,2022-07-11,2022-07,0,0,0,0,1337.47,-100.0,Mid-Range
CAMP0010085,CUST01339,Paid Social,2023-08-14,2023-08,0,0,0,0,2532.16,-100.0,Mid-Range
CAMP0010086,CUST01340,Email,2023-09-14,2023-09,0,0,0,0,21.0,-100.0,Mid-Range
CAMP0010087,CUST01340,Email,2024-01-06,2024-01,0,0,0,0,21.38,-100.0,Mid-Range
CAMP0010088,CUST01340,SMS,2024-03-31,2024-03,1,1,0,0,88.27,-100.0,Mid-Range
CAMP0010089,CUST01340,Paid Social,2023-11-27,2023-11,0,0,0,0,1816.43,-100.0,Mid-Range
CAMP0010090,CUST01340,Paid Social,2024-01-17,2024-01,0,0,0,0,781.47,-100.0,Mid-Range
CAMP0010091,CUST01340,Push Notification,2023-05-19,2023-05,0,0,0,0,17.43,-100.0,Mid-Range
CAMP0010092,CUST01340,SMS,2023-03-30,2023-03,1,0,0,0,77.53,-100.0,Mid-Range
CAMP0010093,CUST01340,Email,2023-08-20,2023-08,0,0,0,0,50.23,-100.0,Mid-Range
CAMP0010094,CUST01340,Email,2023-10-02,2023-10,0,0,0,0,20.63,-100.0,Mid-Range
CAMP0010095,CUST01340,SMS,2023-12-14,2023-12,0,0,0,0,57.56,-100.0,Mid-Range
CAMP0010096,CUST01340,Paid Social,2023-10-24,2023-10,0,0,0,0,2053.02,-100.0,Mid-Range
CAMP0010097,CUST01341,Push Notification,2023-02-16,2023-02,0,0,0,0,19.06,-100.0,Mid-Range
CAMP0010098,CUST01341,Paid Social,2024-01-03,2024-01,0,0,0,0,744.46,-100.0,Mid-Range
CAMP0010099,CUST01341,Influencer,2024-01-19,2024-01,0,0,0,0,672.32,-100.0,Mid-Range
CAMP0010100,CUST01341,Paid Social,2023-11-21,2023-11,0,0,0,0,1149.19,-100.0,Mid-Range
CAMP0010101,CUST01341,Paid Social,2023-01-16,2023-01,0,0,0,0,1451.81,-100.0,Mid-Range
CAMP0010102,CUST01341,SMS,2022-01-13,2022-01,1,0,0,0,72.17,-100.0,Mid-Range
CAMP0010103,CUST01341,Push Notification,2024-02-03,2024-02,0,0,0,0,17.9,-100.0,Mid-Range
CAMP0010104,CUST01341,Email,2022-12-18,2022-12,0,0,0,0,29.29,-100.0,Mid-Range
CAMP0010105,CUST01341,Paid Social,2023-02-26,2023-02,0,0,0,0,728.08,-100.0,Mid-Range
CAMP0010106,CUST01341,SMS,2022-04-23,2022-04,0,0,0,0,73.51,-100.0,Mid-Range
CAMP0010107,CUST01341,Influencer,2023-04-09,2023-04,0,0,0,0,901.92,-100.0,Mid-Range
CAMP0010108,CUST01341,Influencer,2023-05-04,2023-05,0,0,0,0,767.52,-100.0,Mid-Range
CAMP0010109,CUST01342,Influencer,2023-03-03,2023-03,0,0,0,0,798.9,-100.0,Luxury
CAMP0010110,CUST01342,Email,2024-02-29,2024-02,0,0,0,0,43.04,-100.0,Luxury
CAMP0010111,CUST01342,Email,2023-03-01,2023-03,1,0,0,0,52.76,-100.0,Luxury
CAMP0010112,CUST01342,Paid Social,2024-03-15,2024-03,1,0,0,0,1732.47,-100.0,Luxury
CAMP0010113,CUST01342,Email,2023-10-10,2023-10,0,0,0,0,17.32,-100.0,Luxury
CAMP0010114,CUST01342,Influencer,2023-09-17,2023-09,0,0,0,0,1352.89,-100.0,Luxury
CAMP0010115,CUST01343,Email,2024-03-16,2024-03,0,0,0,0,54.55,-100.0,Premium
CAMP0010116,CUST01343,Email,2023-11-27,2023-11,0,0,0,0,17.82,-100.0,Premium
CAMP0010117,CUST01343,Paid Social,2024-03-09,2024-03,0,0,0,0,2492.11,-100.0,Premium
CAMP0010118,CUST01343,Influencer,2023-04-03,2023-04,0,0,0,0,693.37,-100.0,Premium
CAMP0010119,CUST01343,SMS,2023-03-07,2023-03,1,0,0,0,80.43,-100.0,Premium
CAMP0010120,CUST01343,Email,2023-04-19,2023-04,0,0,0,0,45.46,-100.0,Premium
CAMP0010121,CUST01344,Email,2022-12-03,2022-12,1,1,0,0,49.7,-100.0,Budget
CAMP0010122,CUST01344,Email,2023-05-17,2023-05,0,0,0,0,23.79,-100.0,Budget
CAMP0010123,CUST01344,Email,2022-12-20,2022-12,1,0,0,0,52.76,-100.0,Budget
CAMP0010124,CUST01345,Email,2023-06-23,2023-06,0,0,0,0,18.16,-100.0,Mid-Range
CAMP0010125,CUST01345,Email,2023-12-08,2023-12,1,0,0,0,42.04,-100.0,Mid-Range
CAMP0010126,CUST01345,Paid Social,2024-03-04,2024-03,0,0,0,0,940.46,-100.0,Mid-Range
CAMP0010127,CUST01345,Paid Social,2022-10-30,2022-10,1,1,0,0,1499.54,-100.0,Mid-Range
CAMP0010128,CUST01345,Display Ad,2023-04-24,2023-04,0,0,0,0,1024.36,-100.0,Mid-Range
CAMP0010129,CUST01345,Influencer,2023-11-06,2023-11,0,0,0,0,720.3,-100.0,Mid-Range
CAMP0010130,CUST01345,Paid Social,2023-11-27,2023-11,0,0,0,0,2499.1,-100.0,Mid-Range
CAMP0010131,CUST01345,Paid Social,2023-04-01,2023-04,0,0,0,0,1190.71,-100.0,Mid-Range
CAMP0010132,CUST01345,Display Ad,2024-03-29,2024-03,0,0,0,0,647.51,-100.0,Mid-Range
CAMP0010133,CUST01345,Influencer,2024-02-06,2024-02,0,0,0,0,1570.25,-100.0,Mid-Range
CAMP0010134,CUST01346,Email,2023-06-19,2023-06,0,0,0,0,31.01,-100.0,Premium
CAMP0010135,CUST01346,Email,2023-06-22,2023-06,0,0,0,0,28.38,-100.0,Premium
CAMP0010136,CUST01346,SMS,2023-09-24,2023-09,0,0,0,0,39.41,-100.0,Premium
CAMP0010137,CUST01346,Email,2024-02-10,2024-02,0,0,0,0,34.22,-100.0,Premium
CAMP0010138,CUST01346,Email,2023-07-02,2023-07,0,0,0,0,40.27,-100.0,Premium
CAMP0010139,CUST01346,Paid Social,2023-03-25,2023-03,0,0,0,0,1062.65,-100.0,Premium
CAMP0010140,CUST01346,Influencer,2023-09-03,2023-09,0,0,0,0,1099.98,-100.0,Premium
CAMP0010141,CUST01346,Email,2023-03-27,2023-03,1,0,0,0,41.52,-100.0,Premium
CAMP0010142,CUST01346,SMS,2023-12-24,2023-12,0,0,0,0,96.97,-100.0,Premium
CAMP0010143,CUST01346,Paid Social,2024-01-04,2024-01,0,0,0,0,1904.72,-100.0,Premium
CAMP0010144,CUST01347,Paid Social,2023-11-15,2023-11,0,0,0,0,856.59,-100.0,Mid-Range
CAMP0010145,CUST01347,Push Notification,2024-03-08,2024-03,0,0,0,0,25.84,-100.0,Mid-Range
CAMP0010146,CUST01347,Paid Social,2024-01-24,2024-01,0,0,0,0,751.69,-100.0,Mid-Range
CAMP0010147,CUST01347,Email,2023-10-26,2023-10,0,0,0,0,58.21,-100.0,Mid-Range
CAMP0010148,CUST01347,Influencer,2023-12-06,2023-12,0,0,0,0,1106.69,-100.0,Mid-Range
CAMP0010149,CUST01347,Email,2023-11-12,2023-11,0,0,0,0,33.03,-100.0,Mid-Range
CAMP0010150,CUST01347,Email,2023-12-28,2023-12,0,0,0,0,54.74,-100.0,Mid-Range
CAMP0010151,CUST01347,SMS,2023-12-08,2023-12,0,0,0,0,94.34,-100.0,Mid-Range
CAMP0010152,CUST01347,Paid Social,2024-01-27,2024-01,0,0,0,0,2178.84,-100.0,Mid-Range
CAMP0010153,CUST01347,Paid Social,2023-12-26,2023-12,0,0,0,0,2036.14,-100.0,Mid-Range
CAMP0010154,CUST01347,Display Ad,2023-09-30,2023-09,0,0,0,0,1029.97,-100.0,Mid-Range
CAMP0010155,CUST01348,Paid Social,2023-11-14,2023-11,0,0,0,0,1145.65,-100.0,Budget
CAMP0010156,CUST01348,Influencer,2023-05-07,2023-05,0,0,0,0,1222.09,-100.0,Budget
CAMP0010157,CUST01348,Influencer,2023-07-13,2023-07,0,0,0,0,940.35,-100.0,Budget
CAMP0010158,CUST01348,Influencer,2023-12-09,2023-12,0,0,0,0,1632.52,-100.0,Budget
CAMP0010159,CUST01349,Paid Social,2023-09-07,2023-09,1,0,0,0,2131.89,-100.0,Mid-Range
CAMP0010160,CUST01349,Email,2023-11-23,2023-11,1,1,1,168.62,46.8,260.3,Mid-Range
CAMP0010161,CUST01349,Display Ad,2024-03-07,2024-03,0,0,0,0,490.16,-100.0,Mid-Range
CAMP0010162,CUST01349,Email,2023-11-11,2023-11,0,0,0,0,58.97,-100.0,Mid-Range
CAMP0010163,CUST01349,Email,2024-02-18,2024-02,0,0,0,0,26.24,-100.0,Mid-Range
CAMP0010164,CUST01349,Email,2023-08-09,2023-08,1,0,0,0,44.64,-100.0,Mid-Range
CAMP0010165,CUST01350,Paid Social,2023-11-05,2023-11,1,0,0,0,886.22,-100.0,Budget
CAMP0010166,CUST01350,Email,2023-10-21,2023-10,0,0,0,0,21.81,-100.0,Budget
CAMP0010167,CUST01350,SMS,2024-01-02,2024-01,0,0,0,0,32.19,-100.0,Budget
CAMP0010168,CUST01350,Paid Social,2023-11-20,2023-11,0,0,0,0,1520.51,-100.0,Budget
CAMP0010169,CUST01350,Push Notification,2023-08-18,2023-08,1,1,0,0,29.11,-100.0,Budget
CAMP0010170,CUST01351,Display Ad,2024-01-21,2024-01,0,0,0,0,709.18,-100.0,Premium
CAMP0010171,CUST01351,Email,2023-08-26,2023-08,0,0,0,0,31.6,-100.0,Premium
CAMP0010172,CUST01351,Email,2024-02-29,2024-02,0,0,0,0,42.51,-100.0,Premium
CAMP0010173,CUST01351,Paid Social,2024-02-23,2024-02,0,0,0,0,2395.02,-100.0,Premium
CAMP0010174,CUST01351,Email,2023-09-17,2023-09,0,0,0,0,36.8,-100.0,Premium
CAMP0010175,CUST01351,Email,2023-08-29,2023-08,0,0,0,0,55.73,-100.0,Premium
CAMP0010176,CUST01351,Paid Social,2023-11-12,2023-11,0,0,0,0,1323.29,-100.0,Premium
CAMP0010177,CUST01351,Influencer,2023-07-08,2023-07,0,0,0,0,1065.94,-100.0,Premium
CAMP0010178,CUST01351,Paid Social,2024-01-24,2024-01,0,0,0,0,1713.57,-100.0,Premium
CAMP0010179,CUST01351,Push Notification,2023-06-21,2023-06,0,0,0,0,16.72,-100.0,Premium
CAMP0010180,CUST01351,SMS,2024-03-07,2024-03,1,0,0,0,47.27,-100.0,Premium
CAMP0010181,CUST01352,Display Ad,2024-02-15,2024-02,0,0,0,0,360.15,-100.0,Budget
CAMP0010182,CUST01352,Display Ad,2024-03-06,2024-03,0,0,0,0,525.02,-100.0,Budget
CAMP0010183,CUST01352,Email,2024-03-25,2024-03,0,0,0,0,23.95,-100.0,Budget
CAMP0010184,CUST01352,Paid Social,2023-10-18,2023-10,0,0,0,0,1588.53,-100.0,Budget
CAMP0010185,CUST01352,Paid Social,2023-12-21,2023-12,0,0,0,0,1821.82,-100.0,Budget
CAMP0010186,CUST01352,Email,2023-10-21,2023-10,0,0,0,0,30.44,-100.0,Budget
CAMP0010187,CUST01352,Email,2023-12-05,2023-12,1,0,0,0,46.29,-100.0,Budget
CAMP0010188,CUST01352,SMS,2023-10-19,2023-10,0,0,0,0,115.47,-100.0,Budget
CAMP0010189,CUST01352,Email,2023-12-18,2023-12,0,0,0,0,45.59,-100.0,Budget
CAMP0010190,CUST01352,SMS,2023-12-09,2023-12,0,0,0,0,35.01,-100.0,Budget
CAMP0010191,CUST01352,Paid Social,2023-11-02,2023-11,0,0,0,0,1635.27,-100.0,Budget
CAMP0010192,CUST01353,Influencer,2023-08-24,2023-08,1,1,1,103.55,1365.45,-92.4,Mid-Range
CAMP0010193,CUST01353,Push Notification,2024-01-17,2024-01,0,0,0,0,24.34,-100.0,Mid-Range
CAMP0010194,CUST01353,Email,2023-09-27,2023-09,1,0,0,0,28.47,-100.0,Mid-Range
CAMP0010195,CUST01353,Push Notification,2023-06-23,2023-06,0,0,0,0,14.9,-100.0,Mid-Range
CAMP0010196,CUST01353,Email,2022-11-18,2022-11,0,0,0,0,41.97,-100.0,Mid-Range
CAMP0010197,CUST01353,Email,2024-02-12,2024-02,0,0,0,0,36.06,-100.0,Mid-Range
CAMP0010198,CUST01353,Influencer,2024-03-17,2024-03,0,0,0,0,681.9,-100.0,Mid-Range
CAMP0010199,CUST01353,Email,2022-12-24,2022-12,0,0,0,0,46.61,-100.0,Mid-Range
CAMP0010200,CUST01353,SMS,2022-06-15,2022-06,1,0,0,0,42.67,-100.0,Mid-Range
CAMP0010201,CUST01353,Email,2024-02-06,2024-02,0,0,0,0,16.29,-100.0,Mid-Range
CAMP0010202,CUST01353,Email,2023-08-29,2023-08,0,0,0,0,49.57,-100.0,Mid-Range
CAMP0010203,CUST01353,Paid Social,2022-08-07,2022-08,0,0,0,0,752.8,-100.0,Mid-Range
CAMP0010204,CUST01354,SMS,2024-03-26,2024-03,1,0,0,0,60.15,-100.0,Mid-Range
CAMP0010205,CUST01354,Email,2023-11-27,2023-11,0,0,0,0,41.82,-100.0,Mid-Range
CAMP0010206,CUST01354,Email,2023-10-02,2023-10,0,0,0,0,33.34,-100.0,Mid-Range
CAMP0010207,CUST01354,Paid Social,2024-02-25,2024-02,0,0,0,0,1389.73,-100.0,Mid-Range
CAMP0010208,CUST01354,Email,2023-12-16,2023-12,0,0,0,0,45.79,-100.0,Mid-Range
CAMP0010209,CUST01354,Paid Social,2023-10-24,2023-10,0,0,0,0,2177.14,-100.0,Mid-Range
CAMP0010210,CUST01354,SMS,2024-03-18,2024-03,0,0,0,0,64.72,-100.0,Mid-Range
CAMP0010211,CUST01354,SMS,2024-03-09,2024-03,0,0,0,0,113.32,-100.0,Mid-Range
CAMP0010212,CUST01354,Influencer,2023-07-30,2023-07,1,0,0,0,1585.05,-100.0,Mid-Range
CAMP0010213,CUST01354,Email,2024-02-19,2024-02,0,0,0,0,31.01,-100.0,Mid-Range
CAMP0010214,CUST01354,Email,2023-08-12,2023-08,0,0,0,0,33.57,-100.0,Mid-Range
CAMP0010215,CUST01354,Push Notification,2023-12-10,2023-12,1,0,0,0,25.89,-100.0,Mid-Range
CAMP0010216,CUST01355,Display Ad,2023-03-04,2023-03,0,0,0,0,754.97,-100.0,Budget
CAMP0010217,CUST01355,Paid Social,2023-04-20,2023-04,0,0,0,0,1094.49,-100.0,Budget
CAMP0010218,CUST01355,Paid Social,2023-11-09,2023-11,1,0,0,0,1047.45,-100.0,Budget
CAMP0010219,CUST01355,Email,2023-04-25,2023-04,0,0,0,0,24.07,-100.0,Budget
CAMP0010220,CUST01355,Paid Social,2024-03-13,2024-03,0,0,0,0,1753.69,-100.0,Budget
CAMP0010221,CUST01355,Paid Social,2023-06-14,2023-06,0,0,0,0,2503.75,-100.0,Budget
CAMP0010222,CUST01355,Paid Social,2023-09-02,2023-09,0,0,0,0,946.7,-100.0,Budget
CAMP0010223,CUST01355,Influencer,2023-11-02,2023-11,0,0,0,0,769.44,-100.0,Budget
CAMP0010224,CUST01355,Paid Social,2023-02-11,2023-02,0,0,0,0,1356.62,-100.0,Budget
CAMP0010225,CUST01355,Display Ad,2023-07-23,2023-07,0,0,0,0,923.29,-100.0,Budget
CAMP0010226,CUST01355,Paid Social,2023-12-02,2023-12,1,1,1,84.71,2034.61,-95.8,Budget
CAMP0010227,CUST01355,Paid Social,2023-02-25,2023-02,0,0,0,0,890.92,-100.0,Budget
CAMP0010228,CUST01356,Influencer,2023-06-17,2023-06,0,0,0,0,521.25,-100.0,Budget
CAMP0010229,CUST01356,Email,2023-09-12,2023-09,0,0,0,0,25.63,-100.0,Budget
CAMP0010230,CUST01356,Email,2023-12-19,2023-12,0,0,0,0,51.95,-100.0,Budget
CAMP0010231,CUST01356,Paid Social,2023-12-03,2023-12,0,0,0,0,1679.31,-100.0,Budget
CAMP0010232,CUST01356,Push Notification,2023-12-12,2023-12,0,0,0,0,23.93,-100.0,Budget
CAMP0010233,CUST01356,Email,2023-10-23,2023-10,1,0,0,0,23.53,-100.0,Budget
CAMP0010234,CUST01356,Push Notification,2023-05-29,2023-05,0,0,0,0,8.22,-100.0,Budget
CAMP0010235,CUST01356,Push Notification,2023-06-03,2023-06,1,1,1,52.69,15.8,233.5,Budget
CAMP0010236,CUST01356,Email,2023-05-16,2023-05,0,0,0,0,18.22,-100.0,Budget
CAMP0010237,CUST01356,SMS,2024-01-18,2024-01,1,1,0,0,62.14,-100.0,Budget
CAMP0010238,CUST01357,Email,2023-05-14,2023-05,0,0,0,0,20.6,-100.0,Budget
CAMP0010239,CUST01357,Display Ad,2023-08-24,2023-08,0,0,0,0,786.21,-100.0,Budget
CAMP0010240,CUST01357,Display Ad,2023-10-17,2023-10,0,0,0,0,709.17,-100.0,Budget
CAMP0010241,CUST01357,Display Ad,2024-03-26,2024-03,0,0,0,0,1008.44,-100.0,Budget
CAMP0010242,CUST01357,Display Ad,2023-04-10,2023-04,0,0,0,0,559.79,-100.0,Budget
CAMP0010243,CUST01357,Push Notification,2022-03-24,2022-03,0,0,0,0,25.68,-100.0,Budget
CAMP0010244,CUST01358,Influencer,2023-10-12,2023-10,0,0,0,0,1214.56,-100.0,Luxury
CAMP0010245,CUST01358,Push Notification,2023-09-01,2023-09,0,0,0,0,11.61,-100.0,Luxury
CAMP0010246,CUST01358,Email,2022-10-10,2022-10,1,0,0,0,26.25,-100.0,Luxury
CAMP0010247,CUST01358,Display Ad,2023-01-17,2023-01,0,0,0,0,805.82,-100.0,Luxury
CAMP0010248,CUST01358,Email,2024-01-19,2024-01,1,0,0,0,46.13,-100.0,Luxury
CAMP0010249,CUST01358,SMS,2022-09-30,2022-09,0,0,0,0,114.69,-100.0,Luxury
CAMP0010250,CUST01358,Email,2022-11-22,2022-11,1,0,0,0,31.49,-100.0,Luxury
CAMP0010251,CUST01359,Display Ad,2023-12-14,2023-12,1,1,1,153.52,974.33,-84.2,Budget
CAMP0010252,CUST01359,Email,2023-10-30,2023-10,0,0,0,0,46.01,-100.0,Budget
CAMP0010253,CUST01359,Email,2023-04-24,2023-04,0,0,0,0,29.27,-100.0,Budget
CAMP0010254,CUST01359,Email,2024-03-13,2024-03,1,0,0,0,42.76,-100.0,Budget
CAMP0010255,CUST01359,Push Notification,2024-02-12,2024-02,0,0,0,0,22.6,-100.0,Budget
CAMP0010256,CUST01359,Email,2023-05-23,2023-05,0,0,0,0,35.89,-100.0,Budget
CAMP0010257,CUST01359,Push Notification,2024-03-05,2024-03,0,0,0,0,28.92,-100.0,Budget
CAMP0010258,CUST01360,Paid Social,2022-10-16,2022-10,0,0,0,0,1773.75,-100.0,Mid-Range
CAMP0010259,CUST01360,Influencer,2022-07-14,2022-07,0,0,0,0,1059.51,-100.0,Mid-Range
CAMP0010260,CUST01360,SMS,2023-10-26,2023-10,0,0,0,0,83.23,-100.0,Mid-Range
CAMP0010261,CUST01360,Influencer,2023-01-09,2023-01,1,1,1,109.95,513.35,-78.6,Mid-Range
CAMP0010262,CUST01360,Display Ad,2023-01-07,2023-01,0,0,0,0,849.8,-100.0,Mid-Range
CAMP0010263,CUST01360,Email,2022-12-28,2022-12,0,0,0,0,22.02,-100.0,Mid-Range
CAMP0010264,CUST01360,Push Notification,2022-04-20,2022-04,0,0,0,0,10.85,-100.0,Mid-Range
CAMP0010265,CUST01360,Push Notification,2022-03-27,2022-03,0,0,0,0,10.82,-100.0,Mid-Range
CAMP0010266,CUST01360,Influencer,2022-04-08,2022-04,0,0,0,0,504.55,-100.0,Mid-Range
CAMP0010267,CUST01360,Email,2023-09-19,2023-09,0,0,0,0,35.76,-100.0,Mid-Range
CAMP0010268,CUST01360,Paid Social,2022-06-23,2022-06,0,0,0,0,2483.18,-100.0,Mid-Range
CAMP0010269,CUST01360,Push Notification,2023-07-23,2023-07,0,0,0,0,28.14,-100.0,Mid-Range
CAMP0010270,CUST01361,Push Notification,2024-02-07,2024-02,0,0,0,0,14.79,-100.0,Premium
CAMP0010271,CUST01361,Email,2024-01-11,2024-01,0,0,0,0,56.32,-100.0,Premium
CAMP0010272,CUST01361,Influencer,2023-08-05,2023-08,0,0,0,0,872.92,-100.0,Premium
CAMP0010273,CUST01361,Influencer,2023-09-26,2023-09,0,0,0,0,1532.68,-100.0,Premium
CAMP0010274,CUST01361,Display Ad,2024-03-13,2024-03,0,0,0,0,569.41,-100.0,Premium
CAMP0010275,CUST01361,SMS,2023-11-29,2023-11,0,0,0,0,94.39,-100.0,Premium
CAMP0010276,CUST01361,Paid Social,2024-03-19,2024-03,0,0,0,0,1938.44,-100.0,Premium
CAMP0010277,CUST01361,Email,2023-10-01,2023-10,0,0,0,0,45.04,-100.0,Premium
CAMP0010278,CUST01361,Email,2024-01-16,2024-01,0,0,0,0,19.23,-100.0,Premium
CAMP0010279,CUST01361,Paid Social,2023-09-15,2023-09,0,0,0,0,1746.34,-100.0,Premium
CAMP0010280,CUST01362,Push Notification,2023-05-16,2023-05,0,0,0,0,9.84,-100.0,Mid-Range
CAMP0010281,CUST01362,Display Ad,2023-07-16,2023-07,0,0,0,0,451.97,-100.0,Mid-Range
CAMP0010282,CUST01362,Display Ad,2023-08-03,2023-08,0,0,0,0,345.22,-100.0,Mid-Range
CAMP0010283,CUST01362,Email,2024-02-14,2024-02,0,0,0,0,21.71,-100.0,Mid-Range
CAMP0010284,CUST01363,Display Ad,2023-09-21,2023-09,0,0,0,0,626.72,-100.0,Mid-Range
CAMP0010285,CUST01363,Paid Social,2024-03-14,2024-03,1,0,0,0,698.32,-100.0,Mid-Range
CAMP0010286,CUST01363,Email,2023-07-19,2023-07,0,0,0,0,24.59,-100.0,Mid-Range
CAMP0010287,CUST01363,Paid Social,2023-11-11,2023-11,1,1,0,0,832.08,-100.0,Mid-Range
CAMP0010288,CUST01363,Push Notification,2023-08-04,2023-08,0,0,0,0,8.81,-100.0,Mid-Range
CAMP0010289,CUST01363,Display Ad,2023-09-03,2023-09,0,0,0,0,785.98,-100.0,Mid-Range
CAMP0010290,CUST01363,Email,2024-02-26,2024-02,0,0,0,0,23.8,-100.0,Mid-Range
CAMP0010291,CUST01363,Paid Social,2024-03-05,2024-03,0,0,0,0,1197.72,-100.0,Mid-Range
CAMP0010292,CUST01363,Paid Social,2023-09-29,2023-09,0,0,0,0,2110.38,-100.0,Mid-Range
CAMP0010293,CUST01363,Email,2023-09-05,2023-09,0,0,0,0,52.06,-100.0,Mid-Range
CAMP0010294,CUST01364,Paid Social,2022-08-12,2022-08,0,0,0,0,1208.2,-100.0,Mid-Range
CAMP0010295,CUST01364,SMS,2022-09-23,2022-09,1,0,0,0,39.32,-100.0,Mid-Range
CAMP0010296,CUST01364,Email,2024-01-29,2024-01,0,0,0,0,50.21,-100.0,Mid-Range
CAMP0010297,CUST01364,Push Notification,2022-04-16,2022-04,0,0,0,0,12.61,-100.0,Mid-Range
CAMP0010298,CUST01364,Email,2024-02-03,2024-02,0,0,0,0,25.06,-100.0,Mid-Range
CAMP0010299,CUST01364,Email,2024-01-10,2024-01,0,0,0,0,18.09,-100.0,Mid-Range
CAMP0010300,CUST01365,Display Ad,2023-11-27,2023-11,0,0,0,0,516.23,-100.0,Mid-Range
CAMP0010301,CUST01365,SMS,2024-02-02,2024-02,0,0,0,0,87.79,-100.0,Mid-Range
CAMP0010302,CUST01365,Influencer,2024-02-23,2024-02,0,0,0,0,508.05,-100.0,Mid-Range
CAMP0010303,CUST01365,Influencer,2024-02-29,2024-02,1,0,0,0,1005.56,-100.0,Mid-Range
CAMP0010304,CUST01366,Email,2022-05-26,2022-05,1,0,0,0,58.72,-100.0,Budget
CAMP0010305,CUST01366,Influencer,2022-06-30,2022-06,0,0,0,0,1007.27,-100.0,Budget
CAMP0010306,CUST01366,SMS,2022-11-28,2022-11,0,0,0,0,91.41,-100.0,Budget
CAMP0010307,CUST01367,SMS,2023-11-14,2023-11,0,0,0,0,45.64,-100.0,Premium
CAMP0010308,CUST01367,Influencer,2022-09-26,2022-09,0,0,0,0,1397.83,-100.0,Premium
CAMP0010309,CUST01367,Email,2023-01-29,2023-01,0,0,0,0,32.08,-100.0,Premium
CAMP0010310,CUST01367,Paid Social,2023-12-13,2023-12,0,0,0,0,684.53,-100.0,Premium
CAMP0010311,CUST01368,Push Notification,2022-09-18,2022-09,0,0,0,0,25.84,-100.0,Mid-Range
CAMP0010312,CUST01368,Email,2023-02-03,2023-02,0,0,0,0,50.14,-100.0,Mid-Range
CAMP0010313,CUST01368,Display Ad,2023-07-31,2023-07,0,0,0,0,470.8,-100.0,Mid-Range
CAMP0010314,CUST01368,Influencer,2023-11-29,2023-11,0,0,0,0,1553.43,-100.0,Mid-Range
CAMP0010315,CUST01368,Paid Social,2023-07-04,2023-07,0,0,0,0,1242.08,-100.0,Mid-Range
CAMP0010316,CUST01368,Paid Social,2024-01-04,2024-01,0,0,0,0,2461.47,-100.0,Mid-Range
CAMP0010317,CUST01368,Paid Social,2023-03-19,2023-03,0,0,0,0,1177.78,-100.0,Mid-Range
CAMP0010318,CUST01368,Paid Social,2022-05-20,2022-05,1,0,0,0,766.63,-100.0,Mid-Range
CAMP0010319,CUST01369,Email,2023-05-15,2023-05,0,0,0,0,17.84,-100.0,Luxury
CAMP0010320,CUST01369,Push Notification,2023-12-25,2023-12,0,0,0,0,13.37,-100.0,Luxury
CAMP0010321,CUST01369,Email,2023-03-24,2023-03,0,0,0,0,17.83,-100.0,Luxury
CAMP0010322,CUST01369,Paid Social,2024-02-07,2024-02,0,0,0,0,2464.84,-100.0,Luxury
CAMP0010323,CUST01370,SMS,2022-11-28,2022-11,0,0,0,0,56.35,-100.0,Luxury
CAMP0010324,CUST01370,Paid Social,2023-03-10,2023-03,1,0,0,0,2367.34,-100.0,Luxury
CAMP0010325,CUST01370,Paid Social,2023-10-12,2023-10,1,0,0,0,1956.85,-100.0,Luxury
CAMP0010326,CUST01371,Display Ad,2023-11-29,2023-11,0,0,0,0,522.82,-100.0,Luxury
CAMP0010327,CUST01371,Email,2023-07-30,2023-07,0,0,0,0,45.53,-100.0,Luxury
CAMP0010328,CUST01371,Influencer,2024-01-13,2024-01,0,0,0,0,459.05,-100.0,Luxury
CAMP0010329,CUST01371,Push Notification,2024-02-16,2024-02,0,0,0,0,24.33,-100.0,Luxury
CAMP0010330,CUST01371,Email,2024-01-25,2024-01,0,0,0,0,32.09,-100.0,Luxury
CAMP0010331,CUST01372,Influencer,2022-09-23,2022-09,0,0,0,0,476.87,-100.0,Mid-Range
CAMP0010332,CUST01372,SMS,2023-05-15,2023-05,0,0,0,0,76.11,-100.0,Mid-Range
CAMP0010333,CUST01372,Paid Social,2023-04-28,2023-04,0,0,0,0,1037.17,-100.0,Mid-Range
CAMP0010334,CUST01372,Email,2024-02-08,2024-02,0,0,0,0,25.4,-100.0,Mid-Range
CAMP0010335,CUST01372,Paid Social,2023-03-23,2023-03,0,0,0,0,2085.41,-100.0,Mid-Range
CAMP0010336,CUST01372,SMS,2023-10-09,2023-10,1,0,0,0,119.39,-100.0,Mid-Range
CAMP0010337,CUST01372,Push Notification,2024-03-05,2024-03,0,0,0,0,18.67,-100.0,Mid-Range
CAMP0010338,CUST01373,Push Notification,2023-06-20,2023-06,1,1,0,0,19.24,-100.0,Budget
CAMP0010339,CUST01373,Email,2023-04-29,2023-04,0,0,0,0,25.67,-100.0,Budget
CAMP0010340,CUST01373,SMS,2024-02-29,2024-02,1,0,0,0,69.65,-100.0,Budget
CAMP0010341,CUST01374,Influencer,2023-03-26,2023-03,0,0,0,0,560.17,-100.0,Premium
CAMP0010342,CUST01374,Display Ad,2022-10-28,2022-10,0,0,0,0,406.77,-100.0,Premium
CAMP0010343,CUST01374,Email,2024-01-01,2024-01,1,1,1,188.22,33.22,466.6,Premium
CAMP0010344,CUST01374,Push Notification,2023-10-16,2023-10,0,0,0,0,23.57,-100.0,Premium
CAMP0010345,CUST01374,Email,2023-01-21,2023-01,0,0,0,0,34.14,-100.0,Premium
CAMP0010346,CUST01374,Email,2024-03-18,2024-03,0,0,0,0,56.0,-100.0,Premium
CAMP0010347,CUST01374,Push Notification,2023-08-27,2023-08,0,0,0,0,21.84,-100.0,Premium
CAMP0010348,CUST01375,Email,2023-10-12,2023-10,0,0,0,0,19.9,-100.0,Mid-Range
CAMP0010349,CUST01375,Push Notification,2022-01-31,2022-01,1,1,1,75.9,23.11,228.4,Mid-Range
CAMP0010350,CUST01375,Paid Social,2024-02-11,2024-02,0,0,0,0,1421.18,-100.0,Mid-Range
CAMP0010351,CUST01375,Paid Social,2023-07-15,2023-07,0,0,0,0,1072.74,-100.0,Mid-Range
CAMP0010352,CUST01375,Email,2022-02-23,2022-02,0,0,0,0,49.32,-100.0,Mid-Range
CAMP0010353,CUST01375,Email,2022-10-01,2022-10,1,0,0,0,23.65,-100.0,Mid-Range
CAMP0010354,CUST01376,Influencer,2023-05-12,2023-05,0,0,0,0,594.69,-100.0,Premium
CAMP0010355,CUST01376,Paid Social,2022-07-07,2022-07,0,0,0,0,1007.16,-100.0,Premium
CAMP0010356,CUST01376,SMS,2022-09-14,2022-09,1,0,0,0,103.64,-100.0,Premium
CAMP0010357,CUST01376,Influencer,2024-01-25,2024-01,1,0,0,0,447.91,-100.0,Premium
CAMP0010358,CUST01376,Email,2022-10-21,2022-10,0,0,0,0,29.05,-100.0,Premium
CAMP0010359,CUST01376,SMS,2022-12-21,2022-12,0,0,0,0,37.23,-100.0,Premium
CAMP0010360,CUST01376,Influencer,2023-08-26,2023-08,0,0,0,0,549.11,-100.0,Premium
CAMP0010361,CUST01376,Influencer,2023-09-02,2023-09,0,0,0,0,1026.13,-100.0,Premium
CAMP0010362,CUST01376,SMS,2024-01-20,2024-01,0,0,0,0,94.34,-100.0,Premium
CAMP0010363,CUST01376,Paid Social,2023-09-02,2023-09,0,0,0,0,2175.0,-100.0,Premium
CAMP0010364,CUST01376,Email,2023-06-21,2023-06,0,0,0,0,18.42,-100.0,Premium
CAMP0010365,CUST01376,Influencer,2023-01-13,2023-01,0,0,0,0,1261.68,-100.0,Premium
CAMP0010366,CUST01377,Email,2023-07-12,2023-07,0,0,0,0,27.47,-100.0,Mid-Range
CAMP0010367,CUST01377,Push Notification,2024-03-29,2024-03,0,0,0,0,22.88,-100.0,Mid-Range
CAMP0010368,CUST01377,Email,2023-09-19,2023-09,0,0,0,0,53.09,-100.0,Mid-Range
CAMP0010369,CUST01377,Display Ad,2023-11-14,2023-11,0,0,0,0,838.44,-100.0,Mid-Range
CAMP0010370,CUST01377,Email,2023-10-19,2023-10,0,0,0,0,17.61,-100.0,Mid-Range
CAMP0010371,CUST01377,Email,2023-11-01,2023-11,0,0,0,0,35.57,-100.0,Mid-Range
CAMP0010372,CUST01377,Paid Social,2023-10-01,2023-10,0,0,0,0,2227.25,-100.0,Mid-Range
CAMP0010373,CUST01377,Paid Social,2023-03-21,2023-03,0,0,0,0,1049.36,-100.0,Mid-Range
CAMP0010374,CUST01377,Paid Social,2023-09-26,2023-09,0,0,0,0,2151.89,-100.0,Mid-Range
CAMP0010375,CUST01377,Email,2023-10-13,2023-10,1,0,0,0,22.49,-100.0,Mid-Range
CAMP0010376,CUST01377,Push Notification,2024-03-18,2024-03,0,0,0,0,28.54,-100.0,Mid-Range
CAMP0010377,CUST01378,Email,2023-05-18,2023-05,0,0,0,0,49.22,-100.0,Premium
CAMP0010378,CUST01378,Paid Social,2023-02-01,2023-02,1,0,0,0,1620.57,-100.0,Premium
CAMP0010379,CUST01378,Paid Social,2024-02-06,2024-02,1,1,0,0,2409.14,-100.0,Premium
CAMP0010380,CUST01378,Email,2023-05-06,2023-05,0,0,0,0,25.5,-100.0,Premium
CAMP0010381,CUST01378,Influencer,2023-02-14,2023-02,0,0,0,0,564.18,-100.0,Premium
CAMP0010382,CUST01379,Email,2023-06-18,2023-06,0,0,0,0,45.14,-100.0,Premium
CAMP0010383,CUST01379,Influencer,2022-11-09,2022-11,0,0,0,0,1402.23,-100.0,Premium
CAMP0010384,CUST01379,Influencer,2023-12-17,2023-12,0,0,0,0,1398.96,-100.0,Premium
CAMP0010385,CUST01379,SMS,2023-08-04,2023-08,0,0,0,0,63.33,-100.0,Premium
CAMP0010386,CUST01379,SMS,2023-11-28,2023-11,0,0,0,0,78.39,-100.0,Premium
CAMP0010387,CUST01379,Email,2023-11-17,2023-11,1,0,0,0,39.9,-100.0,Premium
CAMP0010388,CUST01379,Paid Social,2024-02-10,2024-02,0,0,0,0,2341.14,-100.0,Premium
CAMP0010389,CUST01379,SMS,2023-06-14,2023-06,0,0,0,0,58.08,-100.0,Premium
CAMP0010390,CUST01379,Push Notification,2023-12-08,2023-12,0,0,0,0,10.33,-100.0,Premium
CAMP0010391,CUST01379,Paid Social,2023-06-29,2023-06,0,0,0,0,1395.3,-100.0,Premium
CAMP0010392,CUST01379,SMS,2023-06-13,2023-06,0,0,0,0,80.85,-100.0,Premium
CAMP0010393,CUST01379,Email,2023-07-22,2023-07,0,0,0,0,34.51,-100.0,Premium
CAMP0010394,CUST01380,Email,2024-01-03,2024-01,0,0,0,0,30.04,-100.0,Premium
CAMP0010395,CUST01380,SMS,2023-03-28,2023-03,0,0,0,0,84.2,-100.0,Premium
CAMP0010396,CUST01380,Paid Social,2023-09-23,2023-09,0,0,0,0,1901.29,-100.0,Premium
CAMP0010397,CUST01381,SMS,2023-08-03,2023-08,0,0,0,0,108.02,-100.0,Budget
CAMP0010398,CUST01381,Email,2023-08-07,2023-08,0,0,0,0,44.76,-100.0,Budget
CAMP0010399,CUST01381,Paid Social,2023-11-06,2023-11,0,0,0,0,2319.93,-100.0,Budget
CAMP0010400,CUST01381,Influencer,2023-12-31,2023-12,0,0,0,0,836.34,-100.0,Budget
CAMP0010401,CUST01381,Paid Social,2023-11-05,2023-11,0,0,0,0,1144.05,-100.0,Budget
CAMP0010402,CUST01381,Paid Social,2024-03-11,2024-03,0,0,0,0,1949.32,-100.0,Budget
CAMP0010403,CUST01382,Email,2024-01-10,2024-01,0,0,0,0,18.37,-100.0,Mid-Range
CAMP0010404,CUST01382,Email,2023-06-12,2023-06,0,0,0,0,36.76,-100.0,Mid-Range
CAMP0010405,CUST01382,Email,2023-11-08,2023-11,1,1,0,0,35.65,-100.0,Mid-Range
CAMP0010406,CUST01382,Display Ad,2022-05-08,2022-05,0,0,0,0,509.3,-100.0,Mid-Range
CAMP0010407,CUST01382,SMS,2023-08-11,2023-08,1,0,0,0,89.86,-100.0,Mid-Range
CAMP0010408,CUST01383,Paid Social,2022-10-20,2022-10,0,0,0,0,2402.92,-100.0,Budget
CAMP0010409,CUST01383,Paid Social,2022-11-01,2022-11,0,0,0,0,812.4,-100.0,Budget
CAMP0010410,CUST01383,Influencer,2023-04-26,2023-04,1,1,0,0,536.92,-100.0,Budget
CAMP0010411,CUST01383,Email,2023-10-02,2023-10,1,0,0,0,24.62,-100.0,Budget
CAMP0010412,CUST01383,Push Notification,2023-07-29,2023-07,0,0,0,0,15.85,-100.0,Budget
CAMP0010413,CUST01384,Influencer,2023-12-13,2023-12,0,0,0,0,847.88,-100.0,Premium
CAMP0010414,CUST01384,Paid Social,2022-07-10,2022-07,0,0,0,0,1447.12,-100.0,Premium
CAMP0010415,CUST01384,Influencer,2022-10-19,2022-10,0,0,0,0,700.61,-100.0,Premium
CAMP0010416,CUST01384,Email,2024-02-26,2024-02,1,0,0,0,31.18,-100.0,Premium
CAMP0010417,CUST01384,Display Ad,2023-02-23,2023-02,0,0,0,0,792.46,-100.0,Premium
CAMP0010418,CUST01384,Email,2023-01-23,2023-01,0,0,0,0,22.63,-100.0,Premium
CAMP0010419,CUST01385,Paid Social,2023-08-21,2023-08,0,0,0,0,723.67,-100.0,Luxury
CAMP0010420,CUST01385,Influencer,2023-10-19,2023-10,0,0,0,0,1004.72,-100.0,Luxury
CAMP0010421,CUST01385,Push Notification,2023-09-30,2023-09,0,0,0,0,20.25,-100.0,Luxury
CAMP0010422,CUST01385,Push Notification,2023-08-25,2023-08,0,0,0,0,17.9,-100.0,Luxury
CAMP0010423,CUST01386,Influencer,2023-06-14,2023-06,0,0,0,0,470.29,-100.0,Luxury
CAMP0010424,CUST01386,Paid Social,2023-03-01,2023-03,0,0,0,0,2015.41,-100.0,Luxury
CAMP0010425,CUST01386,Email,2023-09-10,2023-09,1,1,0,0,55.98,-100.0,Luxury
CAMP0010426,CUST01386,Push Notification,2023-05-05,2023-05,0,0,0,0,24.34,-100.0,Luxury
CAMP0010427,CUST01386,Email,2023-09-17,2023-09,0,0,0,0,54.37,-100.0,Luxury
CAMP0010428,CUST01386,Paid Social,2023-05-13,2023-05,0,0,0,0,962.64,-100.0,Luxury
CAMP0010429,CUST01386,SMS,2023-07-23,2023-07,1,0,0,0,82.68,-100.0,Luxury
CAMP0010430,CUST01387,Influencer,2023-05-05,2023-05,0,0,0,0,1359.11,-100.0,Premium
CAMP0010431,CUST01387,Paid Social,2023-12-21,2023-12,1,0,0,0,1976.9,-100.0,Premium
CAMP0010432,CUST01387,Email,2023-11-15,2023-11,1,1,0,0,32.93,-100.0,Premium
CAMP0010433,CUST01388,Push Notification,2022-06-24,2022-06,0,0,0,0,25.21,-100.0,Mid-Range
CAMP0010434,CUST01388,Paid Social,2022-09-06,2022-09,0,0,0,0,2004.21,-100.0,Mid-Range
CAMP0010435,CUST01388,SMS,2023-08-09,2023-08,0,0,0,0,36.68,-100.0,Mid-Range
CAMP0010436,CUST01388,Paid Social,2023-03-01,2023-03,0,0,0,0,2317.77,-100.0,Mid-Range
CAMP0010437,CUST01388,SMS,2023-09-12,2023-09,0,0,0,0,74.75,-100.0,Mid-Range
CAMP0010438,CUST01388,Paid Social,2022-10-19,2022-10,0,0,0,0,1390.34,-100.0,Mid-Range
CAMP0010439,CUST01388,Display Ad,2024-02-01,2024-02,0,0,0,0,963.16,-100.0,Mid-Range
CAMP0010440,CUST01389,Influencer,2024-02-12,2024-02,0,0,0,0,1411.91,-100.0,Mid-Range
CAMP0010441,CUST01389,Paid Social,2023-04-10,2023-04,0,0,0,0,943.94,-100.0,Mid-Range
CAMP0010442,CUST01389,Email,2023-07-14,2023-07,1,0,0,0,33.77,-100.0,Mid-Range
CAMP0010443,CUST01389,Paid Social,2023-05-22,2023-05,1,1,1,78.22,741.42,-89.4,Mid-Range
CAMP0010444,CUST01389,Influencer,2023-05-16,2023-05,1,0,0,0,1620.78,-100.0,Mid-Range
CAMP0010445,CUST01389,Influencer,2023-12-29,2023-12,0,0,0,0,842.61,-100.0,Mid-Range
CAMP0010446,CUST01389,Email,2023-06-26,2023-06,0,0,0,0,49.86,-100.0,Mid-Range
CAMP0010447,CUST01390,SMS,2024-02-12,2024-02,0,0,0,0,53.15,-100.0,Mid-Range
CAMP0010448,CUST01390,SMS,2024-03-21,2024-03,1,1,1,72.55,64.49,12.5,Mid-Range
CAMP0010449,CUST01390,Influencer,2024-03-16,2024-03,0,0,0,0,1245.46,-100.0,Mid-Range
CAMP0010450,CUST01390,Push Notification,2023-10-01,2023-10,0,0,0,0,22.99,-100.0,Mid-Range
CAMP0010451,CUST01390,Paid Social,2023-11-02,2023-11,0,0,0,0,2269.55,-100.0,Mid-Range
CAMP0010452,CUST01390,Email,2024-01-07,2024-01,0,0,0,0,42.68,-100.0,Mid-Range
CAMP0010453,CUST01391,Paid Social,2023-02-11,2023-02,0,0,0,0,2444.27,-100.0,Mid-Range
CAMP0010454,CUST01391,Influencer,2023-05-03,2023-05,0,0,0,0,1251.78,-100.0,Mid-Range
CAMP0010455,CUST01391,Display Ad,2023-11-25,2023-11,0,0,0,0,964.59,-100.0,Mid-Range
CAMP0010456,CUST01391,Display Ad,2023-01-28,2023-01,0,0,0,0,570.82,-100.0,Mid-Range
CAMP0010457,CUST01391,Push Notification,2022-12-25,2022-12,0,0,0,0,14.52,-100.0,Mid-Range
CAMP0010458,CUST01391,Display Ad,2023-10-24,2023-10,0,0,0,0,313.01,-100.0,Mid-Range
CAMP0010459,CUST01391,Email,2024-01-24,2024-01,0,0,0,0,27.73,-100.0,Mid-Range
CAMP0010460,CUST01391,Influencer,2023-05-22,2023-05,1,0,0,0,1206.69,-100.0,Mid-Range
CAMP0010461,CUST01391,Push Notification,2024-03-01,2024-03,0,0,0,0,19.06,-100.0,Mid-Range
CAMP0010462,CUST01392,SMS,2023-09-14,2023-09,0,0,0,0,73.89,-100.0,Premium
CAMP0010463,CUST01392,Push Notification,2024-02-22,2024-02,0,0,0,0,28.21,-100.0,Premium
CAMP0010464,CUST01392,Paid Social,2023-09-21,2023-09,0,0,0,0,1341.03,-100.0,Premium
CAMP0010465,CUST01392,Email,2024-02-07,2024-02,0,0,0,0,59.9,-100.0,Premium
CAMP0010466,CUST01392,Influencer,2023-11-29,2023-11,0,0,0,0,580.71,-100.0,Premium
CAMP0010467,CUST01392,Paid Social,2024-03-15,2024-03,0,0,0,0,830.68,-100.0,Premium
CAMP0010468,CUST01392,Email,2024-02-14,2024-02,0,0,0,0,17.4,-100.0,Premium
CAMP0010469,CUST01392,Email,2024-01-19,2024-01,1,1,0,0,30.9,-100.0,Premium
CAMP0010470,CUST01392,Push Notification,2024-01-23,2024-01,0,0,0,0,16.95,-100.0,Premium
CAMP0010471,CUST01393,Display Ad,2022-04-17,2022-04,0,0,0,0,903.04,-100.0,Mid-Range
CAMP0010472,CUST01393,Paid Social,2023-05-05,2023-05,0,0,0,0,1986.53,-100.0,Mid-Range
CAMP0010473,CUST01393,Email,2022-08-28,2022-08,1,0,0,0,27.24,-100.0,Mid-Range
CAMP0010474,CUST01393,Influencer,2022-11-05,2022-11,0,0,0,0,1583.64,-100.0,Mid-Range
CAMP0010475,CUST01393,SMS,2023-10-15,2023-10,1,0,0,0,41.42,-100.0,Mid-Range
CAMP0010476,CUST01393,Influencer,2022-08-01,2022-08,0,0,0,0,493.93,-100.0,Mid-Range
CAMP0010477,CUST01393,Push Notification,2022-08-01,2022-08,0,0,0,0,13.94,-100.0,Mid-Range
CAMP0010478,CUST01393,Paid Social,2024-01-17,2024-01,0,0,0,0,1786.57,-100.0,Mid-Range
CAMP0010479,CUST01393,Email,2023-03-19,2023-03,0,0,0,0,18.55,-100.0,Mid-Range
CAMP0010480,CUST01393,Paid Social,2022-01-16,2022-01,0,0,0,0,1383.48,-100.0,Mid-Range
CAMP0010481,CUST01393,Push Notification,2022-04-10,2022-04,1,1,0,0,10.33,-100.0,Mid-Range
CAMP0010482,CUST01394,Display Ad,2024-02-17,2024-02,0,0,0,0,284.27,-100.0,Premium
CAMP0010483,CUST01394,Email,2022-07-12,2022-07,0,0,0,0,24.34,-100.0,Premium
CAMP0010484,CUST01394,Email,2022-10-27,2022-10,1,0,0,0,49.83,-100.0,Premium
CAMP0010485,CUST01394,Paid Social,2023-01-31,2023-01,0,0,0,0,2141.96,-100.0,Premium
CAMP0010486,CUST01394,Email,2023-03-16,2023-03,0,0,0,0,26.25,-100.0,Premium
CAMP0010487,CUST01394,Email,2023-09-23,2023-09,0,0,0,0,25.89,-100.0,Premium
CAMP0010488,CUST01394,Push Notification,2023-03-08,2023-03,0,0,0,0,14.56,-100.0,Premium
CAMP0010489,CUST01395,Paid Social,2024-03-13,2024-03,0,0,0,0,2280.69,-100.0,Premium
CAMP0010490,CUST01395,Email,2024-01-21,2024-01,0,0,0,0,22.67,-100.0,Premium
CAMP0010491,CUST01395,SMS,2024-02-01,2024-02,1,0,0,0,46.15,-100.0,Premium
CAMP0010492,CUST01395,Paid Social,2023-10-12,2023-10,1,0,0,0,950.35,-100.0,Premium
CAMP0010493,CUST01395,Paid Social,2024-01-10,2024-01,1,0,0,0,1331.34,-100.0,Premium
CAMP0010494,CUST01395,Email,2023-12-27,2023-12,0,0,0,0,52.31,-100.0,Premium
CAMP0010495,CUST01395,Email,2024-03-30,2024-03,0,0,0,0,23.18,-100.0,Premium
CAMP0010496,CUST01395,SMS,2023-10-13,2023-10,0,0,0,0,93.11,-100.0,Premium
CAMP0010497,CUST01395,Paid Social,2024-03-18,2024-03,0,0,0,0,1346.99,-100.0,Premium
CAMP0010498,CUST01396,Email,2023-05-09,2023-05,0,0,0,0,40.4,-100.0,Premium
CAMP0010499,CUST01396,Display Ad,2023-08-21,2023-08,0,0,0,0,829.23,-100.0,Premium
CAMP0010500,CUST01396,Email,2023-10-07,2023-10,0,0,0,0,30.09,-100.0,Premium
CAMP0010501,CUST01396,Email,2023-11-19,2023-11,0,0,0,0,58.66,-100.0,Premium
CAMP0010502,CUST01396,Email,2023-07-17,2023-07,0,0,0,0,47.82,-100.0,Premium
CAMP0010503,CUST01396,Email,2023-09-01,2023-09,0,0,0,0,56.7,-100.0,Premium
CAMP0010504,CUST01397,Email,2023-04-15,2023-04,1,0,0,0,16.24,-100.0,Premium
CAMP0010505,CUST01397,Email,2023-10-03,2023-10,0,0,0,0,55.08,-100.0,Premium
CAMP0010506,CUST01397,Email,2023-08-18,2023-08,0,0,0,0,47.1,-100.0,Premium
CAMP0010507,CUST01397,Influencer,2024-01-17,2024-01,0,0,0,0,1508.13,-100.0,Premium
CAMP0010508,CUST01397,Push Notification,2023-04-12,2023-04,0,0,0,0,28.46,-100.0,Premium
CAMP0010509,CUST01397,Push Notification,2023-01-04,2023-01,0,0,0,0,10.29,-100.0,Premium
CAMP0010510,CUST01397,Influencer,2022-09-29,2022-09,0,0,0,0,460.93,-100.0,Premium
CAMP0010511,CUST01397,Push Notification,2024-01-22,2024-01,0,0,0,0,25.45,-100.0,Premium
CAMP0010512,CUST01397,Paid Social,2023-04-12,2023-04,0,0,0,0,2116.6,-100.0,Premium
CAMP0010513,CUST01397,Email,2024-02-26,2024-02,0,0,0,0,17.16,-100.0,Premium
CAMP0010514,CUST01397,Influencer,2023-05-24,2023-05,0,0,0,0,1095.68,-100.0,Premium
CAMP0010515,CUST01398,Email,2024-03-13,2024-03,0,0,0,0,21.67,-100.0,Mid-Range
CAMP0010516,CUST01398,Paid Social,2023-06-26,2023-06,1,1,0,0,2215.58,-100.0,Mid-Range
CAMP0010517,CUST01398,Paid Social,2022-05-17,2022-05,0,0,0,0,1823.55,-100.0,Mid-Range
CAMP0010518,CUST01398,Push Notification,2022-11-19,2022-11,1,0,0,0,16.86,-100.0,Mid-Range
CAMP0010519,CUST01398,Paid Social,2022-09-11,2022-09,0,0,0,0,2332.69,-100.0,Mid-Range
CAMP0010520,CUST01398,Paid Social,2024-01-11,2024-01,0,0,0,0,1450.48,-100.0,Mid-Range
CAMP0010521,CUST01398,Email,2022-05-10,2022-05,0,0,0,0,36.08,-100.0,Mid-Range
CAMP0010522,CUST01398,SMS,2022-10-22,2022-10,1,0,0,0,33.47,-100.0,Mid-Range
CAMP0010523,CUST01398,Push Notification,2023-08-17,2023-08,0,0,0,0,19.25,-100.0,Mid-Range
CAMP0010524,CUST01399,Display Ad,2023-03-22,2023-03,0,0,0,0,477.4,-100.0,Budget
CAMP0010525,CUST01399,Influencer,2023-10-10,2023-10,0,0,0,0,1143.41,-100.0,Budget
CAMP0010526,CUST01399,Email,2023-03-07,2023-03,0,0,0,0,29.74,-100.0,Budget
CAMP0010527,CUST01399,SMS,2023-03-28,2023-03,0,0,0,0,75.89,-100.0,Budget
CAMP0010528,CUST01399,Influencer,2024-03-09,2024-03,0,0,0,0,1130.99,-100.0,Budget
CAMP0010529,CUST01399,Paid Social,2022-12-20,2022-12,0,0,0,0,1759.02,-100.0,Budget
CAMP0010530,CUST01400,Influencer,2024-02-21,2024-02,0,0,0,0,1315.79,-100.0,Premium
CAMP0010531,CUST01400,Email,2023-03-13,2023-03,0,0,0,0,58.49,-100.0,Premium
CAMP0010532,CUST01400,Push Notification,2022-07-25,2022-07,0,0,0,0,21.85,-100.0,Premium
CAMP0010533,CUST01401,Email,2023-09-30,2023-09,0,0,0,0,17.81,-100.0,Premium
CAMP0010534,CUST01401,SMS,2023-07-23,2023-07,0,0,0,0,44.14,-100.0,Premium
CAMP0010535,CUST01401,Display Ad,2024-02-15,2024-02,0,0,0,0,512.78,-100.0,Premium
CAMP0010536,CUST01401,SMS,2023-06-29,2023-06,0,0,0,0,71.84,-100.0,Premium
CAMP0010537,CUST01401,Paid Social,2023-12-03,2023-12,0,0,0,0,1291.88,-100.0,Premium
CAMP0010538,CUST01401,Email,2023-06-23,2023-06,0,0,0,0,20.63,-100.0,Premium
CAMP0010539,CUST01401,Influencer,2023-11-18,2023-11,0,0,0,0,1089.21,-100.0,Premium
CAMP0010540,CUST01401,Email,2024-03-20,2024-03,0,0,0,0,56.62,-100.0,Premium
CAMP0010541,CUST01401,Paid Social,2024-03-23,2024-03,0,0,0,0,932.37,-100.0,Premium
CAMP0010542,CUST01401,Paid Social,2024-02-26,2024-02,0,0,0,0,1366.3,-100.0,Premium
CAMP0010543,CUST01401,SMS,2023-08-06,2023-08,1,0,0,0,36.42,-100.0,Premium
CAMP0010544,CUST01402,SMS,2024-01-15,2024-01,1,1,1,125.14,101.92,22.8,Mid-Range
CAMP0010545,CUST01402,Display Ad,2023-09-10,2023-09,0,0,0,0,723.98,-100.0,Mid-Range
CAMP0010546,CUST01402,Email,2023-12-30,2023-12,0,0,0,0,22.03,-100.0,Mid-Range
CAMP0010547,CUST01402,Email,2023-09-07,2023-09,0,0,0,0,30.48,-100.0,Mid-Range
CAMP0010548,CUST01402,Influencer,2023-01-09,2023-01,0,0,0,0,1516.09,-100.0,Mid-Range
CAMP0010549,CUST01402,Email,2024-01-21,2024-01,0,0,0,0,41.55,-100.0,Mid-Range
CAMP0010550,CUST01402,Paid Social,2023-11-03,2023-11,1,0,0,0,1456.25,-100.0,Mid-Range
CAMP0010551,CUST01402,Email,2023-12-05,2023-12,0,0,0,0,47.4,-100.0,Mid-Range
CAMP0010552,CUST01402,Display Ad,2023-03-23,2023-03,0,0,0,0,1047.35,-100.0,Mid-Range
CAMP0010553,CUST01402,Paid Social,2023-05-02,2023-05,1,0,0,0,1916.07,-100.0,Mid-Range
CAMP0010554,CUST01402,Influencer,2024-03-30,2024-03,0,0,0,0,1498.89,-100.0,Mid-Range
CAMP0010555,CUST01402,SMS,2023-05-17,2023-05,1,0,0,0,113.26,-100.0,Mid-Range
CAMP0010556,CUST01403,Paid Social,2023-11-15,2023-11,0,0,0,0,1284.17,-100.0,Budget
CAMP0010557,CUST01403,Push Notification,2023-07-01,2023-07,0,0,0,0,22.52,-100.0,Budget
CAMP0010558,CUST01403,Push Notification,2023-07-16,2023-07,1,0,0,0,25.87,-100.0,Budget
CAMP0010559,CUST01403,Push Notification,2023-06-29,2023-06,0,0,0,0,16.85,-100.0,Budget
CAMP0010560,CUST01403,Push Notification,2023-03-20,2023-03,0,0,0,0,18.03,-100.0,Budget
CAMP0010561,CUST01403,Email,2023-02-17,2023-02,0,0,0,0,37.31,-100.0,Budget
CAMP0010562,CUST01404,Paid Social,2024-01-08,2024-01,0,0,0,0,750.17,-100.0,Mid-Range
CAMP0010563,CUST01404,Paid Social,2023-09-10,2023-09,0,0,0,0,1553.53,-100.0,Mid-Range
CAMP0010564,CUST01404,Display Ad,2024-02-02,2024-02,0,0,0,0,529.81,-100.0,Mid-Range
CAMP0010565,CUST01404,Influencer,2023-12-26,2023-12,0,0,0,0,1219.97,-100.0,Mid-Range
CAMP0010566,CUST01405,SMS,2023-04-22,2023-04,0,0,0,0,42.05,-100.0,Budget
CAMP0010567,CUST01405,SMS,2022-10-04,2022-10,1,0,0,0,88.05,-100.0,Budget
CAMP0010568,CUST01405,Display Ad,2022-09-24,2022-09,0,0,0,0,368.51,-100.0,Budget
CAMP0010569,CUST01405,Email,2024-02-10,2024-02,0,0,0,0,40.93,-100.0,Budget
CAMP0010570,CUST01405,Paid Social,2023-06-09,2023-06,0,0,0,0,751.41,-100.0,Budget
CAMP0010571,CUST01405,Email,2024-01-30,2024-01,0,0,0,0,54.66,-100.0,Budget
CAMP0010572,CUST01406,Influencer,2023-08-14,2023-08,1,0,0,0,870.26,-100.0,Budget
CAMP0010573,CUST01406,Paid Social,2023-10-26,2023-10,0,0,0,0,710.48,-100.0,Budget
CAMP0010574,CUST01406,Display Ad,2023-08-30,2023-08,0,0,0,0,982.38,-100.0,Budget
CAMP0010575,CUST01406,Influencer,2023-09-29,2023-09,0,0,0,0,1493.48,-100.0,Budget
CAMP0010576,CUST01406,Display Ad,2023-09-28,2023-09,1,0,0,0,352.25,-100.0,Budget
CAMP0010577,CUST01406,Email,2023-08-31,2023-08,0,0,0,0,19.15,-100.0,Budget
CAMP0010578,CUST01406,Paid Social,2023-11-10,2023-11,0,0,0,0,715.84,-100.0,Budget
CAMP0010579,CUST01406,Paid Social,2023-08-02,2023-08,0,0,0,0,1291.99,-100.0,Budget
CAMP0010580,CUST01406,Push Notification,2024-01-09,2024-01,1,0,0,0,10.76,-100.0,Budget
CAMP0010581,CUST01406,Paid Social,2023-12-01,2023-12,0,0,0,0,987.95,-100.0,Budget
CAMP0010582,CUST01407,Paid Social,2023-09-07,2023-09,0,0,0,0,1079.51,-100.0,Premium
CAMP0010583,CUST01407,SMS,2023-12-17,2023-12,0,0,0,0,86.47,-100.0,Premium
CAMP0010584,CUST01407,SMS,2023-08-26,2023-08,0,0,0,0,42.17,-100.0,Premium
CAMP0010585,CUST01407,Push Notification,2023-07-28,2023-07,0,0,0,0,12.77,-100.0,Premium
CAMP0010586,CUST01407,Influencer,2023-07-17,2023-07,1,0,0,0,610.69,-100.0,Premium
CAMP0010587,CUST01407,Display Ad,2023-08-01,2023-08,0,0,0,0,402.56,-100.0,Premium
CAMP0010588,CUST01407,Paid Social,2024-01-03,2024-01,0,0,0,0,1318.98,-100.0,Premium
CAMP0010589,CUST01407,Display Ad,2023-08-01,2023-08,0,0,0,0,926.48,-100.0,Premium
CAMP0010590,CUST01407,Influencer,2023-09-24,2023-09,0,0,0,0,560.47,-100.0,Premium
CAMP0010591,CUST01407,Push Notification,2023-05-24,2023-05,0,0,0,0,26.38,-100.0,Premium
CAMP0010592,CUST01408,Push Notification,2022-12-25,2022-12,0,0,0,0,20.81,-100.0,Premium
CAMP0010593,CUST01408,Influencer,2023-11-14,2023-11,0,0,0,0,1347.51,-100.0,Premium
CAMP0010594,CUST01408,Email,2023-07-17,2023-07,1,1,1,168.57,24.92,576.4,Premium
CAMP0010595,CUST01408,SMS,2022-12-22,2022-12,0,0,0,0,74.54,-100.0,Premium
CAMP0010596,CUST01408,Paid Social,2022-07-06,2022-07,0,0,0,0,2079.15,-100.0,Premium
CAMP0010597,CUST01408,Push Notification,2023-02-25,2023-02,0,0,0,0,9.74,-100.0,Premium
CAMP0010598,CUST01408,Push Notification,2022-10-25,2022-10,0,0,0,0,20.86,-100.0,Premium
CAMP0010599,CUST01408,Email,2022-10-24,2022-10,0,0,0,0,54.49,-100.0,Premium
CAMP0010600,CUST01409,Email,2023-09-25,2023-09,1,1,0,0,30.64,-100.0,Mid-Range
CAMP0010601,CUST01409,Email,2022-12-27,2022-12,0,0,0,0,48.96,-100.0,Mid-Range
CAMP0010602,CUST01409,Paid Social,2022-11-22,2022-11,0,0,0,0,894.66,-100.0,Mid-Range
CAMP0010603,CUST01409,Paid Social,2023-09-23,2023-09,0,0,0,0,1875.57,-100.0,Mid-Range
CAMP0010604,CUST01409,Influencer,2023-01-08,2023-01,0,0,0,0,1498.32,-100.0,Mid-Range
CAMP0010605,CUST01409,Paid Social,2024-01-31,2024-01,0,0,0,0,2530.11,-100.0,Mid-Range
CAMP0010606,CUST01409,Email,2023-07-13,2023-07,0,0,0,0,42.65,-100.0,Mid-Range
CAMP0010607,CUST01409,Email,2023-10-26,2023-10,0,0,0,0,52.84,-100.0,Mid-Range
CAMP0010608,CUST01409,Paid Social,2023-06-22,2023-06,0,0,0,0,1076.96,-100.0,Mid-Range
CAMP0010609,CUST01409,Paid Social,2023-08-04,2023-08,1,1,1,144.36,1873.56,-92.3,Mid-Range
CAMP0010610,CUST01409,Email,2023-07-03,2023-07,0,0,0,0,47.18,-100.0,Mid-Range
CAMP0010611,CUST01410,Email,2023-09-12,2023-09,0,0,0,0,54.12,-100.0,Premium
CAMP0010612,CUST01410,Paid Social,2024-01-24,2024-01,0,0,0,0,1748.52,-100.0,Premium
CAMP0010613,CUST01410,Push Notification,2023-09-21,2023-09,0,0,0,0,24.27,-100.0,Premium
CAMP0010614,CUST01410,Push Notification,2023-05-28,2023-05,0,0,0,0,16.1,-100.0,Premium
CAMP0010615,CUST01410,Paid Social,2023-09-27,2023-09,0,0,0,0,930.64,-100.0,Premium
CAMP0010616,CUST01410,Paid Social,2023-05-15,2023-05,0,0,0,0,1365.44,-100.0,Premium
CAMP0010617,CUST01410,Email,2023-08-09,2023-08,0,0,0,0,26.06,-100.0,Premium
CAMP0010618,CUST01410,Paid Social,2023-08-29,2023-08,1,0,0,0,1218.37,-100.0,Premium
CAMP0010619,CUST01410,Influencer,2024-01-18,2024-01,0,0,0,0,1335.23,-100.0,Premium
CAMP0010620,CUST01410,Influencer,2023-12-29,2023-12,0,0,0,0,1418.73,-100.0,Premium
CAMP0010621,CUST01410,Email,2023-09-04,2023-09,0,0,0,0,16.67,-100.0,Premium
CAMP0010622,CUST01410,Paid Social,2023-10-16,2023-10,0,0,0,0,1293.69,-100.0,Premium
CAMP0010623,CUST01411,Push Notification,2022-12-21,2022-12,0,0,0,0,22.57,-100.0,Premium
CAMP0010624,CUST01411,Influencer,2023-11-16,2023-11,0,0,0,0,456.57,-100.0,Premium
CAMP0010625,CUST01411,Push Notification,2023-09-05,2023-09,0,0,0,0,12.01,-100.0,Premium
CAMP0010626,CUST01411,SMS,2024-01-06,2024-01,1,0,0,0,67.42,-100.0,Premium
CAMP0010627,CUST01411,Push Notification,2023-11-13,2023-11,0,0,0,0,21.74,-100.0,Premium
CAMP0010628,CUST01411,Email,2023-07-10,2023-07,0,0,0,0,38.65,-100.0,Premium
CAMP0010629,CUST01412,Influencer,2023-07-16,2023-07,0,0,0,0,992.98,-100.0,Premium
CAMP0010630,CUST01412,SMS,2022-09-05,2022-09,0,0,0,0,88.92,-100.0,Premium
CAMP0010631,CUST01412,Email,2023-08-21,2023-08,0,0,0,0,43.71,-100.0,Premium
CAMP0010632,CUST01412,Email,2022-05-21,2022-05,1,0,0,0,30.19,-100.0,Premium
CAMP0010633,CUST01412,Paid Social,2022-12-12,2022-12,0,0,0,0,2510.31,-100.0,Premium
CAMP0010634,CUST01412,Email,2023-07-15,2023-07,0,0,0,0,54.74,-100.0,Premium
CAMP0010635,CUST01413,Paid Social,2023-05-06,2023-05,1,1,0,0,2332.87,-100.0,Mid-Range
CAMP0010636,CUST01413,Paid Social,2023-10-30,2023-10,0,0,0,0,2157.76,-100.0,Mid-Range
CAMP0010637,CUST01413,Paid Social,2023-02-24,2023-02,0,0,0,0,723.44,-100.0,Mid-Range
CAMP0010638,CUST01413,Email,2023-01-10,2023-01,0,0,0,0,48.98,-100.0,Mid-Range
CAMP0010639,CUST01413,Influencer,2023-08-14,2023-08,0,0,0,0,441.95,-100.0,Mid-Range
CAMP0010640,CUST01413,Email,2024-03-07,2024-03,0,0,0,0,49.88,-100.0,Mid-Range
CAMP0010641,CUST01413,Push Notification,2023-01-06,2023-01,0,0,0,0,12.02,-100.0,Mid-Range
CAMP0010642,CUST01413,Influencer,2023-04-22,2023-04,0,0,0,0,730.98,-100.0,Mid-Range
CAMP0010643,CUST01413,Display Ad,2023-07-19,2023-07,0,0,0,0,1025.14,-100.0,Mid-Range
CAMP0010644,CUST01414,SMS,2023-05-30,2023-05,0,0,0,0,81.57,-100.0,Mid-Range
CAMP0010645,CUST01414,Paid Social,2023-12-02,2023-12,1,1,0,0,707.54,-100.0,Mid-Range
CAMP0010646,CUST01414,Email,2024-03-18,2024-03,0,0,0,0,45.41,-100.0,Mid-Range
CAMP0010647,CUST01414,Email,2023-02-17,2023-02,0,0,0,0,38.05,-100.0,Mid-Range
CAMP0010648,CUST01414,Paid Social,2023-02-12,2023-02,0,0,0,0,1485.69,-100.0,Mid-Range
CAMP0010649,CUST01414,SMS,2024-01-22,2024-01,1,0,0,0,49.02,-100.0,Mid-Range
CAMP0010650,CUST01414,Influencer,2023-06-04,2023-06,1,0,0,0,980.69,-100.0,Mid-Range
CAMP0010651,CUST01415,Paid Social,2024-02-06,2024-02,0,0,0,0,1075.27,-100.0,Budget
CAMP0010652,CUST01415,Influencer,2023-04-28,2023-04,0,0,0,0,1252.36,-100.0,Budget
CAMP0010653,CUST01415,Display Ad,2023-08-16,2023-08,0,0,0,0,766.29,-100.0,Budget
CAMP0010654,CUST01415,SMS,2022-10-19,2022-10,0,0,0,0,104.06,-100.0,Budget
CAMP0010655,CUST01415,Paid Social,2023-03-21,2023-03,0,0,0,0,2238.08,-100.0,Budget
CAMP0010656,CUST01415,Influencer,2023-10-25,2023-10,0,0,0,0,748.81,-100.0,Budget
CAMP0010657,CUST01416,Influencer,2023-11-07,2023-11,0,0,0,0,509.4,-100.0,Budget
CAMP0010658,CUST01416,SMS,2023-08-10,2023-08,1,0,0,0,105.48,-100.0,Budget
CAMP0010659,CUST01416,Email,2023-10-06,2023-10,0,0,0,0,19.19,-100.0,Budget
CAMP0010660,CUST01416,Email,2024-02-01,2024-02,0,0,0,0,58.36,-100.0,Budget
CAMP0010661,CUST01416,Push Notification,2023-12-25,2023-12,0,0,0,0,10.59,-100.0,Budget
CAMP0010662,CUST01416,Paid Social,2024-02-15,2024-02,0,0,0,0,2393.14,-100.0,Budget
CAMP0010663,CUST01417,Display Ad,2023-09-15,2023-09,0,0,0,0,690.89,-100.0,Premium
CAMP0010664,CUST01417,Influencer,2023-05-28,2023-05,0,0,0,0,1213.43,-100.0,Premium
CAMP0010665,CUST01417,Influencer,2022-08-27,2022-08,1,0,0,0,608.5,-100.0,Premium
CAMP0010666,CUST01417,Influencer,2023-09-14,2023-09,1,0,0,0,576.99,-100.0,Premium
CAMP0010667,CUST01417,Display Ad,2023-01-21,2023-01,0,0,0,0,605.08,-100.0,Premium
CAMP0010668,CUST01417,Influencer,2023-12-19,2023-12,0,0,0,0,549.61,-100.0,Premium
CAMP0010669,CUST01417,Paid Social,2023-04-10,2023-04,0,0,0,0,2243.72,-100.0,Premium
CAMP0010670,CUST01417,Influencer,2023-02-14,2023-02,0,0,0,0,1414.17,-100.0,Premium
CAMP0010671,CUST01418,Paid Social,2023-12-21,2023-12,0,0,0,0,836.35,-100.0,Premium
CAMP0010672,CUST01418,Email,2023-10-27,2023-10,0,0,0,0,36.01,-100.0,Premium
CAMP0010673,CUST01418,Email,2023-08-29,2023-08,0,0,0,0,41.04,-100.0,Premium
CAMP0010674,CUST01418,Influencer,2022-07-31,2022-07,0,0,0,0,693.32,-100.0,Premium
CAMP0010675,CUST01418,Paid Social,2024-01-01,2024-01,0,0,0,0,2154.96,-100.0,Premium
CAMP0010676,CUST01418,Email,2023-12-28,2023-12,0,0,0,0,36.56,-100.0,Premium
CAMP0010677,CUST01418,Influencer,2023-03-31,2023-03,0,0,0,0,1339.65,-100.0,Premium
CAMP0010678,CUST01418,Email,2023-11-29,2023-11,1,0,0,0,45.23,-100.0,Premium
CAMP0010679,CUST01419,Email,2024-03-18,2024-03,1,0,0,0,35.61,-100.0,Mid-Range
CAMP0010680,CUST01419,Email,2023-11-18,2023-11,0,0,0,0,29.16,-100.0,Mid-Range
CAMP0010681,CUST01419,Email,2024-02-24,2024-02,0,0,0,0,59.21,-100.0,Mid-Range
CAMP0010682,CUST01419,Email,2023-12-21,2023-12,0,0,0,0,43.78,-100.0,Mid-Range
CAMP0010683,CUST01419,Paid Social,2023-11-18,2023-11,0,0,0,0,2293.02,-100.0,Mid-Range
CAMP0010684,CUST01419,Email,2023-10-25,2023-10,0,0,0,0,28.81,-100.0,Mid-Range
CAMP0010685,CUST01419,Email,2023-12-28,2023-12,1,1,1,168.93,30.33,457.0,Mid-Range
CAMP0010686,CUST01419,Influencer,2024-02-18,2024-02,0,0,0,0,674.89,-100.0,Mid-Range
CAMP0010687,CUST01419,Email,2023-10-28,2023-10,0,0,0,0,35.04,-100.0,Mid-Range
CAMP0010688,CUST01419,Email,2023-09-11,2023-09,0,0,0,0,16.41,-100.0,Mid-Range
CAMP0010689,CUST01419,Paid Social,2024-03-14,2024-03,0,0,0,0,1905.2,-100.0,Mid-Range
CAMP0010690,CUST01419,Email,2023-12-10,2023-12,0,0,0,0,55.98,-100.0,Mid-Range
CAMP0010691,CUST01420,Push Notification,2022-05-25,2022-05,0,0,0,0,17.6,-100.0,Budget
CAMP0010692,CUST01420,Email,2022-07-08,2022-07,1,0,0,0,21.43,-100.0,Budget
CAMP0010693,CUST01420,Paid Social,2023-06-07,2023-06,0,0,0,0,1048.63,-100.0,Budget
CAMP0010694,CUST01420,Push Notification,2023-07-22,2023-07,1,0,0,0,25.7,-100.0,Budget
CAMP0010695,CUST01420,Email,2023-02-27,2023-02,0,0,0,0,22.1,-100.0,Budget
CAMP0010696,CUST01421,Push Notification,2023-12-08,2023-12,0,0,0,0,8.44,-100.0,Mid-Range
CAMP0010697,CUST01421,Paid Social,2023-10-30,2023-10,0,0,0,0,1144.55,-100.0,Mid-Range
CAMP0010698,CUST01421,Email,2024-03-14,2024-03,0,0,0,0,48.31,-100.0,Mid-Range
CAMP0010699,CUST01421,Email,2024-02-24,2024-02,1,0,0,0,39.68,-100.0,Mid-Range
CAMP0010700,CUST01421,Email,2023-12-04,2023-12,1,0,0,0,58.19,-100.0,Mid-Range
CAMP0010701,CUST01421,Influencer,2023-10-31,2023-10,0,0,0,0,1327.14,-100.0,Mid-Range
CAMP0010702,CUST01421,Email,2023-09-21,2023-09,0,0,0,0,27.27,-100.0,Mid-Range
CAMP0010703,CUST01422,Influencer,2023-12-25,2023-12,0,0,0,0,938.26,-100.0,Budget
CAMP0010704,CUST01422,Influencer,2024-01-04,2024-01,1,0,0,0,1327.75,-100.0,Budget
CAMP0010705,CUST01422,Push Notification,2024-01-03,2024-01,0,0,0,0,24.18,-100.0,Budget
CAMP0010706,CUST01422,Email,2024-01-22,2024-01,0,0,0,0,26.38,-100.0,Budget
CAMP0010707,CUST01422,Influencer,2023-05-12,2023-05,0,0,0,0,1492.24,-100.0,Budget
CAMP0010708,CUST01422,Email,2023-08-08,2023-08,0,0,0,0,41.27,-100.0,Budget
CAMP0010709,CUST01422,Email,2022-10-10,2022-10,1,0,0,0,55.78,-100.0,Budget
CAMP0010710,CUST01422,Influencer,2023-04-30,2023-04,0,0,0,0,1068.35,-100.0,Budget
CAMP0010711,CUST01422,Paid Social,2024-01-09,2024-01,1,0,0,0,1508.41,-100.0,Budget
CAMP0010712,CUST01422,Display Ad,2023-06-20,2023-06,1,0,0,0,400.02,-100.0,Budget
CAMP0010713,CUST01423,Email,2023-04-17,2023-04,0,0,0,0,46.52,-100.0,Luxury
CAMP0010714,CUST01423,Email,2024-01-05,2024-01,1,0,0,0,21.04,-100.0,Luxury
CAMP0010715,CUST01423,Email,2022-11-07,2022-11,0,0,0,0,53.71,-100.0,Luxury
CAMP0010716,CUST01423,Display Ad,2022-08-25,2022-08,0,0,0,0,362.27,-100.0,Luxury
CAMP0010717,CUST01423,SMS,2023-01-25,2023-01,0,0,0,0,69.66,-100.0,Luxury
CAMP0010718,CUST01423,SMS,2023-07-06,2023-07,0,0,0,0,94.6,-100.0,Luxury
CAMP0010719,CUST01423,Paid Social,2024-02-12,2024-02,0,0,0,0,1752.84,-100.0,Luxury
CAMP0010720,CUST01423,Push Notification,2023-12-13,2023-12,0,0,0,0,26.29,-100.0,Luxury
CAMP0010721,CUST01423,Email,2023-12-28,2023-12,1,0,0,0,33.24,-100.0,Luxury
CAMP0010722,CUST01424,SMS,2023-02-25,2023-02,0,0,0,0,98.12,-100.0,Luxury
CAMP0010723,CUST01424,Email,2023-06-06,2023-06,0,0,0,0,51.81,-100.0,Luxury
CAMP0010724,CUST01424,Email,2023-12-16,2023-12,1,1,1,194.61,27.88,598.0,Luxury
CAMP0010725,CUST01424,Display Ad,2023-07-29,2023-07,0,0,0,0,855.79,-100.0,Luxury
CAMP0010726,CUST01424,Email,2023-04-14,2023-04,1,0,0,0,49.31,-100.0,Luxury
CAMP0010727,CUST01424,SMS,2023-04-28,2023-04,0,0,0,0,113.54,-100.0,Luxury
CAMP0010728,CUST01424,Email,2023-06-26,2023-06,1,1,1,188.81,55.7,239.0,Luxury
CAMP0010729,CUST01424,Push Notification,2023-10-19,2023-10,0,0,0,0,29.51,-100.0,Luxury
CAMP0010730,CUST01424,Paid Social,2023-11-05,2023-11,0,0,0,0,940.2,-100.0,Luxury
CAMP0010731,CUST01424,Email,2023-12-04,2023-12,0,0,0,0,59.24,-100.0,Luxury
CAMP0010732,CUST01424,Paid Social,2023-07-18,2023-07,0,0,0,0,1177.13,-100.0,Luxury
CAMP0010733,CUST01424,Display Ad,2023-02-05,2023-02,0,0,0,0,407.54,-100.0,Luxury
CAMP0010734,CUST01425,SMS,2023-05-30,2023-05,1,1,0,0,88.4,-100.0,Budget
CAMP0010735,CUST01425,Push Notification,2023-09-24,2023-09,0,0,0,0,29.9,-100.0,Budget
CAMP0010736,CUST01425,Email,2023-10-22,2023-10,0,0,0,0,22.46,-100.0,Budget
CAMP0010737,CUST01425,Paid Social,2023-04-03,2023-04,0,0,0,0,1695.72,-100.0,Budget
CAMP0010738,CUST01425,Display Ad,2022-11-04,2022-11,0,0,0,0,436.63,-100.0,Budget
CAMP0010739,CUST01425,Paid Social,2023-01-29,2023-01,1,1,1,178.47,1287.37,-86.1,Budget
CAMP0010740,CUST01425,Email,2023-09-16,2023-09,0,0,0,0,42.71,-100.0,Budget
CAMP0010741,CUST01426,Influencer,2024-02-07,2024-02,0,0,0,0,909.03,-100.0,Budget
CAMP0010742,CUST01426,Influencer,2023-11-09,2023-11,0,0,0,0,462.07,-100.0,Budget
CAMP0010743,CUST01426,SMS,2023-07-31,2023-07,1,0,0,0,101.4,-100.0,Budget
CAMP0010744,CUST01426,Email,2023-10-21,2023-10,0,0,0,0,53.42,-100.0,Budget
CAMP0010745,CUST01426,Paid Social,2023-10-28,2023-10,1,1,0,0,2268.74,-100.0,Budget
CAMP0010746,CUST01426,Email,2023-02-27,2023-02,0,0,0,0,19.43,-100.0,Budget
CAMP0010747,CUST01427,Push Notification,2023-09-16,2023-09,0,0,0,0,9.05,-100.0,Mid-Range
CAMP0010748,CUST01427,Influencer,2023-09-08,2023-09,0,0,0,0,825.01,-100.0,Mid-Range
CAMP0010749,CUST01427,SMS,2023-09-13,2023-09,0,0,0,0,57.3,-100.0,Mid-Range
CAMP0010750,CUST01427,Influencer,2023-05-26,2023-05,0,0,0,0,713.57,-100.0,Mid-Range
CAMP0010751,CUST01427,Paid Social,2023-05-07,2023-05,0,0,0,0,1887.19,-100.0,Mid-Range
CAMP0010752,CUST01427,Push Notification,2022-09-26,2022-09,0,0,0,0,19.94,-100.0,Mid-Range
CAMP0010753,CUST01427,Paid Social,2022-11-13,2022-11,0,0,0,0,1587.21,-100.0,Mid-Range
CAMP0010754,CUST01427,Push Notification,2023-07-20,2023-07,0,0,0,0,28.95,-100.0,Mid-Range
CAMP0010755,CUST01427,Display Ad,2023-05-25,2023-05,0,0,0,0,567.42,-100.0,Mid-Range
CAMP0010756,CUST01428,Push Notification,2023-10-28,2023-10,0,0,0,0,15.43,-100.0,Luxury
CAMP0010757,CUST01428,Influencer,2023-01-16,2023-01,0,0,0,0,1533.57,-100.0,Luxury
CAMP0010758,CUST01428,Influencer,2023-11-01,2023-11,1,0,0,0,1571.64,-100.0,Luxury
CAMP0010759,CUST01428,Email,2022-12-25,2022-12,0,0,0,0,28.4,-100.0,Luxury
CAMP0010760,CUST01428,Display Ad,2022-11-07,2022-11,0,0,0,0,966.43,-100.0,Luxury
CAMP0010761,CUST01428,SMS,2023-10-15,2023-10,1,0,0,0,102.5,-100.0,Luxury
CAMP0010762,CUST01429,Email,2024-03-01,2024-03,0,0,0,0,21.03,-100.0,Mid-Range
CAMP0010763,CUST01429,Display Ad,2024-02-18,2024-02,0,0,0,0,742.36,-100.0,Mid-Range
CAMP0010764,CUST01429,Paid Social,2023-07-01,2023-07,0,0,0,0,1164.85,-100.0,Mid-Range
CAMP0010765,CUST01429,Email,2023-05-02,2023-05,0,0,0,0,23.21,-100.0,Mid-Range
CAMP0010766,CUST01429,Influencer,2023-05-20,2023-05,1,1,1,56.65,731.92,-92.3,Mid-Range
CAMP0010767,CUST01429,Email,2023-10-13,2023-10,1,1,1,159.74,50.82,214.3,Mid-Range
CAMP0010768,CUST01429,Push Notification,2023-12-06,2023-12,0,0,0,0,14.38,-100.0,Mid-Range
CAMP0010769,CUST01429,Paid Social,2023-11-27,2023-11,0,0,0,0,1931.01,-100.0,Mid-Range
CAMP0010770,CUST01429,Email,2023-07-24,2023-07,0,0,0,0,16.46,-100.0,Mid-Range
CAMP0010771,CUST01429,Paid Social,2023-11-11,2023-11,1,0,0,0,2076.44,-100.0,Mid-Range
CAMP0010772,CUST01429,Email,2023-08-28,2023-08,1,0,0,0,29.37,-100.0,Mid-Range
CAMP0010773,CUST01430,Paid Social,2023-05-15,2023-05,0,0,0,0,1027.42,-100.0,Budget
CAMP0010774,CUST01430,Paid Social,2024-03-09,2024-03,0,0,0,0,1830.85,-100.0,Budget
CAMP0010775,CUST01430,Influencer,2024-01-09,2024-01,0,0,0,0,1091.86,-100.0,Budget
CAMP0010776,CUST01430,Email,2023-01-23,2023-01,0,0,0,0,42.21,-100.0,Budget
CAMP0010777,CUST01430,Email,2023-03-19,2023-03,1,0,0,0,16.15,-100.0,Budget
CAMP0010778,CUST01430,Paid Social,2023-09-21,2023-09,0,0,0,0,2445.54,-100.0,Budget
CAMP0010779,CUST01430,Email,2022-11-02,2022-11,0,0,0,0,22.02,-100.0,Budget
CAMP0010780,CUST01430,Email,2023-10-02,2023-10,0,0,0,0,23.07,-100.0,Budget
CAMP0010781,CUST01430,Paid Social,2023-06-14,2023-06,0,0,0,0,2370.7,-100.0,Budget
CAMP0010782,CUST01431,Paid Social,2023-09-12,2023-09,0,0,0,0,2280.43,-100.0,Premium
CAMP0010783,CUST01431,Influencer,2023-10-22,2023-10,0,0,0,0,1618.4,-100.0,Premium
CAMP0010784,CUST01431,Paid Social,2023-08-28,2023-08,0,0,0,0,2109.24,-100.0,Premium
CAMP0010785,CUST01431,Email,2023-07-30,2023-07,0,0,0,0,19.9,-100.0,Premium
CAMP0010786,CUST01432,Paid Social,2023-11-21,2023-11,0,0,0,0,1905.31,-100.0,Mid-Range
CAMP0010787,CUST01432,SMS,2023-07-16,2023-07,1,1,0,0,40.27,-100.0,Mid-Range
CAMP0010788,CUST01432,Influencer,2022-04-29,2022-04,0,0,0,0,1549.84,-100.0,Mid-Range
CAMP0010789,CUST01432,Influencer,2024-03-01,2024-03,0,0,0,0,880.69,-100.0,Mid-Range
CAMP0010790,CUST01433,Push Notification,2022-09-07,2022-09,1,0,0,0,28.77,-100.0,Budget
CAMP0010791,CUST01433,Paid Social,2022-08-05,2022-08,0,0,0,0,1124.64,-100.0,Budget
CAMP0010792,CUST01433,Email,2022-09-11,2022-09,0,0,0,0,55.48,-100.0,Budget
CAMP0010793,CUST01433,Display Ad,2023-03-06,2023-03,0,0,0,0,742.36,-100.0,Budget
CAMP0010794,CUST01433,Influencer,2023-02-27,2023-02,0,0,0,0,570.81,-100.0,Budget
CAMP0010795,CUST01433,Push Notification,2023-12-22,2023-12,0,0,0,0,19.74,-100.0,Budget
CAMP0010796,CUST01433,Paid Social,2022-11-10,2022-11,0,0,0,0,1762.44,-100.0,Budget
CAMP0010797,CUST01433,Paid Social,2024-01-14,2024-01,0,0,0,0,1780.0,-100.0,Budget
CAMP0010798,CUST01433,Email,2022-08-06,2022-08,0,0,0,0,40.5,-100.0,Budget
CAMP0010799,CUST01434,Paid Social,2023-09-28,2023-09,0,0,0,0,1482.95,-100.0,Mid-Range
CAMP0010800,CUST01434,Email,2023-10-01,2023-10,1,0,0,0,17.51,-100.0,Mid-Range
CAMP0010801,CUST01434,Email,2023-03-20,2023-03,0,0,0,0,24.42,-100.0,Mid-Range
CAMP0010802,CUST01434,Influencer,2023-10-15,2023-10,0,0,0,0,1465.0,-100.0,Mid-Range
CAMP0010803,CUST01434,Push Notification,2023-10-24,2023-10,0,0,0,0,12.8,-100.0,Mid-Range
CAMP0010804,CUST01434,Display Ad,2023-12-16,2023-12,0,0,0,0,566.15,-100.0,Mid-Range
CAMP0010805,CUST01434,Email,2024-01-18,2024-01,1,0,0,0,42.38,-100.0,Mid-Range
CAMP0010806,CUST01434,Influencer,2024-02-24,2024-02,0,0,0,0,1218.51,-100.0,Mid-Range
CAMP0010807,CUST01434,Push Notification,2023-09-17,2023-09,0,0,0,0,27.68,-100.0,Mid-Range
CAMP0010808,CUST01435,Push Notification,2023-11-25,2023-11,1,0,0,0,24.53,-100.0,Budget
CAMP0010809,CUST01435,Email,2024-03-04,2024-03,0,0,0,0,41.89,-100.0,Budget
CAMP0010810,CUST01435,Display Ad,2022-08-30,2022-08,1,1,1,109.02,768.99,-85.8,Budget
CAMP0010811,CUST01435,Email,2023-07-06,2023-07,1,1,0,0,43.91,-100.0,Budget
CAMP0010812,CUST01435,Display Ad,2023-05-23,2023-05,0,0,0,0,498.79,-100.0,Budget
CAMP0010813,CUST01435,Email,2023-03-02,2023-03,0,0,0,0,16.54,-100.0,Budget
CAMP0010814,CUST01435,Paid Social,2023-02-13,2023-02,0,0,0,0,1133.91,-100.0,Budget
CAMP0010815,CUST01435,Influencer,2023-06-19,2023-06,0,0,0,0,1289.19,-100.0,Budget
CAMP0010816,CUST01435,Influencer,2022-12-12,2022-12,1,1,0,0,984.82,-100.0,Budget
CAMP0010817,CUST01435,Influencer,2023-03-12,2023-03,1,0,0,0,1634.83,-100.0,Budget
CAMP0010818,CUST01435,Push Notification,2023-06-26,2023-06,0,0,0,0,26.59,-100.0,Budget
CAMP0010819,CUST01435,Influencer,2022-12-26,2022-12,1,0,0,0,1209.8,-100.0,Budget
CAMP0010820,CUST01436,Email,2024-03-11,2024-03,0,0,0,0,24.85,-100.0,Mid-Range
CAMP0010821,CUST01436,Influencer,2023-06-06,2023-06,0,0,0,0,996.06,-100.0,Mid-Range
CAMP0010822,CUST01436,Email,2024-03-21,2024-03,0,0,0,0,21.45,-100.0,Mid-Range
CAMP0010823,CUST01436,Email,2023-04-14,2023-04,0,0,0,0,17.65,-100.0,Mid-Range
CAMP0010824,CUST01436,Influencer,2024-02-25,2024-02,0,0,0,0,728.32,-100.0,Mid-Range
CAMP0010825,CUST01436,Paid Social,2023-04-16,2023-04,0,0,0,0,1562.09,-100.0,Mid-Range
CAMP0010826,CUST01436,Email,2023-09-03,2023-09,0,0,0,0,26.02,-100.0,Mid-Range
CAMP0010827,CUST01436,Influencer,2023-10-28,2023-10,0,0,0,0,495.68,-100.0,Mid-Range
CAMP0010828,CUST01436,Paid Social,2024-03-28,2024-03,0,0,0,0,1040.14,-100.0,Mid-Range
CAMP0010829,CUST01436,Push Notification,2024-03-20,2024-03,1,0,0,0,24.83,-100.0,Mid-Range
CAMP0010830,CUST01437,SMS,2022-11-17,2022-11,0,0,0,0,82.21,-100.0,Mid-Range
CAMP0010831,CUST01437,Email,2023-02-08,2023-02,0,0,0,0,29.41,-100.0,Mid-Range
CAMP0010832,CUST01437,Push Notification,2023-09-21,2023-09,1,1,1,170.59,10.28,1559.4,Mid-Range
CAMP0010833,CUST01437,Push Notification,2023-11-22,2023-11,0,0,0,0,13.97,-100.0,Mid-Range
CAMP0010834,CUST01437,Display Ad,2023-09-04,2023-09,0,0,0,0,617.16,-100.0,Mid-Range
CAMP0010835,CUST01437,Email,2023-10-11,2023-10,0,0,0,0,47.84,-100.0,Mid-Range
CAMP0010836,CUST01437,Email,2023-12-07,2023-12,0,0,0,0,40.16,-100.0,Mid-Range
CAMP0010837,CUST01437,Display Ad,2023-08-29,2023-08,0,0,0,0,586.12,-100.0,Mid-Range
CAMP0010838,CUST01437,Paid Social,2023-09-07,2023-09,0,0,0,0,1952.91,-100.0,Mid-Range
CAMP0010839,CUST01438,Influencer,2023-03-06,2023-03,1,0,0,0,1164.53,-100.0,Mid-Range
CAMP0010840,CUST01438,SMS,2023-02-14,2023-02,1,0,0,0,58.82,-100.0,Mid-Range
CAMP0010841,CUST01438,Influencer,2023-01-15,2023-01,0,0,0,0,642.15,-100.0,Mid-Range
CAMP0010842,CUST01438,Influencer,2023-01-06,2023-01,0,0,0,0,866.36,-100.0,Mid-Range
CAMP0010843,CUST01438,Email,2024-01-15,2024-01,0,0,0,0,35.4,-100.0,Mid-Range
CAMP0010844,CUST01438,Email,2023-07-21,2023-07,0,0,0,0,49.18,-100.0,Mid-Range
CAMP0010845,CUST01438,Email,2023-03-02,2023-03,0,0,0,0,52.88,-100.0,Mid-Range
CAMP0010846,CUST01439,Influencer,2023-12-14,2023-12,0,0,0,0,1081.95,-100.0,Mid-Range
CAMP0010847,CUST01439,Push Notification,2024-01-09,2024-01,0,0,0,0,16.78,-100.0,Mid-Range
CAMP0010848,CUST01439,Paid Social,2024-02-25,2024-02,0,0,0,0,2090.67,-100.0,Mid-Range
CAMP0010849,CUST01439,Influencer,2023-12-24,2023-12,0,0,0,0,1452.44,-100.0,Mid-Range
CAMP0010850,CUST01440,Influencer,2024-03-26,2024-03,0,0,0,0,602.85,-100.0,Mid-Range
CAMP0010851,CUST01440,Push Notification,2024-01-07,2024-01,0,0,0,0,28.42,-100.0,Mid-Range
CAMP0010852,CUST01440,Push Notification,2023-12-06,2023-12,1,1,0,0,15.65,-100.0,Mid-Range
CAMP0010853,CUST01440,Paid Social,2023-08-27,2023-08,0,0,0,0,894.9,-100.0,Mid-Range
CAMP0010854,CUST01440,Email,2023-12-03,2023-12,1,0,0,0,45.82,-100.0,Mid-Range
CAMP0010855,CUST01440,Push Notification,2023-09-06,2023-09,0,0,0,0,11.91,-100.0,Mid-Range
CAMP0010856,CUST01440,Push Notification,2024-03-07,2024-03,0,0,0,0,16.98,-100.0,Mid-Range
CAMP0010857,CUST01440,Email,2024-02-14,2024-02,0,0,0,0,41.25,-100.0,Mid-Range
CAMP0010858,CUST01441,Influencer,2023-09-04,2023-09,1,0,0,0,1565.02,-100.0,Mid-Range
CAMP0010859,CUST01441,Paid Social,2023-07-26,2023-07,1,1,1,119.49,1679.41,-92.9,Mid-Range
CAMP0010860,CUST01441,SMS,2022-10-09,2022-10,0,0,0,0,98.39,-100.0,Mid-Range
CAMP0010861,CUST01441,Paid Social,2023-03-29,2023-03,0,0,0,0,1711.57,-100.0,Mid-Range
CAMP0010862,CUST01441,Paid Social,2023-12-30,2023-12,0,0,0,0,693.15,-100.0,Mid-Range
CAMP0010863,CUST01441,Email,2023-05-11,2023-05,1,1,0,0,21.15,-100.0,Mid-Range
CAMP0010864,CUST01442,Push Notification,2024-03-29,2024-03,1,0,0,0,14.84,-100.0,Mid-Range
CAMP0010865,CUST01442,Email,2023-04-21,2023-04,1,0,0,0,52.82,-100.0,Mid-Range
CAMP0010866,CUST01442,Influencer,2023-08-31,2023-08,0,0,0,0,471.62,-100.0,Mid-Range
CAMP0010867,CUST01442,Display Ad,2023-12-24,2023-12,0,0,0,0,590.13,-100.0,Mid-Range
CAMP0010868,CUST01442,Influencer,2023-11-06,2023-11,0,0,0,0,1492.83,-100.0,Mid-Range
CAMP0010869,CUST01442,SMS,2023-10-11,2023-10,0,0,0,0,79.77,-100.0,Mid-Range
CAMP0010870,CUST01443,SMS,2024-02-02,2024-02,1,0,0,0,102.06,-100.0,Luxury
CAMP0010871,CUST01443,Email,2023-06-28,2023-06,1,1,0,0,24.49,-100.0,Luxury
CAMP0010872,CUST01443,Influencer,2023-01-10,2023-01,0,0,0,0,1024.44,-100.0,Luxury
CAMP0010873,CUST01443,Email,2023-09-22,2023-09,0,0,0,0,35.59,-100.0,Luxury
CAMP0010874,CUST01443,Paid Social,2023-12-15,2023-12,0,0,0,0,1275.22,-100.0,Luxury
CAMP0010875,CUST01443,Email,2023-04-21,2023-04,0,0,0,0,47.9,-100.0,Luxury
CAMP0010876,CUST01443,Email,2022-07-21,2022-07,0,0,0,0,20.89,-100.0,Luxury
CAMP0010877,CUST01443,Push Notification,2022-12-10,2022-12,0,0,0,0,11.88,-100.0,Luxury
CAMP0010878,CUST01444,Paid Social,2024-02-20,2024-02,0,0,0,0,1004.99,-100.0,Mid-Range
CAMP0010879,CUST01444,Email,2023-09-18,2023-09,0,0,0,0,32.25,-100.0,Mid-Range
CAMP0010880,CUST01444,Paid Social,2023-10-04,2023-10,0,0,0,0,1760.87,-100.0,Mid-Range
CAMP0010881,CUST01444,Email,2023-07-13,2023-07,1,0,0,0,55.51,-100.0,Mid-Range
CAMP0010882,CUST01444,SMS,2023-06-21,2023-06,0,0,0,0,39.43,-100.0,Mid-Range
CAMP0010883,CUST01444,Paid Social,2023-04-12,2023-04,0,0,0,0,892.18,-100.0,Mid-Range
CAMP0010884,CUST01445,Paid Social,2023-10-24,2023-10,0,0,0,0,1017.25,-100.0,Mid-Range
CAMP0010885,CUST01445,Email,2023-06-24,2023-06,1,0,0,0,41.58,-100.0,Mid-Range
CAMP0010886,CUST01445,Email,2023-11-29,2023-11,0,0,0,0,19.5,-100.0,Mid-Range
CAMP0010887,CUST01445,Push Notification,2023-06-09,2023-06,0,0,0,0,11.94,-100.0,Mid-Range
CAMP0010888,CUST01445,Influencer,2023-07-18,2023-07,0,0,0,0,971.26,-100.0,Mid-Range
CAMP0010889,CUST01445,Paid Social,2023-11-09,2023-11,0,0,0,0,2534.91,-100.0,Mid-Range
CAMP0010890,CUST01445,Display Ad,2023-12-16,2023-12,0,0,0,0,734.55,-100.0,Mid-Range
CAMP0010891,CUST01446,Influencer,2023-08-16,2023-08,0,0,0,0,526.76,-100.0,Premium
CAMP0010892,CUST01446,Push Notification,2022-10-24,2022-10,0,0,0,0,21.7,-100.0,Premium
CAMP0010893,CUST01446,Influencer,2022-10-07,2022-10,1,0,0,0,1240.56,-100.0,Premium
CAMP0010894,CUST01446,Paid Social,2023-10-24,2023-10,0,0,0,0,1219.65,-100.0,Premium
CAMP0010895,CUST01446,Email,2022-03-14,2022-03,0,0,0,0,36.75,-100.0,Premium
CAMP0010896,CUST01446,Influencer,2023-10-09,2023-10,0,0,0,0,930.17,-100.0,Premium
CAMP0010897,CUST01446,Push Notification,2022-09-16,2022-09,0,0,0,0,11.53,-100.0,Premium
CAMP0010898,CUST01446,Paid Social,2023-07-05,2023-07,0,0,0,0,1120.43,-100.0,Premium
CAMP0010899,CUST01446,SMS,2022-07-13,2022-07,0,0,0,0,99.69,-100.0,Premium
CAMP0010900,CUST01446,Influencer,2024-03-13,2024-03,0,0,0,0,1200.01,-100.0,Premium
CAMP0010901,CUST01446,Email,2023-07-19,2023-07,0,0,0,0,40.47,-100.0,Premium
CAMP0010902,CUST01447,SMS,2023-03-10,2023-03,0,0,0,0,99.62,-100.0,Mid-Range
CAMP0010903,CUST01447,Push Notification,2024-01-31,2024-01,0,0,0,0,12.38,-100.0,Mid-Range
CAMP0010904,CUST01447,Paid Social,2023-07-21,2023-07,0,0,0,0,2306.94,-100.0,Mid-Range
CAMP0010905,CUST01447,Influencer,2022-11-29,2022-11,1,0,0,0,843.73,-100.0,Mid-Range
CAMP0010906,CUST01447,Push Notification,2023-03-22,2023-03,1,0,0,0,29.98,-100.0,Mid-Range
CAMP0010907,CUST01447,Influencer,2023-05-13,2023-05,0,0,0,0,1575.52,-100.0,Mid-Range
CAMP0010908,CUST01447,Influencer,2023-08-18,2023-08,0,0,0,0,1616.59,-100.0,Mid-Range
CAMP0010909,CUST01447,Email,2022-07-20,2022-07,1,0,0,0,27.71,-100.0,Mid-Range
CAMP0010910,CUST01447,Email,2022-07-27,2022-07,0,0,0,0,27.47,-100.0,Mid-Range
CAMP0010911,CUST01447,Email,2024-03-24,2024-03,0,0,0,0,57.12,-100.0,Mid-Range
CAMP0010912,CUST01448,Display Ad,2023-08-27,2023-08,0,0,0,0,714.29,-100.0,Mid-Range
CAMP0010913,CUST01448,Email,2023-12-25,2023-12,1,0,0,0,42.94,-100.0,Mid-Range
CAMP0010914,CUST01448,Influencer,2023-07-23,2023-07,0,0,0,0,923.21,-100.0,Mid-Range
CAMP0010915,CUST01448,Email,2023-09-19,2023-09,0,0,0,0,32.63,-100.0,Mid-Range
CAMP0010916,CUST01448,SMS,2023-04-29,2023-04,1,0,0,0,89.87,-100.0,Mid-Range
CAMP0010917,CUST01448,Email,2023-07-02,2023-07,1,0,0,0,36.85,-100.0,Mid-Range
CAMP0010918,CUST01448,SMS,2024-01-24,2024-01,0,0,0,0,79.82,-100.0,Mid-Range
CAMP0010919,CUST01448,Push Notification,2024-03-04,2024-03,0,0,0,0,9.88,-100.0,Mid-Range
CAMP0010920,CUST01449,Email,2023-07-05,2023-07,0,0,0,0,52.91,-100.0,Mid-Range
CAMP0010921,CUST01449,Display Ad,2023-08-13,2023-08,0,0,0,0,891.94,-100.0,Mid-Range
CAMP0010922,CUST01449,Paid Social,2023-05-31,2023-05,1,0,0,0,1557.64,-100.0,Mid-Range
CAMP0010923,CUST01449,Email,2023-03-21,2023-03,0,0,0,0,54.65,-100.0,Mid-Range
CAMP0010924,CUST01449,Email,2024-03-20,2024-03,1,1,0,0,17.92,-100.0,Mid-Range
CAMP0010925,CUST01449,Email,2023-10-14,2023-10,0,0,0,0,23.77,-100.0,Mid-Range
CAMP0010926,CUST01449,Email,2023-08-28,2023-08,0,0,0,0,21.43,-100.0,Mid-Range
CAMP0010927,CUST01449,Paid Social,2023-10-29,2023-10,0,0,0,0,1531.7,-100.0,Mid-Range
CAMP0010928,CUST01449,Paid Social,2023-10-07,2023-10,0,0,0,0,2086.16,-100.0,Mid-Range
CAMP0010929,CUST01450,Email,2024-01-14,2024-01,0,0,0,0,58.58,-100.0,Premium
CAMP0010930,CUST01450,Email,2023-11-01,2023-11,0,0,0,0,23.81,-100.0,Premium
CAMP0010931,CUST01450,Push Notification,2023-06-08,2023-06,1,0,0,0,19.95,-100.0,Premium
CAMP0010932,CUST01450,Push Notification,2023-11-17,2023-11,0,0,0,0,23.1,-100.0,Premium
CAMP0010933,CUST01450,SMS,2023-07-28,2023-07,0,0,0,0,80.05,-100.0,Premium
CAMP0010934,CUST01450,Email,2023-04-11,2023-04,0,0,0,0,24.89,-100.0,Premium
CAMP0010935,CUST01450,Paid Social,2024-03-12,2024-03,0,0,0,0,1462.14,-100.0,Premium
CAMP0010936,CUST01451,Paid Social,2023-08-14,2023-08,1,1,1,60.02,1836.88,-96.7,Premium
CAMP0010937,CUST01451,Email,2023-05-29,2023-05,0,0,0,0,36.9,-100.0,Premium
CAMP0010938,CUST01451,Paid Social,2024-01-20,2024-01,1,0,0,0,1614.72,-100.0,Premium
CAMP0010939,CUST01451,Paid Social,2023-02-28,2023-02,0,0,0,0,1917.85,-100.0,Premium
CAMP0010940,CUST01451,Paid Social,2023-04-14,2023-04,0,0,0,0,2250.86,-100.0,Premium
CAMP0010941,CUST01451,Paid Social,2023-01-12,2023-01,0,0,0,0,2528.54,-100.0,Premium
CAMP0010942,CUST01451,Email,2023-11-29,2023-11,1,0,0,0,29.58,-100.0,Premium
CAMP0010943,CUST01451,Email,2023-09-29,2023-09,0,0,0,0,47.62,-100.0,Premium
CAMP0010944,CUST01451,SMS,2023-03-24,2023-03,0,0,0,0,82.5,-100.0,Premium
CAMP0010945,CUST01451,SMS,2023-12-27,2023-12,0,0,0,0,87.62,-100.0,Premium
CAMP0010946,CUST01451,Email,2023-06-03,2023-06,0,0,0,0,58.56,-100.0,Premium
CAMP0010947,CUST01451,Email,2023-04-04,2023-04,0,0,0,0,36.38,-100.0,Premium
CAMP0010948,CUST01452,Email,2024-03-06,2024-03,0,0,0,0,27.71,-100.0,Mid-Range
CAMP0010949,CUST01452,Email,2022-11-01,2022-11,0,0,0,0,36.01,-100.0,Mid-Range
CAMP0010950,CUST01452,Email,2022-07-15,2022-07,0,0,0,0,21.72,-100.0,Mid-Range
CAMP0010951,CUST01452,Email,2023-09-02,2023-09,0,0,0,0,48.36,-100.0,Mid-Range
CAMP0010952,CUST01452,SMS,2022-07-28,2022-07,0,0,0,0,52.6,-100.0,Mid-Range
CAMP0010953,CUST01452,Influencer,2023-09-26,2023-09,0,0,0,0,1255.84,-100.0,Mid-Range
CAMP0010954,CUST01452,Paid Social,2022-09-27,2022-09,0,0,0,0,1957.43,-100.0,Mid-Range
CAMP0010955,CUST01452,Email,2023-02-13,2023-02,1,0,0,0,29.09,-100.0,Mid-Range
CAMP0010956,CUST01452,Display Ad,2024-01-12,2024-01,0,0,0,0,925.9,-100.0,Mid-Range
CAMP0010957,CUST01452,Email,2022-09-20,2022-09,1,0,0,0,54.03,-100.0,Mid-Range
CAMP0010958,CUST01453,Paid Social,2023-07-27,2023-07,0,0,0,0,2426.82,-100.0,Mid-Range
CAMP0010959,CUST01453,Push Notification,2022-05-13,2022-05,1,0,0,0,25.63,-100.0,Mid-Range
CAMP0010960,CUST01453,Paid Social,2022-09-06,2022-09,0,0,0,0,1050.65,-100.0,Mid-Range
CAMP0010961,CUST01453,Paid Social,2022-11-03,2022-11,0,0,0,0,2289.06,-100.0,Mid-Range
CAMP0010962,CUST01453,Paid Social,2023-07-14,2023-07,0,0,0,0,2284.86,-100.0,Mid-Range
CAMP0010963,CUST01453,Email,2023-05-25,2023-05,0,0,0,0,39.03,-100.0,Mid-Range
CAMP0010964,CUST01453,Paid Social,2023-01-19,2023-01,1,1,0,0,2339.69,-100.0,Mid-Range
CAMP0010965,CUST01453,Influencer,2023-05-08,2023-05,0,0,0,0,1051.04,-100.0,Mid-Range
CAMP0010966,CUST01453,Display Ad,2023-12-24,2023-12,0,0,0,0,848.95,-100.0,Mid-Range
CAMP0010967,CUST01454,Paid Social,2024-01-07,2024-01,0,0,0,0,1151.37,-100.0,Mid-Range
CAMP0010968,CUST01454,Email,2023-08-02,2023-08,0,0,0,0,50.4,-100.0,Mid-Range
CAMP0010969,CUST01454,Paid Social,2023-07-31,2023-07,0,0,0,0,1198.57,-100.0,Mid-Range
CAMP0010970,CUST01454,Push Notification,2024-01-06,2024-01,0,0,0,0,26.81,-100.0,Mid-Range
CAMP0010971,CUST01454,Email,2023-07-07,2023-07,0,0,0,0,56.59,-100.0,Mid-Range
CAMP0010972,CUST01454,Email,2023-01-22,2023-01,0,0,0,0,56.56,-100.0,Mid-Range
CAMP0010973,CUST01455,Influencer,2023-08-02,2023-08,0,0,0,0,1405.53,-100.0,Luxury
CAMP0010974,CUST01455,Push Notification,2023-09-12,2023-09,0,0,0,0,12.75,-100.0,Luxury
CAMP0010975,CUST01455,Email,2024-03-11,2024-03,0,0,0,0,25.31,-100.0,Luxury
CAMP0010976,CUST01455,SMS,2023-01-01,2023-01,0,0,0,0,64.81,-100.0,Luxury
CAMP0010977,CUST01455,Paid Social,2024-01-10,2024-01,0,0,0,0,797.75,-100.0,Luxury
CAMP0010978,CUST01455,Influencer,2024-01-01,2024-01,0,0,0,0,580.08,-100.0,Luxury
CAMP0010979,CUST01455,Push Notification,2024-03-24,2024-03,0,0,0,0,16.32,-100.0,Luxury
CAMP0010980,CUST01455,Email,2024-03-28,2024-03,0,0,0,0,16.6,-100.0,Luxury
CAMP0010981,CUST01455,Email,2023-07-27,2023-07,0,0,0,0,35.52,-100.0,Luxury
CAMP0010982,CUST01455,SMS,2024-01-17,2024-01,0,0,0,0,108.49,-100.0,Luxury
CAMP0010983,CUST01456,Display Ad,2023-10-06,2023-10,0,0,0,0,652.81,-100.0,Mid-Range
CAMP0010984,CUST01456,Paid Social,2023-09-09,2023-09,0,0,0,0,684.72,-100.0,Mid-Range
CAMP0010985,CUST01456,Email,2024-02-01,2024-02,0,0,0,0,18.64,-100.0,Mid-Range
CAMP0010986,CUST01457,Email,2023-04-30,2023-04,0,0,0,0,38.56,-100.0,Mid-Range
CAMP0010987,CUST01457,SMS,2024-01-18,2024-01,1,1,0,0,97.26,-100.0,Mid-Range
CAMP0010988,CUST01457,SMS,2023-12-15,2023-12,0,0,0,0,95.58,-100.0,Mid-Range
CAMP0010989,CUST01457,Paid Social,2024-02-20,2024-02,0,0,0,0,1593.63,-100.0,Mid-Range
CAMP0010990,CUST01457,Push Notification,2023-11-20,2023-11,0,0,0,0,13.07,-100.0,Mid-Range
CAMP0010991,CUST01457,Email,2023-04-26,2023-04,0,0,0,0,31.96,-100.0,Mid-Range
CAMP0010992,CUST01457,Influencer,2023-09-15,2023-09,0,0,0,0,1093.06,-100.0,Mid-Range
CAMP0010993,CUST01457,Email,2023-07-20,2023-07,0,0,0,0,49.49,-100.0,Mid-Range
CAMP0010994,CUST01458,Influencer,2023-01-02,2023-01,1,1,0,0,1452.84,-100.0,Mid-Range
CAMP0010995,CUST01458,Push Notification,2023-03-04,2023-03,0,0,0,0,13.73,-100.0,Mid-Range
CAMP0010996,CUST01458,Email,2022-12-12,2022-12,0,0,0,0,47.93,-100.0,Mid-Range
CAMP0010997,CUST01458,Display Ad,2023-05-05,2023-05,0,0,0,0,838.26,-100.0,Mid-Range
CAMP0010998,CUST01458,Email,2023-01-03,2023-01,1,0,0,0,23.95,-100.0,Mid-Range
CAMP0010999,CUST01458,Push Notification,2023-12-20,2023-12,0,0,0,0,10.94,-100.0,Mid-Range
CAMP0011000,CUST01458,Email,2022-11-17,2022-11,1,0,0,0,27.26,-100.0,Mid-Range
CAMP0011001,CUST01458,Paid Social,2023-11-28,2023-11,0,0,0,0,2363.75,-100.0,Mid-Range
CAMP0011002,CUST01458,Email,2022-07-16,2022-07,0,0,0,0,22.43,-100.0,Mid-Range
CAMP0011003,CUST01458,Email,2022-10-07,2022-10,1,0,0,0,23.91,-100.0,Mid-Range
CAMP0011004,CUST01458,Email,2022-07-15,2022-07,0,0,0,0,23.63,-100.0,Mid-Range
CAMP0011005,CUST01459,Display Ad,2022-10-22,2022-10,0,0,0,0,635.63,-100.0,Budget
CAMP0011006,CUST01459,Push Notification,2024-03-03,2024-03,0,0,0,0,24.28,-100.0,Budget
CAMP0011007,CUST01459,Email,2023-05-12,2023-05,0,0,0,0,30.75,-100.0,Budget
CAMP0011008,CUST01459,Paid Social,2022-12-08,2022-12,0,0,0,0,1792.55,-100.0,Budget
CAMP0011009,CUST01459,Email,2024-02-20,2024-02,1,1,0,0,23.48,-100.0,Budget
CAMP0011010,CUST01459,SMS,2022-12-08,2022-12,1,0,0,0,90.65,-100.0,Budget
CAMP0011011,CUST01459,Paid Social,2022-10-01,2022-10,1,1,1,65.82,1001.0,-93.4,Budget
CAMP0011012,CUST01459,Display Ad,2023-01-21,2023-01,0,0,0,0,946.09,-100.0,Budget
CAMP0011013,CUST01459,Email,2022-11-27,2022-11,0,0,0,0,53.38,-100.0,Budget
CAMP0011014,CUST01460,Paid Social,2024-02-05,2024-02,0,0,0,0,1592.88,-100.0,Premium
CAMP0011015,CUST01460,Push Notification,2023-08-13,2023-08,0,0,0,0,15.63,-100.0,Premium
CAMP0011016,CUST01460,Email,2023-09-06,2023-09,0,0,0,0,39.3,-100.0,Premium
CAMP0011017,CUST01460,SMS,2023-07-08,2023-07,0,0,0,0,109.09,-100.0,Premium
CAMP0011018,CUST01460,Paid Social,2023-08-13,2023-08,0,0,0,0,2031.25,-100.0,Premium
CAMP0011019,CUST01461,Paid Social,2023-12-12,2023-12,0,0,0,0,748.85,-100.0,Budget
CAMP0011020,CUST01461,Email,2024-01-20,2024-01,1,1,1,163.59,18.02,807.8,Budget
CAMP0011021,CUST01461,Influencer,2023-09-01,2023-09,0,0,0,0,1219.84,-100.0,Budget
CAMP0011022,CUST01462,Email,2023-07-17,2023-07,0,0,0,0,19.34,-100.0,Budget
CAMP0011023,CUST01462,Display Ad,2023-09-17,2023-09,0,0,0,0,881.66,-100.0,Budget
CAMP0011024,CUST01462,Paid Social,2023-07-01,2023-07,0,0,0,0,934.52,-100.0,Budget
CAMP0011025,CUST01462,Influencer,2024-03-18,2024-03,1,0,0,0,1004.29,-100.0,Budget
CAMP0011026,CUST01462,Influencer,2023-08-24,2023-08,1,0,0,0,651.15,-100.0,Budget
CAMP0011027,CUST01462,Email,2023-06-26,2023-06,0,0,0,0,31.67,-100.0,Budget
CAMP0011028,CUST01462,Paid Social,2023-11-19,2023-11,0,0,0,0,1077.93,-100.0,Budget
CAMP0011029,CUST01462,Push Notification,2023-05-18,2023-05,0,0,0,0,22.46,-100.0,Budget
CAMP0011030,CUST01462,Email,2023-09-29,2023-09,1,1,1,163.49,57.27,185.5,Budget
CAMP0011031,CUST01462,Influencer,2024-03-18,2024-03,0,0,0,0,1034.85,-100.0,Budget
CAMP0011032,CUST01462,Influencer,2024-03-29,2024-03,1,0,0,0,949.04,-100.0,Budget
CAMP0011033,CUST01462,Push Notification,2023-11-25,2023-11,0,0,0,0,23.02,-100.0,Budget
CAMP0011034,CUST01463,Paid Social,2023-12-30,2023-12,0,0,0,0,1549.76,-100.0,Budget
CAMP0011035,CUST01463,Display Ad,2023-01-13,2023-01,0,0,0,0,897.34,-100.0,Budget
CAMP0011036,CUST01463,Email,2024-03-23,2024-03,0,0,0,0,38.89,-100.0,Budget
CAMP0011037,CUST01463,Display Ad,2023-03-07,2023-03,0,0,0,0,787.54,-100.0,Budget
CAMP0011038,CUST01463,Push Notification,2022-11-06,2022-11,0,0,0,0,27.98,-100.0,Budget
CAMP0011039,CUST01464,Influencer,2023-06-08,2023-06,0,0,0,0,1313.46,-100.0,Premium
CAMP0011040,CUST01464,Push Notification,2023-12-29,2023-12,0,0,0,0,14.88,-100.0,Premium
CAMP0011041,CUST01464,Paid Social,2023-05-02,2023-05,0,0,0,0,900.52,-100.0,Premium
CAMP0011042,CUST01465,Email,2023-07-30,2023-07,1,1,0,0,57.4,-100.0,Budget
CAMP0011043,CUST01465,Email,2023-06-06,2023-06,1,0,0,0,55.49,-100.0,Budget
CAMP0011044,CUST01465,Push Notification,2023-12-11,2023-12,0,0,0,0,8.91,-100.0,Budget
CAMP0011045,CUST01465,Influencer,2023-12-07,2023-12,0,0,0,0,1641.22,-100.0,Budget
CAMP0011046,CUST01465,Push Notification,2024-03-03,2024-03,0,0,0,0,25.6,-100.0,Budget
CAMP0011047,CUST01465,Email,2023-05-14,2023-05,0,0,0,0,55.17,-100.0,Budget
CAMP0011048,CUST01465,Paid Social,2023-12-14,2023-12,1,1,0,0,915.3,-100.0,Budget
CAMP0011049,CUST01465,Paid Social,2024-02-23,2024-02,1,1,0,0,843.08,-100.0,Budget
CAMP0011050,CUST01465,Influencer,2023-09-23,2023-09,0,0,0,0,450.21,-100.0,Budget
CAMP0011051,CUST01465,SMS,2023-11-07,2023-11,1,0,0,0,97.75,-100.0,Budget
CAMP0011052,CUST01465,Display Ad,2023-04-20,2023-04,0,0,0,0,954.24,-100.0,Budget
CAMP0011053,CUST01465,SMS,2023-07-02,2023-07,0,0,0,0,67.1,-100.0,Budget
CAMP0011054,CUST01466,Email,2023-01-27,2023-01,0,0,0,0,45.79,-100.0,Premium
CAMP0011055,CUST01466,Email,2023-09-26,2023-09,0,0,0,0,38.83,-100.0,Premium
CAMP0011056,CUST01466,Paid Social,2023-06-16,2023-06,0,0,0,0,1387.01,-100.0,Premium
CAMP0011057,CUST01466,Email,2022-12-16,2022-12,1,0,0,0,48.86,-100.0,Premium
CAMP0011058,CUST01466,Paid Social,2023-05-04,2023-05,0,0,0,0,1184.72,-100.0,Premium
CAMP0011059,CUST01466,Display Ad,2023-06-05,2023-06,0,0,0,0,1037.4,-100.0,Premium
CAMP0011060,CUST01466,Push Notification,2022-10-25,2022-10,0,0,0,0,14.68,-100.0,Premium
CAMP0011061,CUST01467,Paid Social,2022-10-16,2022-10,0,0,0,0,2100.0,-100.0,Mid-Range
CAMP0011062,CUST01467,Email,2023-03-08,2023-03,0,0,0,0,40.71,-100.0,Mid-Range
CAMP0011063,CUST01467,Paid Social,2024-01-08,2024-01,0,0,0,0,1953.43,-100.0,Mid-Range
CAMP0011064,CUST01467,Push Notification,2024-01-10,2024-01,0,0,0,0,15.6,-100.0,Mid-Range
CAMP0011065,CUST01467,Email,2024-01-11,2024-01,1,1,1,159.96,52.53,204.5,Mid-Range
CAMP0011066,CUST01467,Influencer,2023-09-03,2023-09,0,0,0,0,1419.03,-100.0,Mid-Range
CAMP0011067,CUST01467,Display Ad,2023-07-12,2023-07,0,0,0,0,330.07,-100.0,Mid-Range
CAMP0011068,CUST01467,Paid Social,2022-12-02,2022-12,0,0,0,0,1444.65,-100.0,Mid-Range
CAMP0011069,CUST01467,Paid Social,2022-12-03,2022-12,0,0,0,0,1552.3,-100.0,Mid-Range
CAMP0011070,CUST01467,Influencer,2023-07-02,2023-07,0,0,0,0,950.63,-100.0,Mid-Range
CAMP0011071,CUST01468,Email,2022-06-04,2022-06,0,0,0,0,48.07,-100.0,Mid-Range
CAMP0011072,CUST01468,Paid Social,2023-02-17,2023-02,0,0,0,0,2476.08,-100.0,Mid-Range
CAMP0011073,CUST01468,Email,2023-11-08,2023-11,0,0,0,0,49.38,-100.0,Mid-Range
CAMP0011074,CUST01468,Influencer,2023-10-12,2023-10,0,0,0,0,1298.7,-100.0,Mid-Range
CAMP0011075,CUST01469,Paid Social,2023-04-06,2023-04,1,0,0,0,2001.23,-100.0,Budget
CAMP0011076,CUST01469,Email,2023-10-09,2023-10,0,0,0,0,17.34,-100.0,Budget
CAMP0011077,CUST01469,Influencer,2023-10-22,2023-10,0,0,0,0,748.57,-100.0,Budget
CAMP0011078,CUST01470,Influencer,2023-04-12,2023-04,1,1,1,57.46,994.37,-94.2,Mid-Range
CAMP0011079,CUST01470,SMS,2022-08-13,2022-08,1,1,0,0,95.98,-100.0,Mid-Range
CAMP0011080,CUST01470,Paid Social,2022-10-19,2022-10,0,0,0,0,1424.38,-100.0,Mid-Range
CAMP0011081,CUST01470,Push Notification,2023-11-09,2023-11,0,0,0,0,22.33,-100.0,Mid-Range
CAMP0011082,CUST01470,Display Ad,2023-07-31,2023-07,0,0,0,0,350.66,-100.0,Mid-Range
CAMP0011083,CUST01471,Email,2023-08-07,2023-08,0,0,0,0,36.17,-100.0,Premium
CAMP0011084,CUST01471,Email,2023-07-19,2023-07,1,1,0,0,50.77,-100.0,Premium
CAMP0011085,CUST01471,SMS,2022-08-24,2022-08,0,0,0,0,55.35,-100.0,Premium
CAMP0011086,CUST01471,SMS,2022-07-24,2022-07,0,0,0,0,114.49,-100.0,Premium
CAMP0011087,CUST01471,Email,2023-02-08,2023-02,0,0,0,0,27.41,-100.0,Premium
CAMP0011088,CUST01472,Display Ad,2023-04-29,2023-04,0,0,0,0,828.11,-100.0,Premium
CAMP0011089,CUST01472,Paid Social,2022-12-15,2022-12,0,0,0,0,1326.75,-100.0,Premium
CAMP0011090,CUST01472,Influencer,2023-09-04,2023-09,0,0,0,0,1549.0,-100.0,Premium
CAMP0011091,CUST01472,Email,2024-01-27,2024-01,1,0,0,0,31.69,-100.0,Premium
CAMP0011092,CUST01472,Paid Social,2022-12-05,2022-12,0,0,0,0,1409.62,-100.0,Premium
CAMP0011093,CUST01473,Display Ad,2023-05-23,2023-05,0,0,0,0,642.22,-100.0,Mid-Range
CAMP0011094,CUST01473,Push Notification,2024-03-27,2024-03,0,0,0,0,9.03,-100.0,Mid-Range
CAMP0011095,CUST01473,Email,2023-06-16,2023-06,0,0,0,0,46.07,-100.0,Mid-Range
CAMP0011096,CUST01473,Paid Social,2024-01-29,2024-01,0,0,0,0,904.65,-100.0,Mid-Range
CAMP0011097,CUST01473,Influencer,2023-10-03,2023-10,1,0,0,0,1155.77,-100.0,Mid-Range
CAMP0011098,CUST01473,Display Ad,2024-03-19,2024-03,0,0,0,0,605.69,-100.0,Mid-Range
CAMP0011099,CUST01473,Paid Social,2024-01-10,2024-01,1,0,0,0,1846.51,-100.0,Mid-Range
CAMP0011100,CUST01473,Paid Social,2023-08-28,2023-08,0,0,0,0,928.47,-100.0,Mid-Range
CAMP0011101,CUST01473,Paid Social,2024-03-21,2024-03,0,0,0,0,1471.85,-100.0,Mid-Range
CAMP0011102,CUST01473,Display Ad,2023-10-12,2023-10,0,0,0,0,1016.03,-100.0,Mid-Range
CAMP0011103,CUST01474,Email,2023-09-19,2023-09,1,0,0,0,22.95,-100.0,Budget
CAMP0011104,CUST01474,Influencer,2022-08-27,2022-08,0,0,0,0,964.56,-100.0,Budget
CAMP0011105,CUST01474,Influencer,2023-06-14,2023-06,1,0,0,0,760.4,-100.0,Budget
CAMP0011106,CUST01474,Influencer,2023-11-11,2023-11,0,0,0,0,1130.73,-100.0,Budget
CAMP0011107,CUST01474,SMS,2022-08-22,2022-08,1,0,0,0,72.87,-100.0,Budget
CAMP0011108,CUST01475,Push Notification,2023-12-17,2023-12,0,0,0,0,16.51,-100.0,Mid-Range
CAMP0011109,CUST01475,Email,2023-02-05,2023-02,1,0,0,0,20.95,-100.0,Mid-Range
CAMP0011110,CUST01475,SMS,2023-10-28,2023-10,0,0,0,0,99.39,-100.0,Mid-Range
CAMP0011111,CUST01475,SMS,2023-06-12,2023-06,1,1,0,0,85.76,-100.0,Mid-Range
CAMP0011112,CUST01475,Paid Social,2023-01-16,2023-01,0,0,0,0,2454.28,-100.0,Mid-Range
CAMP0011113,CUST01475,SMS,2023-03-01,2023-03,1,1,1,138.37,41.0,237.5,Mid-Range
CAMP0011114,CUST01475,Display Ad,2023-11-12,2023-11,0,0,0,0,880.61,-100.0,Mid-Range
CAMP0011115,CUST01475,Push Notification,2023-01-01,2023-01,0,0,0,0,27.83,-100.0,Mid-Range
CAMP0011116,CUST01475,Paid Social,2023-12-03,2023-12,0,0,0,0,1508.49,-100.0,Mid-Range
CAMP0011117,CUST01475,SMS,2023-02-15,2023-02,1,1,0,0,100.3,-100.0,Mid-Range
CAMP0011118,CUST01475,Display Ad,2023-02-23,2023-02,0,0,0,0,838.33,-100.0,Mid-Range
CAMP0011119,CUST01475,Email,2024-02-02,2024-02,0,0,0,0,41.84,-100.0,Mid-Range
CAMP0011120,CUST01476,Influencer,2023-04-04,2023-04,1,0,0,0,862.1,-100.0,Budget
CAMP0011121,CUST01476,Push Notification,2022-09-18,2022-09,0,0,0,0,15.58,-100.0,Budget
CAMP0011122,CUST01476,Email,2023-05-22,2023-05,1,0,0,0,22.15,-100.0,Budget
CAMP0011123,CUST01477,Paid Social,2023-04-09,2023-04,0,0,0,0,1552.79,-100.0,Premium
CAMP0011124,CUST01477,Paid Social,2023-09-19,2023-09,1,0,0,0,2512.61,-100.0,Premium
CAMP0011125,CUST01477,Display Ad,2023-07-04,2023-07,0,0,0,0,420.92,-100.0,Premium
CAMP0011126,CUST01477,Influencer,2023-11-22,2023-11,0,0,0,0,1583.03,-100.0,Premium
CAMP0011127,CUST01477,Paid Social,2024-01-17,2024-01,0,0,0,0,1503.04,-100.0,Premium
CAMP0011128,CUST01478,Influencer,2024-03-06,2024-03,0,0,0,0,1382.79,-100.0,Premium
CAMP0011129,CUST01478,Email,2024-02-14,2024-02,0,0,0,0,38.14,-100.0,Premium
CAMP0011130,CUST01478,Influencer,2023-12-29,2023-12,0,0,0,0,666.59,-100.0,Premium
CAMP0011131,CUST01478,Email,2023-05-20,2023-05,0,0,0,0,24.07,-100.0,Premium
CAMP0011132,CUST01478,Email,2024-02-20,2024-02,1,0,0,0,41.77,-100.0,Premium
CAMP0011133,CUST01478,Paid Social,2023-11-28,2023-11,1,0,0,0,2263.07,-100.0,Premium
CAMP0011134,CUST01478,Influencer,2023-11-21,2023-11,0,0,0,0,1602.6,-100.0,Premium
CAMP0011135,CUST01478,Paid Social,2023-12-14,2023-12,1,0,0,0,727.27,-100.0,Premium
CAMP0011136,CUST01479,Paid Social,2023-08-11,2023-08,0,0,0,0,1622.99,-100.0,Mid-Range
CAMP0011137,CUST01479,Display Ad,2023-12-06,2023-12,0,0,0,0,584.95,-100.0,Mid-Range
CAMP0011138,CUST01479,Paid Social,2023-08-17,2023-08,0,0,0,0,997.75,-100.0,Mid-Range
CAMP0011139,CUST01479,Email,2023-03-28,2023-03,1,0,0,0,57.26,-100.0,Mid-Range
CAMP0011140,CUST01480,Display Ad,2024-01-27,2024-01,0,0,0,0,766.41,-100.0,Luxury
CAMP0011141,CUST01480,Influencer,2024-02-19,2024-02,0,0,0,0,1141.46,-100.0,Luxury
CAMP0011142,CUST01480,Email,2023-09-21,2023-09,0,0,0,0,37.18,-100.0,Luxury
CAMP0011143,CUST01480,SMS,2023-10-10,2023-10,0,0,0,0,69.16,-100.0,Luxury
CAMP0011144,CUST01480,Influencer,2023-09-15,2023-09,0,0,0,0,444.09,-100.0,Luxury
CAMP0011145,CUST01480,Influencer,2023-11-22,2023-11,1,0,0,0,979.14,-100.0,Luxury
CAMP0011146,CUST01480,Push Notification,2023-06-03,2023-06,0,0,0,0,13.56,-100.0,Luxury
CAMP0011147,CUST01480,Paid Social,2024-01-11,2024-01,0,0,0,0,2100.26,-100.0,Luxury
CAMP0011148,CUST01480,SMS,2023-11-17,2023-11,0,0,0,0,57.96,-100.0,Luxury
CAMP0011149,CUST01480,Paid Social,2024-03-26,2024-03,0,0,0,0,1220.35,-100.0,Luxury
CAMP0011150,CUST01480,Paid Social,2024-03-01,2024-03,0,0,0,0,1912.49,-100.0,Luxury
CAMP0011151,CUST01481,SMS,2024-01-13,2024-01,0,0,0,0,54.13,-100.0,Budget
CAMP0011152,CUST01481,Push Notification,2023-12-24,2023-12,0,0,0,0,10.63,-100.0,Budget
CAMP0011153,CUST01481,SMS,2023-08-14,2023-08,0,0,0,0,84.13,-100.0,Budget
CAMP0011154,CUST01481,Paid Social,2023-04-19,2023-04,0,0,0,0,2141.61,-100.0,Budget
CAMP0011155,CUST01481,SMS,2024-02-01,2024-02,0,0,0,0,41.43,-100.0,Budget
CAMP0011156,CUST01481,Push Notification,2023-07-03,2023-07,0,0,0,0,16.25,-100.0,Budget
CAMP0011157,CUST01481,Email,2023-05-11,2023-05,0,0,0,0,53.56,-100.0,Budget
CAMP0011158,CUST01481,Paid Social,2023-03-02,2023-03,0,0,0,0,2517.35,-100.0,Budget
CAMP0011159,CUST01481,Push Notification,2023-08-25,2023-08,0,0,0,0,20.41,-100.0,Budget
CAMP0011160,CUST01481,Paid Social,2023-02-17,2023-02,0,0,0,0,1716.02,-100.0,Budget
CAMP0011161,CUST01481,SMS,2024-01-13,2024-01,1,0,0,0,83.64,-100.0,Budget
CAMP0011162,CUST01481,Email,2023-08-15,2023-08,0,0,0,0,22.21,-100.0,Budget
CAMP0011163,CUST01482,Influencer,2024-02-16,2024-02,0,0,0,0,1476.66,-100.0,Mid-Range
CAMP0011164,CUST01482,Email,2023-12-02,2023-12,1,0,0,0,16.17,-100.0,Mid-Range
CAMP0011165,CUST01482,Email,2023-02-02,2023-02,1,0,0,0,23.33,-100.0,Mid-Range
CAMP0011166,CUST01483,Display Ad,2022-08-25,2022-08,0,0,0,0,868.58,-100.0,Mid-Range
CAMP0011167,CUST01483,Email,2024-02-25,2024-02,1,1,0,0,28.22,-100.0,Mid-Range
CAMP0011168,CUST01483,Email,2022-08-16,2022-08,0,0,0,0,28.4,-100.0,Mid-Range
CAMP0011169,CUST01483,Paid Social,2024-03-01,2024-03,0,0,0,0,1165.72,-100.0,Mid-Range
CAMP0011170,CUST01483,Influencer,2022-11-29,2022-11,0,0,0,0,953.55,-100.0,Mid-Range
CAMP0011171,CUST01483,Paid Social,2022-10-31,2022-10,0,0,0,0,1903.47,-100.0,Mid-Range
CAMP0011172,CUST01483,Email,2022-12-04,2022-12,0,0,0,0,40.32,-100.0,Mid-Range
CAMP0011173,CUST01483,Email,2023-04-06,2023-04,0,0,0,0,27.63,-100.0,Mid-Range
CAMP0011174,CUST01483,Email,2022-12-20,2022-12,0,0,0,0,17.84,-100.0,Mid-Range
CAMP0011175,CUST01483,Paid Social,2022-07-01,2022-07,0,0,0,0,1876.63,-100.0,Mid-Range
CAMP0011176,CUST01483,Paid Social,2023-04-05,2023-04,0,0,0,0,2534.84,-100.0,Mid-Range
CAMP0011177,CUST01483,Push Notification,2022-09-20,2022-09,0,0,0,0,21.47,-100.0,Mid-Range
CAMP0011178,CUST01484,Email,2023-11-16,2023-11,0,0,0,0,33.79,-100.0,Budget
CAMP0011179,CUST01484,Display Ad,2023-01-17,2023-01,0,0,0,0,309.72,-100.0,Budget
CAMP0011180,CUST01484,Influencer,2023-01-23,2023-01,0,0,0,0,1081.67,-100.0,Budget
CAMP0011181,CUST01484,Paid Social,2023-05-21,2023-05,0,0,0,0,2390.68,-100.0,Budget
CAMP0011182,CUST01484,Email,2024-02-12,2024-02,1,0,0,0,17.2,-100.0,Budget
CAMP0011183,CUST01484,Influencer,2023-11-19,2023-11,0,0,0,0,813.22,-100.0,Budget
CAMP0011184,CUST01484,Push Notification,2024-01-31,2024-01,0,0,0,0,21.0,-100.0,Budget
CAMP0011185,CUST01484,Email,2023-09-07,2023-09,1,0,0,0,28.93,-100.0,Budget
CAMP0011186,CUST01484,Email,2023-10-06,2023-10,0,0,0,0,16.79,-100.0,Budget
CAMP0011187,CUST01484,Paid Social,2023-02-13,2023-02,0,0,0,0,2144.61,-100.0,Budget
CAMP0011188,CUST01484,Influencer,2024-03-20,2024-03,0,0,0,0,1599.93,-100.0,Budget
CAMP0011189,CUST01485,Display Ad,2024-03-12,2024-03,1,1,1,179.19,530.6,-66.2,Premium
CAMP0011190,CUST01485,Paid Social,2023-08-14,2023-08,0,0,0,0,978.36,-100.0,Premium
CAMP0011191,CUST01485,Paid Social,2023-08-05,2023-08,0,0,0,0,1713.77,-100.0,Premium
CAMP0011192,CUST01485,Push Notification,2023-10-28,2023-10,0,0,0,0,14.8,-100.0,Premium
CAMP0011193,CUST01486,Influencer,2023-06-17,2023-06,0,0,0,0,924.92,-100.0,Premium
CAMP0011194,CUST01486,Paid Social,2024-01-31,2024-01,0,0,0,0,1365.87,-100.0,Premium
CAMP0011195,CUST01486,Paid Social,2023-11-06,2023-11,0,0,0,0,2295.11,-100.0,Premium
CAMP0011196,CUST01486,Push Notification,2023-10-17,2023-10,0,0,0,0,18.14,-100.0,Premium
CAMP0011197,CUST01486,Push Notification,2023-07-22,2023-07,0,0,0,0,18.5,-100.0,Premium
CAMP0011198,CUST01487,Push Notification,2024-02-26,2024-02,1,1,1,178.1,14.14,1159.5,Premium
CAMP0011199,CUST01487,Email,2023-09-16,2023-09,0,0,0,0,50.05,-100.0,Premium
CAMP0011200,CUST01487,SMS,2024-02-24,2024-02,0,0,0,0,62.84,-100.0,Premium
CAMP0011201,CUST01487,Paid Social,2023-10-30,2023-10,0,0,0,0,1773.25,-100.0,Premium
CAMP0011202,CUST01487,Email,2023-10-09,2023-10,0,0,0,0,38.05,-100.0,Premium
CAMP0011203,CUST01487,Display Ad,2024-03-20,2024-03,0,0,0,0,964.01,-100.0,Premium
CAMP0011204,CUST01488,Email,2023-05-04,2023-05,0,0,0,0,16.3,-100.0,Premium
CAMP0011205,CUST01488,Email,2023-08-22,2023-08,0,0,0,0,17.92,-100.0,Premium
CAMP0011206,CUST01488,Influencer,2024-02-22,2024-02,0,0,0,0,521.66,-100.0,Premium
CAMP0011207,CUST01488,Influencer,2024-03-11,2024-03,0,0,0,0,1606.01,-100.0,Premium
CAMP0011208,CUST01488,Push Notification,2023-05-19,2023-05,0,0,0,0,16.64,-100.0,Premium
CAMP0011209,CUST01488,Paid Social,2023-09-20,2023-09,0,0,0,0,2430.63,-100.0,Premium
CAMP0011210,CUST01488,Push Notification,2023-04-19,2023-04,0,0,0,0,25.18,-100.0,Premium
CAMP0011211,CUST01489,SMS,2024-03-14,2024-03,0,0,0,0,107.38,-100.0,Mid-Range
CAMP0011212,CUST01489,Influencer,2023-09-08,2023-09,0,0,0,0,1531.68,-100.0,Mid-Range
CAMP0011213,CUST01489,Paid Social,2023-05-12,2023-05,0,0,0,0,2361.74,-100.0,Mid-Range
CAMP0011214,CUST01489,SMS,2023-01-14,2023-01,1,0,0,0,117.54,-100.0,Mid-Range
CAMP0011215,CUST01490,Influencer,2023-10-15,2023-10,1,1,0,0,542.56,-100.0,Mid-Range
CAMP0011216,CUST01490,Influencer,2023-01-11,2023-01,1,0,0,0,1212.18,-100.0,Mid-Range
CAMP0011217,CUST01490,Email,2024-02-11,2024-02,1,0,0,0,51.51,-100.0,Mid-Range
CAMP0011218,CUST01490,Paid Social,2023-07-06,2023-07,0,0,0,0,1994.5,-100.0,Mid-Range
CAMP0011219,CUST01490,Push Notification,2023-02-14,2023-02,0,0,0,0,16.95,-100.0,Mid-Range
CAMP0011220,CUST01490,Paid Social,2023-12-19,2023-12,0,0,0,0,2300.72,-100.0,Mid-Range
CAMP0011221,CUST01490,Push Notification,2022-06-28,2022-06,0,0,0,0,9.12,-100.0,Mid-Range
CAMP0011222,CUST01490,Email,2023-07-10,2023-07,0,0,0,0,48.23,-100.0,Mid-Range
CAMP0011223,CUST01490,Paid Social,2023-03-31,2023-03,0,0,0,0,1037.79,-100.0,Mid-Range
CAMP0011224,CUST01490,Paid Social,2023-01-14,2023-01,0,0,0,0,2271.81,-100.0,Mid-Range
CAMP0011225,CUST01490,Paid Social,2022-03-20,2022-03,0,0,0,0,2128.65,-100.0,Mid-Range
CAMP0011226,CUST01491,Paid Social,2022-08-21,2022-08,0,0,0,0,2109.17,-100.0,Luxury
CAMP0011227,CUST01491,Influencer,2023-08-29,2023-08,0,0,0,0,686.55,-100.0,Luxury
CAMP0011228,CUST01491,Email,2023-04-17,2023-04,0,0,0,0,21.4,-100.0,Luxury
CAMP0011229,CUST01491,Email,2023-06-14,2023-06,0,0,0,0,17.03,-100.0,Luxury
CAMP0011230,CUST01491,Email,2024-03-09,2024-03,1,0,0,0,34.98,-100.0,Luxury
CAMP0011231,CUST01491,Paid Social,2023-10-10,2023-10,0,0,0,0,715.3,-100.0,Luxury
CAMP0011232,CUST01491,Email,2023-01-01,2023-01,0,0,0,0,47.59,-100.0,Luxury
CAMP0011233,CUST01491,Email,2022-12-31,2022-12,0,0,0,0,27.8,-100.0,Luxury
CAMP0011234,CUST01491,Email,2024-02-20,2024-02,1,1,0,0,41.59,-100.0,Luxury
CAMP0011235,CUST01492,Influencer,2023-01-13,2023-01,0,0,0,0,1364.41,-100.0,Mid-Range
CAMP0011236,CUST01492,Paid Social,2023-07-08,2023-07,0,0,0,0,1694.76,-100.0,Mid-Range
CAMP0011237,CUST01492,Paid Social,2023-04-04,2023-04,1,1,0,0,2144.01,-100.0,Mid-Range
CAMP0011238,CUST01492,Paid Social,2023-05-18,2023-05,1,1,0,0,2085.45,-100.0,Mid-Range
CAMP0011239,CUST01492,Influencer,2024-02-20,2024-02,0,0,0,0,575.9,-100.0,Mid-Range
CAMP0011240,CUST01492,Display Ad,2023-01-30,2023-01,0,0,0,0,491.1,-100.0,Mid-Range
CAMP0011241,CUST01492,Paid Social,2023-06-14,2023-06,0,0,0,0,2394.2,-100.0,Mid-Range
CAMP0011242,CUST01492,Email,2022-12-04,2022-12,0,0,0,0,38.71,-100.0,Mid-Range
CAMP0011243,CUST01492,Email,2022-12-18,2022-12,0,0,0,0,45.0,-100.0,Mid-Range
CAMP0011244,CUST01492,Paid Social,2022-12-28,2022-12,0,0,0,0,2447.24,-100.0,Mid-Range
CAMP0011245,CUST01493,Email,2024-01-02,2024-01,0,0,0,0,59.89,-100.0,Mid-Range
CAMP0011246,CUST01493,Email,2024-03-15,2024-03,0,0,0,0,59.18,-100.0,Mid-Range
CAMP0011247,CUST01493,Paid Social,2024-02-28,2024-02,0,0,0,0,1068.64,-100.0,Mid-Range
CAMP0011248,CUST01493,Email,2023-10-09,2023-10,0,0,0,0,25.6,-100.0,Mid-Range
CAMP0011249,CUST01493,Influencer,2024-01-10,2024-01,1,0,0,0,839.2,-100.0,Mid-Range
CAMP0011250,CUST01493,Display Ad,2024-03-01,2024-03,0,0,0,0,535.2,-100.0,Mid-Range
CAMP0011251,CUST01493,Email,2023-12-03,2023-12,0,0,0,0,32.91,-100.0,Mid-Range
CAMP0011252,CUST01493,Influencer,2023-10-18,2023-10,1,1,0,0,1164.96,-100.0,Mid-Range
CAMP0011253,CUST01493,Display Ad,2023-11-23,2023-11,0,0,0,0,560.54,-100.0,Mid-Range
CAMP0011254,CUST01493,Email,2023-11-16,2023-11,1,0,0,0,48.96,-100.0,Mid-Range
CAMP0011255,CUST01493,Influencer,2023-09-18,2023-09,1,0,0,0,1123.24,-100.0,Mid-Range
CAMP0011256,CUST01494,Paid Social,2023-02-23,2023-02,1,0,0,0,2163.31,-100.0,Budget
CAMP0011257,CUST01494,Paid Social,2023-05-05,2023-05,1,0,0,0,1421.94,-100.0,Budget
CAMP0011258,CUST01494,Email,2024-01-13,2024-01,1,0,0,0,50.7,-100.0,Budget
CAMP0011259,CUST01494,Email,2023-06-29,2023-06,0,0,0,0,27.84,-100.0,Budget
CAMP0011260,CUST01494,Influencer,2024-03-03,2024-03,1,1,1,85.69,453.74,-81.1,Budget
CAMP0011261,CUST01494,Paid Social,2023-12-05,2023-12,0,0,0,0,724.24,-100.0,Budget
CAMP0011262,CUST01494,Email,2023-05-24,2023-05,0,0,0,0,48.45,-100.0,Budget
CAMP0011263,CUST01494,Email,2023-07-19,2023-07,0,0,0,0,33.43,-100.0,Budget
CAMP0011264,CUST01494,Influencer,2024-03-31,2024-03,1,0,0,0,537.97,-100.0,Budget
CAMP0011265,CUST01495,Email,2022-07-02,2022-07,0,0,0,0,45.7,-100.0,Luxury
CAMP0011266,CUST01495,Email,2023-06-29,2023-06,0,0,0,0,56.31,-100.0,Luxury
CAMP0011267,CUST01495,Push Notification,2023-10-29,2023-10,0,0,0,0,20.12,-100.0,Luxury
CAMP0011268,CUST01495,Email,2023-03-18,2023-03,1,0,0,0,29.83,-100.0,Luxury
CAMP0011269,CUST01495,Push Notification,2023-12-07,2023-12,0,0,0,0,22.72,-100.0,Luxury
CAMP0011270,CUST01495,Email,2023-12-07,2023-12,0,0,0,0,48.58,-100.0,Luxury
CAMP0011271,CUST01495,Influencer,2022-11-13,2022-11,1,0,0,0,1602.8,-100.0,Luxury
CAMP0011272,CUST01495,Push Notification,2022-12-27,2022-12,0,0,0,0,17.54,-100.0,Luxury
CAMP0011273,CUST01496,SMS,2024-03-26,2024-03,0,0,0,0,68.58,-100.0,Budget
CAMP0011274,CUST01496,Push Notification,2022-11-15,2022-11,0,0,0,0,14.52,-100.0,Budget
CAMP0011275,CUST01496,Email,2022-12-06,2022-12,1,0,0,0,25.89,-100.0,Budget
CAMP0011276,CUST01496,Push Notification,2024-03-05,2024-03,0,0,0,0,11.31,-100.0,Budget
CAMP0011277,CUST01496,Email,2024-01-17,2024-01,1,0,0,0,42.48,-100.0,Budget
CAMP0011278,CUST01496,Paid Social,2023-09-17,2023-09,0,0,0,0,1980.19,-100.0,Budget
CAMP0011279,CUST01496,Email,2023-06-06,2023-06,0,0,0,0,19.11,-100.0,Budget
CAMP0011280,CUST01497,Email,2024-01-18,2024-01,0,0,0,0,33.26,-100.0,Mid-Range
CAMP0011281,CUST01497,SMS,2023-04-15,2023-04,1,0,0,0,111.58,-100.0,Mid-Range
CAMP0011282,CUST01497,Push Notification,2022-09-04,2022-09,0,0,0,0,17.27,-100.0,Mid-Range
CAMP0011283,CUST01497,Push Notification,2023-07-31,2023-07,0,0,0,0,14.93,-100.0,Mid-Range
CAMP0011284,CUST01497,Email,2022-12-11,2022-12,1,0,0,0,44.02,-100.0,Mid-Range
CAMP0011285,CUST01497,SMS,2023-10-22,2023-10,0,0,0,0,116.16,-100.0,Mid-Range
CAMP0011286,CUST01497,Paid Social,2023-07-16,2023-07,0,0,0,0,972.22,-100.0,Mid-Range
CAMP0011287,CUST01497,Push Notification,2023-07-26,2023-07,0,0,0,0,25.73,-100.0,Mid-Range
CAMP0011288,CUST01497,Push Notification,2023-12-18,2023-12,0,0,0,0,18.21,-100.0,Mid-Range
CAMP0011289,CUST01497,Email,2023-08-12,2023-08,1,0,0,0,54.77,-100.0,Mid-Range
CAMP0011290,CUST01498,Paid Social,2024-02-15,2024-02,1,1,1,53.08,2263.71,-97.7,Premium
CAMP0011291,CUST01498,Paid Social,2024-03-10,2024-03,0,0,0,0,832.65,-100.0,Premium
CAMP0011292,CUST01498,Email,2023-12-03,2023-12,0,0,0,0,42.65,-100.0,Premium
CAMP0011293,CUST01498,Email,2023-12-12,2023-12,0,0,0,0,18.82,-100.0,Premium
CAMP0011294,CUST01498,SMS,2023-10-27,2023-10,0,0,0,0,38.22,-100.0,Premium
CAMP0011295,CUST01498,Display Ad,2023-12-17,2023-12,1,1,0,0,530.69,-100.0,Premium
CAMP0011296,CUST01498,Push Notification,2023-12-18,2023-12,0,0,0,0,10.02,-100.0,Premium
CAMP0011297,CUST01498,Email,2023-10-31,2023-10,0,0,0,0,47.45,-100.0,Premium
CAMP0011298,CUST01498,Email,2023-11-29,2023-11,0,0,0,0,48.88,-100.0,Premium
CAMP0011299,CUST01499,Display Ad,2022-12-27,2022-12,0,0,0,0,701.62,-100.0,Premium
CAMP0011300,CUST01499,Paid Social,2024-01-07,2024-01,0,0,0,0,2207.44,-100.0,Premium
CAMP0011301,CUST01499,Paid Social,2024-01-05,2024-01,0,0,0,0,2135.96,-100.0,Premium
CAMP0011302,CUST01499,Influencer,2023-01-30,2023-01,0,0,0,0,1432.58,-100.0,Premium
CAMP0011303,CUST01499,Push Notification,2023-08-11,2023-08,0,0,0,0,10.91,-100.0,Premium
CAMP0011304,CUST01499,Paid Social,2023-07-18,2023-07,0,0,0,0,1506.41,-100.0,Premium
CAMP0011305,CUST01500,Email,2024-02-19,2024-02,0,0,0,0,58.57,-100.0,Premium
CAMP0011306,CUST01500,Email,2023-10-17,2023-10,1,1,1,57.99,17.89,224.1,Premium
CAMP0011307,CUST01500,Display Ad,2022-10-21,2022-10,0,0,0,0,1038.54,-100.0,Premium
CAMP0011308,CUST01500,Paid Social,2023-05-28,2023-05,0,0,0,0,1463.03,-100.0,Premium
CAMP0011309,CUST01500,SMS,2022-09-18,2022-09,0,0,0,0,36.04,-100.0,Premium
CAMP0011310,CUST01500,SMS,2023-07-23,2023-07,1,0,0,0,38.58,-100.0,Premium
CAMP0011311,CUST01500,Influencer,2024-03-09,2024-03,1,0,0,0,609.02,-100.0,Premium
CAMP0011312,CUST01500,Email,2022-10-25,2022-10,0,0,0,0,23.18,-100.0,Premium
CAMP0011313,CUST01500,Influencer,2024-02-21,2024-02,0,0,0,0,1196.97,-100.0,Premium
CAMP0011314,CUST01500,Paid Social,2024-01-06,2024-01,0,0,0,0,1670.71,-100.0,Premium
