customer_id,acquisition_channel,segment,country,age,device,recency_days,frequency,monetary,avg_order_value,total_margin,return_rate,r_score,f_score,m_score,rfm_total,rfm_segment,predicted_clv,campaign_type,campaign_priority,campaign_action
CUST00069,Direct,Premium,UAE,59,Mobile,10,9,1406.99,168.9,713.64,11.1,5,5,5,15,Champions,1127.0,VIP Rewards,High,Exclusive loyalty rewards + upsell premium
CUST01428,Organic Search,Luxury,Australia,60,Tablet,13,14,1423.36,136.84,682.12,28.6,5,5,5,15,Champions,1417.0,VIP Rewards,High,Exclusive loyalty rewards + upsell premium
CUST00022,Organic Search,Premium,France,25,Desktop,10,10,957.66,118.26,441.09000000000003,10.0,5,5,5,15,Champions,1133.0,VIP Rewards,High,Exclusive loyalty rewards + upsell premium
CUST00032,Email,Luxury,UK,50,Tablet,6,13,931.46,144.29,410.88,46.2,5,5,5,15,Champions,1278.0,VIP Rewards,High,Exclusive loyalty rewards + upsell premium
CUST00287,Referral,Premium,Germany,65,Mobile,5,9,1159.14,128.79,638.81,0.0,5,5,5,15,Champions,1145.0,VIP Rewards,High,Exclusive loyalty rewards + upsell premium
CUST00982,Email,Luxury,Canada,25,Mobile,11,10,1128.7,152.59,556.63,20.0,5,5,5,15,Champions,1124.0,VIP Rewards,High,Exclusive loyalty rewards + upsell premium
CUST00330,Paid Social,Luxury,France,59,Mobile,1,12,1327.81,115.13,568.8199999999999,8.3,5,5,5,15,Champions,1280.0,VIP Rewards,High,Exclusive loyalty rewards + upsell premium
CUST00942,Paid Social,Premium,Australia,33,Desktop,14,8,1397.81,210.05,577.24,25.0,5,5,5,15,Champions,1070.0,VIP Rewards,High,Exclusive loyalty rewards + upsell premium
CUST01007,Organic Search,Premium,Nigeria,18,Desktop,1,11,1268.01,123.03,537.86,9.1,5,5,5,15,Champions,1215.0,VIP Rewards,High,Exclusive loyalty rewards + upsell premium
CUST00937,Paid Social,Premium,France,55,Mobile,15,9,1519.86,174.21,624.48,11.1,5,5,5,15,Champions,1130.0,VIP Rewards,High,Exclusive loyalty rewards + upsell premium
CUST00293,Organic Search,Luxury,UAE,65,Desktop,4,11,1987.76,205.83,936.47,18.2,5,5,5,15,Champions,1310.0,VIP Rewards,High,Exclusive loyalty rewards + upsell premium
CUST00280,Organic Search,Luxury,France,64,Mobile,8,9,1310.75,145.64,636.95,0.0,5,5,5,15,Champions,1121.0,VIP Rewards,High,Exclusive loyalty rewards + upsell premium
CUST01384,Direct,Premium,Australia,38,Desktop,15,8,1077.87,139.4,508.25,12.5,5,5,5,15,Champions,1008.0,VIP Rewards,High,Exclusive loyalty rewards + upsell premium
CUST01361,Influencer,Premium,UAE,65,Mobile,11,10,1024.78,128.08,469.69,10.0,5,5,5,15,Champions,1151.0,VIP Rewards,High,Exclusive loyalty rewards + upsell premium
CUST00975,Paid Social,Luxury,Canada,38,Desktop,2,11,1038.57,117.8,541.4399999999999,18.2,5,5,5,15,Champions,1184.0,VIP Rewards,High,Exclusive loyalty rewards + upsell premium
CUST00974,Paid Social,Luxury,Canada,38,Mobile,11,9,1223.29,242.12,572.64,44.4,5,5,5,15,Champions,1143.0,VIP Rewards,High,Exclusive loyalty rewards + upsell premium
CUST00945,Organic Search,Luxury,Germany,19,Mobile,9,10,1922.55,211.08,946.26,20.0,5,5,5,15,Champions,1235.0,VIP Rewards,High,Exclusive loyalty rewards + upsell premium
CUST00917,Organic Search,Luxury,Nigeria,29,Mobile,1,8,940.12,160.85,426.73,25.0,5,5,5,15,Champions,1005.0,VIP Rewards,High,Exclusive loyalty rewards + upsell premium
CUST00115,Referral,Premium,Nigeria,28,Desktop,15,11,1475.45,160.02,630.27,9.1,5,5,5,15,Champions,1315.0,VIP Rewards,High,Exclusive loyalty rewards + upsell premium
CUST00940,Referral,Luxury,UK,32,Mobile,2,12,1330.93,110.91,648.84,0.0,5,5,5,15,Champions,1343.0,VIP Rewards,High,Exclusive loyalty rewards + upsell premium
CUST01176,Email,Luxury,Germany,55,Desktop,15,15,1261.46,125.44,579.08,33.3,5,5,5,15,Champions,1434.0,VIP Rewards,High,Exclusive loyalty rewards + upsell premium
CUST01173,Referral,Luxury,Canada,28,Mobile,16,18,2820.4,171.87,1289.49,5.6,5,5,5,15,Champions,1864.0,VIP Rewards,High,Exclusive loyalty rewards + upsell premium
CUST00182,Paid Social,Premium,France,43,Mobile,9,9,968.64,107.63,433.66999999999996,0.0,5,5,5,15,Champions,1064.0,VIP Rewards,High,Exclusive loyalty rewards + upsell premium
CUST01084,Email,Premium,Nigeria,36,Mobile,11,12,975.11,124.84,374.89,33.3,5,5,5,15,Champions,1206.0,VIP Rewards,High,Exclusive loyalty rewards + upsell premium
CUST00782,Referral,Premium,Germany,61,Mobile,9,10,1281.5,177.63,559.3,30.0,5,5,5,15,Champions,1216.0,VIP Rewards,High,Exclusive loyalty rewards + upsell premium
CUST00863,Email,Premium,Germany,35,Desktop,5,10,1031.06,115.66,478.97,20.0,5,5,5,15,Champions,1074.0,VIP Rewards,High,Exclusive loyalty rewards + upsell premium
CUST00267,Email,Luxury,Canada,58,Desktop,7,12,1251.04,120.05,477.55,16.7,5,5,5,15,Champions,1240.0,VIP Rewards,High,Exclusive loyalty rewards + upsell premium
CUST01109,Direct,Luxury,UK,56,Mobile,6,13,1448.68,140.49,678.03,23.1,5,5,5,15,Champions,1360.0,VIP Rewards,High,Exclusive loyalty rewards + upsell premium
CUST00865,Organic Search,Premium,Canada,37,Tablet,10,11,1480.16,136.8,757.14,9.1,5,5,5,15,Champions,1236.0,VIP Rewards,High,Exclusive loyalty rewards + upsell premium
CUST00238,Organic Search,Luxury,Australia,49,Mobile,2,13,2010.19,201.25,757.01,15.4,5,5,5,15,Champions,1459.0,VIP Rewards,High,Exclusive loyalty rewards + upsell premium
CUST00504,Referral,Luxury,Nigeria,40,Mobile,15,17,2064.08,132.09,1002.64,11.8,5,5,5,15,Champions,1721.0,VIP Rewards,High,Exclusive loyalty rewards + upsell premium
CUST01287,Email,Premium,Nigeria,53,Desktop,3,12,1271.62,140.49,675.03,25.0,5,5,5,15,Champions,1247.0,VIP Rewards,High,Exclusive loyalty rewards + upsell premium
CUST00873,Paid Social,Premium,USA,52,Mobile,15,9,1046.78,132.77,416.15,33.3,5,5,5,15,Champions,1022.0,VIP Rewards,High,Exclusive loyalty rewards + upsell premium
CUST00163,Email,Premium,UK,29,Mobile,3,9,949.66,121.34,492.81,11.1,5,5,5,15,Champions,1027.0,VIP Rewards,High,Exclusive loyalty rewards + upsell premium
CUST00155,Organic Search,Luxury,UAE,53,Mobile,11,14,1512.52,132.01,717.23,21.4,5,5,5,15,Champions,1427.0,VIP Rewards,High,Exclusive loyalty rewards + upsell premium
CUST01238,Email,Premium,USA,19,Desktop,3,10,1274.68,141.84,620.62,30.0,5,5,5,15,Champions,1085.0,VIP Rewards,High,Exclusive loyalty rewards + upsell premium
CUST01270,Referral,Premium,Germany,33,Mobile,5,11,1620.65,150.19,822.72,9.1,5,5,5,15,Champions,1301.0,VIP Rewards,High,Exclusive loyalty rewards + upsell premium
CUST00918,Email,Premium,Canada,62,Mobile,12,10,1103.36,110.34,464.36,0.0,5,5,5,15,Champions,1116.0,VIP Rewards,High,Exclusive loyalty rewards + upsell premium
CUST00864,Influencer,Luxury,UAE,64,Tablet,4,14,1964.52,156.01,1005.12,21.4,5,5,5,15,Champions,1462.0,VIP Rewards,High,Exclusive loyalty rewards + upsell premium
CUST00383,Email,Luxury,Canada,52,Mobile,9,16,1580.82,125.04,739.84,18.8,5,5,5,15,Champions,1541.0,VIP Rewards,High,Exclusive loyalty rewards + upsell premium
CUST00903,Email,Premium,Germany,24,Desktop,4,9,1342.89,160.27,621.67,11.1,5,5,5,15,Champions,1080.0,VIP Rewards,High,Exclusive loyalty rewards + upsell premium
CUST00567,Organic Search,Premium,Canada,48,Mobile,2,11,1194.3,125.89,681.17,18.2,5,5,5,15,Champions,1200.0,VIP Rewards,High,Exclusive loyalty rewards + upsell premium
CUST00012,Influencer,Luxury,UAE,58,Mobile,5,13,1633.55,125.66,778.04,0.0,5,5,5,15,Champions,1395.0,VIP Rewards,High,Exclusive loyalty rewards + upsell premium
CUST01034,Referral,Premium,UK,37,Mobile,7,8,1020.51,127.56,491.03999999999996,0.0,5,5,5,15,Champions,1067.0,VIP Rewards,High,Exclusive loyalty rewards + upsell premium
CUST00562,Organic Search,Luxury,Australia,31,Desktop,5,9,1004.78,131.2,419.58,22.2,5,5,5,15,Champions,1047.0,VIP Rewards,High,Exclusive loyalty rewards + upsell premium
CUST00636,Organic Search,Premium,Germany,45,Mobile,7,10,1290.22,143.67,589.71,10.0,5,5,5,15,Champions,1168.0,VIP Rewards,High,Exclusive loyalty rewards + upsell premium
CUST01147,Referral,Luxury,Canada,32,Mobile,11,13,1026.89,91.57,487.29,15.4,5,5,5,15,Champions,1357.0,VIP Rewards,High,Exclusive loyalty rewards + upsell premium
CUST00046,Referral,Luxury,UAE,47,Mobile,13,16,1815.35,129.33,923.09,18.8,5,5,5,15,Champions,1626.0,VIP Rewards,High,Exclusive loyalty rewards + upsell premium
CUST00532,Paid Social,Luxury,Australia,46,Mobile,11,12,1131.34,100.5,504.21999999999997,8.3,5,5,5,15,Champions,1260.0,VIP Rewards,High,Exclusive loyalty rewards + upsell premium
CUST01486,Email,Premium,Australia,36,Desktop,12,12,1155.37,139.05,474.34000000000003,25.0,5,5,5,15,Champions,1245.0,VIP Rewards,High,Exclusive loyalty rewards + upsell premium
CUST00627,Email,Luxury,Australia,51,Tablet,4,15,2207.42,173.76,1089.88,13.3,5,5,5,15,Champions,1545.0,VIP Rewards,High,Exclusive loyalty rewards + upsell premium
CUST00640,Organic Search,Premium,UAE,18,Desktop,10,9,1197.92,143.79,560.65,11.1,5,5,5,15,Champions,1090.0,VIP Rewards,High,Exclusive loyalty rewards + upsell premium
CUST01149,Organic Search,Premium,Germany,23,Mobile,10,10,919.9,97.2,348.43,10.0,5,5,5,15,Champions,1104.0,VIP Rewards,High,Exclusive loyalty rewards + upsell premium
CUST00487,Influencer,Premium,France,42,Mobile,12,11,1640.15,155.92,605.6700000000001,9.1,5,5,5,15,Champions,1265.0,VIP Rewards,High,Exclusive loyalty rewards + upsell premium
CUST00832,Email,Luxury,Germany,45,Mobile,13,16,1386.78,136.34,670.98,31.2,5,5,5,15,Champions,1528.0,VIP Rewards,High,Exclusive loyalty rewards + upsell premium
CUST00751,Paid Social,Luxury,Australia,26,Mobile,17,9,1235.05,181.7,598.0,22.2,5,5,5,15,Champions,1113.0,VIP Rewards,High,Exclusive loyalty rewards + upsell premium
CUST00475,Organic Search,Premium,Nigeria,52,Tablet,17,9,1224.36,141.54,675.91,11.1,5,5,5,15,Champions,1089.0,VIP Rewards,High,Exclusive loyalty rewards + upsell premium
CUST01154,Paid Social,Luxury,Germany,47,Mobile,2,10,1009.68,129.39,518.05,10.0,5,5,5,15,Champions,1145.0,VIP Rewards,High,Exclusive loyalty rewards + upsell premium
CUST00816,Referral,Luxury,Nigeria,52,Desktop,2,18,2337.28,148.66,1078.39,16.7,5,5,5,15,Champions,1807.0,VIP Rewards,High,Exclusive loyalty rewards + upsell premium
CUST01180,Paid Social,Premium,France,27,Mobile,13,9,952.0,105.78,494.84000000000003,0.0,5,5,5,15,Champions,1061.0,VIP Rewards,High,Exclusive loyalty rewards + upsell premium
CUST00820,Influencer,Premium,Australia,51,Mobile,17,9,1502.83,166.98,811.23,0.0,5,5,5,15,Champions,1152.0,VIP Rewards,High,Exclusive loyalty rewards + upsell premium
CUST00471,Email,Premium,UK,27,Mobile,13,12,1503.68,137.62,572.85,16.7,5,5,5,15,Champions,1262.0,VIP Rewards,High,Exclusive loyalty rewards + upsell premium
CUST01227,Email,Premium,USA,48,Mobile,3,12,1092.62,126.3,414.28000000000003,33.3,5,5,5,15,Champions,1208.0,VIP Rewards,High,Exclusive loyalty rewards + upsell premium
CUST01488,Email,Premium,UAE,59,Desktop,1,9,864.8,104.15,353.39,11.1,5,5,4,14,Champions,847.0,VIP Rewards,High,Exclusive loyalty rewards + upsell premium
CUST01451,Paid Social,Premium,UAE,48,Mobile,15,9,784.81,134.29,373.0,44.4,5,5,4,14,Champions,839.0,VIP Rewards,High,Exclusive loyalty rewards + upsell premium
CUST01495,Organic Search,Luxury,USA,48,Mobile,38,14,1885.63,191.18,770.25,28.6,4,5,5,14,Champions,1486.0,VIP Rewards,High,Exclusive loyalty rewards + upsell premium
CUST01491,Paid Social,Luxury,UK,51,Mobile,14,10,876.24,137.58,420.49,40.0,5,5,4,14,Champions,929.0,VIP Rewards,High,Exclusive loyalty rewards + upsell premium
CUST00005,Paid Social,Luxury,Australia,50,Mobile,28,10,1186.96,138.17,446.28999999999996,10.0,4,5,5,14,Champions,1152.0,VIP Rewards,High,Exclusive loyalty rewards + upsell premium
CUST01006,Referral,Premium,USA,45,Mobile,20,12,1887.2,168.36,951.87,16.7,4,5,5,14,Champions,1378.0,VIP Rewards,High,Exclusive loyalty rewards + upsell premium
CUST00998,Organic Search,Premium,UK,49,Desktop,26,11,1505.63,176.7,640.74,27.3,4,5,5,14,Champions,1243.0,VIP Rewards,High,Exclusive loyalty rewards + upsell premium
CUST00340,Email,Luxury,Canada,18,Desktop,41,15,1349.96,156.5,579.87,46.7,4,5,5,14,Champions,1438.0,VIP Rewards,High,Exclusive loyalty rewards + upsell premium
CUST00976,Influencer,Premium,Germany,43,Mobile,1,8,744.1,139.6,346.91,25.0,5,5,4,14,Champions,821.0,VIP Rewards,High,Exclusive loyalty rewards + upsell premium
CUST00288,Referral,Mid-Range,UAE,46,Tablet,11,8,1314.57,172.7,606.54,12.5,5,4,5,14,Champions,1160.0,VIP Rewards,High,Exclusive loyalty rewards + upsell premium
CUST00272,Paid Social,Luxury,Australia,21,Mobile,17,10,693.59,136.13,277.98,40.0,5,5,4,14,Champions,925.0,VIP Rewards,High,Exclusive loyalty rewards + upsell premium
CUST00099,Referral,Mid-Range,Germany,30,Mobile,32,9,1204.55,133.84,551.02,0.0,4,5,5,14,Champions,1145.0,VIP Rewards,High,Exclusive loyalty rewards + upsell premium
CUST00085,Organic Search,Mid-Range,Australia,35,Desktop,12,7,997.47,218.02,396.53,28.6,5,4,5,14,Champions,1061.0,VIP Rewards,High,Exclusive loyalty rewards + upsell premium
CUST00091,Referral,Premium,France,21,Mobile,21,13,2152.84,173.91,963.12,7.7,4,5,5,14,Champions,1480.0,VIP Rewards,High,Exclusive loyalty rewards + upsell premium
CUST00653,Direct,Luxury,USA,62,Mobile,27,13,1268.07,114.91,606.07,15.4,4,5,5,14,Champions,1339.0,VIP Rewards,High,Exclusive loyalty rewards + upsell premium
CUST00497,Paid Social,Premium,UK,22,Mobile,4,9,820.66,99.35,427.83000000000004,11.1,5,5,4,14,Champions,866.0,VIP Rewards,High,Exclusive loyalty rewards + upsell premium
CUST00498,Organic Search,Premium,Canada,42,Mobile,18,11,1022.44,161.18,494.18,27.3,4,5,5,14,Champions,1220.0,VIP Rewards,High,Exclusive loyalty rewards + upsell premium
CUST01351,Organic Search,Premium,UK,31,Mobile,45,10,1536.58,192.97,705.23,10.0,4,5,5,14,Champions,1231.0,VIP Rewards,High,Exclusive loyalty rewards + upsell premium
CUST00665,Referral,Premium,Nigeria,54,Desktop,14,7,1540.31,231.78,689.4399999999999,14.3,5,4,5,14,Champions,1162.0,VIP Rewards,High,Exclusive loyalty rewards + upsell premium
CUST00310,Referral,Premium,USA,43,Tablet,36,13,1380.31,128.4,581.05,7.7,4,5,5,14,Champions,1421.0,VIP Rewards,High,Exclusive loyalty rewards + upsell premium
CUST00313,Influencer,Premium,Australia,22,Mobile,6,11,901.47,126.66,440.31,27.3,5,5,4,14,Champions,1022.0,VIP Rewards,High,Exclusive loyalty rewards + upsell premium
CUST00923,Direct,Luxury,Australia,34,Tablet,38,13,1403.21,142.91,605.97,7.7,4,5,5,14,Champions,1394.0,VIP Rewards,High,Exclusive loyalty rewards + upsell premium
CUST00744,Referral,Mid-Range,Nigeria,33,Mobile,10,6,917.25,152.88,372.90000000000003,0.0,5,4,5,14,Champions,1011.0,VIP Rewards,High,Exclusive loyalty rewards + upsell premium
CUST00376,Direct,Luxury,UK,28,Mobile,11,9,711.44,114.31,397.63,33.3,5,5,4,14,Champions,841.0,VIP Rewards,High,Exclusive loyalty rewards + upsell premium
CUST01047,Email,Premium,UAE,25,Mobile,15,8,679.02,103.45,272.58,25.0,5,5,4,14,Champions,738.0,VIP Rewards,High,Exclusive loyalty rewards + upsell premium
CUST01249,Referral,Premium,UK,18,Mobile,15,7,968.15,138.31,425.26,0.0,5,4,5,14,Champions,1066.0,VIP Rewards,High,Exclusive loyalty rewards + upsell premium
CUST00883,Email,Premium,Australia,45,Desktop,6,11,830.37,101.61,353.85,18.2,5,5,4,14,Champions,977.0,VIP Rewards,High,Exclusive loyalty rewards + upsell premium
CUST00882,Email,Luxury,Australia,58,Desktop,3,11,709.2,125.95,278.32,54.5,5,5,4,14,Champions,925.0,VIP Rewards,High,Exclusive loyalty rewards + upsell premium
CUST00512,Direct,Premium,UK,33,Tablet,30,11,986.35,144.59,497.73,27.3,4,5,5,14,Champions,1200.0,VIP Rewards,High,Exclusive loyalty rewards + upsell premium
CUST00503,Direct,Premium,Canada,63,Desktop,20,9,1024.66,124.58,460.72999999999996,22.2,4,5,5,14,Champions,1035.0,VIP Rewards,High,Exclusive loyalty rewards + upsell premium
CUST00729,Organic Search,Luxury,USA,18,Mobile,33,13,1726.75,142.14,824.02,15.4,4,5,5,14,Champions,1372.0,VIP Rewards,High,Exclusive loyalty rewards + upsell premium
CUST00728,Referral,Premium,Germany,20,Desktop,1,9,865.87,107.52,426.70000000000005,11.1,5,5,4,14,Champions,928.0,VIP Rewards,High,Exclusive loyalty rewards + upsell premium
CUST00146,Email,Mid-Range,France,30,Desktop,9,7,995.56,176.82,501.06,14.3,5,4,5,14,Champions,1006.0,VIP Rewards,High,Exclusive loyalty rewards + upsell premium
CUST01038,Influencer,Luxury,Australia,25,Mobile,20,14,1917.1,172.05,855.43,28.6,4,5,5,14,Champions,1459.0,VIP Rewards,High,Exclusive loyalty rewards + upsell premium
CUST00713,Email,Premium,USA,61,Desktop,25,10,934.32,151.49,486.19,50.0,4,5,5,14,Champions,1049.0,VIP Rewards,High,Exclusive loyalty rewards + upsell premium
CUST00724,Referral,Premium,USA,33,Desktop,39,13,1401.92,145.01,669.14,30.8,4,5,5,14,Champions,1389.0,VIP Rewards,High,Exclusive loyalty rewards + upsell premium
CUST00886,Organic Search,Mid-Range,Canada,35,Mobile,9,7,982.27,140.32,473.87,0.0,5,4,5,14,Champions,1022.0,VIP Rewards,High,Exclusive loyalty rewards + upsell premium
CUST00380,Referral,Luxury,USA,21,Mobile,41,12,2086.09,186.21,1030.33,8.3,4,5,5,14,Champions,1422.0,VIP Rewards,High,Exclusive loyalty rewards + upsell premium
CUST01055,Organic Search,Mid-Range,Australia,57,Desktop,16,8,894.46,123.54,326.14,25.0,5,5,4,14,Champions,799.0,VIP Rewards,High,Exclusive loyalty rewards + upsell premium
CUST01040,Referral,Premium,France,35,Mobile,22,8,1171.59,146.45,587.24,0.0,4,5,5,14,Champions,1086.0,VIP Rewards,High,Exclusive loyalty rewards + upsell premium
CUST01065,Paid Social,Luxury,UK,37,Desktop,20,11,1429.21,146.0,613.6600000000001,27.3,4,5,5,14,Champions,1196.0,VIP Rewards,High,Exclusive loyalty rewards + upsell premium
CUST01030,Referral,Premium,Australia,21,Mobile,34,9,1300.75,144.53,525.49,0.0,4,5,5,14,Champions,1159.0,VIP Rewards,High,Exclusive loyalty rewards + upsell premium
CUST01224,Organic Search,Premium,UAE,35,Mobile,42,9,1785.94,209.5,860.05,11.1,4,5,5,14,Champions,1176.0,VIP Rewards,High,Exclusive loyalty rewards + upsell premium
CUST01234,Organic Search,Luxury,Canada,61,Desktop,27,14,2786.12,228.36,1366.51,7.1,4,5,5,14,Champions,1586.0,VIP Rewards,High,Exclusive loyalty rewards + upsell premium
CUST00488,Paid Social,Luxury,Canada,25,Desktop,2,10,889.5,110.12,360.91999999999996,20.0,5,5,4,14,Champions,935.0,VIP Rewards,High,Exclusive loyalty rewards + upsell premium
CUST01191,Organic Search,Luxury,USA,54,Desktop,31,11,1955.99,177.82,924.29,0.0,4,5,5,14,Champions,1309.0,VIP Rewards,High,Exclusive loyalty rewards + upsell premium
CUST00185,Email,Premium,Canada,65,Tablet,23,10,1058.41,128.43,478.98,20.0,4,5,5,14,Champions,1088.0,VIP Rewards,High,Exclusive loyalty rewards + upsell premium
CUST01221,Influencer,Premium,UK,51,Mobile,43,8,1449.88,181.24,673.0,0.0,4,5,5,14,Champions,1092.0,VIP Rewards,High,Exclusive loyalty rewards + upsell premium
CUST01223,Referral,Mid-Range,UK,37,Mobile,1,6,1255.46,209.24,529.75,0.0,5,4,5,14,Champions,1087.0,VIP Rewards,High,Exclusive loyalty rewards + upsell premium
CUST01232,Referral,Premium,Germany,36,Desktop,43,9,1335.66,193.9,627.0699999999999,33.3,4,5,5,14,Champions,1150.0,VIP Rewards,High,Exclusive loyalty rewards + upsell premium
CUST00793,Email,Premium,UAE,43,Mobile,19,9,1078.98,159.18,528.66,22.2,4,5,5,14,Champions,1048.0,VIP Rewards,High,Exclusive loyalty rewards + upsell premium
CUST00776,Paid Social,Premium,USA,53,Desktop,10,9,883.7,140.28,394.76,33.3,5,5,4,14,Champions,873.0,VIP Rewards,High,Exclusive loyalty rewards + upsell premium
CUST00786,Email,Luxury,USA,49,Tablet,4,15,788.25,87.93,289.40999999999997,46.7,5,5,4,14,Champions,1191.0,VIP Rewards,High,Exclusive loyalty rewards + upsell premium
CUST01092,Referral,Premium,Australia,41,Mobile,8,8,876.82,123.22,390.71,12.5,5,5,4,14,Champions,873.0,VIP Rewards,High,Exclusive loyalty rewards + upsell premium
CUST00397,Referral,Luxury,UK,28,Desktop,20,12,949.81,117.21,376.13,16.7,4,5,5,14,Champions,1307.0,VIP Rewards,High,Exclusive loyalty rewards + upsell premium
CUST00840,Referral,Premium,Australia,48,Mobile,32,12,1173.14,105.83,542.3,8.3,4,5,5,14,Champions,1314.0,VIP Rewards,High,Exclusive loyalty rewards + upsell premium
CUST00849,Organic Search,Luxury,Canada,46,Tablet,29,14,1347.77,122.86,649.87,21.4,4,5,5,14,Champions,1409.0,VIP Rewards,High,Exclusive loyalty rewards + upsell premium
CUST00425,Email,Luxury,UK,49,Desktop,42,11,1212.62,130.06,478.84000000000003,27.3,4,5,5,14,Champions,1149.0,VIP Rewards,High,Exclusive loyalty rewards + upsell premium
CUST00255,Referral,Luxury,UK,64,Mobile,27,18,2369.07,151.95,942.37,16.7,4,5,5,14,Champions,1807.0,VIP Rewards,High,Exclusive loyalty rewards + upsell premium
CUST01112,Organic Search,Luxury,Nigeria,38,Mobile,7,11,678.97,97.13,285.36,36.4,5,5,4,14,Champions,960.0,VIP Rewards,High,Exclusive loyalty rewards + upsell premium
CUST00866,Paid Social,Luxury,Germany,24,Mobile,26,12,1073.85,109.77,528.32,8.3,4,5,5,14,Champions,1266.0,VIP Rewards,High,Exclusive loyalty rewards + upsell premium
CUST00857,Paid Social,Premium,Nigeria,38,Desktop,21,9,1063.27,133.57,514.28,33.3,4,5,5,14,Champions,1015.0,VIP Rewards,High,Exclusive loyalty rewards + upsell premium
CUST01155,Referral,Premium,Nigeria,48,Mobile,22,13,2152.01,200.54,809.57,15.4,4,5,5,14,Champions,1500.0,VIP Rewards,High,Exclusive loyalty rewards + upsell premium
CUST01142,Email,Premium,Canada,18,Desktop,33,11,1490.26,136.92,611.4300000000001,9.1,4,5,5,14,Champions,1198.0,VIP Rewards,High,Exclusive loyalty rewards + upsell premium
CUST01124,Direct,Premium,Australia,43,Mobile,7,8,909.64,205.85,364.45,50.0,5,5,4,14,Champions,852.0,VIP Rewards,High,Exclusive loyalty rewards + upsell premium
CUST00218,Referral,Mid-Range,Australia,62,Desktop,10,8,916.72,114.59,425.69,0.0,5,4,5,14,Champions,1111.0,VIP Rewards,High,Exclusive loyalty rewards + upsell premium
CUST01179,Direct,Luxury,Nigeria,41,Mobile,42,14,1710.38,131.79,945.3599999999999,14.3,4,5,5,14,Champions,1439.0,VIP Rewards,High,Exclusive loyalty rewards + upsell premium
CUST00207,Direct,Premium,Nigeria,21,Mobile,28,11,1206.48,135.94,603.8299999999999,9.1,4,5,5,14,Champions,1229.0,VIP Rewards,High,Exclusive loyalty rewards + upsell premium
CUST00416,Direct,Premium,Germany,29,Mobile,13,11,844.98,91.74,360.43,18.2,5,5,4,14,Champions,996.0,VIP Rewards,High,Exclusive loyalty rewards + upsell premium
CUST00827,Direct,Luxury,Canada,28,Mobile,39,13,1211.92,121.44,571.6999999999999,23.1,4,5,5,14,Champions,1328.0,VIP Rewards,High,Exclusive loyalty rewards + upsell premium
CUST00226,Paid Social,Luxury,Canada,49,Mobile,31,12,1155.4,121.12,511.35999999999996,8.3,4,5,5,14,Champions,1283.0,VIP Rewards,High,Exclusive loyalty rewards + upsell premium
CUST00234,Organic Search,Premium,Germany,44,Mobile,24,11,1151.74,131.9,498.15999999999997,18.2,4,5,5,14,Champions,1203.0,VIP Rewards,High,Exclusive loyalty rewards + upsell premium
CUST00474,Referral,Premium,Nigeria,38,Mobile,23,10,1272.44,146.82,531.42,10.0,4,5,5,14,Champions,1214.0,VIP Rewards,High,Exclusive loyalty rewards + upsell premium
CUST00464,Direct,Luxury,Nigeria,37,Mobile,35,13,988.87,110.55,467.17,23.1,4,5,5,14,Champions,1314.0,VIP Rewards,High,Exclusive loyalty rewards + upsell premium
CUST00045,Email,Luxury,Australia,24,Desktop,17,12,914.02,112.92,412.86,25.0,5,5,4,14,Champions,1051.0,VIP Rewards,High,Exclusive loyalty rewards + upsell premium
CUST00057,Referral,Premium,UK,55,Mobile,31,11,1052.24,132.98,459.49,9.1,4,5,5,14,Champions,1274.0,VIP Rewards,High,Exclusive loyalty rewards + upsell premium
CUST01392,Email,Premium,Nigeria,63,Mobile,41,11,1226.02,143.66,539.87,18.2,4,5,5,14,Champions,1190.0,VIP Rewards,High,Exclusive loyalty rewards + upsell premium
CUST00443,Organic Search,Premium,UAE,43,Desktop,2,7,1562.66,252.88,571.64,14.3,5,4,5,14,Champions,1141.0,VIP Rewards,High,Exclusive loyalty rewards + upsell premium
CUST00818,Email,Premium,France,58,Mobile,10,12,875.92,155.84,301.91,50.0,5,5,4,14,Champions,1052.0,VIP Rewards,High,Exclusive loyalty rewards + upsell premium
CUST00455,Referral,Premium,UAE,31,Desktop,42,12,1765.22,169.09,918.0,8.3,4,5,5,14,Champions,1400.0,VIP Rewards,High,Exclusive loyalty rewards + upsell premium
CUST00785,Paid Social,Mid-Range,UAE,63,Mobile,11,7,1196.81,182.25,378.81,14.3,5,4,5,14,Champions,1043.0,VIP Rewards,High,Exclusive loyalty rewards + upsell premium
CUST00807,Email,Luxury,UK,36,Mobile,29,13,1197.87,110.37,544.54,15.4,4,5,5,14,Champions,1298.0,VIP Rewards,High,Exclusive loyalty rewards + upsell premium
CUST01126,Organic Search,Mid-Range,Nigeria,46,Desktop,9,8,718.59,176.83,343.36,37.5,5,5,4,14,Champions,841.0,VIP Rewards,High,Exclusive loyalty rewards + upsell premium
CUST00560,Direct,Premium,UK,34,Mobile,6,8,918.07,130.86,453.88,12.5,5,4,5,14,Champions,1055.0,VIP Rewards,High,Exclusive loyalty rewards + upsell premium
CUST00578,Email,Luxury,France,60,Desktop,28,15,1129.89,119.91,557.08,33.3,4,5,5,14,Champions,1421.0,VIP Rewards,High,Exclusive loyalty rewards + upsell premium
CUST00607,Paid Social,Luxury,USA,49,Tablet,45,11,1029.15,111.54,443.28999999999996,18.2,4,5,5,14,Champions,1174.0,VIP Rewards,High,Exclusive loyalty rewards + upsell premium
CUST00576,Influencer,Luxury,France,54,Mobile,30,14,1328.61,105.52,626.62,14.3,4,5,5,14,Champions,1405.0,VIP Rewards,High,Exclusive loyalty rewards + upsell premium
CUST00051,Referral,Premium,UAE,50,Mobile,12,9,889.13,135.25,404.59999999999997,33.3,5,5,4,14,Champions,917.0,VIP Rewards,High,Exclusive loyalty rewards + upsell premium
CUST00581,Email,Premium,France,22,Mobile,12,8,970.37,128.21,433.86,12.5,5,4,5,14,Champions,1019.0,VIP Rewards,High,Exclusive loyalty rewards + upsell premium
CUST01480,Organic Search,Luxury,Canada,42,Mobile,8,8,755.7,105.16,285.46000000000004,12.5,5,5,4,14,Champions,802.0,VIP Rewards,High,Exclusive loyalty rewards + upsell premium
CUST01376,Direct,Premium,USA,39,Mobile,33,8,1214.55,151.82,545.4,0.0,4,5,5,14,Champions,1049.0,VIP Rewards,High,Exclusive loyalty rewards + upsell premium
CUST01374,Organic Search,Premium,Nigeria,40,Mobile,1,11,858.23,158.49,431.67999999999995,45.5,5,5,4,14,Champions,1021.0,VIP Rewards,High,Exclusive loyalty rewards + upsell premium
CUST01371,Organic Search,Luxury,UAE,35,Desktop,8,8,682.47,147.99,376.15999999999997,37.5,5,5,4,14,Champions,801.0,VIP Rewards,High,Exclusive loyalty rewards + upsell premium
CUST01466,Organic Search,Premium,UAE,55,Mobile,23,11,1304.15,152.81,512.08,18.2,4,5,5,14,Champions,1232.0,VIP Rewards,High,Exclusive loyalty rewards + upsell premium
CUST01027,Organic Search,Premium,Canada,41,Desktop,15,9,715.84,130.27,341.37,22.2,5,5,4,14,Champions,889.0,VIP Rewards,High,Exclusive loyalty rewards + upsell premium
CUST00546,Organic Search,Premium,France,58,Desktop,29,11,1060.59,125.56,433.72,18.2,4,5,5,14,Champions,1196.0,VIP Rewards,High,Exclusive loyalty rewards + upsell premium
CUST01380,Direct,Premium,Canada,62,Desktop,38,11,933.3,119.97,360.93,18.2,4,5,5,14,Champions,1190.0,VIP Rewards,High,Exclusive loyalty rewards + upsell premium
CUST01379,Email,Premium,Canada,38,Desktop,45,8,1120.84,188.33,579.0,37.5,4,5,5,14,Champions,979.0,VIP Rewards,High,Exclusive loyalty rewards + upsell premium
CUST01369,Email,Luxury,France,62,Desktop,31,14,1727.14,133.43,805.25,7.1,4,5,5,14,Champions,1426.0,VIP Rewards,High,Exclusive loyalty rewards + upsell premium
CUST01367,Referral,Premium,UAE,27,Desktop,28,12,1417.56,124.19,703.25,8.3,4,5,5,14,Champions,1337.0,VIP Rewards,High,Exclusive loyalty rewards + upsell premium
CUST01365,Referral,Mid-Range,UAE,23,Mobile,39,9,2041.05,226.78,871.71,0.0,4,5,5,14,Champions,1272.0,VIP Rewards,High,Exclusive loyalty rewards + upsell premium
CUST00630,Paid Social,Luxury,Australia,40,Tablet,25,9,1229.82,136.65,586.47,0.0,4,5,5,14,Champions,1098.0,VIP Rewards,High,Exclusive loyalty rewards + upsell premium
CUST00539,Paid Social,Premium,UAE,60,Tablet,13,8,976.16,154.22,307.54,37.5,5,4,5,14,Champions,1026.0,VIP Rewards,High,Exclusive loyalty rewards + upsell premium
CUST00536,Referral,Luxury,France,41,Mobile,11,13,851.63,137.01,393.21,30.8,5,5,4,14,Champions,1225.0,VIP Rewards,High,Exclusive loyalty rewards + upsell premium
CUST00632,Paid Social,Premium,Germany,36,Mobile,37,9,919.08,102.12,447.48,0.0,4,5,5,14,Champions,1052.0,VIP Rewards,High,Exclusive loyalty rewards + upsell premium
CUST00008,Direct,Luxury,Nigeria,27,Desktop,40,10,1532.84,160.68,738.47,10.0,4,5,5,14,Champions,1188.0,VIP Rewards,High,Exclusive loyalty rewards + upsell premium
CUST01460,Email,Premium,Australia,27,Mobile,12,9,630.55,111.55,329.21000000000004,44.4,5,5,3,13,Champions,620.0,VIP Rewards,High,Exclusive loyalty rewards + upsell premium
CUST00621,Email,Premium,Australia,28,Mobile,66,12,963.99,123.14,433.94,33.3,3,5,5,13,Loyal Customers,1195.0,Retention,High,Personalised thank-you + early access
CUST00626,Organic Search,Premium,Nigeria,21,Mobile,76,9,999.74,132.18,476.61,11.1,3,5,5,13,Loyal Customers,1066.0,Retention,High,Personalised thank-you + early access
CUST00638,Influencer,Mid-Range,UAE,25,Mobile,42,8,1422.07,193.47,656.0699999999999,25.0,4,4,5,13,Champions,1108.0,VIP Rewards,High,Exclusive loyalty rewards + upsell premium
CUST00644,Influencer,Premium,UAE,23,Desktop,68,10,1011.07,208.2,392.88,40.0,3,5,5,13,Loyal Customers,1179.0,Retention,High,Personalised thank-you + early access
CUST00537,Email,Premium,Canada,61,Mobile,11,8,876.41,215.64,350.35,37.5,5,4,4,13,Champions,923.0,VIP Rewards,High,Exclusive loyalty rewards + upsell premium
CUST00530,Referral,Mid-Range,UK,36,Desktop,26,7,1085.6,173.81,482.39,14.3,4,4,5,13,Champions,1076.0,VIP Rewards,High,Exclusive loyalty rewards + upsell premium
CUST00655,Referral,Premium,France,61,Mobile,72,12,1637.43,139.12,824.4399999999999,8.3,3,5,5,13,Loyal Customers,1357.0,Retention,High,Personalised thank-you + early access
CUST00551,Referral,Budget,France,21,Mobile,15,6,956.99,192.81,415.42,16.7,5,3,5,13,Loyal Customers,1086.0,Retention,High,Personalised thank-you + early access
CUST00541,Direct,Mid-Range,Canada,31,Desktop,16,6,2029.98,338.33,798.27,0.0,5,3,5,13,Loyal Customers,1277.0,Retention,High,Personalised thank-you + early access
CUST01358,Referral,Luxury,Canada,55,Mobile,73,12,1711.06,166.74,861.56,16.7,3,5,5,13,Loyal Customers,1374.0,Retention,High,Personalised thank-you + early access
CUST01387,Organic Search,Premium,Germany,41,Mobile,14,6,808.48,166.1,423.13,16.7,5,4,4,13,Champions,785.0,VIP Rewards,High,Exclusive loyalty rewards + upsell premium
CUST01378,Paid Social,Premium,Nigeria,27,Mobile,13,7,683.92,109.48,268.3,28.6,5,4,4,13,Champions,750.0,VIP Rewards,High,Exclusive loyalty rewards + upsell premium
CUST01022,Paid Social,Premium,France,56,Desktop,21,7,1046.91,190.77,408.29,14.3,4,4,5,13,Champions,1048.0,VIP Rewards,High,Exclusive loyalty rewards + upsell premium
CUST01028,Paid Social,Luxury,USA,46,Mobile,1,10,434.78,83.4,188.55,40.0,5,5,3,13,Champions,695.0,VIP Rewards,High,Exclusive loyalty rewards + upsell premium
CUST01017,Organic Search,Premium,UK,40,Desktop,72,8,1142.39,142.8,508.7,0.0,3,5,5,13,Loyal Customers,1033.0,Retention,High,Personalised thank-you + early access
CUST01464,Email,Premium,UAE,22,Tablet,8,8,609.6,156.93,238.41,37.5,5,5,3,13,Champions,622.0,VIP Rewards,High,Exclusive loyalty rewards + upsell premium
CUST01455,Email,Luxury,UK,29,Mobile,31,14,857.81,103.67,408.9,21.4,4,5,4,13,Champions,1191.0,VIP Rewards,High,Exclusive loyalty rewards + upsell premium
CUST01458,Influencer,Mid-Range,USA,60,Mobile,17,6,795.29,157.28,422.61000000000007,16.7,5,4,4,13,Champions,777.0,VIP Rewards,High,Exclusive loyalty rewards + upsell premium
CUST00564,Paid Social,Premium,Germany,61,Mobile,85,9,924.21,108.88,412.19,22.2,3,5,5,13,Loyal Customers,1008.0,Retention,High,Personalised thank-you + early access
CUST01477,Direct,Premium,Nigeria,19,Tablet,61,10,1127.67,124.11,487.76,10.0,3,5,5,13,Loyal Customers,1132.0,Retention,High,Personalised thank-you + early access
CUST01478,Email,Premium,Germany,20,Tablet,12,10,622.07,144.07,273.63,50.0,5,5,3,13,Champions,726.0,VIP Rewards,High,Exclusive loyalty rewards + upsell premium
CUST00616,Referral,Premium,Canada,40,Mobile,48,9,1655.9,183.99,709.85,0.0,3,5,5,13,Loyal Customers,1208.0,Retention,High,Personalised thank-you + early access
CUST00599,Referral,Mid-Range,UK,20,Tablet,4,7,904.26,146.22,432.51,14.3,5,4,4,13,Champions,883.0,VIP Rewards,High,Exclusive loyalty rewards + upsell premium
CUST01417,Email,Premium,Canada,49,Mobile,45,10,774.51,97.37,387.75,20.0,4,5,4,13,Champions,889.0,VIP Rewards,High,Exclusive loyalty rewards + upsell premium
CUST01394,Referral,Premium,Germany,28,Mobile,72,13,1079.26,83.02,526.73,0.0,3,5,5,13,Loyal Customers,1373.0,Retention,High,Personalised thank-you + early access
CUST00060,Influencer,Mid-Range,UK,28,Desktop,42,8,1101.99,171.54,434.07,25.0,4,4,5,13,Champions,1079.0,VIP Rewards,High,Exclusive loyalty rewards + upsell premium
CUST01427,Paid Social,Mid-Range,Canada,65,Mobile,9,7,786.24,140.87,362.94,14.3,5,4,4,13,Champions,829.0,VIP Rewards,High,Exclusive loyalty rewards + upsell premium
CUST00811,Organic Search,Luxury,UAE,20,Desktop,3,13,495.44,72.57,230.55,30.8,5,5,3,13,Champions,929.0,VIP Rewards,High,Exclusive loyalty rewards + upsell premium
CUST00458,Influencer,Premium,UAE,45,Mobile,31,7,1183.36,187.27,458.51,28.6,4,4,5,13,Champions,1017.0,VIP Rewards,High,Exclusive loyalty rewards + upsell premium
CUST01140,Email,Mid-Range,UAE,48,Mobile,14,7,726.09,175.68,390.13,28.6,5,4,4,13,Champions,814.0,VIP Rewards,High,Exclusive loyalty rewards + upsell premium
CUST01153,Direct,Mid-Range,France,64,Desktop,24,8,830.66,168.84,358.34,37.5,4,5,4,13,Champions,827.0,VIP Rewards,High,Exclusive loyalty rewards + upsell premium
CUST01133,Organic Search,Budget,UK,20,Mobile,8,6,667.04,111.17,280.7,0.0,5,4,4,13,Champions,747.0,VIP Rewards,High,Exclusive loyalty rewards + upsell premium
CUST01160,Organic Search,Premium,Australia,38,Mobile,63,8,1011.59,200.04,499.93,37.5,3,5,5,13,Loyal Customers,1022.0,Retention,High,Personalised thank-you + early access
CUST01162,Organic Search,Mid-Range,Germany,18,Mobile,19,7,1092.29,180.44,386.92,14.3,4,4,5,13,Champions,1035.0,VIP Rewards,High,Exclusive loyalty rewards + upsell premium
CUST00833,Paid Social,Luxury,Australia,59,Mobile,50,10,1089.66,135.28,521.34,20.0,3,5,5,13,Loyal Customers,1121.0,Retention,High,Personalised thank-you + early access
CUST00823,Direct,Premium,Australia,58,Desktop,55,9,1794.61,226.51,710.25,33.3,3,5,5,13,Loyal Customers,1144.0,Retention,High,Personalised thank-you + early access
CUST00483,Organic Search,Luxury,UK,62,Mobile,20,11,851.19,134.21,327.3,27.3,4,5,4,13,Champions,1027.0,VIP Rewards,High,Exclusive loyalty rewards + upsell premium
CUST00461,Organic Search,Luxury,USA,60,Mobile,48,13,1777.72,183.4,839.23,23.1,3,5,5,13,Loyal Customers,1408.0,Retention,High,Personalised thank-you + early access
CUST01182,Organic Search,Premium,Australia,49,Desktop,2,9,621.73,112.02,256.26,33.3,5,5,3,13,Champions,679.0,VIP Rewards,High,Exclusive loyalty rewards + upsell premium
CUST01175,Influencer,Mid-Range,Nigeria,49,Mobile,2,7,803.55,158.36,314.86,28.6,5,4,4,13,Champions,823.0,VIP Rewards,High,Exclusive loyalty rewards + upsell premium
CUST01219,Email,Luxury,Nigeria,37,Mobile,77,11,949.36,148.96,445.37,36.4,3,5,5,13,Loyal Customers,1149.0,Retention,High,Personalised thank-you + early access
CUST01205,Referral,Premium,USA,49,Mobile,84,9,1121.74,124.64,527.9100000000001,0.0,3,5,5,13,Loyal Customers,1132.0,Retention,High,Personalised thank-you + early access
CUST00188,Organic Search,Budget,UAE,46,Mobile,15,6,1266.33,222.07,505.78,16.7,5,3,5,13,Loyal Customers,1080.0,Retention,High,Personalised thank-you + early access
CUST00197,Email,Mid-Range,Canada,34,Tablet,10,8,762.62,131.01,426.62,37.5,5,4,4,13,Champions,806.0,VIP Rewards,High,Exclusive loyalty rewards + upsell premium
CUST00802,Organic Search,Mid-Range,UAE,20,Desktop,16,8,838.09,107.3,339.17,12.5,5,4,4,13,Champions,864.0,VIP Rewards,High,Exclusive loyalty rewards + upsell premium
CUST00796,Referral,Premium,USA,27,Desktop,17,7,907.59,142.87,411.79,14.3,5,4,4,13,Champions,881.0,VIP Rewards,High,Exclusive loyalty rewards + upsell premium
CUST00419,Direct,Premium,UK,21,Desktop,6,6,1214.04,223.44,460.1,16.7,5,3,5,13,Loyal Customers,1080.0,Retention,High,Personalised thank-you + early access
CUST00852,Organic Search,Mid-Range,USA,20,Desktop,28,8,1171.79,146.47,522.11,0.0,4,4,5,13,Champions,1099.0,VIP Rewards,High,Exclusive loyalty rewards + upsell premium
CUST00422,Referral,Premium,USA,46,Desktop,53,12,2078.02,198.49,948.8,16.7,3,5,5,13,Loyal Customers,1415.0,Retention,High,Personalised thank-you + early access
CUST00427,Referral,Luxury,Germany,40,Mobile,77,13,2034.97,204.21,1137.45,23.1,3,5,5,13,Loyal Customers,1485.0,Retention,High,Personalised thank-you + early access
CUST01080,Direct,Premium,Germany,57,Mobile,49,10,1047.69,167.99,462.27000000000004,40.0,3,5,5,13,Loyal Customers,1123.0,Retention,High,Personalised thank-you + early access
CUST01083,Direct,Luxury,Canada,42,Mobile,65,13,1731.73,156.34,694.4,7.7,3,5,5,13,Loyal Customers,1408.0,Retention,High,Personalised thank-you + early access
CUST01093,Email,Premium,Canada,58,Mobile,19,11,814.09,122.08,392.36,27.3,4,5,4,13,Champions,978.0,VIP Rewards,High,Exclusive loyalty rewards + upsell premium
CUST01096,Paid Social,Premium,Germany,23,Mobile,24,6,959.38,174.54,463.32,16.7,4,4,5,13,Champions,944.0,VIP Rewards,High,Exclusive loyalty rewards + upsell premium
CUST00256,Referral,Premium,France,24,Desktop,62,11,1187.5,158.04,512.09,27.3,3,5,5,13,Loyal Customers,1260.0,Retention,High,Personalised thank-you + early access
CUST00258,Influencer,Premium,Australia,20,Mobile,63,11,1456.94,200.04,715.9499999999999,27.3,3,5,5,13,Loyal Customers,1272.0,Retention,High,Personalised thank-you + early access
CUST01103,Paid Social,Premium,France,35,Mobile,13,9,491.62,153.59,186.72000000000003,55.6,5,5,3,13,Champions,680.0,VIP Rewards,High,Exclusive loyalty rewards + upsell premium
CUST01105,Email,Premium,Australia,59,Mobile,9,8,557.31,97.0,243.57,25.0,5,5,3,13,Champions,572.0,VIP Rewards,High,Exclusive loyalty rewards + upsell premium
CUST00880,Direct,Mid-Range,Canada,64,Desktop,39,7,1069.79,272.48,424.77,28.6,4,4,5,13,Champions,1133.0,VIP Rewards,High,Exclusive loyalty rewards + upsell premium
CUST00884,Organic Search,Mid-Range,Canada,62,Mobile,24,7,1120.51,187.59,458.27,28.6,4,4,5,13,Champions,1015.0,VIP Rewards,High,Exclusive loyalty rewards + upsell premium
CUST00513,Email,Premium,USA,30,Mobile,53,9,1103.6,151.26,509.08,22.2,3,5,5,13,Loyal Customers,1033.0,Retention,High,Personalised thank-you + early access
CUST00515,Referral,Mid-Range,Germany,44,Mobile,2,7,719.7,110.29,260.91,14.3,5,4,4,13,Champions,836.0,VIP Rewards,High,Exclusive loyalty rewards + upsell premium
CUST00701,Organic Search,Luxury,Nigeria,42,Mobile,80,12,2017.1,168.09,968.5899999999999,0.0,3,5,5,13,Loyal Customers,1368.0,Retention,High,Personalised thank-you + early access
CUST00706,Paid Social,Mid-Range,Canada,60,Mobile,13,6,647.97,148.28,297.4,16.7,5,4,4,13,Champions,758.0,VIP Rewards,High,Exclusive loyalty rewards + upsell premium
CUST00699,Paid Social,Premium,UK,51,Tablet,25,8,1171.26,146.41,531.95,0.0,4,4,5,13,Champions,1096.0,VIP Rewards,High,Exclusive loyalty rewards + upsell premium
CUST01252,Email,Premium,Germany,42,Desktop,33,12,733.56,101.18,302.43,50.0,4,5,4,13,Champions,972.0,VIP Rewards,High,Exclusive loyalty rewards + upsell premium
CUST01241,Direct,Premium,Australia,57,Mobile,69,9,998.78,138.13,476.34,22.2,3,5,5,13,Loyal Customers,1051.0,Retention,High,Personalised thank-you + early access
CUST01244,Email,Premium,UK,21,Desktop,79,11,1166.63,155.81,447.3,18.2,3,5,5,13,Loyal Customers,1200.0,Retention,High,Personalised thank-you + early access
CUST01274,Email,Premium,UK,49,Desktop,52,12,991.15,147.85,417.02,58.3,3,5,5,13,Loyal Customers,1170.0,Retention,High,Personalised thank-you + early access
CUST01288,Email,Premium,Nigeria,42,Desktop,50,11,943.44,96.65,518.79,9.1,3,5,5,13,Loyal Customers,1139.0,Retention,High,Personalised thank-you + early access
CUST01292,Referral,Premium,UAE,24,Mobile,80,12,1153.74,109.34,489.57,25.0,3,5,5,13,Loyal Customers,1276.0,Retention,High,Personalised thank-you + early access
CUST01277,Email,Premium,Germany,64,Desktop,1,10,575.09,140.46,262.53,50.0,5,5,3,13,Champions,722.0,VIP Rewards,High,Exclusive loyalty rewards + upsell premium
CUST01279,Influencer,Luxury,Australia,18,Tablet,20,11,820.71,112.75,346.04,27.3,4,5,4,13,Champions,997.0,VIP Rewards,High,Exclusive loyalty rewards + upsell premium
CUST00717,Email,Premium,Australia,21,Mobile,82,9,1444.76,167.3,701.1800000000001,11.1,3,5,5,13,Loyal Customers,1083.0,Retention,High,Personalised thank-you + early access
CUST00722,Paid Social,Mid-Range,Nigeria,23,Mobile,23,7,1215.26,185.23,595.14,14.3,4,4,5,13,Champions,1039.0,VIP Rewards,High,Exclusive loyalty rewards + upsell premium
CUST00739,Paid Social,Mid-Range,UAE,54,Mobile,13,6,845.09,184.71,319.7,16.7,5,4,4,13,Champions,807.0,VIP Rewards,High,Exclusive loyalty rewards + upsell premium
CUST00725,Paid Social,Mid-Range,Australia,22,Desktop,9,7,690.91,131.57,221.51,14.3,5,4,4,13,Champions,813.0,VIP Rewards,High,Exclusive loyalty rewards + upsell premium
CUST00907,Paid Social,Budget,USA,45,Mobile,11,5,924.2,184.84,447.29999999999995,0.0,5,3,5,13,Loyal Customers,989.0,Retention,High,Personalised thank-you + early access
CUST00899,Referral,Mid-Range,Australia,21,Mobile,39,8,870.01,108.75,365.41,0.0,4,5,4,13,Champions,878.0,VIP Rewards,High,Exclusive loyalty rewards + upsell premium
CUST00900,Email,Premium,Australia,47,Mobile,62,10,997.54,113.29,372.5,10.0,3,5,5,13,Loyal Customers,1087.0,Retention,High,Personalised thank-you + early access
CUST00877,Paid Social,Mid-Range,Canada,32,Mobile,43,7,924.52,156.47,428.17,28.6,4,4,5,13,Champions,969.0,VIP Rewards,High,Exclusive loyalty rewards + upsell premium
CUST00374,Email,Premium,Germany,52,Tablet,48,11,1120.95,119.83,485.28,18.2,3,5,5,13,Loyal Customers,1150.0,Retention,High,Personalised thank-you + early access
CUST00911,Organic Search,Premium,Australia,55,Tablet,17,6,779.59,136.43,334.39,16.7,5,4,4,13,Champions,746.0,VIP Rewards,High,Exclusive loyalty rewards + upsell premium
CUST00394,Organic Search,Mid-Range,Nigeria,38,Desktop,17,6,931.04,155.17,381.62,0.0,5,3,5,13,Loyal Customers,1028.0,Retention,High,Personalised thank-you + early access
CUST01039,Paid Social,Premium,Germany,19,Desktop,8,7,753.22,115.95,421.04,14.3,5,4,4,13,Champions,791.0,VIP Rewards,High,Exclusive loyalty rewards + upsell premium
CUST01032,Organic Search,Mid-Range,Australia,22,Mobile,7,7,874.05,124.86,325.55,0.0,5,4,4,13,Champions,841.0,VIP Rewards,High,Exclusive loyalty rewards + upsell premium
CUST01045,Direct,Luxury,Australia,21,Desktop,67,10,1150.39,122.54,595.18,10.0,3,5,5,13,Loyal Customers,1131.0,Retention,High,Personalised thank-you + early access
CUST01048,Paid Social,Mid-Range,Canada,41,Mobile,9,7,827.65,146.18,477.66999999999996,28.6,5,4,4,13,Champions,801.0,VIP Rewards,High,Exclusive loyalty rewards + upsell premium
CUST00283,Direct,Luxury,Nigeria,24,Desktop,66,13,1491.59,145.55,643.97,23.1,3,5,5,13,Loyal Customers,1357.0,Retention,High,Personalised thank-you + early access
CUST00274,Paid Social,Mid-Range,UK,58,Mobile,15,7,861.11,150.08,375.4,14.3,5,4,4,13,Champions,841.0,VIP Rewards,High,Exclusive loyalty rewards + upsell premium
CUST01061,Paid Social,Premium,USA,50,Mobile,7,7,688.95,115.56,371.19,14.3,5,4,4,13,Champions,793.0,VIP Rewards,High,Exclusive loyalty rewards + upsell premium
CUST01062,Organic Search,Premium,Australia,23,Mobile,54,9,1100.24,140.32,495.25,11.1,3,5,5,13,Loyal Customers,1075.0,Retention,High,Personalised thank-you + early access
CUST00092,Organic Search,Mid-Range,Canada,35,Mobile,22,8,1094.89,136.86,495.43999999999994,0.0,4,4,5,13,Champions,1086.0,VIP Rewards,High,Exclusive loyalty rewards + upsell premium
CUST00079,Influencer,Mid-Range,Canada,45,Mobile,2,6,1041.65,173.61,497.93,0.0,5,3,5,13,Loyal Customers,1054.0,Retention,High,Personalised thank-you + early access
CUST00082,Email,Premium,USA,45,Mobile,51,11,1076.48,128.82,509.18,27.3,3,5,5,13,Loyal Customers,1141.0,Retention,High,Personalised thank-you + early access
CUST00101,Influencer,Luxury,UAE,36,Mobile,1,11,562.75,88.71,226.42000000000002,27.3,5,5,3,13,Champions,812.0,VIP Rewards,High,Exclusive loyalty rewards + upsell premium
CUST00093,Paid Social,Luxury,Germany,40,Mobile,30,11,648.83,86.01,260.05,36.4,4,5,4,13,Champions,936.0,VIP Rewards,High,Exclusive loyalty rewards + upsell premium
CUST00098,Referral,Premium,Canada,59,Mobile,49,11,1125.24,123.36,500.65,27.3,3,5,5,13,Loyal Customers,1213.0,Retention,High,Personalised thank-you + early access
CUST01323,Referral,Mid-Range,Nigeria,34,Desktop,19,7,1162.37,187.25,422.58000000000004,14.3,4,4,5,13,Champions,1093.0,VIP Rewards,High,Exclusive loyalty rewards + upsell premium
CUST01309,Influencer,Premium,Nigeria,56,Mobile,32,6,966.85,161.14,420.89,0.0,4,4,5,13,Champions,974.0,VIP Rewards,High,Exclusive loyalty rewards + upsell premium
CUST01293,Referral,Luxury,Germany,51,Desktop,48,14,1534.57,142.12,729.3100000000001,21.4,3,5,5,13,Loyal Customers,1477.0,Retention,High,Personalised thank-you + early access
CUST01335,Direct,Premium,UAE,51,Mobile,8,8,535.09,85.81,163.73000000000002,25.0,5,5,3,13,Champions,589.0,VIP Rewards,High,Exclusive loyalty rewards + upsell premium
CUST01337,Email,Mid-Range,UAE,19,Desktop,14,7,747.13,119.73,349.49,14.3,5,4,4,13,Champions,769.0,VIP Rewards,High,Exclusive loyalty rewards + upsell premium
CUST00131,Email,Mid-Range,Australia,57,Mobile,10,8,900.33,137.12,418.14,12.5,5,4,4,13,Champions,874.0,VIP Rewards,High,Exclusive loyalty rewards + upsell premium
CUST00119,Direct,Luxury,USA,24,Desktop,54,11,1447.71,150.3,595.74,18.2,3,5,5,13,Loyal Customers,1223.0,Retention,High,Personalised thank-you + early access
CUST01342,Organic Search,Luxury,UK,21,Mobile,13,8,608.01,111.6,274.54,12.5,5,5,3,13,Champions,651.0,VIP Rewards,High,Exclusive loyalty rewards + upsell premium
CUST01343,Email,Premium,Nigeria,42,Desktop,10,6,865.53,150.97,470.88,16.7,5,4,4,13,Champions,732.0,VIP Rewards,High,Exclusive loyalty rewards + upsell premium
CUST01364,Referral,Mid-Range,Germany,35,Mobile,22,7,1122.27,160.32,523.97,0.0,4,4,5,13,Champions,1090.0,VIP Rewards,High,Exclusive loyalty rewards + upsell premium
CUST00135,Paid Social,Premium,UAE,45,Mobile,12,6,1060.54,193.35,440.18,16.7,5,3,5,13,Loyal Customers,1037.0,Retention,High,Personalised thank-you + early access
CUST00127,Organic Search,Premium,Nigeria,29,Mobile,15,6,950.56,158.43,452.57,0.0,5,3,5,13,Loyal Customers,1031.0,Retention,High,Personalised thank-you + early access
CUST00129,Referral,Premium,UK,34,Mobile,23,10,867.95,122.33,369.65000000000003,20.0,4,5,4,13,Champions,998.0,VIP Rewards,High,Exclusive loyalty rewards + upsell premium
CUST00683,Referral,Premium,UAE,54,Tablet,50,13,1756.15,135.09,836.85,0.0,3,5,5,13,Loyal Customers,1443.0,Retention,High,Personalised thank-you + early access
CUST00496,Email,Mid-Range,Germany,48,Desktop,5,8,744.3,137.98,341.95,25.0,5,4,4,13,Champions,845.0,VIP Rewards,High,Exclusive loyalty rewards + upsell premium
CUST00933,Referral,Luxury,Nigeria,18,Desktop,65,13,1211.16,111.5,571.02,23.1,3,5,5,13,Loyal Customers,1356.0,Retention,High,Personalised thank-you + early access
CUST00958,Organic Search,Luxury,Australia,19,Mobile,18,9,854.0,126.56,417.63,22.2,4,5,4,13,Champions,875.0,VIP Rewards,High,Exclusive loyalty rewards + upsell premium
CUST00954,Paid Social,Premium,France,23,Mobile,59,9,1242.45,167.5,471.29,22.2,3,5,5,13,Loyal Customers,1083.0,Retention,High,Personalised thank-you + early access
CUST00342,Referral,Mid-Range,France,49,Mobile,4,9,636.21,116.43,264.01,22.2,5,5,3,13,Champions,758.0,VIP Rewards,High,Exclusive loyalty rewards + upsell premium
CUST00978,Paid Social,Premium,UAE,21,Mobile,4,7,803.28,146.56,402.97999999999996,28.6,5,4,4,13,Champions,799.0,VIP Rewards,High,Exclusive loyalty rewards + upsell premium
CUST00364,Direct,Premium,Australia,60,Mobile,47,11,1331.87,159.69,619.5600000000001,18.2,3,5,5,13,Loyal Customers,1238.0,Retention,High,Personalised thank-you + early access
CUST00353,Organic Search,Mid-Range,Nigeria,19,Tablet,10,8,642.96,108.1,339.40000000000003,25.0,5,4,4,13,Champions,835.0,VIP Rewards,High,Exclusive loyalty rewards + upsell premium
CUST01003,Referral,Mid-Range,Nigeria,42,Tablet,68,9,1052.0,158.85,533.32,22.2,3,5,5,13,Loyal Customers,1124.0,Retention,High,Personalised thank-you + early access
CUST00989,Referral,Premium,Canada,46,Desktop,80,10,1881.43,188.14,1029.77,0.0,3,5,5,13,Loyal Customers,1293.0,Retention,High,Personalised thank-you + early access
CUST00319,Email,Premium,Canada,62,Desktop,35,10,750.43,95.33,356.61,30.0,4,5,4,13,Champions,862.0,VIP Rewards,High,Exclusive loyalty rewards + upsell premium
CUST00314,Organic Search,Mid-Range,UAE,58,Mobile,8,8,706.34,95.79,344.5,12.5,5,4,4,13,Champions,850.0,VIP Rewards,High,Exclusive loyalty rewards + upsell premium
CUST01008,Organic Search,Premium,UK,37,Mobile,41,8,760.55,95.07,389.36,0.0,4,5,4,13,Champions,813.0,VIP Rewards,High,Exclusive loyalty rewards + upsell premium
CUST01009,Direct,Budget,Germany,28,Desktop,12,5,978.94,195.79,597.82,0.0,5,3,5,13,Loyal Customers,1008.0,Retention,High,Personalised thank-you + early access
CUST00325,Referral,Mid-Range,Nigeria,26,Mobile,1,7,859.98,180.75,296.46,14.3,5,4,4,13,Champions,931.0,VIP Rewards,High,Exclusive loyalty rewards + upsell premium
CUST00043,Direct,Luxury,UAE,18,Desktop,44,8,1029.4,153.25,528.13,12.5,4,4,5,13,Champions,1081.0,VIP Rewards,High,Exclusive loyalty rewards + upsell premium
CUST01498,Paid Social,Premium,Germany,25,Tablet,36,9,769.78,147.22,312.02,33.3,4,5,4,13,Champions,876.0,VIP Rewards,High,Exclusive loyalty rewards + upsell premium
CUST00062,Paid Social,Luxury,UAE,61,Mobile,19,7,1085.52,191.72,492.85,14.3,4,4,5,13,Champions,1050.0,VIP Rewards,High,Exclusive loyalty rewards + upsell premium
CUST00064,Email,Luxury,Nigeria,22,Desktop,78,14,1484.54,128.05,669.1,28.6,3,5,5,13,Loyal Customers,1363.0,Retention,High,Personalised thank-you + early access
CUST01450,Paid Social,Premium,Australia,45,Mobile,32,8,767.22,129.96,383.13,25.0,4,5,4,13,Champions,798.0,VIP Rewards,High,Exclusive loyalty rewards + upsell premium
CUST00027,Influencer,Mid-Range,Canada,30,Mobile,1,8,798.64,129.66,389.26,25.0,5,4,4,13,Champions,866.0,VIP Rewards,High,Exclusive loyalty rewards + upsell premium
CUST01431,Organic Search,Premium,UK,59,Desktop,23,6,914.2,152.37,473.52,0.0,4,4,5,13,Champions,959.0,VIP Rewards,High,Exclusive loyalty rewards + upsell premium
CUST01424,Paid Social,Luxury,Australia,42,Desktop,6,9,534.59,69.94,211.4,22.2,5,5,3,13,Champions,643.0,VIP Rewards,High,Exclusive loyalty rewards + upsell premium
CUST01416,Paid Social,Budget,Nigeria,22,Mobile,4,5,733.85,146.77,313.24,0.0,5,3,4,12,Loyal Customers,776.0,Retention,High,Personalised thank-you + early access
CUST00535,Influencer,Premium,UAE,53,Mobile,113,9,1235.58,193.99,694.0,33.3,2,5,5,12,At Risk,1100.0,Win-back,High,Time-limited re-engagement offer
CUST00647,Direct,Premium,UAE,30,Mobile,53,7,1172.9,167.56,490.86999999999995,0.0,3,4,5,12,Loyal Customers,1049.0,Retention,High,Personalised thank-you + early access
CUST00649,Referral,Premium,UAE,35,Desktop,40,7,679.7,97.1,294.84000000000003,0.0,4,4,4,12,Champions,848.0,VIP Rewards,High,Exclusive loyalty rewards + upsell premium
CUST01386,Email,Luxury,Australia,62,Desktop,37,11,447.64,116.57,244.3,63.6,4,5,3,12,Champions,730.0,VIP Rewards,High,Exclusive loyalty rewards + upsell premium
CUST00550,Paid Social,Premium,Australia,34,Desktop,54,8,1448.71,181.09,678.9,0.0,3,4,5,12,Loyal Customers,1138.0,Retention,High,Personalised thank-you + early access
CUST00013,Paid Social,Mid-Range,Germany,39,Desktop,12,6,794.04,173.82,298.26,33.3,5,3,4,12,Loyal Customers,812.0,Retention,High,Personalised thank-you + early access
CUST00015,Paid Social,Premium,UAE,44,Tablet,117,9,1768.92,206.85,855.7,11.1,2,5,5,12,At Risk,1163.0,Win-back,High,Time-limited re-engagement offer
CUST00016,Organic Search,Premium,France,39,Tablet,91,11,946.22,107.49,426.03000000000003,18.2,2,5,5,12,At Risk,1162.0,Win-back,High,Time-limited re-engagement offer
CUST00651,Paid Social,Mid-Range,Canada,35,Mobile,7,6,667.45,141.06,314.06,16.7,5,3,4,12,Loyal Customers,806.0,Retention,High,Personalised thank-you + early access
CUST00622,Direct,Mid-Range,UAE,54,Mobile,37,7,679.97,105.77,357.68,14.3,4,4,4,12,Champions,781.0,VIP Rewards,High,Exclusive loyalty rewards + upsell premium
CUST00727,Organic Search,Mid-Range,UK,35,Mobile,19,8,657.7,106.26,338.78,12.5,4,4,4,12,Champions,856.0,VIP Rewards,High,Exclusive loyalty rewards + upsell premium
CUST00731,Paid Social,Premium,Nigeria,64,Mobile,32,7,651.76,93.11,263.64,0.0,4,4,4,12,Champions,792.0,VIP Rewards,High,Exclusive loyalty rewards + upsell premium
CUST00732,Organic Search,Mid-Range,UAE,25,Mobile,34,7,663.99,166.65,321.34999999999997,42.9,4,4,4,12,Champions,793.0,VIP Rewards,High,Exclusive loyalty rewards + upsell premium
CUST00031,Paid Social,Mid-Range,USA,56,Desktop,5,7,527.93,96.34,212.02,14.3,5,4,3,12,Champions,609.0,VIP Rewards,High,Exclusive loyalty rewards + upsell premium
CUST01487,Paid Social,Premium,USA,49,Desktop,26,6,821.21,136.87,428.27,0.0,4,4,4,12,Champions,775.0,VIP Rewards,High,Exclusive loyalty rewards + upsell premium
CUST00004,Referral,Mid-Range,Australia,45,Desktop,61,7,1409.67,211.95,724.29,14.3,3,4,5,12,Loyal Customers,1124.0,Retention,High,Personalised thank-you + early access
CUST01500,Direct,Premium,Nigeria,39,Mobile,64,11,798.83,77.24,352.88,9.1,3,5,4,12,Loyal Customers,989.0,Retention,High,Personalised thank-you + early access
CUST00970,Paid Social,Luxury,Nigeria,28,Mobile,73,6,925.96,154.33,349.34999999999997,0.0,3,4,5,12,Loyal Customers,953.0,Retention,High,Personalised thank-you + early access
CUST00957,Email,Luxury,USA,29,Mobile,32,10,543.34,68.32,253.27,20.0,4,5,3,12,Champions,688.0,VIP Rewards,High,Exclusive loyalty rewards + upsell premium
CUST00307,Paid Social,Luxury,USA,64,Desktop,80,8,1296.88,162.11,598.19,0.0,3,4,5,12,Loyal Customers,1117.0,Retention,High,Personalised thank-you + early access
CUST01001,Paid Social,Budget,Australia,46,Mobile,3,5,852.35,170.47,319.15,0.0,5,3,4,12,Loyal Customers,810.0,Retention,High,Personalised thank-you + early access
CUST00992,Influencer,Mid-Range,Canada,53,Desktop,25,6,689.6,151.35,328.11,33.3,4,4,4,12,Champions,723.0,VIP Rewards,High,Exclusive loyalty rewards + upsell premium
CUST00928,Email,Premium,Australia,39,Mobile,35,8,545.38,91.54,252.28,37.5,4,5,3,12,Champions,530.0,VIP Rewards,High,Exclusive loyalty rewards + upsell premium
CUST01070,Referral,Mid-Range,Nigeria,43,Mobile,19,5,1224.29,244.86,592.43,0.0,4,3,5,12,Loyal Customers,1115.0,Retention,High,Personalised thank-you + early access
CUST01071,Paid Social,Premium,France,54,Mobile,42,7,780.76,163.48,380.5,42.9,4,4,4,12,Champions,788.0,VIP Rewards,High,Exclusive loyalty rewards + upsell premium
CUST00346,Direct,Mid-Range,USA,49,Mobile,1,7,529.0,174.03,247.98000000000002,42.9,5,4,3,12,Champions,651.0,VIP Rewards,High,Exclusive loyalty rewards + upsell premium
CUST00347,Referral,Premium,USA,27,Tablet,70,7,1132.18,182.58,365.86,14.3,3,4,5,12,Loyal Customers,1084.0,Retention,High,Personalised thank-you + early access
CUST00338,Email,Premium,Germany,49,Desktop,22,8,813.05,161.56,353.31,37.5,4,4,4,12,Champions,843.0,VIP Rewards,High,Exclusive loyalty rewards + upsell premium
CUST00968,Paid Social,Mid-Range,UK,65,Desktop,56,6,1139.01,203.59,456.70000000000005,16.7,3,4,5,12,Loyal Customers,982.0,Retention,High,Personalised thank-you + early access
CUST01042,Influencer,Premium,UAE,34,Mobile,87,9,1663.24,184.8,777.39,0.0,2,5,5,12,At Risk,1161.0,Win-back,High,Time-limited re-engagement offer
CUST00946,Organic Search,Mid-Range,USA,53,Desktop,58,7,1311.4,199.68,684.26,14.3,3,4,5,12,Loyal Customers,1061.0,Retention,High,Personalised thank-you + early access
CUST00494,Direct,Budget,UAE,29,Desktop,13,6,711.86,167.73,363.58,16.7,5,3,4,12,Loyal Customers,847.0,Retention,High,Personalised thank-you + early access
CUST00495,Email,Mid-Range,UAE,26,Mobile,6,6,788.63,187.56,423.94,33.3,5,3,4,12,Loyal Customers,802.0,Retention,High,Personalised thank-you + early access
CUST00679,Direct,Mid-Range,Canada,63,Mobile,4,6,602.68,121.5,289.59000000000003,16.7,5,4,3,12,Champions,567.0,VIP Rewards,High,Exclusive loyalty rewards + upsell premium
CUST00279,Influencer,Budget,Canada,63,Mobile,32,6,1346.26,241.23,610.02,16.7,4,3,5,12,Loyal Customers,1104.0,Retention,High,Personalised thank-you + early access
CUST00269,Email,Premium,UAE,42,Mobile,33,7,669.2,95.6,283.49,0.0,4,4,4,12,Champions,766.0,VIP Rewards,High,Exclusive loyalty rewards + upsell premium
CUST01108,Paid Social,Mid-Range,USA,54,Tablet,2,6,490.9,81.82,189.27,0.0,5,4,3,12,Champions,547.0,VIP Rewards,High,Exclusive loyalty rewards + upsell premium
CUST01029,Email,Premium,UK,61,Mobile,67,9,765.73,87.3,306.62,11.1,3,5,4,12,Loyal Customers,817.0,Retention,High,Personalised thank-you + early access
CUST00919,Paid Social,Mid-Range,UAE,46,Mobile,22,6,717.48,162.38,269.42,16.7,4,4,4,12,Champions,770.0,VIP Rewards,High,Exclusive loyalty rewards + upsell premium
CUST00252,Paid Social,Mid-Range,Germany,49,Mobile,33,6,959.15,165.0,452.21,16.7,4,3,5,12,Loyal Customers,993.0,Retention,High,Personalised thank-you + early access
CUST00240,Paid Social,Premium,UK,65,Mobile,19,7,646.92,102.12,306.91,14.3,4,4,4,12,Champions,770.0,VIP Rewards,High,Exclusive loyalty rewards + upsell premium
CUST00366,Referral,Premium,Germany,42,Mobile,104,10,1359.27,137.52,608.03,10.0,2,5,5,12,At Risk,1195.0,Win-back,High,Time-limited re-engagement offer
CUST00894,Direct,Mid-Range,UK,52,Desktop,64,7,1336.62,237.12,486.36,28.6,3,4,5,12,Loyal Customers,1080.0,Retention,High,Personalised thank-you + early access
CUST00896,Paid Social,Premium,France,46,Desktop,33,9,607.06,110.79,257.68,33.3,4,5,3,12,Champions,669.0,VIP Rewards,High,Exclusive loyalty rewards + upsell premium
CUST01081,Organic Search,Premium,USA,36,Desktop,29,6,704.48,177.05,260.76,16.7,4,4,4,12,Champions,794.0,VIP Rewards,High,Exclusive loyalty rewards + upsell premium
CUST00853,Email,Mid-Range,Canada,28,Mobile,2,8,486.81,79.86,191.71,12.5,5,4,3,12,Champions,635.0,VIP Rewards,High,Exclusive loyalty rewards + upsell premium
CUST00261,Direct,Premium,UK,48,Mobile,19,7,816.74,141.35,325.34,14.3,4,4,4,12,Champions,827.0,VIP Rewards,High,Exclusive loyalty rewards + upsell premium
CUST00262,Referral,Budget,Australia,37,Desktop,15,6,667.64,121.57,271.59000000000003,16.7,5,3,4,12,Loyal Customers,831.0,Retention,High,Personalised thank-you + early access
CUST00263,Direct,Premium,Nigeria,20,Mobile,47,8,1265.67,161.83,510.96000000000004,12.5,3,4,5,12,Loyal Customers,1086.0,Retention,High,Personalised thank-you + early access
CUST00260,Organic Search,Luxury,USA,21,Mobile,109,12,1236.4,138.28,541.4200000000001,25.0,2,5,5,12,At Risk,1263.0,Win-back,High,Time-limited re-engagement offer
CUST00988,Paid Social,Luxury,Australia,40,Mobile,61,12,848.29,126.1,360.33,33.3,3,5,4,12,Loyal Customers,1069.0,Retention,High,Personalised thank-you + early access
CUST00344,Direct,Luxury,UK,48,Tablet,63,9,655.67,90.31,281.04,22.2,3,5,4,12,Loyal Customers,826.0,Retention,High,Personalised thank-you + early access
CUST01099,Paid Social,Mid-Range,UAE,57,Mobile,28,6,713.74,143.46,212.97000000000003,16.7,4,4,4,12,Champions,746.0,VIP Rewards,High,Exclusive loyalty rewards + upsell premium
CUST01086,Paid Social,Mid-Range,Nigeria,62,Tablet,5,6,474.02,92.38,251.60999999999999,16.7,5,4,3,12,Champions,523.0,VIP Rewards,High,Exclusive loyalty rewards + upsell premium
CUST01087,Email,Premium,France,41,Desktop,16,7,483.33,137.41,158.45,42.9,5,4,3,12,Champions,570.0,VIP Rewards,High,Exclusive loyalty rewards + upsell premium
CUST00170,Influencer,Mid-Range,Australia,57,Desktop,64,7,963.21,180.94,428.73,14.3,3,4,5,12,Loyal Customers,1038.0,Retention,High,Personalised thank-you + early access
CUST00157,Organic Search,Luxury,Canada,56,Desktop,62,8,1000.29,130.74,438.82,12.5,3,4,5,12,Loyal Customers,1047.0,Retention,High,Personalised thank-you + early access
CUST00147,Organic Search,Premium,France,21,Tablet,17,7,563.83,125.25,258.12,28.6,5,4,3,12,Champions,617.0,VIP Rewards,High,Exclusive loyalty rewards + upsell premium
CUST00466,Paid Social,Luxury,USA,26,Mobile,84,11,911.49,136.17,404.65999999999997,36.4,3,5,4,12,Loyal Customers,1002.0,Retention,High,Personalised thank-you + early access
CUST00742,Paid Social,Premium,France,46,Mobile,24,8,680.84,111.42,308.5,25.0,4,4,4,12,Champions,831.0,VIP Rewards,High,Exclusive loyalty rewards + upsell premium
CUST01257,Referral,Mid-Range,Canada,31,Desktop,2,6,463.66,96.24,135.97,33.3,5,4,3,12,Champions,538.0,VIP Rewards,High,Exclusive loyalty rewards + upsell premium
CUST01258,Paid Social,Premium,France,63,Mobile,46,8,660.29,103.76,302.37,12.5,3,5,4,12,Loyal Customers,787.0,Retention,High,Personalised thank-you + early access
CUST00710,Email,Mid-Range,Australia,57,Desktop,27,7,761.1,118.9,338.58000000000004,14.3,4,4,4,12,Champions,765.0,VIP Rewards,High,Exclusive loyalty rewards + upsell premium
CUST00714,Organic Search,Premium,Nigeria,26,Mobile,55,8,1256.38,157.05,665.1600000000001,0.0,3,4,5,12,Loyal Customers,1109.0,Retention,High,Personalised thank-you + early access
CUST01300,Paid Social,Budget,UK,49,Mobile,16,5,742.42,173.33,359.62,20.0,5,3,4,12,Loyal Customers,769.0,Retention,High,Personalised thank-you + early access
CUST00168,Paid Social,Mid-Range,France,18,Desktop,6,6,649.13,117.61,364.73,16.7,5,3,4,12,Loyal Customers,773.0,Retention,High,Personalised thank-you + early access
CUST00704,Paid Social,Mid-Range,USA,47,Desktop,26,5,1018.5,236.22,411.37,20.0,4,3,5,12,Loyal Customers,1007.0,Retention,High,Personalised thank-you + early access
CUST00695,Referral,Mid-Range,USA,28,Desktop,65,6,1076.17,179.36,414.68,0.0,3,4,5,12,Loyal Customers,1038.0,Retention,High,Personalised thank-you + early access
CUST01263,Referral,Mid-Range,Canada,64,Tablet,17,5,820.69,164.14,380.86,0.0,5,3,4,12,Loyal Customers,855.0,Retention,High,Personalised thank-you + early access
CUST00789,Paid Social,Premium,Australia,46,Mobile,14,5,914.01,195.91,504.27000000000004,20.0,5,3,4,12,Loyal Customers,799.0,Retention,High,Personalised thank-you + early access
CUST00781,Influencer,Luxury,UK,58,Tablet,78,8,1069.7,144.19,408.55,12.5,3,4,5,12,Loyal Customers,1069.0,Retention,High,Personalised thank-you + early access
CUST00765,Email,Premium,Australia,34,Mobile,4,6,581.92,145.02,215.32,50.0,5,4,3,12,Champions,487.0,VIP Rewards,High,Exclusive loyalty rewards + upsell premium
CUST01247,Referral,Premium,Australia,55,Mobile,151,8,961.15,120.14,403.47,0.0,2,5,5,12,At Risk,1051.0,Win-back,High,Time-limited re-engagement offer
CUST00715,Paid Social,Premium,Australia,33,Desktop,65,8,1524.0,195.04,640.54,12.5,3,4,5,12,Loyal Customers,1129.0,Retention,High,Personalised thank-you + early access
CUST00817,Referral,Premium,France,31,Desktop,43,7,874.96,165.43,309.3,14.3,4,4,4,12,Champions,907.0,VIP Rewards,High,Exclusive loyalty rewards + upsell premium
CUST00859,Paid Social,Mid-Range,Australia,63,Desktop,4,6,586.82,141.2,306.53,50.0,5,4,3,12,Champions,511.0,VIP Rewards,High,Exclusive loyalty rewards + upsell premium
CUST00846,Email,Budget,UK,65,Mobile,85,6,1019.92,192.76,416.39,16.7,3,4,5,12,Loyal Customers,943.0,Retention,High,Personalised thank-you + early access
CUST01150,Paid Social,Budget,USA,26,Mobile,13,5,818.6,163.72,314.52,0.0,5,3,4,12,Loyal Customers,801.0,Retention,High,Personalised thank-you + early access
CUST01151,Organic Search,Mid-Range,Nigeria,65,Mobile,7,5,738.47,166.01,316.37,20.0,5,3,4,12,Loyal Customers,763.0,Retention,High,Personalised thank-you + early access
CUST00830,Organic Search,Premium,UAE,45,Mobile,42,7,863.85,142.71,430.79999999999995,28.6,4,4,4,12,Champions,796.0,VIP Rewards,High,Exclusive loyalty rewards + upsell premium
CUST00822,Paid Social,Luxury,UK,65,Desktop,106,11,1210.17,116.77,587.9,9.1,2,5,5,12,At Risk,1195.0,Win-back,High,Time-limited re-engagement offer
CUST00826,Organic Search,Premium,Canada,39,Mobile,75,8,1317.69,185.86,563.44,12.5,3,4,5,12,Loyal Customers,1122.0,Retention,High,Personalised thank-you + early access
CUST00451,Organic Search,Premium,USA,29,Mobile,68,11,817.59,138.57,343.96000000000004,36.4,3,5,4,12,Loyal Customers,1007.0,Retention,High,Personalised thank-you + early access
CUST00236,Paid Social,Mid-Range,USA,60,Mobile,65,7,2265.66,323.67,1007.55,0.0,3,4,5,12,Loyal Customers,1260.0,Retention,High,Personalised thank-you + early access
CUST00208,Influencer,Luxury,Nigeria,37,Mobile,69,8,1343.81,167.98,535.65,0.0,3,4,5,12,Loyal Customers,1128.0,Retention,High,Personalised thank-you + early access
CUST01163,Email,Mid-Range,Germany,22,Tablet,13,6,620.92,109.33,290.33000000000004,16.7,5,4,3,12,Champions,516.0,VIP Rewards,High,Exclusive loyalty rewards + upsell premium
CUST00915,Paid Social,Luxury,Germany,20,Desktop,57,7,1016.99,168.38,411.38,14.3,3,4,5,12,Loyal Customers,1012.0,Retention,High,Personalised thank-you + early access
CUST00396,Organic Search,Budget,Germany,51,Mobile,17,6,817.05,145.24,409.3,16.7,5,3,4,12,Loyal Customers,818.0,Retention,High,Personalised thank-you + early access
CUST00386,Paid Social,Luxury,Canada,44,Mobile,161,10,1139.28,131.55,409.2,10.0,2,5,5,12,At Risk,1143.0,Win-back,High,Time-limited re-engagement offer
CUST00379,Organic Search,Mid-Range,Germany,49,Desktop,61,8,1223.95,152.99,620.28,0.0,3,4,5,12,Loyal Customers,1106.0,Retention,High,Personalised thank-you + early access
CUST01127,Paid Social,Premium,Australia,60,Mobile,10,5,700.97,202.03,371.78999999999996,40.0,5,3,4,12,Loyal Customers,761.0,Retention,High,Personalised thank-you + early access
CUST01128,Paid Social,Mid-Range,UK,28,Desktop,7,7,477.86,91.99,194.44,28.6,5,4,3,12,Champions,568.0,VIP Rewards,High,Exclusive loyalty rewards + upsell premium
CUST01119,Organic Search,Mid-Range,France,55,Desktop,5,7,592.39,112.03,262.07,28.6,5,4,3,12,Champions,600.0,VIP Rewards,High,Exclusive loyalty rewards + upsell premium
CUST00453,Referral,Budget,UK,32,Mobile,29,5,964.46,204.96,538.95,20.0,4,3,5,12,Loyal Customers,1014.0,Retention,High,Personalised thank-you + early access
CUST00759,Direct,Budget,Australia,62,Mobile,15,6,461.86,129.1,207.05,50.0,5,4,3,12,Champions,501.0,VIP Rewards,High,Exclusive loyalty rewards + upsell premium
CUST00201,Paid Social,Mid-Range,Germany,19,Desktop,83,7,1378.55,210.88,614.3199999999999,14.3,3,4,5,12,Loyal Customers,1073.0,Retention,High,Personalised thank-you + early access
CUST00808,Paid Social,Premium,France,22,Desktop,8,6,518.59,95.51,300.71,16.7,5,4,3,12,Champions,525.0,VIP Rewards,High,Exclusive loyalty rewards + upsell premium
CUST00178,Direct,Mid-Range,Australia,57,Desktop,20,8,740.86,136.93,336.41,25.0,4,4,4,12,Champions,871.0,VIP Rewards,High,Exclusive loyalty rewards + upsell premium
CUST01215,Organic Search,Mid-Range,UAE,53,Desktop,83,7,1249.08,178.44,479.31000000000006,0.0,3,4,5,12,Loyal Customers,1068.0,Retention,High,Personalised thank-you + early access
CUST01211,Organic Search,Budget,USA,50,Mobile,27,5,1054.24,210.85,405.99,0.0,4,3,5,12,Loyal Customers,1023.0,Retention,High,Personalised thank-you + early access
CUST00766,Email,Budget,Germany,26,Desktop,22,6,740.21,168.2,299.36,33.3,4,4,4,12,Champions,710.0,VIP Rewards,High,Exclusive loyalty rewards + upsell premium
CUST00757,Paid Social,Luxury,UAE,20,Desktop,23,8,808.26,116.49,358.52,25.0,4,4,4,12,Champions,837.0,VIP Rewards,High,Exclusive loyalty rewards + upsell premium
CUST00760,Paid Social,Premium,Australia,61,Mobile,30,7,909.8,129.97,407.73,0.0,4,4,4,12,Champions,842.0,VIP Rewards,High,Exclusive loyalty rewards + upsell premium
CUST00763,Influencer,Budget,UK,42,Desktop,27,6,754.37,125.73,305.90999999999997,0.0,4,4,4,12,Champions,766.0,VIP Rewards,High,Exclusive loyalty rewards + upsell premium
CUST00490,Organic Search,Premium,Nigeria,26,Mobile,3,9,324.61,73.9,146.66,33.3,5,5,2,12,Champions,467.0,VIP Rewards,High,Exclusive loyalty rewards + upsell premium
CUST00175,Paid Social,Mid-Range,UK,26,Mobile,2,4,925.51,241.38,401.26,25.0,5,2,5,12,New Customers,990.0,Onboarding,Medium,Welcome series — product education
CUST00424,Organic Search,Mid-Range,Nigeria,65,Tablet,71,7,1646.32,235.19,751.27,0.0,3,4,5,12,Loyal Customers,1145.0,Retention,High,Personalised thank-you + early access
CUST00428,Referral,Mid-Range,France,60,Mobile,43,8,763.12,107.88,316.91999999999996,25.0,4,4,4,12,Champions,881.0,VIP Rewards,High,Exclusive loyalty rewards + upsell premium
CUST00420,Direct,Premium,USA,18,Mobile,36,5,927.22,220.3,420.16999999999996,20.0,4,3,5,12,Loyal Customers,989.0,Retention,High,Personalised thank-you + early access
CUST01189,Paid Social,Mid-Range,Canada,59,Mobile,42,7,660.91,168.22,250.55,42.9,4,4,4,12,Champions,795.0,VIP Rewards,High,Exclusive loyalty rewards + upsell premium
CUST00611,Paid Social,Mid-Range,France,47,Mobile,11,6,760.54,126.76,296.69,0.0,5,3,4,12,Loyal Customers,827.0,Retention,High,Personalised thank-you + early access
CUST00597,Paid Social,Mid-Range,Canada,18,Desktop,10,7,464.3,92.14,244.75,28.6,5,4,3,12,Champions,567.0,VIP Rewards,High,Exclusive loyalty rewards + upsell premium
CUST00604,Direct,Mid-Range,Canada,44,Mobile,65,7,976.62,150.32,482.43,14.3,3,4,5,12,Loyal Customers,995.0,Retention,High,Personalised thank-you + early access
CUST00059,Paid Social,Mid-Range,France,35,Mobile,5,7,587.58,138.19,256.86,14.3,5,4,3,12,Champions,664.0,VIP Rewards,High,Exclusive loyalty rewards + upsell premium
CUST00558,Referral,Luxury,Australia,35,Desktop,141,15,1739.84,152.75,803.48,20.0,2,5,5,12,At Risk,1571.0,Win-back,High,Time-limited re-engagement offer
CUST01453,Paid Social,Mid-Range,UK,26,Mobile,29,6,679.35,121.79,332.33,16.7,4,4,4,12,Champions,714.0,VIP Rewards,High,Exclusive loyalty rewards + upsell premium
CUST01400,Email,Premium,Nigeria,31,Mobile,30,6,866.91,159.98,359.03,33.3,4,4,4,12,Champions,700.0,VIP Rewards,High,Exclusive loyalty rewards + upsell premium
CUST01401,Organic Search,Premium,Nigeria,59,Mobile,76,7,1001.17,167.08,425.11,28.6,3,4,5,12,Loyal Customers,985.0,Retention,High,Personalised thank-you + early access
CUST00615,Direct,Mid-Range,France,25,Mobile,43,6,926.36,202.54,444.96000000000004,16.7,4,3,5,12,Loyal Customers,1049.0,Retention,High,Personalised thank-you + early access
CUST00606,Organic Search,Premium,USA,55,Mobile,48,9,722.59,89.74,374.58,11.1,3,5,4,12,Loyal Customers,849.0,Retention,High,Personalised thank-you + early access
CUST00316,Paid Social,Mid-Range,Germany,55,Desktop,6,7,573.36,144.37,285.14,28.6,5,4,3,12,Champions,640.0,VIP Rewards,High,Exclusive loyalty rewards + upsell premium
CUST00593,Paid Social,Luxury,Canada,25,Mobile,125,12,1386.61,138.48,621.09,25.0,2,5,5,12,At Risk,1262.0,Win-back,High,Time-limited re-engagement offer
CUST00574,Email,Premium,Nigeria,31,Tablet,14,8,478.29,92.28,238.44,12.5,5,4,3,12,Champions,654.0,VIP Rewards,High,Exclusive loyalty rewards + upsell premium
CUST01373,Email,Budget,Canada,27,Desktop,4,5,762.03,213.17,332.08,20.0,5,3,4,12,Loyal Customers,792.0,Retention,High,Personalised thank-you + early access
CUST01368,Referral,Mid-Range,Australia,51,Mobile,101,8,1046.55,147.87,498.54,12.5,2,5,5,12,At Risk,1054.0,Win-back,High,Time-limited re-engagement offer
CUST01372,Referral,Mid-Range,France,51,Mobile,51,8,904.24,113.03,330.0,0.0,3,5,4,12,Loyal Customers,879.0,Retention,High,Personalised thank-you + early access
CUST01360,Organic Search,Mid-Range,France,39,Mobile,52,7,1165.5,190.7,602.02,14.3,3,4,5,12,Loyal Customers,1047.0,Retention,High,Personalised thank-you + early access
CUST01013,Direct,Mid-Range,USA,52,Desktop,18,8,479.68,85.94,202.0,37.5,4,5,3,12,Champions,554.0,VIP Rewards,High,Exclusive loyalty rewards + upsell premium
CUST01014,Email,Mid-Range,USA,57,Mobile,39,6,792.83,149.94,338.51,33.3,4,4,4,12,Champions,689.0,VIP Rewards,High,Exclusive loyalty rewards + upsell premium
CUST01018,Paid Social,Mid-Range,Nigeria,37,Mobile,20,7,669.06,122.51,351.78999999999996,14.3,4,4,4,12,Champions,796.0,VIP Rewards,High,Exclusive loyalty rewards + upsell premium
CUST00517,Email,Premium,Australia,21,Mobile,61,9,837.89,139.56,391.86,22.2,3,5,4,12,Loyal Customers,859.0,Retention,High,Personalised thank-you + early access
CUST00507,Email,Mid-Range,UK,31,Mobile,27,8,850.15,148.28,352.95,50.0,4,4,4,12,Champions,795.0,VIP Rewards,High,Exclusive loyalty rewards + upsell premium
CUST01327,Email,Mid-Range,Nigeria,49,Mobile,10,6,518.88,99.4,199.46,16.7,5,4,3,12,Champions,504.0,VIP Rewards,High,Exclusive loyalty rewards + upsell premium
CUST01328,Paid Social,Budget,Canada,45,Mobile,27,5,1197.18,239.44,617.9300000000001,0.0,4,3,5,12,Loyal Customers,1058.0,Retention,High,Personalised thank-you + early access
CUST01319,Email,Luxury,UK,63,Mobile,125,13,1413.22,151.54,672.29,23.1,2,5,5,12,At Risk,1334.0,Win-back,High,Time-limited re-engagement offer
CUST00682,Organic Search,Mid-Range,Australia,25,Mobile,33,7,854.2,153.89,343.15,14.3,4,4,4,12,Champions,843.0,VIP Rewards,High,Exclusive loyalty rewards + upsell premium
CUST00671,Organic Search,Mid-Range,Australia,37,Desktop,13,7,516.25,106.82,255.02,28.6,5,4,3,12,Champions,593.0,VIP Rewards,High,Exclusive loyalty rewards + upsell premium
CUST00672,Direct,Mid-Range,UAE,56,Mobile,14,5,784.1,156.82,312.23,0.0,5,3,4,12,Loyal Customers,798.0,Retention,High,Personalised thank-you + early access
CUST00674,Email,Premium,Germany,61,Mobile,47,12,703.84,94.51,361.78000000000003,41.7,3,5,4,12,Loyal Customers,978.0,Retention,High,Personalised thank-you + early access
CUST01295,Email,Premium,Germany,27,Tablet,47,6,1010.71,179.16,547.1899999999999,16.7,3,4,5,12,Loyal Customers,917.0,Retention,High,Personalised thank-you + early access
CUST01395,Paid Social,Premium,Canada,24,Desktop,7,8,295.04,129.22,148.82,37.5,5,5,2,12,Champions,454.0,VIP Rewards,High,Exclusive loyalty rewards + upsell premium
CUST01325,Email,Mid-Range,Canada,28,Desktop,21,8,517.46,76.86,243.88,25.0,4,5,3,12,Champions,537.0,VIP Rewards,High,Exclusive loyalty rewards + upsell premium
CUST01446,Email,Premium,Australia,36,Desktop,75,8,700.5,106.43,272.23,12.5,3,5,4,12,Loyal Customers,764.0,Retention,High,Personalised thank-you + early access
CUST01448,Referral,Mid-Range,France,44,Mobile,69,6,1011.4,168.57,453.17,0.0,3,4,5,12,Loyal Customers,1025.0,Retention,High,Personalised thank-you + early access
CUST01443,Organic Search,Luxury,USA,65,Mobile,99,8,1049.38,131.17,516.37,0.0,2,5,5,12,At Risk,1014.0,Win-back,High,Time-limited re-engagement offer
CUST01311,Paid Social,Premium,Canada,35,Mobile,116,8,1090.55,160.75,545.51,12.5,2,5,5,12,At Risk,1021.0,Win-back,High,Time-limited re-engagement offer
CUST01304,Organic Search,Budget,USA,25,Mobile,9,6,543.47,155.38,263.2,33.3,5,4,3,12,Champions,572.0,VIP Rewards,High,Exclusive loyalty rewards + upsell premium
CUST01423,Organic Search,Luxury,Nigeria,32,Mobile,135,9,781.33,113.76,313.96000000000004,11.1,2,5,4,11,At Risk,883.0,Win-back,High,Time-limited re-engagement offer
CUST01322,Paid Social,Luxury,Canada,37,Desktop,259,10,945.24,134.75,412.53,20.0,1,5,5,11,At Risk,1126.0,Win-back,High,Time-limited re-engagement offer
CUST01324,Organic Search,Mid-Range,UAE,55,Desktop,25,5,807.75,217.13,428.7,40.0,4,3,4,11,Loyal Customers,780.0,Retention,High,Personalised thank-you + early access
CUST01396,Email,Premium,Canada,44,Tablet,28,6,446.32,118.91,217.67,33.3,4,4,3,11,Champions,486.0,VIP Rewards,High,Exclusive loyalty rewards + upsell premium
CUST00095,Organic Search,Premium,Germany,49,Desktop,44,5,675.14,135.03,306.44,0.0,4,3,4,11,Loyal Customers,763.0,Retention,High,Personalised thank-you + early access
CUST00109,Paid Social,Premium,Australia,35,Mobile,49,9,603.51,173.11,285.34,55.6,3,5,3,11,Loyal Customers,695.0,Retention,High,Personalised thank-you + early access
CUST01341,Referral,Mid-Range,UK,54,Mobile,7,5,465.34,131.99,233.26,20.0,5,3,3,11,Loyal Customers,605.0,Retention,High,Personalised thank-you + early access
CUST01340,Email,Mid-Range,USA,62,Desktop,27,6,474.18,138.96,172.73,66.7,4,4,3,11,Champions,437.0,VIP Rewards,High,Exclusive loyalty rewards + upsell premium
CUST01329,Paid Social,Luxury,Nigeria,49,Mobile,11,7,375.49,105.77,176.72,42.9,5,4,2,11,Champions,396.0,VIP Rewards,High,Exclusive loyalty rewards + upsell premium
CUST00664,Organic Search,Premium,UAE,38,Mobile,58,7,732.69,161.45,389.05,42.9,3,4,4,11,Loyal Customers,782.0,Retention,High,Personalised thank-you + early access
CUST00133,Email,Budget,UAE,43,Desktop,16,6,511.62,129.33,212.95000000000002,33.3,5,3,3,11,Loyal Customers,566.0,Retention,High,Personalised thank-you + early access
CUST00138,Direct,Premium,France,56,Desktop,93,11,892.4,148.67,391.11,36.4,2,5,4,11,At Risk,1019.0,Win-back,High,Time-limited re-engagement offer
CUST00140,Referral,Mid-Range,Canada,21,Mobile,61,6,947.34,157.89,392.86,0.0,3,3,5,11,Loyal Customers,1068.0,Retention,High,Personalised thank-you + early access
CUST00523,Paid Social,Mid-Range,Canada,48,Desktop,15,7,335.57,154.41,155.83,42.9,5,4,2,11,Champions,463.0,VIP Rewards,High,Exclusive loyalty rewards + upsell premium
CUST00510,Email,Premium,Australia,27,Mobile,112,8,1250.05,187.06,554.3,12.5,2,4,5,11,At Risk,1088.0,Win-back,High,Time-limited re-engagement offer
CUST01011,Email,Luxury,USA,53,Mobile,115,14,685.01,115.89,328.16,42.9,2,5,4,11,At Risk,1154.0,Win-back,High,Time-limited re-engagement offer
CUST01012,Referral,Mid-Range,Canada,28,Mobile,112,8,776.17,97.02,376.94,0.0,2,5,4,11,At Risk,855.0,Win-back,High,Time-limited re-engagement offer
CUST00327,Direct,Mid-Range,Australia,41,Desktop,68,7,880.94,134.12,392.47,14.3,3,4,4,11,Loyal Customers,814.0,Retention,High,Personalised thank-you + early access
CUST00315,Email,Budget,UK,50,Mobile,38,5,677.46,163.75,251.69000000000003,40.0,4,3,4,11,Loyal Customers,676.0,Retention,High,Personalised thank-you + early access
CUST00575,Referral,Mid-Range,Nigeria,52,Desktop,28,6,865.26,171.11,384.87,33.3,4,3,4,11,Loyal Customers,855.0,Retention,High,Personalised thank-you + early access
CUST00565,Influencer,Budget,Australia,23,Desktop,1,4,700.54,223.99,294.93,25.0,5,2,4,11,New Customers,814.0,Onboarding,Medium,Welcome series — product education
CUST01482,Organic Search,Mid-Range,Germany,65,Desktop,39,5,662.96,132.59,277.07,0.0,4,3,4,11,Loyal Customers,760.0,Retention,High,Personalised thank-you + early access
CUST01484,Influencer,Budget,Canada,63,Mobile,85,6,735.53,122.59,313.15999999999997,0.0,3,4,4,11,Loyal Customers,762.0,Retention,High,Personalised thank-you + early access
CUST00591,Email,Mid-Range,USA,47,Mobile,46,7,473.5,90.99,221.03,14.3,4,4,3,11,Champions,570.0,VIP Rewards,High,Exclusive loyalty rewards + upsell premium
CUST00076,Organic Search,Premium,Canada,20,Mobile,44,6,642.5,139.0,307.52,16.7,4,3,4,11,Loyal Customers,803.0,Retention,High,Personalised thank-you + early access
CUST00065,Organic Search,Premium,UK,30,Mobile,163,7,1206.69,172.38,478.85,0.0,2,4,5,11,At Risk,1060.0,Win-back,High,Time-limited re-engagement offer
CUST00067,Influencer,Premium,Germany,31,Mobile,101,8,1030.82,147.23,496.79,12.5,2,4,5,11,At Risk,1067.0,Win-back,High,Time-limited re-engagement offer
CUST00848,Paid Social,Budget,France,38,Mobile,14,5,469.68,159.84,201.32,40.0,5,3,3,11,Loyal Customers,544.0,Retention,High,Personalised thank-you + early access
CUST01198,Email,Budget,Nigeria,59,Mobile,64,6,702.47,125.22,290.48,16.7,3,4,4,11,Loyal Customers,690.0,Retention,High,Personalised thank-you + early access
CUST01204,Organic Search,Mid-Range,UAE,20,Desktop,4,6,265.61,119.29,117.11,50.0,5,4,2,11,Champions,324.0,VIP Rewards,High,Exclusive loyalty rewards + upsell premium
CUST01193,Email,Mid-Range,Australia,44,Mobile,98,8,703.47,160.0,326.84,37.5,2,5,4,11,At Risk,774.0,Win-back,High,Time-limited re-engagement offer
CUST00492,Paid Social,Budget,UK,35,Mobile,20,4,1091.64,318.41,480.61,25.0,4,2,5,11,New Customers,1090.0,Onboarding,Medium,Welcome series — product education
CUST00194,Influencer,Mid-Range,Canada,60,Desktop,68,7,718.82,174.71,288.52,28.6,3,4,4,11,Loyal Customers,839.0,Retention,High,Personalised thank-you + early access
CUST00173,Email,Premium,Canada,21,Mobile,69,12,503.1,130.86,235.1,58.3,3,5,3,11,Loyal Customers,830.0,Retention,High,Personalised thank-you + early access
CUST00174,Paid Social,Mid-Range,UAE,31,Desktop,122,7,1249.76,178.54,612.2,0.0,2,4,5,11,At Risk,1060.0,Win-back,High,Time-limited re-engagement offer
CUST01218,Referral,Premium,Germany,47,Tablet,95,8,840.94,146.91,405.56,12.5,2,5,4,11,At Risk,893.0,Win-back,High,Time-limited re-engagement offer
CUST00768,Email,Mid-Range,Canada,28,Mobile,33,8,435.39,95.94,244.21,37.5,4,4,3,11,Champions,595.0,VIP Rewards,High,Exclusive loyalty rewards + upsell premium
CUST00772,Influencer,Mid-Range,France,39,Desktop,43,8,530.55,115.61,207.95,25.0,4,4,3,11,Champions,687.0,VIP Rewards,High,Exclusive loyalty rewards + upsell premium
CUST01231,Direct,Budget,Nigeria,45,Desktop,67,6,644.25,138.35,351.29,16.7,3,4,4,11,Loyal Customers,740.0,Retention,High,Personalised thank-you + early access
CUST00191,Direct,Premium,Canada,33,Mobile,54,7,745.74,170.93,314.03,28.6,3,4,4,11,Loyal Customers,829.0,Retention,High,Personalised thank-you + early access
CUST00806,Email,Budget,France,18,Mobile,28,6,528.55,143.88,257.69,33.3,4,4,3,11,Champions,518.0,VIP Rewards,High,Exclusive loyalty rewards + upsell premium
CUST00812,Email,Premium,Canada,40,Desktop,78,10,594.11,157.2,246.57999999999998,60.0,3,5,3,11,Loyal Customers,714.0,Retention,High,Personalised thank-you + early access
CUST00797,Paid Social,Luxury,UK,21,Mobile,57,7,722.28,169.98,378.74,42.9,3,4,4,11,Loyal Customers,789.0,Retention,High,Personalised thank-you + early access
CUST00438,Direct,Budget,UK,45,Mobile,83,6,934.75,155.79,471.59000000000003,0.0,3,3,5,11,Loyal Customers,1022.0,Retention,High,Personalised thank-you + early access
CUST00430,Referral,Mid-Range,France,62,Desktop,10,5,593.71,118.74,221.56,0.0,5,3,3,11,Loyal Customers,634.0,Retention,High,Personalised thank-you + early access
CUST00805,Organic Search,Luxury,Nigeria,51,Desktop,78,8,859.28,176.93,352.32,50.0,3,4,4,11,Loyal Customers,865.0,Retention,High,Personalised thank-you + early access
CUST00227,Email,Premium,UK,55,Mobile,11,8,361.27,86.27,153.54000000000002,37.5,5,4,2,11,Champions,430.0,VIP Rewards,High,Exclusive loyalty rewards + upsell premium
CUST01136,Email,Premium,Australia,50,Mobile,22,6,567.05,151.25,270.88,33.3,4,4,3,11,Champions,530.0,VIP Rewards,High,Exclusive loyalty rewards + upsell premium
CUST01137,Organic Search,Budget,Australia,44,Mobile,42,6,561.69,118.02,264.01,16.7,4,4,3,11,Champions,557.0,VIP Rewards,High,Exclusive loyalty rewards + upsell premium
CUST00409,Organic Search,Mid-Range,UK,48,Mobile,39,5,913.15,182.63,329.49,0.0,4,3,4,11,Loyal Customers,827.0,Retention,High,Personalised thank-you + early access
CUST01168,Organic Search,Premium,France,27,Desktop,27,7,504.28,192.77,288.12,42.9,4,4,3,11,Champions,670.0,VIP Rewards,High,Exclusive loyalty rewards + upsell premium
CUST00230,Organic Search,Budget,France,41,Desktop,12,4,764.7,191.18,285.69,0.0,5,2,4,11,New Customers,828.0,Onboarding,Medium,Welcome series — product education
CUST00233,Organic Search,Mid-Range,France,53,Mobile,10,5,562.43,112.49,264.61,0.0,5,3,3,11,Loyal Customers,578.0,Retention,High,Personalised thank-you + early access
CUST00860,Direct,Luxury,Nigeria,56,Mobile,104,9,748.99,86.75,346.52,11.1,2,5,4,11,At Risk,845.0,Win-back,High,Time-limited re-engagement offer
CUST00847,Influencer,Budget,UAE,21,Tablet,18,5,686.29,154.36,356.56,40.0,4,3,4,11,Loyal Customers,694.0,Retention,High,Personalised thank-you + early access
CUST00804,Organic Search,Mid-Range,UK,64,Desktop,46,5,831.84,166.37,398.45000000000005,0.0,4,3,4,11,Loyal Customers,807.0,Retention,High,Personalised thank-you + early access
CUST01248,Influencer,Premium,UK,31,Desktop,14,5,539.25,149.93,234.32,40.0,5,3,3,11,Loyal Customers,537.0,Retention,High,Personalised thank-you + early access
CUST01251,Paid Social,Mid-Range,France,34,Mobile,64,7,713.9,113.26,342.52,14.3,3,4,4,11,Loyal Customers,780.0,Retention,High,Personalised thank-you + early access
CUST00686,Paid Social,Mid-Range,France,45,Mobile,29,6,448.32,141.53,171.13,33.3,4,4,3,11,Champions,545.0,VIP Rewards,High,Exclusive loyalty rewards + upsell premium
CUST00691,Email,Budget,UK,30,Desktop,34,6,468.96,97.74,223.76999999999998,16.7,4,4,3,11,Champions,496.0,VIP Rewards,High,Exclusive loyalty rewards + upsell premium
CUST01290,Direct,Premium,Canada,58,Mobile,106,8,826.94,185.25,317.74,25.0,2,5,4,11,At Risk,872.0,Win-back,High,Time-limited re-engagement offer
CUST01280,Organic Search,Premium,UAE,34,Mobile,4,5,485.56,97.11,250.73,0.0,5,3,3,11,Loyal Customers,555.0,Retention,High,Personalised thank-you + early access
CUST01283,Paid Social,Premium,USA,23,Mobile,135,8,715.06,119.74,330.89,25.0,2,5,4,11,At Risk,779.0,Win-back,High,Time-limited re-engagement offer
CUST01267,Paid Social,Luxury,UK,56,Desktop,102,10,705.8,149.91,297.24,50.0,2,5,4,11,At Risk,910.0,Win-back,High,Time-limited re-engagement offer
CUST01259,Paid Social,Mid-Range,Australia,23,Mobile,51,7,741.28,116.52,405.66,14.3,3,4,4,11,Loyal Customers,782.0,Retention,High,Personalised thank-you + early access
CUST00145,Email,Budget,Australia,23,Mobile,33,5,700.44,140.09,311.62,0.0,4,3,4,11,Loyal Customers,735.0,Retention,High,Personalised thank-you + early access
CUST00479,Influencer,Luxury,France,27,Mobile,127,10,722.3,120.29,379.95,30.0,2,5,4,11,At Risk,923.0,Win-back,High,Time-limited re-engagement offer
CUST00463,Direct,Mid-Range,Nigeria,34,Mobile,9,5,516.95,165.02,179.6,40.0,5,3,3,11,Loyal Customers,556.0,Retention,High,Personalised thank-you + early access
CUST00362,Organic Search,Budget,France,25,Tablet,5,6,468.42,85.57,244.64000000000001,16.7,5,3,3,11,Loyal Customers,575.0,Retention,High,Personalised thank-you + early access
CUST00341,Influencer,Budget,Australia,63,Desktop,18,5,729.45,159.88,341.95,20.0,4,3,4,11,Loyal Customers,751.0,Retention,High,Personalised thank-you + early access
CUST00242,Email,Mid-Range,USA,45,Desktop,49,7,670.49,109.8,271.86,14.3,3,4,4,11,Loyal Customers,747.0,Retention,High,Personalised thank-you + early access
CUST01069,Direct,Premium,UAE,31,Desktop,4,6,378.0,121.93,177.66,33.3,5,4,2,11,Champions,369.0,VIP Rewards,High,Exclusive loyalty rewards + upsell premium
CUST00854,Paid Social,Premium,UK,37,Desktop,47,8,651.36,113.43,297.95,12.5,3,4,4,11,Loyal Customers,858.0,Retention,High,Personalised thank-you + early access
CUST00246,Direct,Premium,Germany,45,Desktop,15,6,597.35,132.7,265.73,16.7,5,3,3,11,Loyal Customers,642.0,Retention,High,Personalised thank-you + early access
CUST00247,Paid Social,Budget,USA,44,Tablet,3,4,679.91,189.48,329.37,25.0,5,2,4,11,New Customers,762.0,Onboarding,Medium,Welcome series — product education
CUST00906,Paid Social,Premium,UK,39,Mobile,28,7,626.16,166.83,302.23,28.6,4,4,3,11,Champions,665.0,VIP Rewards,High,Exclusive loyalty rewards + upsell premium
CUST00870,Email,Mid-Range,Australia,36,Mobile,49,8,902.33,161.6,403.88,37.5,3,4,4,11,Loyal Customers,837.0,Retention,High,Personalised thank-you + early access
CUST01111,Email,Premium,Canada,41,Mobile,158,8,663.89,161.03,232.39,50.0,2,5,4,11,At Risk,752.0,Win-back,High,Time-limited re-engagement offer
CUST01106,Influencer,Mid-Range,Canada,47,Mobile,82,7,840.69,161.97,458.86,14.3,3,4,4,11,Loyal Customers,856.0,Retention,High,Personalised thank-you + early access
CUST01043,Paid Social,Mid-Range,Canada,21,Mobile,161,7,1050.84,176.69,487.39,14.3,2,4,5,11,At Risk,1027.0,Win-back,High,Time-limited re-engagement offer
CUST00913,Paid Social,Premium,France,30,Desktop,102,8,742.92,121.19,380.55,25.0,2,5,4,11,At Risk,778.0,Win-back,High,Time-limited re-engagement offer
CUST00508,Referral,Mid-Range,France,26,Mobile,34,6,871.18,145.2,412.02,0.0,4,3,4,11,Loyal Customers,897.0,Retention,High,Personalised thank-you + early access
CUST01076,Influencer,Premium,France,42,Desktop,125,6,1087.55,197.53,409.65,16.7,2,4,5,11,At Risk,979.0,Win-back,High,Time-limited re-engagement offer
CUST00281,Influencer,Premium,Australia,40,Desktop,89,8,1309.92,181.65,572.61,25.0,2,4,5,11,At Risk,1084.0,Win-back,High,Time-limited re-engagement offer
CUST01054,Direct,Mid-Range,Nigeria,41,Mobile,52,7,862.56,210.11,402.40000000000003,42.9,3,4,4,11,Loyal Customers,849.0,Retention,High,Personalised thank-you + early access
CUST01058,Direct,Premium,France,22,Desktop,21,8,387.94,90.59,178.14,25.0,4,5,2,11,Champions,429.0,VIP Rewards,High,Exclusive loyalty rewards + upsell premium
CUST01049,Direct,Budget,France,33,Desktop,45,5,665.23,208.99,207.03,20.0,4,3,4,11,Loyal Customers,817.0,Retention,High,Personalised thank-you + early access
CUST00941,Email,Luxury,Nigeria,39,Mobile,103,11,889.61,98.68,433.15999999999997,18.2,2,5,4,11,At Risk,961.0,Win-back,High,Time-limited re-engagement offer
CUST00936,Paid Social,Mid-Range,Nigeria,29,Mobile,56,7,688.13,137.6,317.82,28.6,3,4,4,11,Loyal Customers,779.0,Retention,High,Personalised thank-you + early access
CUST00927,Paid Social,Premium,Germany,32,Tablet,6,5,624.19,139.73,314.47,20.0,5,3,3,11,Loyal Customers,563.0,Retention,High,Personalised thank-you + early access
CUST01072,Email,Premium,UAE,24,Desktop,57,9,550.21,79.62,254.79000000000002,22.2,3,5,3,11,Loyal Customers,618.0,Retention,High,Personalised thank-you + early access
CUST00971,Referral,Budget,Canada,28,Mobile,86,6,1354.61,225.77,624.17,0.0,2,4,5,11,At Risk,1096.0,Win-back,High,Time-limited re-engagement offer
CUST00964,Referral,Mid-Range,Nigeria,22,Desktop,9,5,531.25,135.82,233.34,20.0,5,3,3,11,Loyal Customers,608.0,Retention,High,Personalised thank-you + early access
CUST00306,Organic Search,Mid-Range,Australia,40,Desktop,154,7,1078.89,162.91,551.6700000000001,14.3,2,4,5,11,At Risk,1013.0,Win-back,High,Time-limited re-engagement offer
CUST00733,Influencer,Premium,Nigeria,32,Tablet,42,8,613.17,172.46,289.8,37.5,4,4,3,11,Champions,734.0,VIP Rewards,High,Exclusive loyalty rewards + upsell premium
CUST00075,Email,Mid-Range,USA,43,Desktop,50,8,836.46,119.51,284.11,25.0,3,4,4,11,Loyal Customers,810.0,Retention,High,Personalised thank-you + early access
CUST00643,Referral,Mid-Range,USA,47,Desktop,94,8,1037.03,129.63,506.47,0.0,2,4,5,11,At Risk,1117.0,Win-back,High,Time-limited re-engagement offer
CUST00635,Referral,Premium,Germany,18,Mobile,226,11,937.95,104.7,364.90999999999997,18.2,1,5,5,11,At Risk,1211.0,Win-back,High,Time-limited re-engagement offer
CUST00623,Direct,Budget,UK,35,Desktop,28,5,869.13,173.83,403.96999999999997,0.0,4,3,4,11,Loyal Customers,814.0,Retention,High,Personalised thank-you + early access
CUST00613,Paid Social,Budget,Germany,46,Mobile,14,5,502.53,111.73,204.02,20.0,5,3,3,11,Loyal Customers,526.0,Retention,High,Personalised thank-you + early access
CUST00041,Email,Premium,Canada,41,Mobile,89,11,884.8,112.23,393.51,18.2,2,5,4,11,At Risk,978.0,Win-back,High,Time-limited re-engagement offer
CUST01485,Referral,Premium,USA,19,Desktop,95,11,879.34,102.92,425.92,18.2,2,5,4,11,At Risk,1043.0,Win-back,High,Time-limited re-engagement offer
CUST00552,Paid Social,Premium,Canada,36,Mobile,103,9,874.86,115.74,384.93,22.2,2,5,4,11,At Risk,852.0,Win-back,High,Time-limited re-engagement offer
CUST00553,Paid Social,Premium,USA,21,Desktop,52,7,676.01,101.54,371.1,14.3,3,4,4,11,Loyal Customers,762.0,Retention,High,Personalised thank-you + early access
CUST00534,Paid Social,Mid-Range,Canada,58,Mobile,16,6,520.96,99.23,278.35,16.7,5,3,3,11,Loyal Customers,593.0,Retention,High,Personalised thank-you + early access
CUST00646,Referral,Budget,UAE,24,Mobile,11,5,549.89,145.81,243.44,20.0,5,3,3,11,Loyal Customers,622.0,Retention,High,Personalised thank-you + early access
CUST00100,Paid Social,Mid-Range,UAE,43,Mobile,29,6,771.26,135.36,378.41999999999996,16.7,4,3,4,11,Loyal Customers,794.0,Retention,High,Personalised thank-you + early access
CUST00077,Organic Search,Mid-Range,Australia,28,Desktop,18,4,690.81,202.94,242.09,25.0,5,2,4,11,New Customers,785.0,Onboarding,Medium,Welcome series — product education
CUST01385,Influencer,Luxury,USA,40,Mobile,129,10,880.5,149.26,450.39,30.0,2,5,4,11,At Risk,964.0,Win-back,High,Time-limited re-engagement offer
CUST00052,Paid Social,Mid-Range,Australia,61,Mobile,29,7,556.32,119.18,220.24,57.1,4,4,3,11,Champions,535.0,VIP Rewards,High,Exclusive loyalty rewards + upsell premium
CUST00020,Paid Social,Premium,Canada,19,Desktop,53,8,854.14,136.48,382.56,25.0,3,4,4,11,Loyal Customers,860.0,Retention,High,Personalised thank-you + early access
CUST01419,Paid Social,Mid-Range,France,51,Mobile,16,5,566.16,113.23,212.43,0.0,5,3,3,11,Loyal Customers,576.0,Retention,High,Personalised thank-you + early access
CUST01412,Direct,Premium,Nigeria,23,Mobile,159,9,698.88,89.86,343.32,11.1,2,5,4,11,At Risk,853.0,Win-back,High,Time-limited re-engagement offer
CUST01421,Email,Mid-Range,Nigeria,53,Mobile,50,7,447.26,81.2,262.08000000000004,28.6,3,4,3,10,Loyal Customers,517.0,Retention,High,Personalised thank-you + early access
CUST00452,Paid Social,Mid-Range,France,51,Desktop,69,7,486.91,97.98,267.9,28.6,3,4,3,10,Loyal Customers,569.0,Retention,High,Personalised thank-you + early access
CUST00167,Influencer,Budget,Canada,51,Desktop,8,5,399.66,117.94,182.03,40.0,5,3,2,10,Loyal Customers,335.0,Retention,High,Personalised thank-you + early access
CUST00158,Direct,Premium,Nigeria,29,Mobile,1,6,427.12,71.19,217.14000000000001,0.0,5,3,2,10,Loyal Customers,437.0,Retention,High,Personalised thank-you + early access
CUST00829,Organic Search,Premium,UK,38,Desktop,7,5,404.71,88.27,149.27,20.0,5,3,2,10,Loyal Customers,339.0,Retention,High,Personalised thank-you + early access
CUST00456,Paid Social,Premium,UAE,31,Mobile,83,4,960.6,240.15,477.83,0.0,3,2,5,10,Potential Loyalists,1041.0,Nurture,Medium,Incentivise 2nd/3rd purchase with discount
CUST00831,Organic Search,Mid-Range,UAE,23,Mobile,118,8,803.44,115.62,377.58000000000004,12.5,2,4,4,10,At Risk,864.0,Win-back,High,Time-limited re-engagement offer
CUST00459,Referral,Budget,USA,51,Mobile,9,3,527.69,200.08,177.78,33.3,5,2,3,10,New Customers,576.0,Onboarding,Medium,Welcome series — product education
CUST00819,Organic Search,Budget,UK,28,Tablet,20,5,611.28,122.26,351.53999999999996,0.0,4,3,3,10,Loyal Customers,583.0,Retention,High,Personalised thank-you + early access
CUST00850,Email,Budget,Canada,18,Desktop,11,5,333.49,74.3,172.95,20.0,5,3,2,10,Loyal Customers,287.0,Retention,High,Personalised thank-you + early access
CUST01278,Paid Social,Mid-Range,UAE,21,Mobile,21,5,456.45,91.29,201.47,0.0,4,3,3,10,Loyal Customers,537.0,Retention,High,Personalised thank-you + early access
CUST01282,Influencer,Mid-Range,Canada,37,Desktop,83,5,752.16,240.79,353.91999999999996,40.0,3,3,4,10,Loyal Customers,812.0,Retention,High,Personalised thank-you + early access
CUST01269,Referral,Mid-Range,Canada,27,Desktop,7,4,505.58,126.4,215.74,0.0,5,2,3,10,New Customers,627.0,Onboarding,Medium,Welcome series — product education
CUST00203,Referral,Mid-Range,Canada,42,Mobile,114,9,551.86,138.45,257.42,44.4,2,5,3,10,At Risk,726.0,Win-back,High,Time-limited re-engagement offer
CUST00406,Organic Search,Premium,Germany,29,Mobile,65,6,766.2,168.09,366.64,16.7,3,3,4,10,Loyal Customers,838.0,Retention,High,Personalised thank-you + early access
CUST00844,Direct,Budget,France,27,Tablet,67,6,535.1,89.18,264.28999999999996,0.0,3,4,3,10,Loyal Customers,552.0,Retention,High,Personalised thank-you + early access
CUST00413,Influencer,Budget,USA,29,Desktop,22,6,592.33,147.45,250.32,33.3,4,3,3,10,Loyal Customers,617.0,Retention,High,Personalised thank-you + early access
CUST00351,Organic Search,Mid-Range,Nigeria,61,Mobile,31,6,441.69,73.61,218.73,0.0,4,3,3,10,Loyal Customers,596.0,Retention,High,Personalised thank-you + early access
CUST00668,Email,Premium,Germany,49,Mobile,79,11,418.46,73.71,129.32999999999998,54.5,3,5,2,10,Loyal Customers,530.0,Retention,High,Personalised thank-you + early access
CUST00555,Direct,Budget,Australia,32,Desktop,23,5,549.13,114.91,258.99,20.0,4,3,3,10,Loyal Customers,528.0,Retention,High,Personalised thank-you + early access
CUST01114,Paid Social,Budget,Germany,64,Mobile,2,5,265.33,179.24,124.52000000000001,60.0,5,3,2,10,Loyal Customers,366.0,Retention,High,Personalised thank-you + early access
CUST00326,Email,Budget,Australia,40,Desktop,3,6,367.19,70.54,189.92,16.7,5,3,2,10,Loyal Customers,365.0,Retention,High,Personalised thank-you + early access
CUST00328,Email,Budget,Canada,48,Mobile,153,6,969.47,214.57,472.41,33.3,2,3,5,10,At Risk,992.0,Win-back,High,Time-limited re-engagement offer
CUST00557,Paid Social,Budget,Nigeria,25,Mobile,52,5,850.82,170.16,317.42,0.0,3,3,4,10,Loyal Customers,799.0,Retention,High,Personalised thank-you + early access
CUST00268,Influencer,Mid-Range,Germany,39,Desktop,81,6,682.97,113.83,314.64,0.0,3,3,4,10,Loyal Customers,808.0,Retention,High,Personalised thank-you + early access
CUST01110,Paid Social,Premium,France,43,Tablet,130,7,694.18,135.77,282.14,14.3,2,4,4,10,At Risk,811.0,Win-back,High,Time-limited re-engagement offer
CUST01113,Referral,Premium,Australia,19,Mobile,118,10,477.53,117.1,195.62,40.0,2,5,3,10,At Risk,781.0,Win-back,High,Time-limited re-engagement offer
CUST00465,Paid Social,Premium,UK,37,Desktop,20,6,604.15,117.53,244.44,16.7,4,3,3,10,Loyal Customers,610.0,Retention,High,Personalised thank-you + early access
CUST00468,Organic Search,Premium,Germany,38,Mobile,37,5,607.1,121.42,258.82,0.0,4,3,3,10,Loyal Customers,585.0,Retention,High,Personalised thank-you + early access
CUST00469,Direct,Premium,UAE,63,Desktop,30,5,556.97,129.15,283.78,20.0,4,3,3,10,Loyal Customers,550.0,Retention,High,Personalised thank-you + early access
CUST00809,Email,Mid-Range,USA,22,Desktop,84,6,574.06,130.54,236.87,16.7,3,4,3,10,Loyal Customers,538.0,Retention,High,Personalised thank-you + early access
CUST01246,Paid Social,Luxury,Nigeria,44,Desktop,77,7,565.93,114.78,215.69,42.9,3,4,3,10,Loyal Customers,559.0,Retention,High,Personalised thank-you + early access
CUST00774,Referral,Mid-Range,Canada,31,Mobile,61,6,610.99,137.39,296.35,16.7,3,4,3,10,Loyal Customers,625.0,Retention,High,Personalised thank-you + early access
CUST01307,Paid Social,Mid-Range,France,43,Desktop,28,6,363.87,171.21,151.47,33.3,4,4,2,10,Champions,427.0,VIP Rewards,High,Exclusive loyalty rewards + upsell premium
CUST00798,Email,Mid-Range,USA,48,Mobile,57,7,599.74,107.49,261.05,14.3,3,4,3,10,Loyal Customers,586.0,Retention,High,Personalised thank-you + early access
CUST00800,Paid Social,Mid-Range,Germany,23,Desktop,108,6,669.24,167.54,245.64000000000001,33.3,2,4,4,10,At Risk,731.0,Win-back,High,Time-limited re-engagement offer
CUST00787,Paid Social,Premium,Nigeria,18,Tablet,63,7,472.84,86.85,272.53,14.3,3,4,3,10,Loyal Customers,585.0,Retention,High,Personalised thank-you + early access
CUST01298,Paid Social,Luxury,UK,62,Desktop,26,6,328.71,102.88,134.08,50.0,4,4,2,10,Champions,296.0,VIP Rewards,High,Exclusive loyalty rewards + upsell premium
CUST01299,Paid Social,Budget,Germany,48,Mobile,4,5,358.47,115.6,190.43,40.0,5,3,2,10,Loyal Customers,325.0,Retention,High,Personalised thank-you + early access
CUST00164,Direct,Mid-Range,UAE,53,Mobile,2,6,299.57,74.54,147.61,33.3,5,3,2,10,Loyal Customers,365.0,Retention,High,Personalised thank-you + early access
CUST00856,Organic Search,Mid-Range,UK,40,Mobile,162,6,860.57,229.77,365.92,33.3,2,4,4,10,At Risk,827.0,Win-back,High,Time-limited re-engagement offer
CUST00179,Paid Social,Premium,Australia,54,Mobile,4,6,357.17,117.38,165.27,50.0,5,3,2,10,Loyal Customers,380.0,Retention,High,Personalised thank-you + early access
CUST00186,Referral,Mid-Range,Nigeria,34,Desktop,137,5,923.68,184.74,446.52000000000004,0.0,2,3,5,10,At Risk,1031.0,Win-back,High,Time-limited re-engagement offer
CUST00935,Email,Mid-Range,UAE,19,Desktop,61,6,454.45,115.26,224.12,33.3,3,4,3,10,Loyal Customers,476.0,Retention,High,Personalised thank-you + early access
CUST00951,Influencer,Budget,Canada,40,Tablet,33,3,657.76,219.25,266.31,0.0,4,2,4,10,New Customers,788.0,Onboarding,Medium,Welcome series — product education
CUST00943,Paid Social,Premium,Australia,26,Mobile,47,6,629.42,135.9,295.34000000000003,16.7,3,4,3,10,Loyal Customers,570.0,Retention,High,Personalised thank-you + early access
CUST01381,Organic Search,Budget,Canada,57,Mobile,34,5,500.38,114.87,187.63,20.0,4,3,3,10,Loyal Customers,530.0,Retention,High,Personalised thank-you + early access
CUST01383,Email,Budget,USA,44,Desktop,59,5,720.61,172.71,315.90999999999997,20.0,3,3,4,10,Loyal Customers,730.0,Retention,High,Personalised thank-you + early access
CUST00926,Paid Social,Budget,UAE,24,Desktop,57,5,895.09,187.02,311.85,20.0,3,3,4,10,Loyal Customers,776.0,Retention,High,Personalised thank-you + early access
CUST00932,Paid Social,Premium,France,46,Desktop,96,6,688.13,181.15,303.43,50.0,2,4,4,10,At Risk,711.0,Win-back,High,Time-limited re-engagement offer
CUST00122,Direct,Mid-Range,Canada,47,Mobile,19,5,506.9,169.09,212.89999999999998,60.0,4,3,3,10,Loyal Customers,509.0,Retention,High,Personalised thank-you + early access
CUST00692,Organic Search,Mid-Range,UAE,61,Mobile,8,3,477.24,189.5,218.07999999999998,33.3,5,2,3,10,New Customers,515.0,Onboarding,Medium,Welcome series — product education
CUST01362,Direct,Mid-Range,Germany,32,Desktop,64,6,490.13,81.69,250.39,0.0,3,4,3,10,Loyal Customers,542.0,Retention,High,Personalised thank-you + early access
CUST01117,Paid Social,Mid-Range,UAE,38,Desktop,26,6,374.51,146.05,161.77,33.3,4,4,2,10,Champions,392.0,VIP Rewards,High,Exclusive loyalty rewards + upsell premium
CUST01144,Paid Social,Mid-Range,Australia,55,Mobile,61,5,674.82,134.96,317.53999999999996,0.0,3,3,4,10,Loyal Customers,754.0,Retention,High,Personalised thank-you + early access
CUST00499,Paid Social,Mid-Range,Nigeria,62,Desktop,127,6,1029.55,171.59,437.75,0.0,2,3,5,10,At Risk,1038.0,Win-back,High,Time-limited re-engagement offer
CUST01331,Paid Social,Premium,USA,61,Mobile,105,7,683.54,97.65,305.82,0.0,2,4,4,10,At Risk,791.0,Win-back,High,Time-limited re-engagement offer
CUST01334,Influencer,Mid-Range,UK,20,Desktop,153,7,826.1,194.13,377.39,42.9,2,4,4,10,At Risk,831.0,Win-back,High,Time-limited re-engagement offer
CUST01225,Direct,Premium,Canada,62,Tablet,111,6,717.95,131.3,274.49,16.7,2,4,4,10,At Risk,729.0,Win-back,High,Time-limited re-engagement offer
CUST01226,Direct,Mid-Range,UK,27,Desktop,47,6,576.92,96.15,284.63,0.0,3,4,3,10,Loyal Customers,559.0,Retention,High,Personalised thank-you + early access
CUST00176,Paid Social,Premium,USA,36,Mobile,172,8,1451.58,181.45,615.9,0.0,1,4,5,10,At Risk,1137.0,Win-back,High,Time-limited re-engagement offer
CUST01209,Referral,Budget,France,41,Mobile,30,3,789.18,263.06,299.53,0.0,4,2,4,10,New Customers,892.0,Onboarding,Medium,Welcome series — product education
CUST01348,Organic Search,Budget,Canada,24,Mobile,117,5,1015.58,203.12,508.39,0.0,2,3,5,10,At Risk,1006.0,Win-back,High,Time-limited re-engagement offer
CUST01349,Referral,Mid-Range,UK,23,Desktop,85,7,574.58,82.08,302.28,0.0,3,4,3,10,Loyal Customers,665.0,Retention,High,Personalised thank-you + early access
CUST01201,Organic Search,Mid-Range,Australia,36,Tablet,5,4,597.91,149.48,236.22,0.0,5,2,3,10,New Customers,612.0,Onboarding,Medium,Welcome series — product education
CUST00473,Referral,Budget,France,51,Mobile,20,6,607.15,101.19,204.17000000000002,0.0,4,3,3,10,Loyal Customers,678.0,Retention,High,Personalised thank-you + early access
CUST00476,Paid Social,Premium,Nigeria,34,Mobile,128,9,637.57,133.03,291.41,33.3,2,5,3,10,At Risk,694.0,Win-back,High,Time-limited re-engagement offer
CUST00482,Influencer,Budget,Canada,40,Desktop,42,6,500.8,127.62,268.46,33.3,4,3,3,10,Loyal Customers,593.0,Retention,High,Personalised thank-you + early access
CUST00748,Referral,Budget,UAE,20,Desktop,9,5,315.84,106.1,167.42000000000002,40.0,5,3,2,10,Loyal Customers,362.0,Retention,High,Personalised thank-you + early access
CUST00485,Paid Social,Mid-Range,UAE,18,Desktop,93,7,661.57,139.73,288.69,42.9,2,4,4,10,At Risk,744.0,Win-back,High,Time-limited re-engagement offer
CUST01192,Direct,Budget,Canada,55,Desktop,124,6,902.17,157.4,388.87,16.7,2,4,4,10,At Risk,765.0,Win-back,High,Time-limited re-engagement offer
CUST01200,Email,Premium,Nigeria,26,Desktop,98,7,645.85,97.59,299.38,14.3,2,4,4,10,At Risk,727.0,Win-back,High,Time-limited re-engagement offer
CUST00391,Email,Mid-Range,Australia,54,Mobile,66,7,632.64,144.02,313.46999999999997,28.6,3,4,3,10,Loyal Customers,604.0,Retention,High,Personalised thank-you + early access
CUST00395,Influencer,Mid-Range,France,20,Mobile,53,6,850.56,172.96,338.28,33.3,3,3,4,10,Loyal Customers,806.0,Retention,High,Personalised thank-you + early access
CUST00677,Organic Search,Mid-Range,USA,55,Tablet,40,6,471.38,88.56,263.77,16.7,4,3,3,10,Loyal Customers,577.0,Retention,High,Personalised thank-you + early access
CUST00681,Direct,Budget,USA,55,Mobile,53,5,868.62,173.72,373.88,0.0,3,3,4,10,Loyal Customers,811.0,Retention,High,Personalised thank-you + early access
CUST00502,Email,Mid-Range,USA,22,Desktop,43,7,305.96,135.81,162.28,57.1,4,4,2,10,Champions,370.0,VIP Rewards,High,Exclusive loyalty rewards + upsell premium
CUST00735,Organic Search,Mid-Range,USA,22,Desktop,65,5,789.68,183.25,310.29999999999995,20.0,3,3,4,10,Loyal Customers,775.0,Retention,High,Personalised thank-you + early access
CUST00707,Organic Search,Mid-Range,Canada,63,Mobile,103,7,826.46,126.55,349.81,14.3,2,4,4,10,At Risk,801.0,Win-back,High,Time-limited re-engagement offer
CUST00718,Paid Social,Premium,UK,29,Tablet,48,5,862.05,218.34,397.06,20.0,3,3,4,10,Loyal Customers,818.0,Retention,High,Personalised thank-you + early access
CUST00696,Email,Mid-Range,UK,33,Tablet,57,7,567.77,97.96,261.62,14.3,3,4,3,10,Loyal Customers,572.0,Retention,High,Personalised thank-you + early access
CUST00972,Organic Search,Premium,UAE,24,Mobile,18,5,602.29,143.95,237.75,20.0,4,3,3,10,Loyal Customers,566.0,Retention,High,Personalised thank-you + early access
CUST01183,Organic Search,Premium,Nigeria,24,Mobile,216,10,721.07,133.82,264.84,40.0,1,5,4,10,At Risk,918.0,Win-back,High,Time-limited re-engagement offer
CUST00231,Influencer,Mid-Range,Australia,64,Desktop,23,4,782.08,195.52,394.78,0.0,4,2,4,10,New Customers,831.0,Onboarding,Medium,Welcome series — product education
CUST01165,Email,Mid-Range,UAE,19,Mobile,62,7,591.2,122.63,310.99,28.6,3,4,3,10,Loyal Customers,572.0,Retention,High,Personalised thank-you + early access
CUST00220,Organic Search,Mid-Range,Nigeria,49,Desktop,21,6,572.79,130.12,229.08,33.3,4,3,3,10,Loyal Customers,593.0,Retention,High,Personalised thank-you + early access
CUST00221,Referral,Mid-Range,USA,23,Desktop,38,5,505.52,180.63,246.64,20.0,4,3,3,10,Loyal Customers,665.0,Retention,High,Personalised thank-you + early access
CUST00700,Organic Search,Budget,Canada,19,Mobile,18,4,756.02,189.0,322.21000000000004,0.0,4,2,4,10,New Customers,817.0,Onboarding,Medium,Welcome series — product education
CUST00586,Paid Social,Budget,UK,44,Desktop,17,5,432.19,90.04,187.82,20.0,5,3,2,10,Loyal Customers,339.0,Retention,High,Personalised thank-you + early access
CUST00588,Paid Social,Mid-Range,Germany,31,Tablet,20,4,665.16,225.37,319.67,25.0,4,2,4,10,New Customers,805.0,Onboarding,Medium,Welcome series — product education
CUST00049,Paid Social,Premium,Nigeria,64,Mobile,42,7,322.37,75.27,169.98,28.6,4,4,2,10,Champions,385.0,VIP Rewards,High,Exclusive loyalty rewards + upsell premium
CUST00277,Email,Mid-Range,UK,37,Mobile,53,8,595.17,130.88,257.43,50.0,3,4,3,10,Loyal Customers,608.0,Retention,High,Personalised thank-you + early access
CUST01492,Direct,Mid-Range,UAE,47,Mobile,132,7,746.17,140.87,300.74,42.9,2,4,4,10,At Risk,757.0,Win-back,High,Time-limited re-engagement offer
CUST00580,Paid Social,Mid-Range,USA,45,Desktop,18,5,552.37,110.47,229.98000000000002,0.0,4,3,3,10,Loyal Customers,564.0,Retention,High,Personalised thank-you + early access
CUST01415,Email,Budget,UK,55,Mobile,24,6,276.19,59.7,103.47,33.3,4,4,2,10,Champions,248.0,VIP Rewards,High,Exclusive loyalty rewards + upsell premium
CUST01494,Organic Search,Budget,UK,38,Mobile,74,6,523.52,122.85,301.03000000000003,33.3,3,4,3,10,Loyal Customers,521.0,Retention,High,Personalised thank-you + early access
CUST00291,Paid Social,Luxury,Australia,25,Mobile,99,7,912.39,130.34,331.01,0.0,2,4,4,10,At Risk,833.0,Win-back,High,Time-limited re-engagement offer
CUST00294,Email,Mid-Range,Nigeria,21,Desktop,15,6,382.25,124.16,192.49,33.3,5,3,2,10,Loyal Customers,399.0,Retention,High,Personalised thank-you + early access
CUST00271,Referral,Mid-Range,France,43,Tablet,46,4,834.04,208.51,429.68,0.0,4,2,4,10,New Customers,895.0,Onboarding,Medium,Welcome series — product education
CUST01457,Referral,Mid-Range,Germany,34,Mobile,21,5,641.7,128.34,288.97,0.0,4,3,3,10,Loyal Customers,639.0,Retention,High,Personalised thank-you + early access
CUST01439,Influencer,Mid-Range,USA,22,Mobile,37,7,311.53,83.93,181.18,57.1,4,4,2,10,Champions,333.0,VIP Rewards,High,Exclusive loyalty rewards + upsell premium
CUST01467,Paid Social,Mid-Range,USA,63,Mobile,168,6,1083.52,192.28,474.44,16.7,1,4,5,10,At Risk,964.0,Win-back,High,Time-limited re-engagement offer
CUST00641,Email,Mid-Range,USA,31,Desktop,57,7,436.96,145.13,238.81,42.9,3,4,3,10,Loyal Customers,569.0,Retention,High,Personalised thank-you + early access
CUST00624,Organic Search,Budget,Australia,32,Desktop,46,6,634.84,188.51,320.85,33.3,4,3,3,10,Loyal Customers,674.0,Retention,High,Personalised thank-you + early access
CUST00633,Influencer,Premium,Canada,53,Mobile,42,6,525.65,154.72,265.68,50.0,4,3,3,10,Loyal Customers,592.0,Retention,High,Personalised thank-you + early access
CUST01404,Email,Mid-Range,USA,58,Desktop,134,6,756.83,128.99,331.75,16.7,2,4,4,10,At Risk,695.0,Win-back,High,Time-limited re-engagement offer
CUST00620,Paid Social,Premium,UAE,40,Mobile,174,7,1047.79,163.63,321.51,14.3,1,4,5,10,At Risk,1005.0,Win-back,High,Time-limited re-engagement offer
CUST01077,Email,Premium,Canada,28,Mobile,222,8,751.03,110.47,359.28,25.0,1,5,4,10,At Risk,741.0,Win-back,High,Time-limited re-engagement offer
CUST01078,Direct,Mid-Range,USA,26,Mobile,2,4,551.78,137.94,254.58999999999997,0.0,5,2,3,10,New Customers,596.0,Onboarding,Medium,Welcome series — product education
CUST01082,Referral,Premium,UAE,19,Mobile,155,9,542.67,136.0,299.96,33.3,2,5,3,10,At Risk,751.0,Win-back,High,Time-limited re-engagement offer
CUST01095,Organic Search,Premium,Germany,35,Tablet,27,6,396.53,108.1,193.15,16.7,4,4,2,10,Champions,383.0,VIP Rewards,High,Exclusive loyalty rewards + upsell premium
CUST01063,Paid Social,Mid-Range,Germany,58,Desktop,85,7,564.65,123.78,286.13,28.6,3,4,3,10,Loyal Customers,607.0,Retention,High,Personalised thank-you + early access
CUST00023,Paid Social,Premium,UK,24,Mobile,120,8,899.82,165.73,418.21,37.5,2,4,4,10,At Risk,870.0,Win-back,High,Time-limited re-engagement offer
CUST00038,Email,Mid-Range,USA,53,Mobile,27,5,760.52,184.48,376.53999999999996,20.0,4,2,4,10,New Customers,810.0,Onboarding,Medium,Welcome series — product education
CUST00285,Paid Social,Mid-Range,Nigeria,20,Mobile,46,7,324.02,76.58,138.57,28.6,4,4,2,10,Champions,384.0,VIP Rewards,High,Exclusive loyalty rewards + upsell premium
CUST00042,Organic Search,Budget,Germany,59,Desktop,111,6,717.53,119.59,311.56,0.0,2,3,4,9,At Risk,810.0,Win-back,High,Time-limited re-engagement offer
CUST00297,Paid Social,Premium,Australia,31,Mobile,38,4,622.4,226.36,275.81,25.0,4,2,3,9,New Customers,650.0,Onboarding,Medium,Welcome series — product education
CUST00300,Email,Mid-Range,Canada,44,Mobile,17,5,146.6,43.0,60.24,20.0,5,3,1,9,Loyal Customers,88.0,Retention,High,Personalised thank-you + early access
CUST01073,Email,Mid-Range,France,60,Tablet,31,5,290.18,91.25,112.86,20.0,4,3,2,9,Loyal Customers,307.0,Retention,High,Personalised thank-you + early access
CUST00286,Referral,Mid-Range,UAE,18,Desktop,31,4,564.68,147.63,253.83,25.0,4,2,3,9,New Customers,592.0,Onboarding,Medium,Welcome series — product education
CUST00289,Direct,Premium,UK,57,Tablet,61,5,460.63,92.13,218.61,0.0,3,3,3,9,Loyal Customers,542.0,Retention,High,Personalised thank-you + early access
CUST00290,Organic Search,Mid-Range,UAE,61,Tablet,119,5,757.88,163.73,308.56,20.0,2,3,4,9,At Risk,750.0,Win-back,High,Time-limited re-engagement offer
CUST01097,Email,Mid-Range,Australia,64,Mobile,125,7,441.97,119.27,212.68,42.9,2,4,3,9,At Risk,536.0,Win-back,High,Time-limited re-engagement offer
CUST01064,Referral,Mid-Range,Canada,47,Desktop,86,4,1002.41,250.6,475.9,0.0,2,2,5,9,Lost Customers,1101.0,Reactivation,Low,Last-chance discount + churn survey
CUST00603,Email,Budget,France,49,Desktop,37,5,407.6,128.74,153.35,40.0,4,3,2,9,Loyal Customers,312.0,Retention,High,Personalised thank-you + early access
CUST00605,Paid Social,Budget,UK,38,Tablet,37,4,534.7,155.03,249.84,25.0,4,2,3,9,New Customers,553.0,Onboarding,Medium,Welcome series — product education
CUST00608,Email,Budget,USA,47,Mobile,181,6,1114.13,203.69,457.21,16.7,1,3,5,9,At Risk,1012.0,Win-back,High,Time-limited re-engagement offer
CUST01407,Paid Social,Premium,USA,50,Mobile,89,5,797.45,207.84,328.42,20.0,2,3,4,9,At Risk,802.0,Win-back,High,Time-limited re-engagement offer
CUST00614,Paid Social,Premium,Australia,23,Mobile,139,6,814.21,212.77,340.56,33.3,2,3,4,9,At Risk,856.0,Win-back,High,Time-limited re-engagement offer
CUST00600,Email,Budget,UAE,63,Tablet,46,5,352.17,111.96,163.11,40.0,4,3,2,9,Loyal Customers,291.0,Retention,High,Personalised thank-you + early access
CUST00629,Direct,Premium,UAE,28,Desktop,267,8,685.84,117.47,258.71000000000004,25.0,1,4,4,9,At Risk,848.0,Win-back,High,Time-limited re-engagement offer
CUST00585,Referral,Budget,UAE,32,Desktop,37,5,286.05,168.67,132.01,20.0,4,3,2,9,Loyal Customers,491.0,Retention,High,Personalised thank-you + early access
CUST00566,Organic Search,Premium,USA,19,Mobile,84,7,342.81,144.19,119.97,42.9,3,4,2,9,Loyal Customers,444.0,Retention,High,Personalised thank-you + early access
CUST00570,Organic Search,Mid-Range,UK,55,Tablet,114,7,469.76,85.75,246.94,14.3,2,4,3,9,At Risk,588.0,Win-back,High,Time-limited re-engagement offer
CUST01454,Direct,Mid-Range,Nigeria,46,Desktop,37,5,281.5,123.94,143.69,40.0,4,3,2,9,Loyal Customers,338.0,Retention,High,Personalised thank-you + early access
CUST01461,Referral,Budget,Canada,26,Desktop,73,6,270.41,101.16,142.36,33.3,3,4,2,9,Loyal Customers,379.0,Retention,High,Personalised thank-you + early access
CUST01442,Paid Social,Mid-Range,Nigeria,58,Desktop,22,4,533.89,133.47,250.34,0.0,4,2,3,9,New Customers,582.0,Onboarding,Medium,Welcome series — product education
CUST01438,Organic Search,Mid-Range,UAE,49,Mobile,335,7,653.04,104.86,253.36,14.3,1,4,4,9,At Risk,788.0,Win-back,High,Time-limited re-engagement offer
CUST01471,Direct,Premium,UAE,54,Mobile,149,6,573.54,115.77,232.47,16.7,2,4,3,9,At Risk,553.0,Win-back,High,Time-limited re-engagement offer
CUST00003,Organic Search,Premium,UAE,65,Desktop,69,6,435.67,101.86,173.39,33.3,3,3,3,9,Loyal Customers,553.0,Retention,High,Personalised thank-you + early access
CUST01452,Influencer,Mid-Range,UK,56,Tablet,77,5,458.17,118.96,195.81,20.0,3,3,3,9,Loyal Customers,535.0,Retention,High,Personalised thank-you + early access
CUST01489,Email,Mid-Range,USA,28,Mobile,16,3,338.47,141.14,131.14,33.3,5,2,2,9,New Customers,258.0,Onboarding,Medium,Welcome series — product education
CUST00275,Influencer,Mid-Range,UK,64,Mobile,102,8,553.46,96.54,250.67,25.0,2,4,3,9,At Risk,654.0,Win-back,High,Time-limited re-engagement offer
CUST00595,Direct,Budget,France,61,Desktop,6,4,401.33,100.33,190.74,0.0,5,2,2,9,New Customers,389.0,Onboarding,Medium,Welcome series — product education
CUST00577,Email,Premium,USA,65,Desktop,22,6,325.84,88.12,116.11,50.0,4,3,2,9,Loyal Customers,307.0,Retention,High,Personalised thank-you + early access
CUST00579,Direct,Budget,Australia,23,Desktop,123,6,777.67,129.61,449.11,0.0,2,3,4,9,At Risk,824.0,Win-back,High,Time-limited re-engagement offer
CUST00582,Organic Search,Budget,Australia,65,Mobile,153,6,820.5,136.75,347.93,0.0,2,3,4,9,At Risk,839.0,Win-back,High,Time-limited re-engagement offer
CUST00587,Organic Search,Premium,USA,31,Desktop,92,7,629.55,159.04,205.28,42.9,2,4,3,9,At Risk,617.0,Win-back,High,Time-limited re-engagement offer
CUST00594,Organic Search,Budget,Nigeria,28,Mobile,13,4,365.6,128.57,137.47,25.0,5,2,2,9,New Customers,367.0,Onboarding,Medium,Welcome series — product education
CUST00071,Paid Social,Mid-Range,Nigeria,41,Mobile,65,6,594.31,142.31,240.69,33.3,3,3,3,9,Loyal Customers,602.0,Retention,High,Personalised thank-you + early access
CUST00048,Organic Search,Mid-Range,Germany,21,Mobile,57,4,773.65,193.41,384.21999999999997,0.0,3,2,4,9,Potential Loyalists,820.0,Nurture,Medium,Incentivise 2nd/3rd purchase with discount
CUST01409,Referral,Mid-Range,USA,60,Desktop,64,5,482.85,129.26,194.0,20.0,3,3,3,9,Loyal Customers,593.0,Retention,High,Personalised thank-you + early access
CUST00703,Email,Mid-Range,France,47,Tablet,34,5,251.24,112.76,97.58,60.0,4,3,2,9,Loyal Customers,243.0,Retention,High,Personalised thank-you + early access
CUST01355,Paid Social,Budget,Germany,36,Tablet,57,5,538.77,125.96,270.61,20.0,3,3,3,9,Loyal Customers,535.0,Retention,High,Personalised thank-you + early access
CUST00112,Direct,Mid-Range,Australia,63,Tablet,114,7,620.22,101.15,234.26999999999998,28.6,2,4,3,9,At Risk,577.0,Win-back,High,Time-limited re-engagement offer
CUST00719,Paid Social,Premium,Nigeria,47,Mobile,68,4,654.93,185.52,295.78,25.0,3,2,4,9,Potential Loyalists,749.0,Nurture,Medium,Incentivise 2nd/3rd purchase with discount
CUST00697,Referral,Budget,Germany,45,Mobile,278,6,892.46,161.48,360.75,16.7,1,4,4,9,At Risk,826.0,Win-back,High,Time-limited re-engagement offer
CUST00698,Direct,Premium,USA,43,Desktop,198,6,653.01,150.36,241.0,33.3,1,4,4,9,At Risk,717.0,Win-back,High,Time-limited re-engagement offer
CUST00684,Paid Social,Mid-Range,Germany,58,Tablet,105,5,657.9,131.58,279.07,0.0,2,3,4,9,At Risk,747.0,Win-back,High,Time-limited re-engagement offer
CUST00740,Email,Premium,Germany,44,Mobile,192,7,836.24,128.85,378.08,14.3,1,4,4,9,At Risk,773.0,Win-back,High,Time-limited re-engagement offer
CUST00743,Paid Social,Premium,UAE,37,Desktop,24,3,450.81,150.27,159.99,0.0,4,2,3,9,New Customers,528.0,Onboarding,Medium,Welcome series — product education
CUST00501,Direct,Budget,Canada,57,Mobile,34,4,579.57,144.89,229.07999999999998,0.0,4,2,3,9,New Customers,603.0,Onboarding,Medium,Welcome series — product education
CUST00506,Influencer,Mid-Range,Australia,41,Mobile,4,3,329.63,109.88,180.28,0.0,5,2,2,9,New Customers,327.0,Onboarding,Medium,Welcome series — product education
CUST00368,Direct,Premium,Canada,26,Mobile,10,5,101.8,93.24,40.34,40.0,5,3,1,9,Loyal Customers,141.0,Retention,High,Personalised thank-you + early access
CUST01171,Paid Social,Premium,UAE,21,Mobile,169,7,751.48,193.65,265.09000000000003,42.9,1,4,4,9,At Risk,819.0,Win-back,High,Time-limited re-engagement offer
CUST00392,Organic Search,Mid-Range,France,40,Desktop,27,6,375.63,250.53,167.92,66.7,4,3,2,9,Loyal Customers,520.0,Retention,High,Personalised thank-you + early access
CUST00393,Paid Social,Budget,Australia,41,Mobile,61,5,494.82,102.8,221.74,20.0,3,3,3,9,Loyal Customers,504.0,Retention,High,Personalised thank-you + early access
CUST00381,Organic Search,Budget,Canada,54,Desktop,55,6,631.16,155.91,177.71,33.3,3,3,3,9,Loyal Customers,625.0,Retention,High,Personalised thank-you + early access
CUST00382,Organic Search,Budget,USA,34,Desktop,64,6,536.58,89.43,264.54,0.0,3,3,3,9,Loyal Customers,612.0,Retention,High,Personalised thank-you + early access
CUST01187,Organic Search,Premium,USA,27,Mobile,76,5,577.34,202.13,261.2,20.0,3,3,3,9,Loyal Customers,644.0,Retention,High,Personalised thank-you + early access
CUST01194,Referral,Budget,Germany,61,Mobile,91,5,672.27,134.45,286.12,0.0,2,3,4,9,At Risk,801.0,Win-back,High,Time-limited re-engagement offer
CUST00914,Email,Budget,Nigeria,60,Mobile,58,6,313.8,108.4,157.41,50.0,3,4,2,9,Loyal Customers,271.0,Retention,High,Personalised thank-you + early access
CUST00921,Direct,Premium,Canada,51,Tablet,172,9,491.29,141.57,240.84,33.3,1,5,3,9,At Risk,709.0,Win-back,High,Time-limited re-engagement offer
CUST01214,Paid Social,Budget,UK,64,Mobile,6,4,412.15,130.61,235.61,25.0,5,2,2,9,New Customers,367.0,Onboarding,Medium,Welcome series — product education
CUST01202,Paid Social,Premium,France,45,Mobile,37,3,604.59,201.53,329.02,0.0,4,2,3,9,New Customers,600.0,Onboarding,Medium,Welcome series — product education
CUST00481,Organic Search,Mid-Range,France,29,Desktop,129,5,649.53,236.62,325.86,40.0,2,3,4,9,At Risk,801.0,Win-back,High,Time-limited re-engagement offer
CUST00750,Referral,Mid-Range,Nigeria,52,Mobile,17,3,397.16,132.39,217.6,0.0,5,2,2,9,New Customers,404.0,Onboarding,Medium,Welcome series — product education
CUST00753,Organic Search,Premium,Germany,48,Mobile,97,5,854.6,170.92,439.72,0.0,2,3,4,9,At Risk,803.0,Win-back,High,Time-limited re-engagement offer
CUST01321,Organic Search,Mid-Range,Nigeria,21,Desktop,110,5,900.88,180.18,429.01,0.0,2,3,4,9,At Risk,815.0,Win-back,High,Time-limited re-engagement offer
CUST00761,Email,Mid-Range,Nigeria,33,Desktop,111,5,856.18,171.24,409.5,0.0,2,3,4,9,At Risk,772.0,Win-back,High,Time-limited re-engagement offer
CUST01345,Paid Social,Mid-Range,France,44,Desktop,30,5,373.56,84.08,151.93,20.0,4,3,2,9,Loyal Customers,324.0,Retention,High,Personalised thank-you + early access
CUST01346,Organic Search,Premium,UAE,35,Desktop,27,5,356.22,71.24,132.57,0.0,4,3,2,9,Loyal Customers,357.0,Retention,High,Personalised thank-you + early access
CUST01330,Influencer,Mid-Range,Australia,25,Mobile,41,4,461.37,115.34,204.26,0.0,4,2,3,9,New Customers,563.0,Onboarding,Medium,Welcome series — product education
CUST01222,Paid Social,Premium,France,22,Mobile,16,3,398.81,132.94,169.64999999999998,0.0,5,2,2,9,New Customers,352.0,Onboarding,Medium,Welcome series — product education
CUST00359,Paid Social,Budget,UAE,18,Desktop,9,4,430.79,107.7,166.73,0.0,5,2,2,9,New Customers,392.0,Onboarding,Medium,Welcome series — product education
CUST01134,Paid Social,Budget,UAE,30,Desktop,16,3,395.81,166.38,187.37,33.3,5,2,2,9,New Customers,320.0,Onboarding,Medium,Welcome series — product education
CUST01164,Email,Premium,UAE,25,Desktop,173,7,648.47,119.96,300.8,28.6,1,4,4,9,At Risk,724.0,Win-back,High,Time-limited re-engagement offer
CUST01156,Email,Mid-Range,Nigeria,21,Mobile,189,6,677.84,187.18,373.69,50.0,1,4,4,9,At Risk,692.0,Win-back,High,Time-limited re-engagement offer
CUST00521,Paid Social,Premium,UK,44,Desktop,85,5,586.86,165.25,167.76,40.0,3,3,3,9,Loyal Customers,545.0,Retention,High,Personalised thank-you + early access
CUST00688,Referral,Budget,USA,63,Desktop,76,4,710.17,177.54,252.32000000000002,0.0,3,2,4,9,Potential Loyalists,850.0,Nurture,Medium,Incentivise 2nd/3rd purchase with discount
CUST00690,Email,Mid-Range,France,28,Mobile,13,4,347.48,100.54,104.87,25.0,5,2,2,9,New Customers,297.0,Onboarding,Medium,Welcome series — product education
CUST00511,Paid Social,Premium,USA,26,Mobile,214,7,722.15,120.43,373.9,14.3,1,4,4,9,At Risk,791.0,Win-back,High,Time-limited re-engagement offer
CUST01363,Email,Mid-Range,UAE,19,Mobile,3,5,115.91,90.5,51.0,80.0,5,3,1,9,Loyal Customers,9.0,Retention,High,Personalised thank-you + early access
CUST01366,Referral,Budget,UAE,59,Mobile,10,3,392.52,130.84,159.86,0.0,5,2,2,9,New Customers,402.0,Onboarding,Medium,Welcome series — product education
CUST00125,Paid Social,Mid-Range,USA,45,Desktop,55,5,624.12,205.21,273.16,60.0,3,3,3,9,Loyal Customers,550.0,Retention,High,Personalised thank-you + early access
CUST00117,Email,Mid-Range,USA,38,Desktop,51,5,589.6,148.23,228.62,20.0,3,3,3,9,Loyal Customers,537.0,Retention,High,Personalised thank-you + early access
CUST01359,Paid Social,Budget,Australia,44,Desktop,8,4,299.06,130.71,133.92000000000002,25.0,5,2,2,9,New Customers,366.0,Onboarding,Medium,Welcome series — product education
CUST00950,Referral,Mid-Range,UK,28,Mobile,28,6,173.82,125.86,87.44,50.0,4,4,1,9,Champions,218.0,VIP Rewards,High,Exclusive loyalty rewards + upsell premium
CUST01157,Paid Social,Premium,UK,29,Mobile,47,4,648.94,254.61,284.46,25.0,3,2,4,9,Potential Loyalists,840.0,Nurture,Medium,Incentivise 2nd/3rd purchase with discount
CUST00956,Organic Search,Mid-Range,Nigeria,32,Desktop,103,6,624.9,115.02,263.0,16.7,2,4,3,9,At Risk,544.0,Win-back,High,Time-limited re-engagement offer
CUST00224,Direct,Mid-Range,Canada,56,Mobile,79,6,449.01,141.86,200.61,50.0,3,3,3,9,Loyal Customers,570.0,Retention,High,Personalised thank-you + early access
CUST00215,Paid Social,Budget,UAE,43,Mobile,21,5,427.81,88.65,228.93,20.0,4,3,2,9,Loyal Customers,330.0,Retention,High,Personalised thank-you + early access
CUST00967,Referral,Mid-Range,Australia,33,Desktop,159,5,669.83,185.79,375.83,20.0,2,3,4,9,At Risk,829.0,Win-back,High,Time-limited re-engagement offer
CUST00904,Email,Mid-Range,Australia,36,Desktop,104,6,622.93,146.21,269.5,33.3,2,4,3,9,At Risk,516.0,Win-back,High,Time-limited re-engagement offer
CUST00908,Paid Social,Budget,UAE,56,Desktop,102,5,681.76,184.06,270.26,20.0,2,3,4,9,At Risk,771.0,Win-back,High,Time-limited re-engagement offer
CUST00890,Paid Social,Mid-Range,UAE,30,Mobile,28,4,586.94,146.73,303.04,0.0,4,2,3,9,New Customers,599.0,Onboarding,Medium,Welcome series — product education
CUST00195,Organic Search,Budget,Germany,38,Tablet,59,5,486.23,103.61,211.63,20.0,3,3,3,9,Loyal Customers,509.0,Retention,High,Personalised thank-you + early access
CUST00187,Organic Search,Budget,France,54,Desktop,6,4,356.56,135.6,145.98000000000002,25.0,5,2,2,9,New Customers,377.0,Onboarding,Medium,Welcome series — product education
CUST00895,Email,Mid-Range,Australia,29,Desktop,182,7,760.57,108.65,385.46,0.0,1,4,4,9,At Risk,777.0,Win-back,High,Time-limited re-engagement offer
CUST01301,Paid Social,Mid-Range,UK,26,Desktop,4,4,412.31,103.08,186.69,0.0,5,2,2,9,New Customers,385.0,Onboarding,Medium,Welcome series — product education
CUST00161,Paid Social,Premium,Nigeria,59,Desktop,101,4,998.04,249.51,389.72,0.0,2,2,5,9,Lost Customers,1050.0,Reactivation,Low,Last-chance discount + churn survey
CUST00162,Direct,Mid-Range,Nigeria,22,Mobile,29,5,338.06,97.45,159.07999999999998,20.0,4,3,2,9,Loyal Customers,346.0,Retention,High,Personalised thank-you + early access
CUST00769,Email,Mid-Range,USA,58,Mobile,26,8,189.59,111.73,99.25,75.0,4,4,1,9,Champions,213.0,VIP Rewards,High,Exclusive loyalty rewards + upsell premium
CUST00771,Organic Search,Mid-Range,UAE,42,Tablet,78,6,332.63,144.17,131.02,33.3,3,4,2,9,Loyal Customers,392.0,Retention,High,Personalised thank-you + early access
CUST01303,Influencer,Mid-Range,France,59,Mobile,45,4,638.28,159.57,285.57000000000005,0.0,4,2,3,9,New Customers,626.0,Onboarding,Medium,Welcome series — product education
CUST00784,Referral,Budget,Australia,65,Mobile,9,3,385.1,169.29,139.69,33.3,5,2,2,9,New Customers,377.0,Onboarding,Medium,Welcome series — product education
CUST00467,Influencer,Budget,UK,22,Mobile,73,6,466.98,96.73,176.13,16.7,3,3,3,9,Loyal Customers,585.0,Retention,High,Personalised thank-you + early access
CUST00435,Direct,Budget,USA,26,Mobile,6,5,60.18,196.72,34.3,80.0,5,3,1,9,Loyal Customers,188.0,Retention,High,Personalised thank-you + early access
CUST01243,Paid Social,Mid-Range,USA,24,Desktop,1,3,374.09,205.48,182.85000000000002,33.3,5,2,2,9,New Customers,371.0,Onboarding,Medium,Welcome series — product education
CUST00245,Email,Budget,Germany,64,Mobile,81,6,590.93,114.41,290.15,16.7,3,3,3,9,Loyal Customers,578.0,Retention,High,Personalised thank-you + early access
CUST00248,Email,Premium,UAE,54,Mobile,57,6,468.79,125.29,276.28000000000003,33.3,3,3,3,9,Loyal Customers,551.0,Retention,High,Personalised thank-you + early access
CUST00999,Influencer,Budget,France,51,Mobile,209,5,919.34,183.87,369.32000000000005,0.0,1,3,5,9,At Risk,986.0,Win-back,High,Time-limited re-engagement offer
CUST01101,Influencer,Mid-Range,Germany,47,Desktop,100,5,828.33,165.67,267.12,0.0,2,3,4,9,At Risk,798.0,Win-back,High,Time-limited re-engagement offer
CUST00254,Paid Social,Budget,Australia,40,Desktop,10,5,232.94,151.71,124.57,40.0,5,3,1,9,Loyal Customers,216.0,Retention,High,Personalised thank-you + early access
CUST00336,Organic Search,Mid-Range,UK,43,Desktop,173,7,663.32,190.02,262.19,28.6,1,4,4,9,At Risk,853.0,Win-back,High,Time-limited re-engagement offer
CUST00348,Paid Social,Budget,France,65,Mobile,9,3,474.47,206.56,282.64,33.3,5,1,3,9,New Customers,595.0,Onboarding,Medium,Welcome series — product education
CUST00549,Email,Budget,Australia,20,Mobile,40,4,506.74,126.68,228.07,0.0,4,2,3,9,New Customers,544.0,Onboarding,Medium,Welcome series — product education
CUST00527,Organic Search,Premium,UAE,23,Desktop,61,7,265.79,80.82,113.44,42.9,3,4,2,9,Loyal Customers,355.0,Retention,High,Personalised thank-you + early access
CUST00533,Influencer,Premium,France,21,Desktop,107,5,790.57,158.11,360.7,0.0,2,3,4,9,At Risk,787.0,Win-back,High,Time-limited re-engagement offer
CUST00659,Paid Social,Budget,UAE,37,Mobile,71,5,548.0,134.02,287.63,40.0,3,3,3,9,Loyal Customers,501.0,Retention,High,Personalised thank-you + early access
CUST00096,Organic Search,Luxury,France,20,Mobile,92,8,503.69,146.17,199.44,50.0,2,4,3,9,At Risk,657.0,Win-back,High,Time-limited re-engagement offer
CUST00080,Referral,Budget,Australia,53,Tablet,61,6,548.03,91.34,278.57,0.0,3,3,3,9,Loyal Customers,662.0,Retention,High,Personalised thank-you + early access
CUST00086,Influencer,Budget,UAE,55,Desktop,27,6,343.4,108.36,181.11,50.0,4,3,2,9,Loyal Customers,369.0,Retention,High,Personalised thank-you + early access
CUST00089,Paid Social,Premium,Australia,30,Desktop,65,5,514.23,102.85,202.51,0.0,3,3,3,9,Loyal Customers,551.0,Retention,High,Personalised thank-you + early access
CUST00107,Paid Social,Luxury,UK,63,Desktop,218,6,997.86,166.31,442.82,0.0,1,3,5,9,At Risk,1033.0,Win-back,High,Time-limited re-engagement offer
CUST01390,Referral,Mid-Range,Canada,64,Mobile,6,4,284.86,122.24,92.96,25.0,5,2,2,9,New Customers,407.0,Onboarding,Medium,Welcome series — product education
CUST00094,Referral,Mid-Range,Australia,30,Mobile,192,7,728.36,104.05,355.09,0.0,1,4,4,9,At Risk,851.0,Win-back,High,Time-limited re-engagement offer
CUST00354,Paid Social,Luxury,Canada,58,Mobile,391,7,803.36,172.0,349.31,28.6,1,4,4,9,At Risk,849.0,Win-back,High,Time-limited re-engagement offer
CUST01125,Paid Social,Budget,UAE,61,Mobile,6,4,343.52,99.2,149.73,25.0,5,2,2,9,New Customers,324.0,Onboarding,Medium,Welcome series — product education
CUST00981,Paid Social,Mid-Range,Australia,34,Mobile,130,7,458.73,96.64,243.33,14.3,2,4,3,9,At Risk,599.0,Win-back,High,Time-limited re-engagement offer
CUST00987,Direct,Premium,Australia,31,Desktop,156,5,657.98,159.26,319.49,20.0,2,3,4,9,At Risk,747.0,Win-back,High,Time-limited re-engagement offer
CUST00202,Referral,Mid-Range,UK,57,Desktop,18,5,283.5,80.68,157.59,20.0,4,3,2,9,Loyal Customers,371.0,Retention,High,Personalised thank-you + early access
CUST00402,Organic Search,Premium,Australia,31,Mobile,80,8,332.85,66.08,159.01,25.0,3,4,2,9,Loyal Customers,455.0,Retention,High,Personalised thank-you + early access
CUST00851,Paid Social,Mid-Range,Australia,50,Mobile,140,5,740.86,148.17,377.76,0.0,2,3,4,9,At Risk,773.0,Win-back,High,Time-limited re-engagement offer
CUST00415,Email,Mid-Range,Nigeria,34,Desktop,23,4,611.0,152.75,251.28,0.0,4,2,3,9,New Customers,579.0,Onboarding,Medium,Welcome series — product education
CUST01255,Direct,Budget,UAE,43,Mobile,8,3,271.7,90.57,140.19,0.0,5,2,2,9,New Customers,300.0,Onboarding,Medium,Welcome series — product education
CUST00417,Email,Premium,Australia,40,Mobile,151,6,823.9,174.46,383.08,33.3,2,3,4,9,At Risk,778.0,Win-back,High,Time-limited re-engagement offer
CUST01275,Email,Budget,USA,19,Desktop,69,6,280.68,166.17,141.43,66.7,3,4,2,9,Loyal Customers,309.0,Retention,High,Personalised thank-you + early access
CUST01276,Referral,Budget,Canada,35,Tablet,117,5,643.35,232.66,274.25,40.0,2,3,4,9,At Risk,842.0,Win-back,High,Time-limited re-engagement offer
CUST01253,Paid Social,Budget,Australia,62,Tablet,83,5,488.28,144.43,177.56,40.0,3,3,3,9,Loyal Customers,518.0,Retention,High,Personalised thank-you + early access
CUST00454,Influencer,Premium,France,36,Mobile,27,8,170.79,104.84,65.81,62.5,4,4,1,9,Champions,266.0,VIP Rewards,High,Exclusive loyalty rewards + upsell premium
CUST01289,Paid Social,Mid-Range,USA,20,Mobile,153,7,636.42,148.18,340.81,42.9,2,4,3,9,At Risk,604.0,Win-back,High,Time-limited re-engagement offer
CUST00813,Organic Search,Mid-Range,Australia,21,Desktop,60,5,460.95,92.19,251.54,0.0,3,3,3,9,Loyal Customers,539.0,Retention,High,Personalised thank-you + early access
CUST00151,Referral,Mid-Range,UAE,57,Mobile,85,5,573.23,146.23,238.60999999999999,20.0,3,3,3,9,Loyal Customers,618.0,Retention,High,Personalised thank-you + early access
CUST00152,Paid Social,Budget,UK,54,Mobile,12,4,287.16,82.54,142.19,25.0,5,2,2,9,New Customers,302.0,Onboarding,Medium,Welcome series — product education
CUST00156,Referral,Mid-Range,USA,46,Desktop,96,6,750.95,135.81,311.02,16.7,2,3,4,9,At Risk,838.0,Win-back,High,Time-limited re-engagement offer
CUST00044,Organic Search,Premium,Germany,35,Desktop,102,6,704.13,120.58,302.11,16.7,2,3,4,9,At Risk,770.0,Win-back,High,Time-limited re-engagement offer
CUST01499,Direct,Premium,USA,60,Desktop,64,7,319.01,67.79,142.62,28.6,3,4,2,9,Loyal Customers,375.0,Retention,High,Personalised thank-you + early access
CUST00025,Email,Mid-Range,USA,19,Mobile,2,4,292.12,73.03,171.09,0.0,5,2,2,9,New Customers,316.0,Onboarding,Medium,Welcome series — product education
CUST00066,Influencer,Mid-Range,France,57,Mobile,26,4,519.85,129.96,263.77,0.0,4,2,3,9,New Customers,584.0,Onboarding,Medium,Welcome series — product education
CUST01406,Email,Budget,UK,29,Mobile,3,3,92.31,42.25,36.629999999999995,33.3,5,2,1,8,New Customers,0.0,Onboarding,Medium,Welcome series — product education
CUST01402,Paid Social,Mid-Range,Canada,58,Mobile,27,4,302.66,91.08,145.42,25.0,4,2,2,8,New Customers,308.0,Onboarding,Medium,Welcome series — product education
CUST00584,Email,Budget,Canada,23,Desktop,220,5,682.51,153.6,397.90999999999997,20.0,1,3,4,8,At Risk,705.0,Win-back,High,Time-limited re-engagement offer
CUST00033,Paid Social,Premium,Germany,39,Desktop,43,4,330.25,151.25,147.14000000000001,25.0,4,2,2,8,New Customers,390.0,Onboarding,Medium,Welcome series — product education
CUST00072,Paid Social,Premium,USA,25,Desktop,200,6,822.7,237.14,407.8,33.3,1,3,4,8,At Risk,889.0,Win-back,High,Time-limited re-engagement offer
CUST00995,Influencer,Budget,France,31,Mobile,72,3,441.06,373.83,172.01,66.7,3,2,3,8,Potential Loyalists,680.0,Nurture,Medium,Incentivise 2nd/3rd purchase with discount
CUST00529,Paid Social,Mid-Range,UAE,60,Desktop,9,2,255.04,127.52,141.98000000000002,0.0,5,1,2,8,New Customers,331.0,Onboarding,Medium,Welcome series — product education
CUST00339,Paid Social,Premium,Nigeria,37,Mobile,195,6,817.64,198.33,482.43,33.3,1,3,4,8,At Risk,836.0,Win-back,High,Time-limited re-engagement offer
CUST00251,Referral,Budget,Nigeria,36,Mobile,50,4,550.33,179.9,234.64000000000001,25.0,3,2,3,8,Potential Loyalists,632.0,Nurture,Medium,Incentivise 2nd/3rd purchase with discount
CUST00331,Paid Social,Budget,France,59,Mobile,57,5,359.12,84.56,177.64,20.0,3,3,2,8,Loyal Customers,322.0,Retention,High,Personalised thank-you + early access
CUST01005,Paid Social,Mid-Range,Germany,20,Mobile,132,6,281.86,75.35,107.37,33.3,2,4,2,8,At Risk,291.0,Win-back,High,Time-limited re-engagement offer
CUST00318,Influencer,Mid-Range,France,32,Desktop,96,5,446.03,106.21,158.63,20.0,2,3,3,8,At Risk,511.0,Win-back,High,Time-limited re-engagement offer
CUST00063,Paid Social,Budget,Canada,37,Mobile,4,3,369.93,123.31,165.67,0.0,5,1,2,8,New Customers,398.0,Onboarding,Medium,Welcome series — product education
CUST00264,Organic Search,Budget,USA,25,Desktop,226,6,847.45,154.7,293.85,16.7,1,3,4,8,At Risk,822.0,Win-back,High,Time-limited re-engagement offer
CUST00244,Paid Social,Budget,UK,26,Mobile,52,5,412.73,134.69,242.83999999999997,40.0,3,3,2,8,Loyal Customers,340.0,Retention,High,Personalised thank-you + early access
CUST01475,Influencer,Mid-Range,UK,33,Mobile,95,5,588.49,191.54,286.69,40.0,2,3,3,8,At Risk,580.0,Win-back,High,Time-limited re-engagement offer
CUST01476,Organic Search,Budget,Nigeria,54,Desktop,181,5,746.85,149.37,306.78,0.0,1,3,4,8,At Risk,776.0,Win-back,High,Time-limited re-engagement offer
CUST00645,Influencer,Mid-Range,UAE,32,Mobile,35,4,353.4,88.35,160.41,0.0,4,2,2,8,New Customers,368.0,Onboarding,Medium,Welcome series — product education
CUST00405,Paid Social,Premium,Germany,49,Mobile,67,6,289.46,108.15,119.06,66.7,3,3,2,8,Loyal Customers,320.0,Retention,High,Personalised thank-you + early access
CUST01236,Influencer,Budget,Germany,32,Mobile,14,4,242.31,126.7,64.2,50.0,5,2,1,8,New Customers,150.0,Onboarding,Medium,Welcome series — product education
CUST01272,Paid Social,Budget,Australia,64,Mobile,46,5,261.8,115.31,98.00999999999999,40.0,3,3,2,8,Loyal Customers,316.0,Retention,High,Personalised thank-you + early access
CUST01254,Email,Mid-Range,Nigeria,58,Desktop,109,6,389.99,127.31,124.46000000000001,33.3,2,4,2,8,At Risk,334.0,Win-back,High,Time-limited re-engagement offer
CUST01256,Paid Social,Mid-Range,Australia,20,Mobile,40,5,181.06,65.29,68.94,40.0,4,3,1,8,Loyal Customers,93.0,Retention,High,Personalised thank-you + early access
CUST01262,Influencer,Mid-Range,Nigeria,28,Tablet,129,3,690.78,230.26,284.94,0.0,2,2,4,8,Lost Customers,798.0,Reactivation,Low,Last-chance discount + churn survey
CUST00799,Direct,Mid-Range,Canada,55,Mobile,160,5,635.24,156.72,341.39,20.0,2,3,3,8,At Risk,587.0,Win-back,High,Time-limited re-engagement offer
CUST00400,Organic Search,Mid-Range,Germany,35,Desktop,127,4,680.46,170.12,339.28,0.0,2,2,4,8,Lost Customers,789.0,Reactivation,Low,Last-chance discount + churn survey
CUST00401,Paid Social,Budget,Australia,37,Mobile,67,4,492.44,170.47,136.72,25.0,3,2,3,8,Potential Loyalists,570.0,Nurture,Medium,Incentivise 2nd/3rd purchase with discount
CUST00404,Direct,Budget,UAE,41,Mobile,107,5,615.26,164.77,253.06,20.0,2,3,3,8,At Risk,591.0,Win-back,High,Time-limited re-engagement offer
CUST01245,Organic Search,Premium,UK,48,Desktop,100,7,367.39,83.72,171.87,42.9,2,4,2,8,At Risk,358.0,Win-back,High,Time-limited re-engagement offer
CUST01235,Referral,Budget,USA,62,Mobile,160,3,891.78,297.26,370.48,0.0,2,2,4,8,Lost Customers,940.0,Reactivation,Low,Last-chance discount + churn survey
CUST00432,Paid Social,Mid-Range,Nigeria,32,Mobile,50,5,272.45,82.71,121.78,40.0,3,3,2,8,Loyal Customers,270.0,Retention,High,Personalised thank-you + early access
CUST00803,Direct,Mid-Range,UAE,41,Desktop,8,4,224.88,73.38,125.11000000000001,25.0,5,2,1,8,New Customers,134.0,Onboarding,Medium,Welcome series — product education
CUST01306,Organic Search,Mid-Range,UK,41,Desktop,89,5,558.41,135.15,174.78000000000003,20.0,2,3,3,8,At Risk,548.0,Win-back,High,Time-limited re-engagement offer
CUST01310,Referral,Budget,Germany,55,Desktop,23,3,413.5,137.83,207.26,0.0,4,2,2,8,New Customers,405.0,Onboarding,Medium,Welcome series — product education
CUST01294,Paid Social,Mid-Range,Nigeria,49,Desktop,11,2,418.71,209.36,168.17000000000002,0.0,5,1,2,8,New Customers,442.0,Onboarding,Medium,Welcome series — product education
CUST00355,Influencer,Mid-Range,UK,50,Desktop,246,7,448.28,96.33,209.6,42.9,1,4,3,8,At Risk,544.0,Win-back,High,Time-limited re-engagement offer
CUST01152,Paid Social,Budget,UK,26,Desktop,51,3,518.86,172.95,310.32,0.0,3,2,3,8,Potential Loyalists,554.0,Nurture,Medium,Incentivise 2nd/3rd purchase with discount
CUST01132,Organic Search,Budget,Australia,23,Tablet,65,3,462.13,154.04,271.18,0.0,3,2,3,8,Potential Loyalists,534.0,Nurture,Medium,Incentivise 2nd/3rd purchase with discount
CUST01138,Paid Social,Premium,France,38,Desktop,98,7,388.51,88.48,179.42000000000002,14.3,2,4,2,8,At Risk,426.0,Win-back,High,Time-limited re-engagement offer
CUST01121,Email,Mid-Range,Germany,34,Mobile,97,5,561.43,132.88,282.04,20.0,2,3,3,8,At Risk,513.0,Win-back,High,Time-limited re-engagement offer
CUST00973,Influencer,Mid-Range,France,64,Mobile,44,3,360.0,140.59,131.87,33.3,4,2,2,8,New Customers,289.0,Onboarding,Medium,Welcome series — product education
CUST00544,Paid Social,Budget,UK,56,Mobile,156,5,514.72,107.76,248.6,20.0,2,3,3,8,At Risk,515.0,Win-back,High,Time-limited re-engagement offer
CUST00334,Email,Mid-Range,Germany,43,Desktop,65,4,573.16,143.29,287.53999999999996,0.0,3,2,3,8,Potential Loyalists,563.0,Nurture,Medium,Incentivise 2nd/3rd purchase with discount
CUST00108,Influencer,Budget,Australia,18,Desktop,71,4,627.01,163.18,295.6,25.0,3,2,3,8,Potential Loyalists,565.0,Nurture,Medium,Incentivise 2nd/3rd purchase with discount
CUST01389,Direct,Mid-Range,Germany,26,Desktop,162,3,683.95,227.98,350.22,0.0,2,2,4,8,Lost Customers,797.0,Reactivation,Low,Last-chance discount + churn survey
CUST01393,Referral,Mid-Range,Germany,41,Mobile,101,4,648.44,162.11,219.55,0.0,2,2,4,8,Lost Customers,823.0,Reactivation,Low,Last-chance discount + churn survey
CUST00090,Paid Social,Mid-Range,UK,62,Desktop,46,5,108.3,118.34,50.03,60.0,4,3,1,8,Loyal Customers,122.0,Retention,High,Personalised thank-you + early access
CUST00948,Influencer,Mid-Range,Nigeria,34,Mobile,253,5,738.45,147.69,424.51,0.0,1,3,4,8,At Risk,782.0,Win-back,High,Time-limited re-engagement offer
CUST00667,Influencer,Premium,France,37,Desktop,90,5,579.41,204.09,231.07000000000002,20.0,2,3,3,8,At Risk,644.0,Win-back,High,Time-limited re-engagement offer
CUST00669,Paid Social,Budget,UAE,54,Mobile,77,4,565.52,141.38,305.86,0.0,3,2,3,8,Potential Loyalists,591.0,Nurture,Medium,Incentivise 2nd/3rd purchase with discount
CUST00905,Direct,Budget,Australia,21,Desktop,64,5,318.72,131.21,143.14,40.0,3,3,2,8,Loyal Customers,342.0,Retention,High,Personalised thank-you + early access
CUST00889,Organic Search,Budget,Germany,37,Tablet,191,6,614.04,102.34,293.04,0.0,1,4,3,8,At Risk,568.0,Win-back,High,Time-limited re-engagement offer
CUST00878,Organic Search,Budget,Germany,22,Mobile,48,4,468.29,117.07,228.97,0.0,3,2,3,8,Potential Loyalists,556.0,Nurture,Medium,Incentivise 2nd/3rd purchase with discount
CUST00862,Paid Social,Budget,Australia,40,Mobile,121,5,542.34,108.47,272.49,0.0,2,3,3,8,At Risk,558.0,Win-back,High,Time-limited re-engagement offer
CUST00868,Referral,Mid-Range,UK,62,Mobile,153,5,593.14,118.63,302.51,0.0,2,3,3,8,At Risk,628.0,Win-back,High,Time-limited re-engagement offer
CUST01210,Paid Social,Premium,Germany,26,Mobile,74,5,346.82,69.36,147.45,0.0,3,3,2,8,Loyal Customers,347.0,Retention,High,Personalised thank-you + early access
CUST01316,Referral,Budget,France,20,Tablet,77,4,441.36,134.67,221.81,25.0,3,2,3,8,Potential Loyalists,572.0,Nurture,Medium,Incentivise 2nd/3rd purchase with discount
CUST00754,Paid Social,Budget,UK,52,Mobile,174,5,650.83,130.17,197.79000000000002,0.0,1,3,4,8,At Risk,745.0,Win-back,High,Time-limited re-engagement offer
CUST00755,Email,Mid-Range,UAE,33,Mobile,158,4,690.32,172.58,345.53000000000003,0.0,2,2,4,8,Lost Customers,764.0,Reactivation,Low,Last-chance discount + churn survey
CUST00407,Paid Social,Luxury,UK,23,Desktop,147,8,406.01,169.14,230.44,50.0,2,4,2,8,At Risk,532.0,Win-back,High,Time-limited re-engagement offer
CUST00764,Referral,Mid-Range,France,62,Desktop,124,5,509.72,101.94,226.09,0.0,2,3,3,8,At Risk,602.0,Win-back,High,Time-limited re-engagement offer
CUST00767,Referral,Mid-Range,USA,25,Desktop,71,4,439.57,194.97,190.55,25.0,3,2,3,8,Potential Loyalists,654.0,Nurture,Medium,Incentivise 2nd/3rd purchase with discount
CUST00491,Referral,Mid-Range,Canada,32,Desktop,115,8,384.66,124.81,176.54,37.5,2,4,2,8,At Risk,549.0,Win-back,High,Time-limited re-engagement offer
CUST00752,Influencer,Premium,Germany,28,Desktop,52,5,392.85,78.57,193.19,0.0,3,3,2,8,Loyal Customers,364.0,Retention,High,Personalised thank-you + early access
CUST00211,Paid Social,Premium,UAE,33,Mobile,52,5,307.17,99.29,168.31,20.0,3,3,2,8,Loyal Customers,339.0,Retention,High,Personalised thank-you + early access
CUST00955,Paid Social,Mid-Range,UK,56,Desktop,221,5,749.0,149.8,307.3,0.0,1,3,4,8,At Risk,777.0,Win-back,High,Time-limited re-engagement offer
CUST00518,Paid Social,Mid-Range,Canada,47,Mobile,57,6,417.3,114.34,176.44,50.0,3,3,2,8,Loyal Customers,366.0,Retention,High,Personalised thank-you + early access
CUST00949,Direct,Budget,France,39,Mobile,173,5,905.34,181.07,397.38,0.0,1,3,4,8,At Risk,818.0,Win-back,High,Time-limited re-engagement offer
CUST00934,Paid Social,Premium,Australia,43,Mobile,78,4,479.76,119.94,175.01999999999998,0.0,3,2,3,8,Potential Loyalists,561.0,Nurture,Medium,Incentivise 2nd/3rd purchase with discount
CUST00538,Paid Social,Premium,USA,21,Mobile,239,8,625.78,139.07,307.28,25.0,1,4,3,8,At Risk,710.0,Win-back,High,Time-limited re-engagement offer
CUST01370,Organic Search,Luxury,Australia,45,Mobile,317,8,413.89,105.63,201.01,50.0,1,5,2,8,At Risk,402.0,Win-back,High,Time-limited re-engagement offer
CUST00389,Email,Mid-Range,Germany,58,Mobile,27,4,361.9,154.82,198.62,50.0,4,2,2,8,New Customers,308.0,Onboarding,Medium,Welcome series — product education
CUST00377,Referral,Mid-Range,Australia,40,Mobile,12,4,62.37,81.19,19.33,75.0,5,2,1,8,New Customers,75.0,Onboarding,Medium,Welcome series — product education
CUST00519,Paid Social,Budget,Germany,50,Mobile,73,5,337.45,209.26,162.01,60.0,3,3,2,8,Loyal Customers,399.0,Retention,High,Personalised thank-you + early access
CUST00520,Organic Search,Mid-Range,Nigeria,29,Tablet,65,5,410.95,127.36,222.45999999999998,40.0,3,3,2,8,Loyal Customers,336.0,Retention,High,Personalised thank-you + early access
CUST00522,Paid Social,Mid-Range,Germany,52,Mobile,4,3,38.64,248.45,18.93,66.7,5,2,1,8,New Customers,195.0,Onboarding,Medium,Welcome series — product education
CUST00500,Paid Social,Budget,France,56,Mobile,131,5,541.15,108.23,257.44,0.0,2,3,3,8,At Risk,560.0,Win-back,High,Time-limited re-engagement offer
CUST00205,Email,Mid-Range,Australia,46,Mobile,68,5,414.62,143.55,199.07999999999998,20.0,3,3,2,8,Loyal Customers,374.0,Retention,High,Personalised thank-you + early access
CUST00206,Paid Social,Premium,UAE,50,Mobile,73,6,399.92,155.29,166.21,33.3,3,3,2,8,Loyal Customers,463.0,Retention,High,Personalised thank-you + early access
CUST01212,Influencer,Budget,UK,62,Desktop,181,5,649.43,129.89,266.83,0.0,1,3,4,8,At Risk,752.0,Win-back,High,Time-limited re-engagement offer
CUST01186,Direct,Budget,Germany,46,Desktop,47,4,623.45,155.86,237.51,0.0,3,2,3,8,Potential Loyalists,612.0,Nurture,Medium,Incentivise 2nd/3rd purchase with discount
CUST00387,Email,Mid-Range,Canada,33,Desktop,40,5,235.5,95.1,110.41,20.0,4,3,1,8,Loyal Customers,153.0,Retention,High,Personalised thank-you + early access
CUST00367,Referral,Budget,USA,23,Mobile,14,3,408.14,136.05,223.25,0.0,5,1,2,8,New Customers,467.0,Onboarding,Medium,Welcome series — product education
CUST00370,Email,Budget,Canada,45,Desktop,8,1,252.08,252.08,98.31,0.0,5,1,2,8,New Customers,397.0,Onboarding,Medium,Welcome series — product education
CUST00222,Influencer,Mid-Range,UAE,23,Mobile,109,6,635.15,144.33,285.17,33.3,2,3,3,8,At Risk,608.0,Win-back,High,Time-limited re-engagement offer
CUST00509,Direct,Mid-Range,Germany,18,Mobile,69,3,626.4,208.8,218.6,0.0,3,2,3,8,Potential Loyalists,609.0,Nurture,Medium,Incentivise 2nd/3rd purchase with discount
CUST00673,Referral,Budget,Nigeria,36,Desktop,73,6,317.08,110.37,157.17000000000002,50.0,3,3,2,8,Loyal Customers,413.0,Retention,High,Personalised thank-you + early access
CUST00746,Direct,Premium,Canada,20,Mobile,160,5,517.56,197.06,202.13,40.0,2,3,3,8,At Risk,593.0,Win-back,High,Time-limited re-engagement offer
CUST01352,Email,Budget,UK,18,Mobile,26,4,288.78,72.2,137.46,0.0,4,2,2,8,New Customers,310.0,Onboarding,Medium,Welcome series — product education
CUST01356,Direct,Budget,Germany,53,Tablet,6,4,223.87,76.18,93.93,25.0,5,2,1,8,New Customers,139.0,Onboarding,Medium,Welcome series — product education
CUST00110,Organic Search,Mid-Range,Germany,36,Desktop,74,4,473.69,148.78,197.39,25.0,3,2,3,8,Potential Loyalists,545.0,Nurture,Medium,Incentivise 2nd/3rd purchase with discount
CUST00235,Influencer,Mid-Range,Canada,21,Mobile,70,4,544.83,136.21,294.3,0.0,3,2,3,8,Potential Loyalists,587.0,Nurture,Medium,Incentivise 2nd/3rd purchase with discount
CUST01051,Paid Social,Mid-Range,Nigeria,65,Mobile,24,3,250.77,83.59,131.05,0.0,4,2,2,8,New Customers,281.0,Onboarding,Medium,Welcome series — product education
CUST00609,Organic Search,Budget,France,45,Desktop,238,6,753.35,140.77,362.58000000000004,16.7,1,3,4,8,At Risk,806.0,Win-back,High,Time-limited re-engagement offer
CUST01429,Influencer,Mid-Range,Germany,51,Desktop,28,3,418.47,139.49,181.96,0.0,4,2,2,8,New Customers,363.0,Onboarding,Medium,Welcome series — product education
CUST01079,Organic Search,Mid-Range,USA,33,Desktop,204,5,656.61,131.32,284.57,0.0,1,3,4,8,At Risk,752.0,Win-back,High,Time-limited re-engagement offer
CUST01090,Organic Search,Premium,Nigeria,58,Desktop,342,5,786.97,157.39,215.98,0.0,1,3,4,8,At Risk,804.0,Win-back,High,Time-limited re-engagement offer
CUST01100,Organic Search,Mid-Range,UAE,21,Mobile,90,6,334.74,66.36,155.54000000000002,33.3,2,4,2,8,At Risk,279.0,Win-back,High,Time-limited re-engagement offer
CUST00237,Paid Social,Mid-Range,Germany,28,Desktop,45,6,115.91,82.35,63.269999999999996,50.0,4,3,1,8,Loyal Customers,169.0,Retention,High,Personalised thank-you + early access
CUST01066,Influencer,Budget,France,51,Mobile,17,3,156.24,132.92,54.050000000000004,33.3,5,2,1,8,New Customers,124.0,Onboarding,Medium,Welcome series — product education
CUST01067,Paid Social,Mid-Range,USA,34,Tablet,68,5,288.57,192.64,107.34,40.0,3,3,2,8,Loyal Customers,422.0,Retention,High,Personalised thank-you + early access
CUST00030,Organic Search,Budget,Australia,29,Mobile,77,4,504.49,126.12,300.37,0.0,3,2,3,8,Potential Loyalists,572.0,Nurture,Medium,Incentivise 2nd/3rd purchase with discount
CUST00047,Paid Social,Budget,UAE,52,Desktop,4,3,298.05,99.35,121.36,0.0,5,1,2,8,New Customers,367.0,Onboarding,Medium,Welcome series — product education
CUST01037,Organic Search,Mid-Range,UAE,61,Mobile,40,3,375.48,125.16,215.99,0.0,4,2,2,8,New Customers,343.0,Onboarding,Medium,Welcome series — product education
CUST01015,Organic Search,Mid-Range,Australia,48,Mobile,86,5,511.42,102.28,277.75,0.0,2,3,3,8,At Risk,550.0,Win-back,High,Time-limited re-engagement offer
CUST00324,Organic Search,Budget,France,56,Mobile,59,5,252.45,101.12,112.37,40.0,3,3,2,8,Loyal Customers,301.0,Retention,High,Personalised thank-you + early access
CUST01075,Organic Search,Budget,Canada,25,Mobile,145,3,792.5,264.17,390.38,0.0,2,2,4,8,Lost Customers,843.0,Reactivation,Low,Last-chance discount + churn survey
CUST00018,Email,Budget,UK,63,Desktop,101,6,433.71,105.82,185.92000000000002,16.7,2,3,3,8,At Risk,562.0,Win-back,High,Time-limited re-engagement offer
CUST00017,Organic Search,Budget,USA,47,Mobile,23,4,310.7,102.83,185.26,25.0,4,2,2,8,New Customers,327.0,Onboarding,Medium,Welcome series — product education
CUST00001,Influencer,Mid-Range,France,41,Tablet,68,4,509.46,127.36,192.89000000000001,0.0,3,2,3,8,Potential Loyalists,576.0,Nurture,Medium,Incentivise 2nd/3rd purchase with discount
CUST01440,Paid Social,Mid-Range,UK,59,Desktop,30,5,242.92,61.22,132.18,20.0,4,3,1,8,Loyal Customers,136.0,Retention,High,Personalised thank-you + early access
CUST01449,Organic Search,Mid-Range,Australia,62,Mobile,79,4,564.31,173.94,202.62,25.0,3,2,3,8,Potential Loyalists,581.0,Nurture,Medium,Incentivise 2nd/3rd purchase with discount
CUST01410,Email,Premium,UAE,26,Tablet,110,6,300.37,107.3,140.4,66.7,2,4,2,8,At Risk,227.0,Win-back,High,Time-limited re-engagement offer
CUST01411,Influencer,Premium,Australia,32,Mobile,72,5,389.95,85.34,141.53,20.0,3,3,2,8,Loyal Customers,329.0,Retention,High,Personalised thank-you + early access
CUST00590,Email,Budget,Australia,61,Desktop,9,2,261.48,130.74,165.99,0.0,5,1,2,8,New Customers,308.0,Onboarding,Medium,Welcome series — product education
CUST00828,Paid Social,Mid-Range,Canada,18,Mobile,6,2,315.61,157.8,116.24,0.0,5,1,2,8,New Customers,369.0,Onboarding,Medium,Welcome series — product education
CUST00010,Paid Social,Mid-Range,Germany,36,Desktop,187,5,945.52,189.1,377.87,0.0,1,2,5,8,Lost Customers,1044.0,Reactivation,Low,Last-chance discount + churn survey
CUST00009,Influencer,Mid-Range,USA,61,Desktop,63,4,538.89,160.42,267.71000000000004,25.0,3,2,3,8,Potential Loyalists,564.0,Nurture,Medium,Incentivise 2nd/3rd purchase with discount
CUST01472,Paid Social,Premium,Canada,49,Mobile,11,4,182.52,52.95,72.84,25.0,5,2,1,8,New Customers,102.0,Onboarding,Medium,Welcome series — product education
CUST00036,Paid Social,Luxury,Germany,45,Tablet,240,6,649.48,223.22,265.02,50.0,1,3,4,8,At Risk,836.0,Win-back,High,Time-limited re-engagement offer
CUST00061,Direct,Mid-Range,USA,23,Mobile,164,5,769.61,179.75,267.09000000000003,20.0,2,2,4,8,Lost Customers,835.0,Reactivation,Low,Last-chance discount + churn survey
CUST00814,Direct,Budget,USA,54,Desktop,255,6,538.23,89.7,230.79000000000002,0.0,1,4,3,8,At Risk,560.0,Win-back,High,Time-limited re-engagement offer
CUST00444,Email,Mid-Range,Germany,26,Mobile,30,6,237.91,92.0,100.56,33.3,4,3,1,8,Loyal Customers,192.0,Retention,High,Personalised thank-you + early access
CUST01291,Paid Social,Mid-Range,France,20,Mobile,76,3,602.9,200.97,256.64,0.0,3,2,3,8,Potential Loyalists,595.0,Nurture,Medium,Incentivise 2nd/3rd purchase with discount
CUST00058,Paid Social,Mid-Range,Canada,27,Desktop,3,3,80.96,77.47,21.05,66.7,5,1,1,7,New Customers,21.0,Onboarding,Medium,Welcome series — product education
CUST00448,Organic Search,Budget,UAE,65,Mobile,53,4,350.16,190.18,183.61,25.0,3,2,2,7,Potential Loyalists,442.0,Nurture,Medium,Incentivise 2nd/3rd purchase with discount
CUST00441,Email,Budget,Canada,62,Desktop,164,5,463.01,166.73,205.23,40.0,1,3,3,7,At Risk,514.0,Win-back,High,Time-limited re-engagement offer
CUST00141,Paid Social,Mid-Range,Australia,47,Mobile,217,5,597.78,147.22,288.76,40.0,1,3,3,7,At Risk,520.0,Win-back,High,Time-limited re-engagement offer
CUST00142,Referral,Budget,France,51,Mobile,22,3,280.17,93.39,124.49,0.0,4,1,2,7,New Customers,404.0,Onboarding,Medium,Welcome series — product education
CUST01284,Email,Budget,Canada,34,Mobile,32,3,155.6,62.95,57.72,33.3,4,2,1,7,New Customers,0.0,Onboarding,Medium,Welcome series — product education
CUST01473,Organic Search,Mid-Range,Australia,41,Desktop,129,3,437.17,145.72,259.09999999999997,0.0,2,2,3,7,Lost Customers,523.0,Reactivation,Low,Last-chance discount + churn survey
CUST01459,Referral,Budget,Australia,57,Desktop,134,4,456.93,114.23,232.92000000000002,0.0,2,2,3,7,Lost Customers,604.0,Reactivation,Low,Last-chance discount + churn survey
CUST01463,Referral,Budget,Canada,60,Desktop,85,3,346.73,166.83,134.07999999999998,33.3,3,2,2,7,Potential Loyalists,367.0,Nurture,Medium,Incentivise 2nd/3rd purchase with discount
CUST00166,Referral,Budget,Nigeria,35,Desktop,54,4,314.88,78.72,186.46,0.0,3,2,2,7,Potential Loyalists,395.0,Nurture,Medium,Incentivise 2nd/3rd purchase with discount
CUST00460,Paid Social,Budget,Nigeria,30,Desktop,141,4,518.62,129.66,191.70000000000002,0.0,2,2,3,7,Lost Customers,573.0,Reactivation,Low,Last-chance discount + churn survey
CUST00292,Paid Social,Luxury,Canada,59,Mobile,49,6,125.16,130.4,55.28,50.0,3,3,1,7,Loyal Customers,230.0,Retention,High,Personalised thank-you + early access
CUST01493,Organic Search,Mid-Range,UK,59,Desktop,15,2,118.98,59.49,65.27,0.0,5,1,1,7,New Customers,85.0,Onboarding,Medium,Welcome series — product education
CUST01496,Organic Search,Budget,UK,48,Desktop,10,1,124.02,124.02,76.89,0.0,5,1,1,7,New Customers,96.0,Onboarding,Medium,Welcome series — product education
CUST00021,Email,Budget,Canada,59,Tablet,38,3,318.24,151.07,144.82,33.3,4,1,2,7,New Customers,328.0,Onboarding,Medium,Welcome series — product education
CUST00053,Email,Mid-Range,Germany,48,Mobile,155,3,866.01,288.67,452.21000000000004,0.0,2,1,4,7,Lost Customers,907.0,Reactivation,Low,Last-chance discount + churn survey
CUST00589,Paid Social,Budget,UAE,31,Desktop,66,3,297.81,99.27,128.02,0.0,3,2,2,7,Potential Loyalists,297.0,Nurture,Medium,Incentivise 2nd/3rd purchase with discount
CUST00573,Email,Mid-Range,UAE,40,Desktop,20,4,241.21,96.91,136.22,25.0,4,2,1,7,New Customers,127.0,Onboarding,Medium,Welcome series — product education
CUST00323,Direct,Mid-Range,UK,18,Mobile,63,3,465.49,155.16,180.72,0.0,3,1,3,7,Potential Loyalists,595.0,Nurture,Medium,Incentivise 2nd/3rd purchase with discount
CUST00014,Paid Social,Budget,UK,57,Mobile,70,3,631.81,210.6,283.88,0.0,3,1,3,7,Potential Loyalists,669.0,Nurture,Medium,Incentivise 2nd/3rd purchase with discount
CUST00029,Referral,Mid-Range,France,50,Desktop,345,5,805.63,161.13,312.84000000000003,0.0,1,2,4,7,Lost Customers,916.0,Reactivation,Low,Last-chance discount + churn survey
CUST01053,Direct,Premium,UAE,40,Mobile,399,5,503.98,151.1,170.2,20.0,1,3,3,7,At Risk,597.0,Win-back,High,Time-limited re-engagement offer
CUST01026,Referral,Mid-Range,Nigeria,63,Mobile,372,5,607.74,158.75,189.54,20.0,1,3,3,7,At Risk,652.0,Win-back,High,Time-limited re-engagement offer
CUST01035,Paid Social,Budget,Germany,38,Mobile,130,4,504.72,168.93,224.01,25.0,2,2,3,7,Lost Customers,567.0,Reactivation,Low,Last-chance discount + churn survey
CUST01016,Email,Mid-Range,USA,53,Desktop,25,2,298.44,149.22,134.05,0.0,4,1,2,7,New Customers,327.0,Onboarding,Medium,Welcome series — product education
CUST00270,Referral,Budget,UAE,49,Mobile,12,3,221.2,73.73,101.12,0.0,5,1,1,7,New Customers,225.0,Onboarding,Medium,Welcome series — product education
CUST01044,Paid Social,Budget,France,20,Desktop,50,5,222.96,137.52,109.41,40.0,3,3,1,7,Loyal Customers,185.0,Retention,High,Personalised thank-you + early access
CUST01046,Direct,Mid-Range,UAE,38,Mobile,129,4,488.78,122.2,208.69,0.0,2,2,3,7,Lost Customers,567.0,Reactivation,Low,Last-chance discount + churn survey
CUST00610,Paid Social,Budget,Nigeria,42,Desktop,85,4,280.01,70.0,83.71000000000001,0.0,3,2,2,7,Potential Loyalists,335.0,Nurture,Medium,Incentivise 2nd/3rd purchase with discount
CUST00618,Influencer,Mid-Range,Australia,50,Desktop,77,4,282.61,95.06,99.27,25.0,3,2,2,7,Potential Loyalists,317.0,Nurture,Medium,Incentivise 2nd/3rd purchase with discount
CUST00598,Influencer,Mid-Range,USA,43,Desktop,65,4,295.9,176.18,178.03,50.0,3,2,2,7,Potential Loyalists,367.0,Nurture,Medium,Incentivise 2nd/3rd purchase with discount
CUST01398,Influencer,Mid-Range,Australia,30,Mobile,61,3,378.61,137.62,176.42000000000002,33.3,3,2,2,7,Potential Loyalists,277.0,Nurture,Medium,Incentivise 2nd/3rd purchase with discount
CUST00871,Direct,Budget,France,25,Desktop,364,5,505.93,118.19,218.07999999999998,20.0,1,3,3,7,At Risk,547.0,Win-back,High,Time-limited re-engagement offer
CUST00874,Organic Search,Mid-Range,France,50,Mobile,41,3,110.2,72.59,45.489999999999995,33.3,4,2,1,7,New Customers,35.0,Onboarding,Medium,Welcome series — product education
CUST01354,Email,Mid-Range,Germany,34,Mobile,98,4,578.97,175.45,231.26,50.0,2,2,3,7,Lost Customers,486.0,Reactivation,Low,Last-chance discount + churn survey
CUST01166,Paid Social,Mid-Range,UK,39,Desktop,31,3,65.2,147.11,18.91,66.7,4,2,1,7,New Customers,52.0,Onboarding,Medium,Welcome series — product education
CUST01169,Direct,Mid-Range,Australia,41,Mobile,93,5,330.12,83.09,163.4,40.0,2,3,2,7,At Risk,273.0,Win-back,High,Time-limited re-engagement offer
CUST00675,Organic Search,Mid-Range,Nigeria,28,Mobile,358,5,463.65,104.84,220.82999999999998,20.0,1,3,3,7,At Risk,528.0,Win-back,High,Time-limited re-engagement offer
CUST00676,Paid Social,Budget,USA,54,Mobile,93,4,529.27,132.32,209.04,0.0,2,2,3,7,Lost Customers,573.0,Reactivation,Low,Last-chance discount + churn survey
CUST00721,Organic Search,Mid-Range,USA,62,Mobile,79,4,394.21,98.55,211.46,0.0,3,2,2,7,Potential Loyalists,379.0,Nurture,Medium,Incentivise 2nd/3rd purchase with discount
CUST00730,Paid Social,Budget,Australia,29,Mobile,144,3,536.6,178.87,238.07,0.0,2,2,3,7,Lost Customers,565.0,Reactivation,Low,Last-chance discount + churn survey
CUST00711,Email,Budget,USA,47,Mobile,18,3,115.91,124.81,36.8,33.3,4,2,1,7,New Customers,71.0,Onboarding,Medium,Welcome series — product education
CUST00378,Paid Social,Premium,Australia,35,Desktop,147,4,456.71,114.18,182.71,0.0,2,2,3,7,Lost Customers,553.0,Reactivation,Low,Last-chance discount + churn survey
CUST00373,Direct,Mid-Range,Germany,58,Mobile,33,3,408.67,136.22,210.57999999999998,0.0,4,1,2,7,New Customers,418.0,Onboarding,Medium,Welcome series — product education
CUST01174,Paid Social,Premium,France,49,Desktop,49,4,366.65,133.06,165.28,25.0,3,2,2,7,Potential Loyalists,359.0,Nurture,Medium,Incentivise 2nd/3rd purchase with discount
CUST01178,Email,Budget,UAE,58,Tablet,179,6,263.32,126.9,90.66,50.0,1,4,2,7,At Risk,295.0,Win-back,High,Time-limited re-engagement offer
CUST00505,Influencer,Budget,France,55,Desktop,41,3,92.69,30.9,48.06,0.0,4,2,1,7,New Customers,58.0,Onboarding,Medium,Welcome series — product education
CUST01196,Organic Search,Mid-Range,Nigeria,57,Desktop,211,4,791.61,197.9,397.53999999999996,0.0,1,2,4,7,Lost Customers,830.0,Reactivation,Low,Last-chance discount + churn survey
CUST01197,Direct,Mid-Range,Nigeria,37,Mobile,26,2,322.57,161.28,116.66,0.0,4,1,2,7,New Customers,375.0,Onboarding,Medium,Welcome series — product education
CUST01190,Paid Social,Mid-Range,UK,55,Mobile,55,4,307.73,140.37,188.95,50.0,3,2,2,7,Potential Loyalists,312.0,Nurture,Medium,Incentivise 2nd/3rd purchase with discount
CUST00924,Organic Search,Premium,France,48,Mobile,92,5,360.57,123.94,192.97,20.0,2,3,2,7,At Risk,375.0,Win-back,High,Time-limited re-engagement offer
CUST00209,Influencer,Mid-Range,Canada,33,Desktop,196,8,366.18,91.5,169.18,37.5,1,4,2,7,At Risk,460.0,Win-back,High,Time-limited re-engagement offer
CUST01145,Paid Social,Premium,Australia,55,Mobile,70,3,384.6,146.35,158.7,33.3,3,2,2,7,Potential Loyalists,286.0,Nurture,Medium,Incentivise 2nd/3rd purchase with discount
CUST00128,Email,Budget,Nigeria,45,Mobile,142,5,432.25,104.07,244.67000000000002,40.0,2,3,2,7,At Risk,274.0,Win-back,High,Time-limited re-engagement offer
CUST00134,Organic Search,Mid-Range,Nigeria,43,Mobile,89,6,332.4,84.28,127.64000000000001,50.0,2,3,2,7,At Risk,325.0,Win-back,High,Time-limited re-engagement offer
CUST00114,Direct,Budget,UK,26,Mobile,141,4,533.68,133.42,208.66,0.0,2,2,3,7,Lost Customers,583.0,Reactivation,Low,Last-chance discount + churn survey
CUST00687,Organic Search,Mid-Range,UK,34,Mobile,124,5,413.74,101.92,173.5,20.0,2,3,2,7,At Risk,347.0,Win-back,High,Time-limited re-engagement offer
CUST00689,Referral,Budget,France,20,Desktop,31,2,316.18,158.09,148.95,0.0,4,1,2,7,New Customers,416.0,Onboarding,Medium,Welcome series — product education
CUST00693,Email,Budget,UK,60,Mobile,50,4,430.82,107.7,146.2,0.0,3,2,2,7,Potential Loyalists,356.0,Nurture,Medium,Incentivise 2nd/3rd purchase with discount
CUST00516,Email,Budget,UAE,29,Mobile,117,5,377.76,81.2,160.72,20.0,2,3,2,7,At Risk,286.0,Win-back,High,Time-limited re-engagement offer
CUST01161,Direct,Mid-Range,USA,62,Mobile,51,3,430.7,143.57,171.22,0.0,3,2,2,7,Potential Loyalists,363.0,Nurture,Medium,Incentivise 2nd/3rd purchase with discount
CUST00136,Paid Social,Budget,Australia,54,Mobile,136,4,466.35,127.98,230.13,25.0,2,2,3,7,Lost Customers,513.0,Reactivation,Low,Last-chance discount + churn survey
CUST00137,Paid Social,Premium,Australia,61,Mobile,39,4,227.0,117.38,103.75,25.0,4,2,1,7,New Customers,187.0,Onboarding,Medium,Welcome series — product education
CUST00139,Direct,Budget,USA,23,Desktop,46,4,187.02,93.78,86.75,25.0,4,2,1,7,New Customers,158.0,Onboarding,Medium,Welcome series — product education
CUST00216,Direct,Mid-Range,USA,61,Mobile,79,2,486.06,243.03,208.95,0.0,3,1,3,7,Potential Loyalists,645.0,Nurture,Medium,Incentivise 2nd/3rd purchase with discount
CUST00962,Influencer,Budget,UK,39,Mobile,50,3,250.3,183.66,94.68,33.3,3,2,2,7,Potential Loyalists,339.0,Nurture,Medium,Incentivise 2nd/3rd purchase with discount
CUST00952,Referral,Budget,Canada,60,Mobile,114,4,563.59,158.37,160.07,25.0,2,2,3,7,Lost Customers,604.0,Reactivation,Low,Last-chance discount + churn survey
CUST00938,Referral,Budget,Australia,26,Desktop,101,3,559.4,186.47,249.19,0.0,2,2,3,7,Lost Customers,622.0,Reactivation,Low,Last-chance discount + churn survey
CUST00411,Direct,Budget,UAE,55,Mobile,8,2,243.96,243.4,107.34,50.0,5,1,1,7,New Customers,218.0,Onboarding,Medium,Welcome series — product education
CUST00489,Referral,Budget,USA,24,Mobile,43,2,381.34,190.67,137.5,0.0,4,1,2,7,New Customers,462.0,Onboarding,Medium,Welcome series — product education
CUST00477,Paid Social,Mid-Range,UK,37,Mobile,181,7,432.83,71.15,209.21,14.3,1,4,2,7,At Risk,404.0,Win-back,High,Time-limited re-engagement offer
CUST00480,Paid Social,Budget,UAE,21,Mobile,110,3,563.54,187.85,170.54000000000002,0.0,2,2,3,7,Lost Customers,573.0,Reactivation,Low,Last-chance discount + churn survey
CUST00462,Paid Social,Premium,Germany,50,Mobile,95,3,553.23,184.41,302.59000000000003,0.0,2,2,3,7,Lost Customers,569.0,Reactivation,Low,Last-chance discount + churn survey
CUST01332,Influencer,Mid-Range,France,36,Mobile,134,5,275.29,105.47,153.09,20.0,2,3,2,7,At Risk,356.0,Win-back,High,Time-limited re-engagement offer
CUST01320,Paid Social,Budget,UK,48,Mobile,286,5,514.38,193.81,265.78,20.0,1,3,3,7,At Risk,638.0,Win-back,High,Time-limited re-engagement offer
CUST00758,Email,Budget,USA,51,Mobile,159,3,446.99,156.39,245.12,33.3,2,2,3,7,Lost Customers,432.0,Reactivation,Low,Last-chance discount + churn survey
CUST00762,Referral,Mid-Range,USA,27,Mobile,29,4,120.63,40.23,51.12,25.0,4,2,1,7,New Customers,129.0,Onboarding,Medium,Welcome series — product education
CUST00867,Email,Budget,Canada,30,Tablet,206,5,577.63,203.74,266.38,20.0,1,3,3,7,At Risk,614.0,Win-back,High,Time-limited re-engagement offer
CUST01217,Direct,Mid-Range,Canada,36,Mobile,19,2,261.18,130.59,126.25,0.0,4,1,2,7,New Customers,332.0,Onboarding,Medium,Welcome series — product education
CUST01220,Paid Social,Mid-Range,UK,53,Desktop,69,4,310.63,129.8,90.35,50.0,3,2,2,7,Potential Loyalists,299.0,Nurture,Medium,Incentivise 2nd/3rd purchase with discount
CUST01206,Paid Social,Budget,Canada,43,Mobile,77,4,361.24,97.08,168.0,25.0,3,2,2,7,Potential Loyalists,313.0,Nurture,Medium,Incentivise 2nd/3rd purchase with discount
CUST01207,Organic Search,Mid-Range,Nigeria,42,Mobile,6,2,30.82,73.67,16.33,50.0,5,1,1,7,New Customers,0.0,Onboarding,Medium,Welcome series — product education
CUST00184,Paid Social,Mid-Range,Nigeria,39,Desktop,132,4,445.89,111.47,220.55,0.0,2,2,3,7,Lost Customers,548.0,Reactivation,Low,Last-chance discount + churn survey
CUST00897,Paid Social,Mid-Range,Canada,19,Mobile,138,5,298.84,122.52,102.50999999999999,40.0,2,3,2,7,At Risk,325.0,Win-back,High,Time-limited re-engagement offer
CUST00885,Direct,Budget,UAE,40,Mobile,109,5,318.84,116.57,188.57,60.0,2,3,2,7,At Risk,274.0,Win-back,High,Time-limited re-engagement offer
CUST00888,Paid Social,Budget,Canada,48,Desktop,230,5,459.17,121.85,219.29,40.0,1,3,3,7,At Risk,487.0,Win-back,High,Time-limited re-engagement offer
CUST00939,Referral,Mid-Range,Nigeria,25,Desktop,92,4,592.22,190.36,277.89,25.0,2,2,3,7,Lost Customers,643.0,Reactivation,Low,Last-chance discount + churn survey
CUST00088,Influencer,Budget,Nigeria,33,Mobile,101,6,430.46,163.16,161.95,50.0,2,3,2,7,At Risk,435.0,Win-back,High,Time-limited re-engagement offer
CUST00661,Direct,Budget,USA,18,Desktop,21,2,301.8,150.9,152.03,0.0,4,1,2,7,New Customers,359.0,Onboarding,Medium,Welcome series — product education
CUST00654,Email,Premium,France,29,Mobile,182,6,570.16,95.03,215.04,0.0,1,3,3,7,At Risk,585.0,Win-back,High,Time-limited re-engagement offer
CUST00658,Organic Search,Premium,UK,38,Desktop,112,5,429.89,134.81,199.76,40.0,2,3,2,7,At Risk,344.0,Win-back,High,Time-limited re-engagement offer
CUST00545,Organic Search,Budget,Canada,58,Mobile,66,3,325.7,108.57,141.66,0.0,3,2,2,7,Potential Loyalists,316.0,Nurture,Medium,Incentivise 2nd/3rd purchase with discount
CUST01397,Paid Social,Premium,USA,63,Mobile,18,3,136.03,50.0,83.61,33.3,4,2,1,7,New Customers,0.0,Onboarding,Medium,Welcome series — product education
CUST00102,Organic Search,Mid-Range,UAE,31,Desktop,37,2,417.63,208.82,184.43,0.0,4,1,2,7,New Customers,439.0,Onboarding,Medium,Welcome series — product education
CUST00103,Organic Search,Mid-Range,Canada,20,Tablet,35,3,375.28,125.09,200.07999999999998,0.0,4,1,2,7,New Customers,400.0,Onboarding,Medium,Welcome series — product education
CUST00983,Referral,Budget,Germany,29,Tablet,62,3,275.18,91.73,100.31,0.0,3,2,2,7,Potential Loyalists,338.0,Nurture,Medium,Incentivise 2nd/3rd purchase with discount
CUST00984,Referral,Mid-Range,Australia,47,Mobile,228,4,911.02,227.76,346.74,0.0,1,2,4,7,Lost Customers,919.0,Reactivation,Low,Last-chance discount + churn survey
CUST00990,Paid Social,Luxury,Australia,32,Desktop,233,6,338.97,114.86,149.48000000000002,33.3,1,4,2,7,At Risk,350.0,Win-back,High,Time-limited re-engagement offer
CUST00360,Email,Mid-Range,Canada,28,Mobile,49,3,641.82,213.94,337.67,0.0,3,1,3,7,Potential Loyalists,642.0,Nurture,Medium,Incentivise 2nd/3rd purchase with discount
CUST00977,Organic Search,Mid-Range,Nigeria,29,Mobile,96,4,498.7,124.68,179.83999999999997,0.0,2,2,3,7,Lost Customers,565.0,Reactivation,Low,Last-chance discount + churn survey
CUST00357,Influencer,Mid-Range,France,31,Desktop,29,2,328.6,164.3,109.75999999999999,0.0,4,1,2,7,New Customers,380.0,Onboarding,Medium,Welcome series — product education
CUST01139,Email,Mid-Range,UAE,29,Mobile,137,4,436.37,131.35,225.23000000000002,25.0,2,2,3,7,Lost Customers,488.0,Reactivation,Low,Last-chance discount + churn survey
CUST01116,Organic Search,Mid-Range,Germany,50,Mobile,36,2,310.8,155.4,132.29,0.0,4,1,2,7,New Customers,368.0,Onboarding,Medium,Welcome series — product education
CUST00583,Influencer,Mid-Range,Canada,42,Tablet,56,4,401.06,134.49,193.15,25.0,3,2,2,7,Potential Loyalists,368.0,Nurture,Medium,Incentivise 2nd/3rd purchase with discount
CUST00070,Email,Budget,Germany,64,Desktop,226,5,602.37,120.47,293.08000000000004,0.0,1,3,3,7,At Risk,552.0,Win-back,High,Time-limited re-engagement offer
CUST00779,Organic Search,Budget,UAE,44,Tablet,50,3,347.8,115.93,115.19,0.0,3,2,2,7,Potential Loyalists,323.0,Nurture,Medium,Incentivise 2nd/3rd purchase with discount
CUST01296,Direct,Mid-Range,UAE,38,Mobile,371,4,695.9,248.63,313.06,25.0,1,2,4,7,Lost Customers,858.0,Reactivation,Low,Last-chance discount + churn survey
CUST00160,Organic Search,Premium,USA,18,Mobile,234,5,480.02,112.15,152.17000000000002,20.0,1,3,3,7,At Risk,523.0,Win-back,High,Time-limited re-engagement offer
CUST00183,Direct,Mid-Range,UK,48,Desktop,141,5,378.07,94.48,210.73000000000002,20.0,2,3,2,7,At Risk,341.0,Win-back,High,Time-limited re-engagement offer
CUST01240,Paid Social,Mid-Range,UAE,37,Desktop,7,2,164.12,82.06,70.31,0.0,5,1,1,7,New Customers,109.0,Onboarding,Medium,Welcome series — product education
CUST01230,Organic Search,Mid-Range,Australia,59,Mobile,91,4,517.0,129.25,212.23,0.0,2,2,3,7,Lost Customers,573.0,Reactivation,Low,Last-chance discount + churn survey
CUST00810,Organic Search,Budget,UK,44,Mobile,152,4,494.98,123.74,224.26,0.0,2,2,3,7,Lost Customers,571.0,Reactivation,Low,Last-chance discount + churn survey
CUST00801,Email,Budget,UK,43,Desktop,82,4,389.22,173.22,195.01999999999998,50.0,3,2,2,7,Potential Loyalists,331.0,Nurture,Medium,Incentivise 2nd/3rd purchase with discount
CUST00414,Paid Social,Budget,UAE,40,Desktop,85,3,433.44,144.48,185.2,0.0,3,1,3,7,Potential Loyalists,580.0,Nurture,Medium,Incentivise 2nd/3rd purchase with discount
CUST00399,Organic Search,Mid-Range,Australia,31,Tablet,74,4,425.42,121.49,173.29,25.0,3,2,2,7,Potential Loyalists,349.0,Nurture,Medium,Incentivise 2nd/3rd purchase with discount
CUST00403,Referral,Budget,Nigeria,46,Mobile,254,6,639.58,122.41,272.28,16.7,1,3,3,7,At Risk,671.0,Win-back,High,Time-limited re-engagement offer
CUST01261,Paid Social,Budget,UK,27,Desktop,127,4,562.87,140.72,231.73,0.0,2,2,3,7,Lost Customers,586.0,Reactivation,Low,Last-chance discount + churn survey
CUST00421,Paid Social,Budget,Germany,49,Mobile,220,5,472.64,192.65,200.0,40.0,1,3,3,7,At Risk,583.0,Win-back,High,Time-limited re-engagement offer
CUST01122,Email,Mid-Range,Canada,55,Desktop,100,5,338.75,135.44,188.26999999999998,40.0,2,3,2,7,At Risk,313.0,Win-back,High,Time-limited re-engagement offer
CUST00980,Email,Mid-Range,Germany,49,Mobile,64,5,230.53,118.1,103.22,20.0,3,3,1,7,Loyal Customers,181.0,Retention,High,Personalised thank-you + early access
CUST00559,Paid Social,Mid-Range,Nigeria,53,Desktop,94,5,406.39,135.29,219.45,40.0,2,3,2,7,At Risk,340.0,Win-back,High,Time-limited re-engagement offer
CUST00652,Email,Mid-Range,Nigeria,29,Mobile,133,5,382.71,137.55,180.45,60.0,2,3,2,7,At Risk,271.0,Win-back,High,Time-limited re-engagement offer
CUST00631,Paid Social,Budget,France,55,Desktop,107,3,522.33,174.11,223.83,0.0,2,2,3,7,Lost Customers,556.0,Reactivation,Low,Last-chance discount + churn survey
CUST00634,Direct,Budget,Canada,30,Mobile,65,1,441.81,441.81,247.41,0.0,3,1,3,7,Potential Loyalists,837.0,Nurture,Medium,Incentivise 2nd/3rd purchase with discount
CUST00996,Email,Premium,France,44,Mobile,122,7,155.97,101.84,87.87,57.1,2,4,1,7,At Risk,161.0,Win-back,High,Time-limited re-engagement offer
CUST00253,Organic Search,Budget,Canada,51,Desktop,36,3,343.24,145.53,179.22,33.3,4,1,2,7,New Customers,352.0,Onboarding,Medium,Welcome series — product education
CUST00257,Paid Social,Budget,USA,39,Desktop,10,3,0.0,133.41,0.0,100.0,5,1,1,7,New Customers,21.0,Onboarding,Medium,Welcome series — product education
CUST00241,Organic Search,Mid-Range,UK,25,Mobile,25,4,153.25,63.46,76.62,25.0,4,2,1,7,New Customers,113.0,Onboarding,Medium,Welcome series — product education
CUST00571,Organic Search,Budget,UK,39,Mobile,209,6,635.37,122.52,345.85,16.7,1,3,3,7,At Risk,619.0,Win-back,High,Time-limited re-engagement offer
CUST00317,Paid Social,Budget,UK,41,Desktop,7,3,91.8,122.29,25.7,66.7,5,1,1,7,New Customers,83.0,Onboarding,Medium,Welcome series — product education
CUST00322,Organic Search,Mid-Range,Germany,30,Desktop,85,3,630.53,210.18,271.90999999999997,0.0,3,1,3,7,Potential Loyalists,673.0,Nurture,Medium,Incentivise 2nd/3rd purchase with discount
CUST00305,Paid Social,Premium,France,49,Mobile,31,3,337.72,112.57,163.93,0.0,4,1,2,7,New Customers,380.0,Onboarding,Medium,Welcome series — product education
CUST00308,Organic Search,Budget,Nigeria,18,Tablet,129,4,523.61,218.17,205.04999999999998,25.0,2,2,3,7,Lost Customers,637.0,Reactivation,Low,Last-chance discount + churn survey
CUST00547,Referral,Budget,Australia,35,Mobile,177,3,663.26,221.09,286.95000000000005,0.0,1,2,4,7,Lost Customers,829.0,Reactivation,Low,Last-chance discount + churn survey
CUST00554,Paid Social,Budget,Germany,46,Mobile,30,4,192.97,222.52,98.07,50.0,4,2,1,7,New Customers,269.0,Onboarding,Medium,Welcome series — product education
CUST00528,Direct,Premium,UK,62,Desktop,147,5,433.21,185.32,229.96,60.0,2,3,2,7,At Risk,373.0,Win-back,High,Time-limited re-engagement offer
CUST00345,Email,Budget,UAE,51,Mobile,3,2,159.9,177.66,100.74,50.0,5,1,1,7,New Customers,95.0,Onboarding,Medium,Welcome series — product education
CUST00637,Email,Mid-Range,Nigeria,37,Mobile,84,5,241.86,52.44,130.91,20.0,3,3,1,7,Loyal Customers,93.0,Retention,High,Personalised thank-you + early access
CUST01091,Organic Search,Mid-Range,Germany,19,Mobile,120,5,307.65,90.69,105.29,40.0,2,3,2,7,At Risk,284.0,Win-back,High,Time-limited re-engagement offer
CUST00019,Direct,Mid-Range,Australia,19,Mobile,140,4,294.32,94.96,131.67000000000002,25.0,2,2,2,6,Lost Customers,313.0,Reactivation,Low,Last-chance discount + churn survey
CUST00024,Paid Social,Premium,Nigeria,35,Mobile,145,5,346.88,145.32,120.87,20.0,2,2,2,6,Lost Customers,465.0,Reactivation,Low,Last-chance discount + churn survey
CUST00073,Email,Mid-Range,UK,49,Mobile,102,4,376.66,113.74,205.18,25.0,2,2,2,6,Lost Customers,303.0,Reactivation,Low,Last-chance discount + churn survey
CUST00055,Paid Social,Mid-Range,Nigeria,30,Tablet,130,5,306.57,156.94,120.38,40.0,2,2,2,6,Lost Customers,432.0,Reactivation,Low,Last-chance discount + churn survey
CUST00540,Paid Social,Budget,Germany,50,Mobile,20,2,99.66,139.58,58.8,50.0,4,1,1,6,New Customers,65.0,Onboarding,Medium,Welcome series — product education
CUST01420,Organic Search,Budget,Australia,50,Desktop,396,4,450.51,138.98,169.41,25.0,1,2,3,6,Lost Customers,553.0,Reactivation,Low,Last-chance discount + churn survey
CUST01413,Email,Mid-Range,UAE,53,Mobile,20,2,0.0,158.26,0.0,100.0,4,1,1,6,New Customers,0.0,Onboarding,Medium,Welcome series — product education
CUST00040,Direct,Budget,Canada,25,Mobile,86,4,184.57,75.0,84.7,25.0,3,2,1,6,Potential Loyalists,129.0,Nurture,Medium,Incentivise 2nd/3rd purchase with discount
CUST00662,Referral,Budget,UK,54,Mobile,73,3,210.34,126.58,83.00999999999999,33.3,3,2,1,6,Potential Loyalists,152.0,Nurture,Medium,Incentivise 2nd/3rd purchase with discount
CUST00592,Paid Social,Premium,UK,22,Mobile,249,3,450.66,150.22,185.53,0.0,1,2,3,6,Lost Customers,530.0,Reactivation,Low,Last-chance discount + churn survey
CUST00083,Paid Social,Budget,Canada,64,Desktop,39,1,66.28,66.28,17.23,0.0,4,1,1,6,New Customers,11.0,Onboarding,Medium,Welcome series — product education
CUST00663,Direct,Mid-Range,Australia,40,Desktop,33,2,179.3,89.65,99.94,0.0,4,1,1,6,New Customers,120.0,Onboarding,Medium,Welcome series — product education
CUST01107,Organic Search,Budget,UAE,35,Desktop,215,4,610.07,221.21,229.92,25.0,1,2,3,6,Lost Customers,644.0,Reactivation,Low,Last-chance discount + churn survey
CUST01068,Email,Mid-Range,Canada,40,Tablet,282,5,386.67,77.33,211.35,0.0,1,3,2,6,At Risk,339.0,Win-back,High,Time-limited re-engagement offer
CUST01025,Paid Social,Budget,USA,49,Mobile,525,5,321.2,107.83,152.05,20.0,1,3,2,6,At Risk,389.0,Win-back,High,Time-limited re-engagement offer
CUST01098,Paid Social,Budget,Canada,30,Mobile,93,4,430.1,107.52,221.17000000000002,0.0,2,2,2,6,Lost Customers,379.0,Reactivation,Low,Last-chance discount + churn survey
CUST01052,Influencer,Budget,Australia,23,Mobile,289,4,526.53,187.39,228.45999999999998,25.0,1,2,3,6,Lost Customers,608.0,Reactivation,Low,Last-chance discount + churn survey
CUST00120,Paid Social,Budget,Canada,55,Desktop,109,3,500.62,166.87,295.46999999999997,0.0,2,1,3,6,Lost Customers,607.0,Reactivation,Low,Last-chance discount + churn survey
CUST00116,Direct,Mid-Range,UK,41,Desktop,152,5,215.33,63.19,103.25,20.0,2,3,1,6,At Risk,141.0,Win-back,High,Time-limited re-engagement offer
CUST01382,Paid Social,Mid-Range,Germany,60,Desktop,49,3,0.0,104.07,0.0,100.0,3,2,1,6,Potential Loyalists,0.0,Nurture,Medium,Incentivise 2nd/3rd purchase with discount
CUST00997,Paid Social,Budget,Canada,29,Desktop,196,4,564.2,158.26,302.89,25.0,1,2,3,6,Lost Customers,552.0,Reactivation,Low,Last-chance discount + churn survey
CUST01000,Paid Social,Mid-Range,France,43,Mobile,173,4,529.23,146.87,208.60000000000002,25.0,1,2,3,6,Lost Customers,535.0,Reactivation,Low,Last-chance discount + churn survey
CUST00965,Direct,Mid-Range,Australia,37,Mobile,133,5,247.94,56.94,118.78999999999999,20.0,2,3,1,6,At Risk,130.0,Win-back,High,Time-limited re-engagement offer
CUST00312,Email,Mid-Range,Canada,36,Mobile,59,3,293.04,196.75,108.36,33.3,3,1,2,6,Potential Loyalists,384.0,Nurture,Medium,Incentivise 2nd/3rd purchase with discount
CUST00311,Paid Social,Budget,Australia,41,Mobile,100,3,636.22,212.07,291.56,0.0,2,1,3,6,Lost Customers,666.0,Reactivation,Low,Last-chance discount + churn survey
CUST00335,Paid Social,Budget,France,32,Mobile,83,1,378.12,378.12,147.47,0.0,3,1,2,6,Potential Loyalists,589.0,Nurture,Medium,Incentivise 2nd/3rd purchase with discount
CUST00985,Paid Social,Budget,Canada,42,Mobile,55,4,205.49,113.06,130.61,50.0,3,2,1,6,Potential Loyalists,115.0,Nurture,Medium,Incentivise 2nd/3rd purchase with discount
CUST00321,Paid Social,Budget,Nigeria,63,Mobile,165,4,478.74,145.78,245.98,50.0,1,2,3,6,Lost Customers,475.0,Reactivation,Low,Last-chance discount + churn survey
CUST00680,Paid Social,Budget,Nigeria,46,Desktop,39,1,0.0,314.14,0.0,100.0,4,1,1,6,New Customers,113.0,Onboarding,Medium,Welcome series — product education
CUST00685,Influencer,Mid-Range,Germany,64,Desktop,138,3,420.24,140.08,144.44,0.0,2,2,2,6,Lost Customers,362.0,Reactivation,Low,Last-chance discount + churn survey
CUST00678,Email,Budget,France,26,Desktop,78,2,262.04,131.02,123.07,0.0,3,1,2,6,Potential Loyalists,298.0,Nurture,Medium,Incentivise 2nd/3rd purchase with discount
CUST01023,Influencer,Mid-Range,USA,37,Desktop,186,4,477.16,119.29,224.27,0.0,1,2,3,6,Lost Customers,563.0,Reactivation,Low,Last-chance discount + churn survey
CUST01020,Paid Social,Mid-Range,UK,48,Mobile,154,3,255.38,112.77,147.93,33.3,2,2,2,6,Lost Customers,241.0,Reactivation,Low,Last-chance discount + churn survey
CUST01019,Paid Social,Premium,Nigeria,50,Mobile,269,4,622.37,176.99,285.48,25.0,1,2,3,6,Lost Customers,587.0,Reactivation,Low,Last-chance discount + churn survey
CUST01089,Organic Search,Budget,Germany,32,Desktop,443,5,385.79,98.63,201.60000000000002,40.0,1,3,2,6,At Risk,323.0,Win-back,High,Time-limited re-engagement offer
CUST01088,Organic Search,Mid-Range,Australia,41,Mobile,179,3,641.69,213.9,184.21,0.0,1,2,3,6,Lost Customers,614.0,Reactivation,Low,Last-chance discount + churn survey
CUST00723,Organic Search,Mid-Range,UK,23,Desktop,150,3,393.19,131.06,192.62,0.0,2,2,2,6,Lost Customers,346.0,Reactivation,Low,Last-chance discount + churn survey
CUST00720,Organic Search,Mid-Range,USA,42,Desktop,111,4,293.96,106.57,116.22,50.0,2,2,2,6,Lost Customers,268.0,Reactivation,Low,Last-chance discount + churn survey
CUST00304,Influencer,Mid-Range,USA,59,Mobile,270,4,524.47,146.38,203.59,25.0,1,2,3,6,Lost Customers,552.0,Reactivation,Low,Last-chance discount + churn survey
CUST00303,Organic Search,Budget,Canada,35,Mobile,41,2,152.9,76.45,73.39,0.0,4,1,1,6,New Customers,102.0,Onboarding,Medium,Welcome series — product education
CUST00358,Influencer,Budget,Nigeria,33,Mobile,53,2,414.96,207.48,174.17000000000002,0.0,3,1,2,6,Potential Loyalists,434.0,Nurture,Medium,Incentivise 2nd/3rd purchase with discount
CUST00356,Email,Budget,France,20,Mobile,195,5,354.54,87.51,165.7,20.0,1,3,2,6,At Risk,295.0,Win-back,High,Time-limited re-engagement offer
CUST00111,Organic Search,Budget,France,65,Mobile,76,2,334.22,167.11,99.35,0.0,3,1,2,6,Potential Loyalists,382.0,Nurture,Medium,Incentivise 2nd/3rd purchase with discount
CUST00741,Paid Social,Budget,UAE,59,Mobile,571,5,272.79,141.1,112.46000000000001,40.0,1,3,2,6,At Risk,393.0,Win-back,High,Time-limited re-engagement offer
CUST01353,Referral,Mid-Range,USA,27,Mobile,146,5,233.34,54.73,95.56,20.0,2,3,1,6,At Risk,174.0,Win-back,High,Time-limited re-engagement offer
CUST00352,Influencer,Budget,Nigeria,28,Mobile,121,2,633.54,316.77,221.76,0.0,2,1,3,6,Lost Customers,741.0,Reactivation,Low,Last-chance discount + churn survey
CUST01339,Organic Search,Mid-Range,Australia,51,Desktop,136,3,421.29,140.43,217.75,0.0,2,2,2,6,Lost Customers,359.0,Reactivation,Low,Last-chance discount + churn survey
CUST00716,Organic Search,Mid-Range,UK,53,Desktop,94,3,395.91,131.97,208.26999999999998,0.0,2,2,2,6,Lost Customers,343.0,Reactivation,Low,Last-chance discount + churn survey
CUST00708,Direct,Budget,France,26,Desktop,38,1,31.8,31.8,20.35,0.0,4,1,1,6,New Customers,0.0,Onboarding,Medium,Welcome series — product education
CUST00694,Organic Search,Mid-Range,Canada,46,Mobile,98,4,349.19,87.3,161.7,0.0,2,2,2,6,Lost Customers,357.0,Reactivation,Low,Last-chance discount + churn survey
CUST00149,Referral,Mid-Range,USA,57,Tablet,103,4,377.11,94.28,171.29000000000002,0.0,2,2,2,6,Lost Customers,415.0,Reactivation,Low,Last-chance discount + churn survey
CUST00440,Email,Budget,UAE,38,Mobile,337,5,316.06,119.79,159.73999999999998,40.0,1,3,2,6,At Risk,309.0,Win-back,High,Time-limited re-engagement offer
CUST00909,Influencer,Budget,Nigeria,36,Mobile,64,3,64.35,49.9,32.22,33.3,3,2,1,6,Potential Loyalists,0.0,Nurture,Medium,Incentivise 2nd/3rd purchase with discount
CUST01170,Organic Search,Premium,UAE,54,Mobile,116,5,19.38,176.46,6.2,80.0,2,3,1,6,At Risk,151.0,Win-back,High,Time-limited re-engagement offer
CUST00372,Direct,Budget,Germany,37,Desktop,56,2,317.75,158.88,170.54000000000002,0.0,3,1,2,6,Potential Loyalists,368.0,Nurture,Medium,Incentivise 2nd/3rd purchase with discount
CUST00365,Paid Social,Budget,Australia,56,Mobile,70,4,209.83,70.26,104.3,25.0,3,2,1,6,Potential Loyalists,118.0,Nurture,Medium,Incentivise 2nd/3rd purchase with discount
CUST00217,Paid Social,Mid-Range,France,39,Desktop,309,7,200.71,118.8,118.38,42.9,1,4,1,6,At Risk,258.0,Win-back,High,Time-limited re-engagement offer
CUST00169,Influencer,Mid-Range,USA,59,Desktop,248,6,334.93,124.71,170.48000000000002,33.3,1,3,2,6,At Risk,432.0,Win-back,High,Time-limited re-engagement offer
CUST00229,Direct,Budget,Canada,54,Mobile,228,6,267.91,72.53,154.59,33.3,1,3,2,6,At Risk,358.0,Win-back,High,Time-limited re-engagement offer
CUST00228,Influencer,Mid-Range,Germany,48,Desktop,20,3,105.77,50.44,52.769999999999996,33.3,4,1,1,6,New Customers,64.0,Onboarding,Medium,Welcome series — product education
CUST01305,Email,Mid-Range,UAE,36,Mobile,157,4,408.02,124.88,151.74,25.0,2,2,2,6,Lost Customers,324.0,Reactivation,Low,Last-chance discount + churn survey
CUST00198,Email,Budget,Canada,38,Mobile,113,4,310.39,77.6,121.67,0.0,2,2,2,6,Lost Customers,313.0,Reactivation,Low,Last-chance discount + churn survey
CUST00196,Paid Social,Budget,UAE,41,Desktop,52,4,230.69,168.04,130.16,50.0,3,2,1,6,Potential Loyalists,190.0,Nurture,Medium,Incentivise 2nd/3rd purchase with discount
CUST00457,Organic Search,Mid-Range,UAE,19,Mobile,408,4,463.89,173.27,193.47,25.0,1,2,3,6,Lost Customers,599.0,Reactivation,Low,Last-chance discount + churn survey
CUST00450,Paid Social,Mid-Range,Canada,54,Mobile,225,3,681.06,227.02,354.65,0.0,1,1,4,6,Lost Customers,852.0,Reactivation,Low,Last-chance discount + churn survey
CUST00154,Email,Premium,Canada,49,Desktop,113,6,97.52,72.04,48.16,66.7,2,3,1,6,At Risk,82.0,Win-back,High,Time-limited re-engagement offer
CUST00770,Paid Social,Budget,Australia,55,Mobile,61,4,134.31,145.02,34.92,75.0,3,2,1,6,Potential Loyalists,102.0,Nurture,Medium,Incentivise 2nd/3rd purchase with discount
CUST00920,Organic Search,Budget,UK,27,Mobile,61,2,270.18,135.09,150.92,0.0,3,1,2,6,Potential Loyalists,334.0,Nurture,Medium,Incentivise 2nd/3rd purchase with discount
CUST01326,Organic Search,Mid-Range,Canada,64,Mobile,132,3,257.96,85.99,81.27,0.0,2,2,2,6,Lost Customers,285.0,Reactivation,Low,Last-chance discount + churn survey
CUST00478,Organic Search,Budget,Nigeria,52,Mobile,19,2,223.59,111.79,80.5,0.0,4,1,1,6,New Customers,148.0,Onboarding,Medium,Welcome series — product education
CUST00794,Organic Search,Budget,UK,58,Desktop,79,3,237.13,94.42,99.59,33.3,3,2,1,6,Potential Loyalists,62.0,Nurture,Medium,Incentivise 2nd/3rd purchase with discount
CUST00792,Referral,Budget,UK,60,Mobile,479,3,599.73,199.91,235.6,0.0,1,2,3,6,Lost Customers,676.0,Reactivation,Low,Last-chance discount + churn survey
CUST01308,Paid Social,Mid-Range,UK,43,Desktop,39,1,0.0,360.72,0.0,100.0,4,1,1,6,New Customers,176.0,Onboarding,Medium,Welcome series — product education
CUST00916,Paid Social,Premium,Canada,42,Desktop,81,3,213.66,114.91,111.96000000000001,33.3,3,2,1,6,Potential Loyalists,85.0,Nurture,Medium,Incentivise 2nd/3rd purchase with discount
CUST00778,Email,Mid-Range,UK,42,Mobile,66,2,288.53,144.26,177.07,0.0,3,1,2,6,Potential Loyalists,316.0,Nurture,Medium,Incentivise 2nd/3rd purchase with discount
CUST01141,Organic Search,Budget,France,23,Tablet,84,2,390.42,195.21,142.16,0.0,3,1,2,6,Potential Loyalists,418.0,Nurture,Medium,Incentivise 2nd/3rd purchase with discount
CUST00929,Paid Social,Mid-Range,UK,31,Mobile,173,3,453.09,151.03,270.66,0.0,1,2,3,6,Lost Customers,523.0,Reactivation,Low,Last-chance discount + churn survey
CUST00930,Referral,Mid-Range,Germany,48,Mobile,187,5,416.64,99.47,224.52,20.0,1,3,2,6,At Risk,392.0,Win-back,High,Time-limited re-engagement offer
CUST01130,Paid Social,Budget,Nigeria,18,Mobile,88,4,330.63,82.66,103.88000000000001,0.0,2,2,2,6,Lost Customers,344.0,Reactivation,Low,Last-chance discount + churn survey
CUST01135,Organic Search,Mid-Range,Germany,58,Mobile,181,4,565.76,141.44,241.95999999999998,0.0,1,2,3,6,Lost Customers,592.0,Reactivation,Low,Last-chance discount + churn survey
CUST00931,Paid Social,Budget,USA,29,Mobile,165,5,424.74,111.16,184.32999999999998,20.0,1,3,2,6,At Risk,353.0,Win-back,High,Time-limited re-engagement offer
CUST00953,Organic Search,Budget,Nigeria,58,Mobile,100,3,309.61,198.95,149.49,33.3,2,2,2,6,Lost Customers,357.0,Reactivation,Low,Last-chance discount + churn survey
CUST00333,Paid Social,Budget,Germany,64,Mobile,163,4,370.7,113.12,147.94,25.0,2,2,2,6,Lost Customers,338.0,Reactivation,Low,Last-chance discount + churn survey
CUST00214,Email,Budget,France,40,Mobile,84,4,243.86,170.8,111.67,50.0,3,2,1,6,Potential Loyalists,169.0,Nurture,Medium,Incentivise 2nd/3rd purchase with discount
CUST00639,Organic Search,Budget,Australia,59,Mobile,168,5,334.07,97.62,111.30000000000001,40.0,1,3,2,6,At Risk,294.0,Win-back,High,Time-limited re-engagement offer
CUST00625,Paid Social,Budget,Australia,19,Mobile,98,3,271.01,237.61,108.41,33.3,2,2,2,6,Lost Customers,403.0,Reactivation,Low,Last-chance discount + churn survey
CUST00153,Direct,Premium,UAE,22,Mobile,173,6,407.98,72.11,209.43,16.7,1,3,2,6,At Risk,388.0,Win-back,High,Time-limited re-engagement offer
CUST00825,Direct,Premium,USA,43,Desktop,330,5,425.46,170.0,214.65,20.0,1,3,2,6,At Risk,457.0,Win-back,High,Time-limited re-engagement offer
CUST00106,Email,Mid-Range,Australia,20,Mobile,140,4,408.17,117.04,131.64,25.0,2,2,2,6,Lost Customers,310.0,Reactivation,Low,Last-chance discount + churn survey
CUST00273,Paid Social,Mid-Range,Canada,25,Mobile,69,4,0.0,184.24,0.0,100.0,3,2,1,6,Potential Loyalists,96.0,Nurture,Medium,Incentivise 2nd/3rd purchase with discount
CUST00642,Email,Mid-Range,Canada,48,Mobile,143,4,424.54,127.49,230.04000000000002,25.0,2,2,2,6,Lost Customers,327.0,Reactivation,Low,Last-chance discount + churn survey
CUST01403,Organic Search,Budget,Canada,58,Desktop,124,4,301.56,103.66,127.10000000000001,25.0,2,2,2,6,Lost Customers,325.0,Reactivation,Low,Last-chance discount + churn survey
CUST01441,Organic Search,Mid-Range,Canada,41,Desktop,190,4,511.51,127.88,226.37,0.0,1,2,3,6,Lost Customers,573.0,Reactivation,Low,Last-chance discount + churn survey
CUST01445,Direct,Mid-Range,Canada,57,Mobile,88,3,321.77,107.26,129.48000000000002,0.0,2,2,2,6,Lost Customers,310.0,Reactivation,Low,Last-chance discount + churn survey
CUST00011,Influencer,Mid-Range,UK,18,Mobile,89,6,236.78,57.49,107.45,33.3,2,3,1,6,At Risk,170.0,Win-back,High,Time-limited re-engagement offer
CUST01468,Organic Search,Mid-Range,USA,56,Mobile,77,2,266.35,133.18,106.5,0.0,3,1,2,6,Potential Loyalists,335.0,Nurture,Medium,Incentivise 2nd/3rd purchase with discount
CUST01490,Paid Social,Mid-Range,France,65,Mobile,296,3,454.93,151.64,186.32999999999998,0.0,1,2,3,6,Lost Customers,540.0,Reactivation,Low,Last-chance discount + churn survey
CUST00284,Referral,Budget,Australia,61,Mobile,164,4,361.37,126.64,116.76,25.0,2,2,2,6,Lost Customers,408.0,Reactivation,Low,Last-chance discount + churn survey
CUST01436,Influencer,Mid-Range,Nigeria,61,Desktop,84,4,216.7,63.92,92.63,25.0,3,2,1,6,Potential Loyalists,118.0,Nurture,Medium,Incentivise 2nd/3rd purchase with discount
CUST01470,Referral,Mid-Range,UK,64,Tablet,73,4,0.0,167.39,0.0,100.0,3,2,1,6,Potential Loyalists,127.0,Nurture,Medium,Incentivise 2nd/3rd purchase with discount
CUST01286,Paid Social,Premium,UK,34,Desktop,168,4,533.12,183.05,208.83,25.0,1,2,3,6,Lost Customers,583.0,Reactivation,Low,Last-chance discount + churn survey
CUST00426,Organic Search,Budget,Canada,57,Mobile,37,1,142.4,142.4,71.2,0.0,4,1,1,6,New Customers,117.0,Onboarding,Medium,Welcome series — product education
CUST00845,Email,Mid-Range,France,18,Mobile,118,5,174.31,123.36,79.32,60.0,2,3,1,6,At Risk,91.0,Win-back,High,Time-limited re-engagement offer
CUST01250,Paid Social,Budget,Canada,21,Mobile,28,1,155.47,155.47,76.18,0.0,4,1,1,6,New Customers,128.0,Onboarding,Medium,Welcome series — product education
CUST00841,Paid Social,Budget,Australia,27,Desktop,116,3,316.39,131.29,109.1,33.3,2,2,2,6,Lost Customers,261.0,Reactivation,Low,Last-chance discount + churn survey
CUST00204,Paid Social,Budget,Germany,36,Desktop,87,4,416.66,221.74,219.46,50.0,2,2,2,6,Lost Customers,417.0,Reactivation,Low,Last-chance discount + churn survey
CUST00410,Organic Search,Budget,UAE,32,Mobile,67,4,235.41,101.56,136.79,25.0,3,2,1,6,Potential Loyalists,163.0,Nurture,Medium,Incentivise 2nd/3rd purchase with discount
CUST00843,Referral,Budget,UAE,52,Desktop,219,2,696.44,348.22,315.90999999999997,0.0,1,1,4,6,Lost Customers,992.0,Reactivation,Low,Last-chance discount + churn survey
CUST01481,Paid Social,Budget,USA,50,Desktop,51,3,131.94,58.43,61.46,33.3,3,2,1,6,Potential Loyalists,5.0,Nurture,Medium,Incentivise 2nd/3rd purchase with discount
CUST01237,Organic Search,Mid-Range,France,45,Desktop,221,5,347.87,69.57,179.04,0.0,1,3,2,6,At Risk,354.0,Win-back,High,Time-limited re-engagement offer
CUST01281,Email,Budget,France,58,Mobile,90,4,396.26,99.06,190.82,0.0,2,2,2,6,Lost Customers,341.0,Reactivation,Low,Last-chance discount + churn survey
CUST01273,Email,Mid-Range,UK,51,Mobile,22,2,232.17,116.08,93.78999999999999,0.0,4,1,1,6,New Customers,123.0,Onboarding,Medium,Welcome series — product education
CUST01213,Influencer,Mid-Range,USA,60,Desktop,157,2,514.02,257.01,206.60999999999999,0.0,2,1,3,6,Lost Customers,666.0,Reactivation,Low,Last-chance discount + churn survey
CUST01285,Organic Search,Budget,Germany,64,Desktop,32,2,74.59,80.34,26.11,50.0,4,1,1,6,New Customers,0.0,Onboarding,Medium,Welcome series — product education
CUST00901,Referral,Budget,France,38,Desktop,158,3,427.99,142.66,215.19,0.0,2,2,2,6,Lost Customers,411.0,Reactivation,Low,Last-chance discount + churn survey
CUST00892,Paid Social,Budget,Germany,45,Tablet,88,3,387.88,129.29,205.92000000000002,0.0,2,2,2,6,Lost Customers,334.0,Reactivation,Low,Last-chance discount + churn survey
CUST00068,Referral,Budget,Canada,30,Mobile,187,4,388.1,97.02,141.95,0.0,1,2,2,5,Lost Customers,419.0,Reactivation,Low,Last-chance discount + churn survey
CUST01408,Paid Social,Premium,UK,22,Tablet,413,3,402.36,196.0,127.58,33.3,1,2,2,5,Lost Customers,374.0,Reactivation,Low,Last-chance discount + churn survey
CUST01115,Influencer,Budget,France,28,Mobile,49,2,228.6,114.3,107.32000000000001,0.0,3,1,1,5,Potential Loyalists,148.0,Nurture,Medium,Incentivise 2nd/3rd purchase with discount
CUST00993,Organic Search,Mid-Range,Nigeria,24,Desktop,225,3,268.77,170.43,163.29000000000002,33.3,1,2,2,5,Lost Customers,322.0,Reactivation,Low,Last-chance discount + churn survey
CUST00337,Paid Social,Budget,UAE,32,Desktop,164,2,362.72,181.36,178.60000000000002,0.0,2,1,2,5,Lost Customers,397.0,Reactivation,Low,Last-chance discount + churn survey
CUST00332,Influencer,Mid-Range,Germany,60,Mobile,306,3,527.07,265.74,292.15,33.3,1,1,3,5,Lost Customers,684.0,Reactivation,Low,Last-chance discount + churn survey
CUST00329,Paid Social,Mid-Range,Canada,43,Tablet,155,4,235.02,119.74,76.02,25.0,2,2,1,5,Lost Customers,186.0,Reactivation,Low,Last-chance discount + churn survey
CUST00301,Organic Search,Budget,UK,57,Desktop,176,3,553.18,184.39,210.31,0.0,1,1,3,5,Lost Customers,634.0,Reactivation,Low,Last-chance discount + churn survey
CUST01333,Organic Search,Mid-Range,Australia,49,Desktop,89,3,237.62,115.25,99.11,33.3,2,2,1,5,Lost Customers,83.0,Reactivation,Low,Last-chance discount + churn survey
CUST00709,Paid Social,Mid-Range,Australia,37,Mobile,99,3,82.14,157.81,24.64,66.7,2,2,1,5,Lost Customers,59.0,Reactivation,Low,Last-chance discount + churn survey
CUST01350,Paid Social,Budget,Australia,47,Mobile,75,2,206.45,103.22,55.620000000000005,0.0,3,1,1,5,Potential Loyalists,131.0,Nurture,Medium,Incentivise 2nd/3rd purchase with discount
CUST00979,Referral,Budget,Nigeria,34,Desktop,72,2,209.46,104.73,88.59,0.0,3,1,1,5,Potential Loyalists,183.0,Nurture,Medium,Incentivise 2nd/3rd purchase with discount
CUST00524,Influencer,Budget,UAE,31,Desktop,255,4,361.35,90.34,151.12,0.0,1,2,2,5,Lost Customers,372.0,Reactivation,Low,Last-chance discount + churn survey
CUST00514,Direct,Budget,Germany,55,Mobile,451,2,487.37,243.68,300.84999999999997,0.0,1,1,3,5,Lost Customers,671.0,Reactivation,Low,Last-chance discount + churn survey
CUST00726,Email,Budget,USA,62,Mobile,229,3,368.41,149.71,142.52,33.3,1,2,2,5,Lost Customers,265.0,Reactivation,Low,Last-chance discount + churn survey
CUST00734,Paid Social,Premium,UAE,26,Mobile,157,4,95.16,81.82,53.589999999999996,50.0,2,2,1,5,Lost Customers,76.0,Reactivation,Low,Last-chance discount + churn survey
CUST01050,Direct,Mid-Range,Germany,58,Mobile,52,2,213.4,106.7,76.82000000000001,0.0,3,1,1,5,Potential Loyalists,139.0,Nurture,Medium,Incentivise 2nd/3rd purchase with discount
CUST01094,Paid Social,Mid-Range,Canada,34,Mobile,110,2,260.12,158.82,119.66,50.0,2,1,2,5,Lost Customers,244.0,Reactivation,Low,Last-chance discount + churn survey
CUST01060,Email,Budget,USA,55,Desktop,262,5,91.83,152.96,28.47,80.0,1,3,1,5,At Risk,95.0,Win-back,High,Time-limited re-engagement offer
CUST00130,Organic Search,Budget,UK,18,Desktop,268,2,488.4,244.2,230.98999999999998,0.0,1,1,3,5,Lost Customers,648.0,Reactivation,Low,Last-chance discount + churn survey
CUST00113,Influencer,Mid-Range,UAE,31,Tablet,245,4,258.83,114.82,146.59,25.0,1,2,2,5,Lost Customers,346.0,Reactivation,Low,Last-chance discount + churn survey
CUST00249,Email,Budget,Australia,22,Desktop,104,3,304.55,101.52,118.06,0.0,2,1,2,5,Lost Customers,329.0,Reactivation,Low,Last-chance discount + churn survey
CUST00250,Direct,Budget,Australia,52,Desktop,196,2,445.19,222.6,283.96,0.0,1,1,3,5,Lost Customers,614.0,Reactivation,Low,Last-chance discount + churn survey
CUST00259,Influencer,Budget,USA,63,Desktop,89,2,407.15,203.58,190.79000000000002,0.0,2,1,2,5,Lost Customers,428.0,Reactivation,Low,Last-chance discount + churn survey
CUST00747,Email,Mid-Range,France,46,Desktop,393,4,269.11,67.28,143.97,0.0,1,2,2,5,Lost Customers,323.0,Reactivation,Low,Last-chance discount + churn survey
CUST01021,Email,Mid-Range,Nigeria,38,Mobile,171,3,379.77,221.87,110.13,66.7,1,2,2,5,Lost Customers,278.0,Reactivation,Low,Last-chance discount + churn survey
CUST00657,Paid Social,Premium,Canada,33,Desktop,128,3,173.64,57.88,93.47,0.0,2,2,1,5,Lost Customers,82.0,Reactivation,Low,Last-chance discount + churn survey
CUST00670,Paid Social,Mid-Range,Australia,32,Desktop,103,4,0.0,225.56,0.0,100.0,2,2,1,5,Lost Customers,149.0,Reactivation,Low,Last-chance discount + churn survey
CUST00531,Direct,Mid-Range,Canada,51,Desktop,178,2,530.59,265.3,244.07,0.0,1,1,3,5,Lost Customers,670.0,Reactivation,Low,Last-chance discount + churn survey
CUST00542,Referral,Mid-Range,Nigeria,49,Mobile,441,3,328.51,109.5,136.84,0.0,1,2,2,5,Lost Customers,390.0,Reactivation,Low,Last-chance discount + churn survey
CUST00543,Paid Social,Mid-Range,UAE,33,Mobile,73,2,97.62,73.54,61.5,50.0,3,1,1,5,Potential Loyalists,0.0,Nurture,Medium,Incentivise 2nd/3rd purchase with discount
CUST00548,Paid Social,Mid-Range,USA,20,Tablet,217,3,372.22,124.07,156.04,0.0,1,2,2,5,Lost Customers,332.0,Reactivation,Low,Last-chance discount + churn survey
CUST01002,Organic Search,Budget,Canada,42,Mobile,180,3,371.59,182.34,145.45999999999998,33.3,1,2,2,5,Lost Customers,335.0,Reactivation,Low,Last-chance discount + churn survey
CUST00320,Paid Social,Premium,Nigeria,54,Mobile,495,3,471.67,183.14,242.13,33.3,1,1,3,5,Lost Customers,585.0,Reactivation,Low,Last-chance discount + churn survey
CUST00436,Influencer,Mid-Range,Germany,52,Desktop,259,2,485.16,242.58,192.28,0.0,1,1,3,5,Lost Customers,650.0,Reactivation,Low,Last-chance discount + churn survey
CUST00437,Paid Social,Budget,Canada,54,Tablet,153,2,249.28,124.64,139.06,0.0,2,1,2,5,Lost Customers,320.0,Reactivation,Low,Last-chance discount + churn survey
CUST00190,Email,Budget,Canada,46,Mobile,302,5,227.42,63.48,131.9,20.0,1,3,1,5,At Risk,118.0,Win-back,High,Time-limited re-engagement offer
CUST00148,Direct,Budget,Nigeria,38,Desktop,232,3,624.37,208.12,196.0,0.0,1,1,3,5,Lost Customers,672.0,Reactivation,Low,Last-chance discount + churn survey
CUST00144,Paid Social,Budget,Australia,22,Desktop,92,3,249.16,83.05,147.32,0.0,2,1,2,5,Lost Customers,330.0,Reactivation,Low,Last-chance discount + churn survey
CUST00824,Paid Social,Premium,UAE,41,Mobile,471,4,309.82,77.46,182.62,0.0,1,2,2,5,Lost Customers,373.0,Reactivation,Low,Last-chance discount + churn survey
CUST00225,Paid Social,Premium,Australia,36,Mobile,417,4,272.11,180.6,85.32,50.0,1,2,2,5,Lost Customers,390.0,Reactivation,Low,Last-chance discount + churn survey
CUST00371,Organic Search,Mid-Range,Australia,46,Mobile,290,3,600.87,200.29,273.0,0.0,1,1,3,5,Lost Customers,668.0,Reactivation,Low,Last-chance discount + churn survey
CUST00912,Email,Budget,Nigeria,51,Mobile,244,3,349.33,116.44,156.89,0.0,1,2,2,5,Lost Customers,299.0,Reactivation,Low,Last-chance discount + churn survey
CUST01172,Direct,Budget,France,63,Mobile,49,2,73.52,140.5,25.73,50.0,3,1,1,5,Potential Loyalists,68.0,Nurture,Medium,Incentivise 2nd/3rd purchase with discount
CUST00447,Email,Budget,Canada,63,Desktop,248,4,426.94,130.7,251.60000000000002,25.0,1,2,2,5,Lost Customers,336.0,Reactivation,Low,Last-chance discount + churn survey
CUST00834,Referral,Mid-Range,France,49,Desktop,141,3,220.67,133.39,77.9,33.3,2,2,1,5,Lost Customers,161.0,Reactivation,Low,Last-chance discount + churn survey
CUST00384,Paid Social,Premium,Australia,49,Mobile,100,3,339.73,127.48,123.62,33.3,2,1,2,5,Lost Customers,315.0,Reactivation,Low,Last-chance discount + churn survey
CUST00390,Organic Search,Budget,France,24,Desktop,48,1,223.77,223.77,78.32,0.0,3,1,1,5,Potential Loyalists,220.0,Nurture,Medium,Incentivise 2nd/3rd purchase with discount
CUST01313,Paid Social,Budget,USA,45,Mobile,86,2,301.86,150.93,134.17000000000002,0.0,2,1,2,5,Lost Customers,348.0,Reactivation,Low,Last-chance discount + churn survey
CUST00484,Paid Social,Budget,UAE,59,Desktop,212,5,209.82,81.93,80.82000000000001,40.0,1,3,1,5,At Risk,115.0,Win-back,High,Time-limited re-engagement offer
CUST00749,Paid Social,Mid-Range,Australia,59,Desktop,121,2,308.2,154.1,175.08,0.0,2,1,2,5,Lost Customers,357.0,Reactivation,Low,Last-chance discount + churn survey
CUST00756,Paid Social,Budget,Nigeria,61,Desktop,129,2,288.51,177.56,167.34,50.0,2,1,2,5,Lost Customers,273.0,Reactivation,Low,Last-chance discount + churn survey
CUST00966,Paid Social,Budget,Nigeria,65,Mobile,63,2,34.26,101.22,15.07,50.0,3,1,1,5,Potential Loyalists,12.0,Nurture,Medium,Incentivise 2nd/3rd purchase with discount
CUST00969,Organic Search,Mid-Range,USA,24,Desktop,585,2,609.75,304.88,265.87,0.0,1,1,3,5,Lost Customers,766.0,Reactivation,Low,Last-chance discount + churn survey
CUST00961,Paid Social,Budget,Canada,47,Desktop,195,4,422.06,186.3,195.83,50.0,1,2,2,5,Lost Customers,374.0,Reactivation,Low,Last-chance discount + churn survey
CUST00963,Paid Social,Budget,USA,27,Desktop,528,1,454.08,454.08,131.68,0.0,1,1,3,5,Lost Customers,884.0,Reactivation,Low,Last-chance discount + churn survey
CUST00775,Paid Social,Premium,Nigeria,24,Mobile,111,4,132.56,124.37,34.47,75.0,2,2,1,5,Lost Customers,70.0,Reactivation,Low,Last-chance discount + churn survey
CUST00922,Organic Search,Budget,France,63,Desktop,273,3,297.84,180.23,137.71,33.3,1,2,2,5,Lost Customers,344.0,Reactivation,Low,Last-chance discount + churn survey
CUST00433,Influencer,Budget,Nigeria,35,Mobile,236,2,479.0,239.5,239.11,0.0,1,1,3,5,Lost Customers,642.0,Reactivation,Low,Last-chance discount + churn survey
CUST00470,Direct,Budget,Nigeria,41,Mobile,134,4,25.2,140.46,13.61,75.0,2,2,1,5,Lost Customers,100.0,Reactivation,Low,Last-chance discount + churn survey
CUST01302,Paid Social,Premium,USA,29,Mobile,131,3,161.57,60.65,71.93,33.3,2,2,1,5,Lost Customers,8.0,Reactivation,Low,Last-chance discount + churn survey
CUST01297,Email,Mid-Range,Canada,22,Mobile,245,3,315.18,140.61,164.32999999999998,33.3,1,2,2,5,Lost Customers,252.0,Reactivation,Low,Last-chance discount + churn survey
CUST01268,Referral,Mid-Range,USA,62,Mobile,365,3,301.92,100.64,154.98000000000002,0.0,1,2,2,5,Lost Customers,370.0,Reactivation,Low,Last-chance discount + churn survey
CUST01228,Paid Social,Budget,Canada,64,Mobile,264,4,432.19,136.52,120.81,25.0,1,2,2,5,Lost Customers,374.0,Reactivation,Low,Last-chance discount + churn survey
CUST01479,Paid Social,Mid-Range,Australia,50,Desktop,330,3,312.59,300.78,148.52,33.3,1,2,2,5,Lost Customers,509.0,Reactivation,Low,Last-chance discount + churn survey
CUST01239,Organic Search,Budget,USA,30,Tablet,140,3,232.5,87.77,131.61,33.3,2,2,1,5,Lost Customers,50.0,Reactivation,Low,Last-chance discount + churn survey
CUST01229,Paid Social,Budget,Nigeria,51,Mobile,70,1,166.67,166.67,71.67,0.0,3,1,1,5,Potential Loyalists,142.0,Nurture,Medium,Incentivise 2nd/3rd purchase with discount
CUST00842,Email,Mid-Range,Germany,32,Desktop,349,4,253.58,91.54,90.15,50.0,1,2,2,5,Lost Customers,233.0,Reactivation,Low,Last-chance discount + churn survey
CUST01260,Paid Social,Mid-Range,Germany,18,Mobile,126,2,319.87,159.94,184.61,0.0,2,1,2,5,Lost Customers,363.0,Reactivation,Low,Last-chance discount + churn survey
CUST00143,Paid Social,Mid-Range,Canada,45,Desktop,328,4,375.62,110.52,213.63,25.0,1,2,2,5,Lost Customers,344.0,Reactivation,Low,Last-chance discount + churn survey
CUST00199,Referral,Budget,UK,58,Tablet,125,2,357.62,178.81,186.10999999999999,0.0,2,1,2,5,Lost Customers,442.0,Reactivation,Low,Last-chance discount + churn survey
CUST00177,Influencer,Budget,Nigeria,38,Mobile,123,3,379.44,201.47,103.83,33.3,2,1,2,5,Lost Customers,424.0,Reactivation,Low,Last-chance discount + churn survey
CUST00891,Organic Search,Budget,France,20,Mobile,86,2,136.06,68.03,61.69,0.0,3,1,1,5,Potential Loyalists,87.0,Nurture,Medium,Incentivise 2nd/3rd purchase with discount
CUST00876,Paid Social,Mid-Range,France,22,Mobile,69,2,86.82,43.41,27.200000000000003,0.0,3,1,1,5,Potential Loyalists,48.0,Nurture,Medium,Incentivise 2nd/3rd purchase with discount
CUST00875,Paid Social,Premium,UAE,18,Desktop,240,3,394.08,185.14,185.88,33.3,1,2,2,5,Lost Customers,340.0,Reactivation,Low,Last-chance discount + churn survey
CUST00869,Email,Budget,Nigeria,25,Desktop,86,2,235.31,184.78,145.89,50.0,3,1,1,5,Potential Loyalists,97.0,Nurture,Medium,Incentivise 2nd/3rd purchase with discount
CUST00861,Direct,Budget,Germany,55,Desktop,129,3,129.15,93.66,37.45,66.7,2,2,1,5,Lost Customers,0.0,Reactivation,Low,Last-chance discount + churn survey
CUST00858,Direct,Mid-Range,UAE,18,Mobile,70,2,106.5,53.25,54.54,0.0,3,1,1,5,Potential Loyalists,66.0,Nurture,Medium,Incentivise 2nd/3rd purchase with discount
CUST00628,Direct,Budget,France,20,Mobile,69,2,0.0,107.32,0.0,100.0,3,1,1,5,Potential Loyalists,0.0,Nurture,Medium,Incentivise 2nd/3rd purchase with discount
CUST00568,Email,Mid-Range,UAE,44,Desktop,155,3,207.72,89.42,74.64,33.3,2,2,1,5,Lost Customers,23.0,Reactivation,Low,Last-chance discount + churn survey
CUST00105,Email,Budget,Canada,23,Mobile,139,2,387.31,193.66,170.04,0.0,2,1,2,5,Lost Customers,383.0,Reactivation,Low,Last-chance discount + churn survey
CUST00087,Paid Social,Mid-Range,USA,38,Mobile,180,5,152.4,84.88,79.99000000000001,60.0,1,3,1,5,At Risk,67.0,Win-back,High,Time-limited re-engagement offer
CUST00084,Email,Budget,Germany,43,Mobile,99,3,248.73,200.86,129.54,33.3,2,1,2,5,Lost Customers,387.0,Reactivation,Low,Last-chance discount + churn survey
CUST00602,Paid Social,Budget,France,54,Mobile,50,2,163.44,151.83,45.76,50.0,3,1,1,5,Potential Loyalists,78.0,Nurture,Medium,Incentivise 2nd/3rd purchase with discount
CUST00596,Email,Mid-Range,USA,50,Mobile,495,3,356.24,160.46,135.61,33.3,1,2,2,5,Lost Customers,308.0,Reactivation,Low,Last-chance discount + churn survey
CUST00601,Paid Social,Mid-Range,UK,48,Mobile,136,4,138.07,84.23,65.82000000000001,25.0,2,2,1,5,Lost Customers,136.0,Reactivation,Low,Last-chance discount + churn survey
CUST00648,Paid Social,Mid-Range,Australia,61,Mobile,114,2,351.77,175.88,199.54000000000002,0.0,2,1,2,5,Lost Customers,386.0,Reactivation,Low,Last-chance discount + churn survey
CUST01474,Email,Budget,France,24,Mobile,126,4,215.75,104.82,84.47999999999999,25.0,2,2,1,5,Lost Customers,134.0,Reactivation,Low,Last-chance discount + churn survey
CUST01483,Direct,Mid-Range,France,57,Tablet,287,3,270.02,90.01,154.59,0.0,1,2,2,5,Lost Customers,301.0,Reactivation,Low,Last-chance discount + churn survey
CUST00282,Paid Social,Budget,Australia,51,Desktop,49,1,81.83,81.83,46.64,0.0,3,1,1,5,Potential Loyalists,25.0,Nurture,Medium,Incentivise 2nd/3rd purchase with discount
CUST01085,Influencer,Budget,France,44,Desktop,73,1,171.0,171.0,95.76,0.0,3,1,1,5,Potential Loyalists,154.0,Nurture,Medium,Incentivise 2nd/3rd purchase with discount
CUST00007,Paid Social,Budget,Germany,25,Mobile,52,1,0.0,153.27,0.0,100.0,3,1,1,5,Potential Loyalists,0.0,Nurture,Medium,Incentivise 2nd/3rd purchase with discount
CUST00276,Direct,Budget,Canada,30,Tablet,160,2,330.5,165.25,145.42000000000002,0.0,2,1,2,5,Lost Customers,380.0,Reactivation,Low,Last-chance discount + churn survey
CUST01444,Paid Social,Mid-Range,Australia,34,Mobile,113,1,278.47,278.47,72.4,0.0,2,1,2,5,Lost Customers,449.0,Reactivation,Low,Last-chance discount + churn survey
CUST01465,Direct,Budget,USA,28,Mobile,88,2,392.17,196.08,168.98,0.0,2,1,2,5,Lost Customers,414.0,Reactivation,Low,Last-chance discount + churn survey
CUST01430,Influencer,Budget,France,60,Mobile,234,2,491.51,245.76,172.95000000000002,0.0,1,1,3,5,Lost Customers,652.0,Reactivation,Low,Last-chance discount + churn survey
CUST01469,Paid Social,Budget,France,26,Mobile,109,1,148.77,148.77,49.09,0.0,2,1,1,4,Lost Customers,113.0,Reactivation,Low,Last-chance discount + churn survey
CUST01432,Influencer,Mid-Range,Canada,51,Mobile,164,3,161.72,65.67,60.400000000000006,33.3,1,2,1,4,Lost Customers,19.0,Reactivation,Low,Last-chance discount + churn survey
CUST00104,Paid Social,Budget,Australia,40,Desktop,243,2,285.66,209.3,174.25,50.0,1,1,2,4,Lost Customers,320.0,Reactivation,Low,Last-chance discount + churn survey
CUST00097,Paid Social,Budget,Australia,46,Desktop,149,3,151.73,90.33,77.45,33.3,2,1,1,4,Lost Customers,111.0,Reactivation,Low,Last-chance discount + churn survey
CUST00298,Paid Social,Budget,USA,59,Desktop,110,2,120.23,74.61,60.12,50.0,2,1,1,4,Lost Customers,0.0,Reactivation,Low,Last-chance discount + churn survey
CUST00295,Direct,Mid-Range,Germany,26,Mobile,149,2,38.76,53.64,12.4,50.0,2,1,1,4,Lost Customers,0.0,Reactivation,Low,Last-chance discount + churn survey
CUST00278,Paid Social,Budget,Canada,54,Desktop,194,2,294.84,147.42,158.05,0.0,1,1,2,4,Lost Customers,348.0,Reactivation,Low,Last-chance discount + churn survey
CUST00821,Direct,Mid-Range,France,26,Mobile,262,3,67.36,115.05,41.09,66.7,1,2,1,4,Lost Customers,16.0,Reactivation,Low,Last-chance discount + churn survey
CUST00189,Paid Social,Mid-Range,UAE,32,Desktop,161,3,109.21,100.97,43.68,66.7,2,1,1,4,Lost Customers,48.0,Reactivation,Low,Last-chance discount + churn survey
CUST00192,Paid Social,Mid-Range,UAE,37,Desktop,101,2,117.29,58.64,34.45,0.0,2,1,1,4,Lost Customers,65.0,Reactivation,Low,Last-chance discount + churn survey
CUST00193,Organic Search,Budget,Germany,23,Mobile,220,4,60.18,144.82,34.3,75.0,1,2,1,4,Lost Customers,106.0,Reactivation,Low,Last-chance discount + churn survey
CUST00442,Email,Budget,Canada,48,Desktop,181,1,335.66,335.66,137.62,0.0,1,1,2,4,Lost Customers,500.0,Reactivation,Low,Last-chance discount + churn survey
CUST01399,Paid Social,Budget,UAE,31,Mobile,168,3,100.01,70.94,35.36,33.3,1,2,1,4,Lost Customers,19.0,Reactivation,Low,Last-chance discount + churn survey
CUST01233,Direct,Budget,UK,45,Desktop,636,1,288.86,288.86,112.66,0.0,1,1,2,4,Lost Customers,518.0,Reactivation,Low,Last-chance discount + churn survey
CUST00561,Organic Search,Mid-Range,UK,51,Desktop,178,2,270.16,181.31,72.94,50.0,1,1,2,4,Lost Customers,280.0,Reactivation,Low,Last-chance discount + churn survey
CUST00838,Organic Search,Budget,Germany,24,Mobile,91,2,116.88,58.44,49.480000000000004,0.0,2,1,1,4,Lost Customers,67.0,Reactivation,Low,Last-chance discount + churn survey
CUST00572,Organic Search,Mid-Range,UAE,49,Mobile,247,3,143.01,47.67,82.71,0.0,1,2,1,4,Lost Customers,79.0,Reactivation,Low,Last-chance discount + churn survey
CUST00412,Paid Social,Mid-Range,UK,19,Desktop,140,1,65.53,65.53,34.08,0.0,2,1,1,4,Lost Customers,3.0,Reactivation,Low,Last-chance discount + churn survey
CUST00398,Email,Budget,Canada,39,Desktop,375,4,188.16,110.71,77.24,25.0,1,2,1,4,Lost Customers,163.0,Reactivation,Low,Last-chance discount + churn survey
CUST00898,Referral,Mid-Range,USA,22,Mobile,177,3,151.64,64.9,58.08,33.3,1,2,1,4,Lost Customers,62.0,Reactivation,Low,Last-chance discount + churn survey
CUST01216,Direct,Mid-Range,UK,40,Desktop,326,3,120.71,73.94,62.32,33.3,1,2,1,4,Lost Customers,46.0,Reactivation,Low,Last-chance discount + churn survey
CUST01265,Paid Social,Mid-Range,USA,46,Mobile,266,2,261.46,130.73,74.50999999999999,0.0,1,1,2,4,Lost Customers,333.0,Reactivation,Low,Last-chance discount + churn survey
CUST01264,Organic Search,Budget,UK,53,Desktop,357,2,376.2,290.61,161.77,50.0,1,1,2,4,Lost Customers,448.0,Reactivation,Low,Last-chance discount + churn survey
CUST00200,Email,Budget,Canada,19,Tablet,119,2,49.52,114.34,20.8,50.0,2,1,1,4,Lost Customers,0.0,Reactivation,Low,Last-chance discount + churn survey
CUST00887,Email,Mid-Range,Germany,25,Mobile,515,2,363.39,181.7,184.05,0.0,1,1,2,4,Lost Customers,400.0,Reactivation,Low,Last-chance discount + churn survey
CUST00449,Direct,Budget,Canada,18,Desktop,152,3,195.4,65.13,99.27000000000001,0.0,2,1,1,4,Lost Customers,158.0,Reactivation,Low,Last-chance discount + churn survey
CUST00815,Paid Social,Premium,USA,49,Mobile,185,3,157.43,84.33,74.27000000000001,33.3,1,2,1,4,Lost Customers,40.0,Reactivation,Low,Last-chance discount + churn survey
CUST00836,Paid Social,Mid-Range,Australia,49,Desktop,216,3,114.5,79.09,45.17,33.3,1,2,1,4,Lost Customers,36.0,Reactivation,Low,Last-chance discount + churn survey
CUST00050,Paid Social,Budget,Canada,42,Desktop,323,3,309.43,103.14,131.98,0.0,1,1,2,4,Lost Customers,376.0,Reactivation,Low,Last-chance discount + churn survey
CUST00035,Paid Social,Budget,Australia,41,Desktop,101,3,81.79,171.85,23.72,66.7,2,1,1,4,Lost Customers,139.0,Reactivation,Low,Last-chance discount + churn survey
CUST00056,Direct,Mid-Range,Canada,32,Desktop,438,3,354.17,118.06,138.89000000000001,0.0,1,1,2,4,Lost Customers,413.0,Reactivation,Low,Last-chance discount + churn survey
CUST00526,Email,Budget,Germany,40,Mobile,447,2,346.82,173.41,139.57999999999998,0.0,1,1,2,4,Lost Customers,382.0,Reactivation,Low,Last-chance discount + churn survey
CUST00556,Paid Social,Budget,France,35,Mobile,147,2,232.66,116.33,100.28999999999999,0.0,2,1,1,4,Lost Customers,149.0,Reactivation,Low,Last-chance discount + churn survey
CUST00656,Paid Social,Mid-Range,UK,35,Desktop,132,1,29.87,29.87,11.35,0.0,2,1,1,4,Lost Customers,0.0,Reactivation,Low,Last-chance discount + churn survey
CUST00660,Email,Budget,USA,25,Desktop,112,2,145.85,262.78,45.21,50.0,2,1,1,4,Lost Customers,199.0,Reactivation,Low,Last-chance discount + churn survey
CUST01462,Paid Social,Budget,Australia,31,Desktop,145,2,104.21,52.1,38.68,0.0,2,1,1,4,Lost Customers,61.0,Reactivation,Low,Last-chance discount + churn survey
CUST00666,Paid Social,Mid-Range,Germany,46,Desktop,209,3,131.79,160.11,83.03,66.7,1,2,1,4,Lost Customers,68.0,Reactivation,Low,Last-chance discount + churn survey
CUST01357,Organic Search,Budget,Canada,50,Mobile,357,2,379.71,241.24,170.87,50.0,1,1,2,4,Lost Customers,381.0,Reactivation,Low,Last-chance discount + churn survey
CUST01377,Organic Search,Mid-Range,USA,51,Mobile,143,2,97.88,48.94,52.080000000000005,0.0,2,1,1,4,Lost Customers,62.0,Reactivation,Low,Last-chance discount + churn survey
CUST00361,Referral,Budget,Canada,43,Tablet,122,1,14.72,14.72,9.42,0.0,2,1,1,4,Lost Customers,0.0,Reactivation,Low,Last-chance discount + churn survey
CUST00486,Organic Search,Budget,UAE,18,Tablet,148,2,179.71,89.86,94.87,0.0,2,1,1,4,Lost Customers,116.0,Reactivation,Low,Last-chance discount + churn survey
CUST01315,Paid Social,Budget,Nigeria,24,Mobile,532,2,296.82,197.62,175.12,50.0,1,1,2,4,Lost Customers,335.0,Reactivation,Low,Last-chance discount + churn survey
CUST01317,Influencer,Mid-Range,Germany,36,Mobile,187,3,91.44,49.9,33.339999999999996,33.3,1,2,1,4,Lost Customers,0.0,Reactivation,Low,Last-chance discount + churn survey
CUST01118,Organic Search,Budget,France,23,Tablet,220,2,248.76,324.36,129.36,50.0,1,1,2,4,Lost Customers,477.0,Reactivation,Low,Last-chance discount + churn survey
CUST01318,Email,Budget,Nigeria,60,Desktop,101,1,0.0,42.05,0.0,100.0,2,1,1,4,Lost Customers,0.0,Reactivation,Low,Last-chance discount + churn survey
CUST01120,Paid Social,Mid-Range,USA,27,Desktop,140,1,176.04,176.04,51.05,0.0,2,1,1,4,Lost Customers,154.0,Reactivation,Low,Last-chance discount + churn survey
CUST01148,Paid Social,Mid-Range,USA,21,Mobile,275,3,97.27,85.87,56.160000000000004,33.3,1,2,1,4,Lost Customers,50.0,Reactivation,Low,Last-chance discount + churn survey
CUST01146,Paid Social,Budget,USA,21,Mobile,171,3,0.0,202.77,0.0,100.0,1,2,1,4,Lost Customers,42.0,Reactivation,Low,Last-chance discount + churn survey
CUST01159,Paid Social,Budget,Germany,41,Mobile,133,2,184.53,125.48,51.67,50.0,2,1,1,4,Lost Customers,43.0,Reactivation,Low,Last-chance discount + churn survey
CUST00349,Paid Social,Mid-Range,Canada,46,Mobile,357,3,282.48,94.16,112.64,0.0,1,1,2,4,Lost Customers,368.0,Reactivation,Low,Last-chance discount + churn survey
CUST00343,Direct,Mid-Range,UK,28,Mobile,177,2,373.62,186.81,125.11,0.0,1,1,2,4,Lost Customers,403.0,Reactivation,Low,Last-chance discount + churn survey
CUST00302,Direct,Mid-Range,UAE,45,Mobile,128,3,147.44,90.07,50.97,33.3,2,1,1,4,Lost Customers,114.0,Reactivation,Low,Last-chance discount + churn survey
CUST00350,Paid Social,Budget,USA,44,Mobile,136,2,149.72,74.86,72.44,0.0,2,1,1,4,Lost Customers,92.0,Reactivation,Low,Last-chance discount + churn survey
CUST00213,Paid Social,Budget,UK,62,Desktop,120,2,162.69,81.34,63.02,0.0,2,1,1,4,Lost Customers,100.0,Reactivation,Low,Last-chance discount + churn survey
CUST00959,Organic Search,Budget,Nigeria,43,Desktop,147,1,121.14,121.14,39.98,0.0,2,1,1,4,Lost Customers,85.0,Reactivation,Low,Last-chance discount + churn survey
CUST00472,Influencer,Budget,Canada,47,Mobile,255,1,349.05,349.05,223.39,0.0,1,1,2,4,Lost Customers,560.0,Reactivation,Low,Last-chance discount + churn survey
CUST01199,Email,Budget,UAE,40,Mobile,182,3,134.56,58.42,47.7,33.3,1,2,1,4,Lost Customers,0.0,Reactivation,Low,Last-chance discount + churn survey
CUST01312,Paid Social,Mid-Range,Nigeria,45,Mobile,146,1,152.8,152.8,77.93,0.0,2,1,1,4,Lost Customers,124.0,Reactivation,Low,Last-chance discount + churn survey
CUST00434,Paid Social,Budget,UK,60,Tablet,331,1,284.8,284.8,142.4,0.0,1,1,2,4,Lost Customers,476.0,Reactivation,Low,Last-chance discount + churn survey
CUST00795,Paid Social,Budget,USA,57,Mobile,149,1,129.79,129.79,58.41,0.0,2,1,1,4,Lost Customers,94.0,Reactivation,Low,Last-chance discount + churn survey
CUST00431,Email,Mid-Range,USA,49,Mobile,192,3,350.57,147.68,115.49000000000001,33.3,1,1,2,4,Lost Customers,318.0,Reactivation,Low,Last-chance discount + churn survey
CUST00790,Organic Search,Budget,UK,20,Mobile,124,1,146.79,146.79,52.84,0.0,2,1,1,4,Lost Customers,116.0,Reactivation,Low,Last-chance discount + churn survey
CUST00788,Email,Budget,France,57,Desktop,165,4,85.85,89.91,39.49,75.0,1,2,1,4,Lost Customers,0.0,Reactivation,Low,Last-chance discount + churn survey
CUST01188,Paid Social,Budget,UK,55,Mobile,109,2,233.23,116.62,110.86999999999999,0.0,2,1,1,4,Lost Customers,146.0,Reactivation,Low,Last-chance discount + churn survey
CUST00375,Email,Budget,Nigeria,62,Mobile,197,3,333.96,111.32,142.57999999999998,0.0,1,1,2,4,Lost Customers,347.0,Reactivation,Low,Last-chance discount + churn survey
CUST01184,Direct,Mid-Range,Germany,35,Mobile,184,3,156.6,108.29,51.68,66.7,1,2,1,4,Lost Customers,0.0,Reactivation,Low,Last-chance discount + churn survey
CUST00388,Paid Social,Mid-Range,France,30,Mobile,155,1,56.47,56.47,35.58,0.0,2,1,1,4,Lost Customers,0.0,Reactivation,Low,Last-chance discount + churn survey
CUST00172,Direct,Budget,USA,27,Desktop,203,3,290.28,142.33,122.35000000000001,33.3,1,1,2,4,Lost Customers,343.0,Reactivation,Low,Last-chance discount + churn survey
CUST00171,Email,Mid-Range,Australia,64,Mobile,106,3,169.03,83.41,93.72,33.3,2,1,1,4,Lost Customers,71.0,Reactivation,Low,Last-chance discount + churn survey
CUST00165,Paid Social,Budget,Germany,28,Mobile,112,2,139.06,88.96,41.72,50.0,2,1,1,4,Lost Customers,0.0,Reactivation,Low,Last-chance discount + churn survey
CUST00159,Email,Budget,France,58,Desktop,388,3,253.18,148.52,73.42,66.7,1,1,2,4,Lost Customers,262.0,Reactivation,Low,Last-chance discount + churn survey
CUST00028,Paid Social,Mid-Range,USA,23,Desktop,92,3,224.63,74.88,82.42,0.0,2,1,1,4,Lost Customers,161.0,Reactivation,Low,Last-chance discount + churn survey
CUST00034,Paid Social,Budget,Nigeria,18,Tablet,114,2,54.94,70.22,30.77,50.0,2,1,1,4,Lost Customers,0.0,Reactivation,Low,Last-chance discount + churn survey
CUST01425,Direct,Budget,Germany,55,Mobile,126,2,126.59,200.14,36.71,50.0,2,1,1,4,Lost Customers,150.0,Reactivation,Low,Last-chance discount + churn survey
CUST01057,Email,Mid-Range,UAE,61,Mobile,185,3,126.6,88.31,69.91,33.3,1,2,1,4,Lost Customers,18.0,Reactivation,Low,Last-chance discount + churn survey
CUST00265,Organic Search,Mid-Range,Nigeria,28,Desktop,159,2,124.02,104.72,76.89,50.0,2,1,1,4,Lost Customers,21.0,Reactivation,Low,Last-chance discount + churn survey
CUST01104,Paid Social,Budget,UK,25,Mobile,102,1,62.78,62.78,30.13,0.0,2,1,1,4,Lost Customers,0.0,Reactivation,Low,Last-chance discount + churn survey
CUST00243,Email,Budget,Nigeria,43,Mobile,146,3,171.23,101.83,76.16999999999999,33.3,2,1,1,4,Lost Customers,99.0,Reactivation,Low,Last-chance discount + churn survey
CUST01041,Email,Budget,Canada,55,Mobile,115,2,189.57,135.85,109.95,50.0,2,1,1,4,Lost Customers,28.0,Reactivation,Low,Last-chance discount + churn survey
CUST01036,Paid Social,Mid-Range,UAE,32,Mobile,95,2,97.71,92.04,25.4,50.0,2,1,1,4,Lost Customers,0.0,Reactivation,Low,Last-chance discount + churn survey
CUST01059,Paid Social,Mid-Range,USA,45,Mobile,383,3,137.87,66.14,62.3,33.3,1,2,1,4,Lost Customers,37.0,Reactivation,Low,Last-chance discount + churn survey
CUST00738,Paid Social,Mid-Range,Germany,46,Mobile,257,3,153.39,70.3,78.64,33.3,1,2,1,4,Lost Customers,29.0,Reactivation,Low,Last-chance discount + churn survey
CUST00054,Email,Budget,UAE,19,Mobile,611,2,302.49,151.24,135.24,0.0,1,1,2,4,Lost Customers,369.0,Reactivation,Low,Last-chance discount + churn survey
CUST00037,Organic Search,Mid-Range,Canada,57,Mobile,116,2,31.95,310.85,18.53,50.0,2,1,1,4,Lost Customers,299.0,Reactivation,Low,Last-chance discount + churn survey
CUST01418,Paid Social,Premium,Germany,24,Mobile,263,3,98.44,63.23,37.16,33.3,1,2,1,4,Lost Customers,18.0,Reactivation,Low,Last-chance discount + churn survey
CUST01414,Email,Mid-Range,Canada,45,Mobile,116,2,90.13,117.22,48.67,50.0,2,1,1,4,Lost Customers,2.0,Reactivation,Low,Last-chance discount + churn survey
CUST01456,Email,Mid-Range,USA,33,Tablet,120,2,100.86,50.43,46.75,0.0,2,1,1,4,Lost Customers,28.0,Reactivation,Low,Last-chance discount + churn survey
CUST00705,Email,Mid-Range,USA,30,Desktop,149,2,40.8,56.14,23.26,50.0,2,1,1,4,Lost Customers,0.0,Reactivation,Low,Last-chance discount + churn survey
CUST01336,Paid Social,Mid-Range,France,43,Mobile,151,2,163.96,217.26,101.66,50.0,2,1,1,4,Lost Customers,170.0,Reactivation,Low,Last-chance discount + churn survey
CUST00363,Organic Search,Mid-Range,Australia,28,Mobile,162,3,241.13,169.26,147.05,33.3,2,1,1,4,Lost Customers,223.0,Reactivation,Low,Last-chance discount + churn survey
CUST00736,Direct,Mid-Range,Australia,24,Mobile,191,3,224.67,110.03,62.290000000000006,33.3,1,2,1,4,Lost Customers,79.0,Reactivation,Low,Last-chance discount + churn survey
CUST00150,Paid Social,Budget,Canada,20,Mobile,427,1,0.0,60.67,0.0,100.0,1,1,1,3,Lost Customers,0.0,Reactivation,Low,Last-chance discount + churn survey
CUST00835,Paid Social,Budget,Germany,58,Mobile,511,1,66.08,66.08,31.72,0.0,1,1,1,3,Lost Customers,39.0,Reactivation,Low,Last-chance discount + churn survey
CUST00446,Paid Social,Mid-Range,Nigeria,40,Mobile,651,1,18.51,18.51,11.66,0.0,1,1,1,3,Lost Customers,0.0,Reactivation,Low,Last-chance discount + churn survey
CUST00423,Direct,Budget,Australia,58,Mobile,550,1,78.3,78.3,25.84,0.0,1,1,1,3,Lost Customers,65.0,Reactivation,Low,Last-chance discount + churn survey
CUST01208,Direct,Budget,UK,33,Mobile,229,2,141.42,70.71,84.91,0.0,1,1,1,3,Lost Customers,93.0,Reactivation,Low,Last-chance discount + churn survey
CUST01203,Direct,Mid-Range,UK,37,Mobile,227,2,119.83,59.92,57.42,0.0,1,1,1,3,Lost Customers,78.0,Reactivation,Low,Last-chance discount + churn survey
CUST00855,Email,Mid-Range,France,42,Desktop,330,2,59.67,87.56,20.88,50.0,1,1,1,3,Lost Customers,0.0,Reactivation,Low,Last-chance discount + churn survey
CUST00445,Email,Budget,UAE,52,Mobile,178,1,0.0,193.39,0.0,100.0,1,1,1,3,Lost Customers,0.0,Reactivation,Low,Last-chance discount + churn survey
CUST00180,Email,Budget,Australia,55,Mobile,539,2,178.8,89.4,63.3,0.0,1,1,1,3,Lost Customers,121.0,Reactivation,Low,Last-chance discount + churn survey
CUST00181,Paid Social,Budget,Australia,51,Mobile,553,1,0.0,117.45,0.0,100.0,1,1,1,3,Lost Customers,0.0,Reactivation,Low,Last-chance discount + churn survey
CUST00439,Organic Search,Budget,Germany,24,Desktop,627,1,116.35,116.35,74.46,0.0,1,1,1,3,Lost Customers,122.0,Reactivation,Low,Last-chance discount + churn survey
CUST00418,Paid Social,Budget,Canada,59,Desktop,373,1,0.0,223.77,0.0,100.0,1,1,1,3,Lost Customers,5.0,Reactivation,Low,Last-chance discount + churn survey
CUST00006,Direct,Budget,Germany,23,Mobile,263,1,77.13,77.13,36.25,0.0,1,1,1,3,Lost Customers,30.0,Reactivation,Low,Last-chance discount + churn survey
CUST00002,Paid Social,Mid-Range,Nigeria,55,Mobile,582,1,97.71,97.71,25.4,0.0,1,1,1,3,Lost Customers,90.0,Reactivation,Low,Last-chance discount + churn survey
CUST00296,Paid Social,Mid-Range,UAE,39,Desktop,203,1,0.0,57.99,0.0,100.0,1,1,1,3,Lost Customers,0.0,Reactivation,Low,Last-chance discount + churn survey
CUST00299,Paid Social,Mid-Range,France,59,Mobile,627,1,196.59,196.59,102.23,0.0,1,1,1,3,Lost Customers,229.0,Reactivation,Low,Last-chance discount + churn survey
CUST00612,Paid Social,Mid-Range,Germany,61,Tablet,203,2,243.7,121.85,78.66999999999999,0.0,1,1,1,3,Lost Customers,157.0,Reactivation,Low,Last-chance discount + churn survey
CUST00617,Organic Search,Budget,France,22,Desktop,251,1,40.92,40.92,14.73,0.0,1,1,1,3,Lost Customers,0.0,Reactivation,Low,Last-chance discount + churn survey
CUST01437,Paid Social,Mid-Range,UAE,42,Tablet,421,1,0.0,137.21,0.0,100.0,1,1,1,3,Lost Customers,0.0,Reactivation,Low,Last-chance discount + churn survey
CUST01447,Paid Social,Mid-Range,France,37,Mobile,184,2,0.0,207.48,0.0,100.0,1,1,1,3,Lost Customers,36.0,Reactivation,Low,Last-chance discount + churn survey
CUST01434,Email,Mid-Range,Germany,30,Desktop,250,2,126.2,180.66,71.93,50.0,1,1,1,3,Lost Customers,95.0,Reactivation,Low,Last-chance discount + churn survey
CUST01435,Direct,Budget,USA,59,Mobile,231,2,0.0,237.09,0.0,100.0,1,1,1,3,Lost Customers,88.0,Reactivation,Low,Last-chance discount + churn survey
CUST01433,Paid Social,Budget,Germany,52,Mobile,468,2,159.82,79.91,67.13,0.0,1,1,1,3,Lost Customers,128.0,Reactivation,Low,Last-chance discount + churn survey
CUST00872,Email,Budget,Germany,20,Desktop,283,1,0.0,157.16,0.0,100.0,1,1,1,3,Lost Customers,0.0,Reactivation,Low,Last-chance discount + churn survey
CUST00881,Email,Budget,Australia,25,Mobile,724,1,126.35,126.35,46.75,0.0,1,1,1,3,Lost Customers,114.0,Reactivation,Low,Last-chance discount + churn survey
CUST00879,Referral,Budget,France,55,Desktop,464,2,94.37,47.18,36.2,0.0,1,1,1,3,Lost Customers,134.0,Reactivation,Low,Last-chance discount + churn survey
CUST00893,Organic Search,Mid-Range,Australia,37,Mobile,169,2,210.29,105.15,90.31,0.0,1,1,1,3,Lost Customers,133.0,Reactivation,Low,Last-chance discount + churn survey
CUST00902,Paid Social,Mid-Range,Australia,58,Desktop,445,2,106.2,53.1,52.54,0.0,1,1,1,3,Lost Customers,89.0,Reactivation,Low,Last-chance discount + churn survey
CUST01271,Referral,Budget,UAE,63,Mobile,419,1,229.61,229.61,96.44,0.0,1,1,1,3,Lost Customers,303.0,Reactivation,Low,Last-chance discount + churn survey
CUST01266,Email,Budget,USA,40,Desktop,482,1,0.0,60.0,0.0,100.0,1,1,1,3,Lost Customers,0.0,Reactivation,Low,Last-chance discount + churn survey
CUST01405,Organic Search,Budget,Canada,21,Mobile,214,1,108.96,108.96,30.51,0.0,1,1,1,3,Lost Customers,67.0,Reactivation,Low,Last-chance discount + churn survey
CUST01391,Paid Social,Mid-Range,Germany,54,Mobile,229,2,189.46,94.73,66.71000000000001,0.0,1,1,1,3,Lost Customers,122.0,Reactivation,Low,Last-chance discount + churn survey
CUST01074,Paid Social,Mid-Range,USA,32,Mobile,236,2,214.06,107.03,78.5,0.0,1,1,1,3,Lost Customers,138.0,Reactivation,Low,Last-chance discount + churn survey
CUST01497,Direct,Mid-Range,Australia,19,Mobile,250,2,184.46,92.23,83.5,0.0,1,1,1,3,Lost Customers,124.0,Reactivation,Low,Last-chance discount + churn survey
CUST00525,Paid Social,Budget,UK,28,Desktop,412,1,0.0,97.62,0.0,100.0,1,1,1,3,Lost Customers,0.0,Reactivation,Low,Last-chance discount + churn survey
CUST00619,Organic Search,Budget,France,45,Mobile,436,1,61.19,61.19,17.75,0.0,1,1,1,3,Lost Customers,27.0,Reactivation,Low,Last-chance discount + churn survey
CUST00563,Organic Search,Mid-Range,UK,24,Mobile,546,2,155.84,77.92,47.56,0.0,1,1,1,3,Lost Customers,136.0,Reactivation,Low,Last-chance discount + churn survey
CUST00569,Referral,Budget,USA,26,Mobile,636,1,0.0,22.88,0.0,100.0,1,1,1,3,Lost Customers,0.0,Reactivation,Low,Last-chance discount + churn survey
CUST00650,Direct,Budget,Nigeria,65,Tablet,347,2,80.69,40.34,27.439999999999998,0.0,1,1,1,3,Lost Customers,67.0,Reactivation,Low,Last-chance discount + churn survey
CUST01242,Referral,Budget,Germany,43,Desktop,405,1,53.78,53.78,25.81,0.0,1,1,1,3,Lost Customers,61.0,Reactivation,Low,Last-chance discount + churn survey
CUST00839,Influencer,Mid-Range,Nigeria,33,Mobile,183,2,120.87,143.36,32.63,50.0,1,1,1,3,Lost Customers,71.0,Reactivation,Low,Last-chance discount + churn survey
CUST00837,Referral,Budget,Australia,38,Mobile,247,1,0.0,153.9,0.0,100.0,1,1,1,3,Lost Customers,0.0,Reactivation,Low,Last-chance discount + churn survey
CUST00408,Paid Social,Mid-Range,USA,36,Desktop,206,1,65.25,65.25,40.45,0.0,1,1,1,3,Lost Customers,3.0,Reactivation,Low,Last-chance discount + churn survey
CUST00219,Referral,Budget,UK,55,Mobile,380,3,220.11,73.37,71.35,0.0,1,1,1,3,Lost Customers,236.0,Reactivation,Low,Last-chance discount + churn survey
CUST00309,Paid Social,Mid-Range,UK,40,Desktop,282,1,132.11,132.11,39.63,0.0,1,1,1,3,Lost Customers,103.0,Reactivation,Low,Last-chance discount + churn survey
CUST00991,Referral,Budget,Australia,40,Mobile,257,2,76.65,38.33,29.9,0.0,1,1,1,3,Lost Customers,99.0,Reactivation,Low,Last-chance discount + churn survey
CUST00994,Paid Social,Budget,Canada,45,Mobile,474,1,0.0,40.73,0.0,100.0,1,1,1,3,Lost Customers,0.0,Reactivation,Low,Last-chance discount + churn survey
CUST01004,Paid Social,Mid-Range,Australia,24,Desktop,231,2,37.2,99.92,21.95,50.0,1,1,1,3,Lost Customers,11.0,Reactivation,Low,Last-chance discount + churn survey
CUST00947,Paid Social,Budget,USA,25,Mobile,279,2,195.65,131.77,111.52,50.0,1,1,1,3,Lost Customers,59.0,Reactivation,Low,Last-chance discount + churn survey
CUST00960,Paid Social,Budget,UAE,37,Desktop,183,2,80.65,140.56,36.29,50.0,1,1,1,3,Lost Customers,62.0,Reactivation,Low,Last-chance discount + churn survey
CUST00210,Direct,Budget,Nigeria,53,Mobile,293,1,78.97,78.97,29.22,0.0,1,1,1,3,Lost Customers,37.0,Reactivation,Low,Last-chance discount + churn survey
CUST00212,Influencer,Budget,USA,30,Tablet,350,1,25.83,25.83,10.59,0.0,1,1,1,3,Lost Customers,0.0,Reactivation,Low,Last-chance discount + churn survey
CUST00925,Paid Social,Mid-Range,UK,43,Mobile,229,1,132.32,132.32,51.6,0.0,1,1,1,3,Lost Customers,98.0,Reactivation,Low,Last-chance discount + churn survey
CUST00944,Referral,Budget,Nigeria,44,Mobile,484,1,91.27,91.27,41.98,0.0,1,1,1,3,Lost Customers,121.0,Reactivation,Low,Last-chance discount + churn survey
CUST01314,Paid Social,Budget,France,20,Mobile,244,1,0.0,141.52,0.0,100.0,1,1,1,3,Lost Customers,0.0,Reactivation,Low,Last-chance discount + churn survey
CUST01123,Paid Social,Mid-Range,Australia,55,Desktop,280,2,28.59,30.57,16.3,50.0,1,1,1,3,Lost Customers,0.0,Reactivation,Low,Last-chance discount + churn survey
CUST01143,Email,Budget,Canada,65,Desktop,228,1,0.0,410.97,0.0,100.0,1,1,1,3,Lost Customers,216.0,Reactivation,Low,Last-chance discount + churn survey
CUST01131,Influencer,Budget,Australia,60,Mobile,447,2,194.26,97.13,92.35,0.0,1,1,1,3,Lost Customers,156.0,Reactivation,Low,Last-chance discount + churn survey
CUST01129,Paid Social,Budget,Nigeria,63,Desktop,261,1,0.0,70.4,0.0,100.0,1,1,1,3,Lost Customers,0.0,Reactivation,Low,Last-chance discount + churn survey
CUST01158,Influencer,Budget,Canada,59,Mobile,285,2,164.03,82.02,68.27,0.0,1,1,1,3,Lost Customers,117.0,Reactivation,Low,Last-chance discount + churn survey
CUST00910,Email,Mid-Range,Canada,61,Mobile,168,2,237.04,214.27,73.48,50.0,1,1,1,3,Lost Customers,134.0,Reactivation,Low,Last-chance discount + churn survey
CUST00385,Influencer,Mid-Range,UK,47,Tablet,289,2,85.42,85.42,48.69,50.0,1,1,1,3,Lost Customers,5.0,Reactivation,Low,Last-chance discount + churn survey
CUST01181,Organic Search,Budget,Canada,57,Mobile,364,2,242.52,143.77,123.69,50.0,1,1,1,3,Lost Customers,91.0,Reactivation,Low,Last-chance discount + churn survey
CUST00369,Paid Social,Budget,Nigeria,18,Mobile,177,1,86.55,86.55,50.2,0.0,1,1,1,3,Lost Customers,28.0,Reactivation,Low,Last-chance discount + churn survey
CUST01177,Paid Social,Mid-Range,USA,32,Mobile,338,1,0.0,151.86,0.0,100.0,1,1,1,3,Lost Customers,0.0,Reactivation,Low,Last-chance discount + churn survey
CUST00223,Influencer,Budget,Nigeria,65,Desktop,448,1,86.85,86.85,36.48,0.0,1,1,1,3,Lost Customers,67.0,Reactivation,Low,Last-chance discount + churn survey
CUST00232,Paid Social,Budget,Canada,40,Desktop,379,1,130.5,130.5,80.91,0.0,1,1,1,3,Lost Customers,111.0,Reactivation,Low,Last-chance discount + churn survey
CUST01167,Paid Social,Budget,Canada,35,Mobile,194,2,59.63,67.11,25.04,50.0,1,1,1,3,Lost Customers,0.0,Reactivation,Low,Last-chance discount + churn survey
CUST00780,Paid Social,Budget,Canada,44,Desktop,200,1,0.0,234.1,0.0,100.0,1,1,1,3,Lost Customers,0.0,Reactivation,Low,Last-chance discount + churn survey
CUST00777,Paid Social,Budget,France,25,Desktop,313,1,83.84,83.84,50.3,0.0,1,1,1,3,Lost Customers,39.0,Reactivation,Low,Last-chance discount + churn survey
CUST00773,Email,Mid-Range,Germany,48,Mobile,269,2,230.85,233.24,129.28,50.0,1,1,1,3,Lost Customers,170.0,Reactivation,Low,Last-chance discount + churn survey
CUST01195,Referral,Budget,Nigeria,41,Desktop,447,1,67.06,67.06,38.22,0.0,1,1,1,3,Lost Customers,83.0,Reactivation,Low,Last-chance discount + churn survey
CUST01185,Direct,Budget,Germany,33,Desktop,395,1,60.54,60.54,29.06,0.0,1,1,1,3,Lost Customers,22.0,Reactivation,Low,Last-chance discount + churn survey
CUST00783,Organic Search,Budget,UK,47,Mobile,271,2,230.97,115.48,95.01,0.0,1,1,1,3,Lost Customers,158.0,Reactivation,Low,Last-chance discount + churn survey
CUST00791,Influencer,Budget,Canada,21,Mobile,280,1,72.51,72.51,44.23,0.0,1,1,1,3,Lost Customers,26.0,Reactivation,Low,Last-chance discount + churn survey
CUST00429,Direct,Budget,Australia,37,Tablet,357,1,99.66,99.66,58.8,0.0,1,1,1,3,Lost Customers,71.0,Reactivation,Low,Last-chance discount + churn survey
CUST00121,Paid Social,Mid-Range,Canada,48,Tablet,323,1,55.98,55.98,16.23,0.0,1,1,1,3,Lost Customers,4.0,Reactivation,Low,Last-chance discount + churn survey
CUST00118,Paid Social,Premium,Canada,36,Mobile,181,3,197.15,65.72,95.38,0.0,1,1,1,3,Lost Customers,151.0,Reactivation,Low,Last-chance discount + churn survey
CUST01102,Organic Search,Budget,USA,25,Tablet,520,2,70.32,42.52,42.19,50.0,1,1,1,3,Lost Customers,0.0,Reactivation,Low,Last-chance discount + churn survey
CUST00266,Paid Social,Budget,France,45,Tablet,198,1,63.99,63.99,39.03,0.0,1,1,1,3,Lost Customers,1.0,Reactivation,Low,Last-chance discount + churn survey
CUST00239,Paid Social,Mid-Range,Canada,57,Desktop,333,2,59.01,29.51,28.78,0.0,1,1,1,3,Lost Customers,45.0,Reactivation,Low,Last-chance discount + churn survey
CUST01031,Email,Budget,Australia,18,Desktop,301,1,0.0,59.98,0.0,100.0,1,1,1,3,Lost Customers,0.0,Reactivation,Low,Last-chance discount + churn survey
CUST01024,Direct,Budget,UK,40,Mobile,263,1,33.53,33.53,19.11,0.0,1,1,1,3,Lost Customers,0.0,Reactivation,Low,Last-chance discount + churn survey
CUST01056,Direct,Budget,USA,20,Mobile,328,1,0.0,69.16,0.0,100.0,1,1,1,3,Lost Customers,0.0,Reactivation,Low,Last-chance discount + churn survey
CUST01033,Organic Search,Budget,UAE,62,Desktop,217,2,87.64,108.43,50.83,50.0,1,1,1,3,Lost Customers,27.0,Reactivation,Low,Last-chance discount + churn survey
CUST01347,Paid Social,Mid-Range,UAE,54,Mobile,190,2,175.55,87.78,65.75,0.0,1,1,1,3,Lost Customers,108.0,Reactivation,Low,Last-chance discount + churn survey
CUST01344,Paid Social,Budget,UAE,28,Desktop,221,1,126.3,126.3,63.15,0.0,1,1,1,3,Lost Customers,87.0,Reactivation,Low,Last-chance discount + churn survey
CUST00712,Influencer,Mid-Range,France,25,Mobile,303,2,101.66,151.06,47.78,50.0,1,1,1,3,Lost Customers,94.0,Reactivation,Low,Last-chance discount + churn survey
CUST00737,Email,Budget,Australia,49,Desktop,188,2,223.29,111.64,108.32000000000001,0.0,1,1,1,3,Lost Customers,112.0,Reactivation,Low,Last-chance discount + churn survey
CUST00745,Paid Social,Budget,UK,46,Mobile,251,2,19.11,236.9,8.22,50.0,1,1,1,3,Lost Customers,201.0,Reactivation,Low,Last-chance discount + churn survey
CUST00493,Referral,Budget,Germany,44,Tablet,317,1,43.38,43.38,24.29,0.0,1,1,1,3,Lost Customers,37.0,Reactivation,Low,Last-chance discount + churn survey
CUST01010,Email,Mid-Range,USA,25,Desktop,304,2,0.0,132.06,0.0,100.0,1,1,1,3,Lost Customers,0.0,Reactivation,Low,Last-chance discount + churn survey
CUST00986,Email,Mid-Range,Nigeria,24,Desktop,297,2,193.17,96.58,62.32,0.0,1,1,1,3,Lost Customers,102.0,Reactivation,Low,Last-chance discount + churn survey
CUST01338,Referral,Budget,Australia,61,Tablet,262,2,166.22,83.11,71.22,0.0,1,1,1,3,Lost Customers,161.0,Reactivation,Low,Last-chance discount + churn survey
CUST00702,Paid Social,Mid-Range,UAE,29,Desktop,223,2,97.19,48.6,30.130000000000003,0.0,1,1,1,3,Lost Customers,57.0,Reactivation,Low,Last-chance discount + churn survey
CUST00124,Paid Social,Budget,UAE,35,Desktop,194,3,236.32,217.7,122.89,66.7,1,1,1,3,Lost Customers,204.0,Reactivation,Low,Last-chance discount + churn survey
CUST00132,Direct,Mid-Range,France,57,Tablet,278,2,80.76,83.31,26.65,50.0,1,1,1,3,Lost Customers,0.0,Reactivation,Low,Last-chance discount + churn survey
CUST00126,Organic Search,Budget,Germany,26,Mobile,297,3,85.96,126.36,40.65,33.3,1,1,1,3,Lost Customers,172.0,Reactivation,Low,Last-chance discount + churn survey
CUST01375,Direct,Mid-Range,France,32,Mobile,730,2,216.17,108.08,122.87,0.0,1,1,1,3,Lost Customers,198.0,Reactivation,Low,Last-chance discount + churn survey
CUST01388,Direct,Mid-Range,Australia,64,Mobile,645,2,110.52,55.26,51.67,0.0,1,1,1,3,Lost Customers,119.0,Reactivation,Low,Last-chance discount + churn survey
CUST00081,Paid Social,Budget,Australia,37,Desktop,417,3,231.1,95.16,92.58000000000001,33.3,1,1,1,3,Lost Customers,139.0,Reactivation,Low,Last-chance discount + churn survey
CUST00078,Influencer,Mid-Range,USA,49,Mobile,272,3,40.38,43.82,13.33,66.7,1,1,1,3,Lost Customers,0.0,Reactivation,Low,Last-chance discount + churn survey
CUST00123,Paid Social,Mid-Range,France,44,Mobile,532,1,91.06,91.06,52.81,0.0,1,1,1,3,Lost Customers,74.0,Reactivation,Low,Last-chance discount + churn survey
CUST00039,Direct,Budget,UK,41,Desktop,345,2,213.84,106.92,136.85999999999999,0.0,1,1,1,3,Lost Customers,155.0,Reactivation,Low,Last-chance discount + churn survey
CUST00074,Influencer,Budget,UK,24,Mobile,253,1,48.2,48.2,26.99,0.0,1,1,1,3,Lost Customers,0.0,Reactivation,Low,Last-chance discount + churn survey
CUST01422,Organic Search,Budget,UK,45,Mobile,526,1,148.41,148.41,87.56,0.0,1,1,1,3,Lost Customers,156.0,Reactivation,Low,Last-chance discount + churn survey
CUST01426,Organic Search,Budget,UK,54,Mobile,375,1,104.24,104.24,27.1,0.0,1,1,1,3,Lost Customers,80.0,Reactivation,Low,Last-chance discount + churn survey
CUST00026,Email,Budget,Canada,58,Desktop,548,1,169.2,169.2,104.9,0.0,1,1,1,3,Lost Customers,155.0,Reactivation,Low,Last-chance discount + churn survey
